Successfully connected to MySQL database: ai_test_platform
Redis connection failed, fallback to local L1 only: Timeout connecting to server
Local L1 cache backend: memory
{"event": "start", "doc_id": 230, "filename": "讲错题接入AI.pdf", "content_len": 11258, "before_latest_generation_id": 474, "expected_count": 100}
snapshot readiness gate: enabled=False before=success after=success poll=0 elapsed_ms=0 result=gate_disabled_proceed queue=none/none
@@CONTEXT_DEBUG@@:{"snapshot_status": "success", "snapshot_ready": true, "snapshot_used": true, "snapshot_fallback_reason": "", "realtime_rag_used": true, "current_document_used": true, "snapshot_rebuild_triggered": false, "snapshot_rebuild_reason": "none"}
@@STATUS@@:snapshot gate result: gate_disabled_proceed (poll=0, elapsed_ms=0)
@@STATUS@@:preparing project snapshot context...
@@STATUS@@:snapshot ready and reusable -> using snapshot (reason=snapshot_success_and_hash_matched)
@@STATUS@@:precision retrieval enabled (explicit_precision_mode,generation_default_precision)
@@STATUS@@:hybrid fusion done: mode=snapshot+rag rag_chunks=1 tokens~2314
@@STATUS@@:[multi-pass] 阶段1/3 主生成开始...
@@STATUS@@:正在进行需求元分析 (Meta-Analysis)，识别系统类型与测试策略...
@@STATUS@@:分析完成 - 系统类型: Tablet + Web, 复杂度: High, 策略: {"functional": 0.65, "regression": 0.15, "non_functional": 0.2}...
@@STATUS@@:正在生成第 1/4 批次 (25 条) - 第 1 次尝试...
```
json

[
 
 {
   
 "
id
":
 "
TC
-
001
",
   
 "
description
":
 "
验证
学员
进入
第五
步
讲
知识
错
题
页面
时
，
左侧
导航
栏
正确
高
亮
当前
步骤
",
   
 "
test
_module
":
 "
界面
展示
与
导航
",
   
 "
pre
conditions
":
 ["
学员
已
登录
",
 "
学员
已完成
前
序
学习
步骤
",
 "
当前
课程
有
错
题
数据
"],
   
 "
steps
":
 ["
学员
进入
课程
学习
页面
",
 "
点击
左侧
导航
栏
'
第五
步
 
讲
知识
错
题
'",
 "
观察
左侧
导航
栏
高
亮
状态
"],
   
 "
test
_input
":
 "
第五
步
 
讲
知识
错
题
",
   
 "
expected
_result
":
 "
左侧
导航
栏
中
'
第五
步
 
讲
知识
错
题
'
高
亮
显示
，
其余
步骤
不高
亮
",
   
 "
priority
":
 "
P
2
"
 
 },
 
 {
   
 "
id
":
 "
TC
-
002
",
   
 "
description
":
 "
验证
课程
信息
区
标题
正确
读取
当前
讲的
名称
",
   
 "
test
_module
":
 "
界面
展示
与
导航
",
   
 "
pre
conditions
":
 ["
学员
已
登录
",
 "
已
进入
第五
步
讲
知识
错
题
页面
"],
   
 "
steps
":
 ["
进入
第五
步
讲
知识
错
题
页面
",
 "
查看
课程
信息
区
标题
"],
   
 "
test
_input
":
 "
课程
名称
：
第三章
-
化学
的研究
内容
",
   
 "
expected
_result
":
 "
课程
信息
区
标题
显示
当前
讲的
名称
，
与
课程
数据
中
该
讲
名称
一致
",
   
 "
priority
":
 "
P
2
"
 
 },
 
 {
   
 "
id
":
 "
TC
-
00
3
",
   
 "
description
":
 "
验证
返回
按钮
能
正确
返回
上一
级
页面
（
从
哪
来回
哪
去
）
",
   
 "
test
_module
":
 "
界面
展示
与
导航
",
   
 "
pre
conditions
":
 ["
学员
已
登录
",
 "
学员
从
课程
列表
页
进入
第五
步
讲
知识
错
题
页面
"],
   
 "
steps
":
 ["
从
课程
列表
页
进入
第五
步
讲
知识
错
题
页面
",
 "
点击
'
返回
'
按钮
",
 "
观察
跳
转
目标
页面
"],
   
 "
test
_input
":
 "
从
课程
列表
页
进入
",
   
 "
expected
_result
":
 "
点击
返回
后
跳
转
回
课程
列表
页
，
而非
固定
页面
",
   
 "
priority
":
 "
P
1
"
 
 },
 
 {
   
 "
id
":
 "
TC
-
00
4
",
   
 "
description
":
 "
验证
返回
按钮
从
不同
入口
进入
时
返回
不同
来源
页面
",
   
 "
test
_module
":
 "
界面
展示
与
导航
",
   
 "
pre
conditions
":
 ["
学员
已
登录
",
 "
学员
从
随
堂
测
结果
页
进入
第五
步
讲
知识
错
题
页面
"],
   
 "
steps
":
 ["
从
随
堂
测
结果
反馈
弹
窗
点击
'
讲
知识
错
题
'
按钮
进入
",
 "
点击
'
返回
'
按钮
",
 "
观察
跳
转
目标
页面
"],
   
 "
test
_input
":
 "
从
随
堂
测
结果
页
进入
",
   
 "
expected
_result
":
 "
点击
返回
后
跳
转
回
随
堂
测
结果
反馈
弹
窗
页面
",
   
 "
priority
":
 "
P
1
"
 
 },
 
 {
   
 "
id
":
 "
TC
-
00
5
",
   
 "
description
":
 "
验证
打印
按钮
点击
后
弹
窗
选择
打印
内容
",
   
 "
test
_module
":
 "
界面
展示
与
导航
",
   
 "
pre
conditions
":
 ["
学员
已
登录
",
 "
已
进入
第五
步
讲
知识
错
题
页面
"],
   
 "
steps
":
 ["
点击
'
打印
'
按钮
",
 "
观察
弹
窗
内容
"],
   
 "
test
_input
":
 "
点击
打印
按钮
",
   
 "
expected
_result
":
 "
弹出
打印
内容
选择
弹
窗
，
提供
可
选择的
打印
内容
选项
",
   
 "
priority
":
 "
P
2
"
 
 },
 
 {
   
 "
id
":
 "
TC
-
00
6
",
   
 "
description
":
 "
验证
切换
课程
按钮
能
跳
转到
其他
课程
的学习
页面
",
   
 "
test
_module
":
 "
界面
展示
与
导航
",
   
 "
pre
conditions
":
 ["
学员
已
登录
",
 "
学员
有
其他
可
切换
课程
",
 "
已
进入
第五
步
讲
知识
错
题
页面
"],
   
 "
steps
":
 ["
点击
'
切换
课程
'
按钮
",
 "
选择
另一
门
课程
",
 "
观察
页面
跳
转
与
内容
变化
"],
   
 "
test
_input
":
 "
切换
到
物理
课程
",
   
 "
expected
_result
":
 "
页面
跳
转
至
所选
物理
课程
的学习
页面
，
课程
信息
区
标题
和
内容
更新
为
物理
课程
对应
数据
",
   
 "
priority
":
 "
P
1
"
 
 },
 
 {
   
 "
id
":
 "
TC
-
007
",
   
 "
description
":
 "
验证
AI
提问
区域
以
对话框
样式
展示
AI
提出
的问题
",
   
 "
test
_module
":
 "
AI
提问
展示
",
   
 "
pre
conditions
":
 ["
学员
已
登录
",
 "
已
进入
第五
步
讲
知识
错
题
页面
",
 "
本
讲
有
错
题
数据
"],
   
 "
steps
":
 ["
进入
第五
步
讲
知识
错
题
页面
",
 "
等待
AI
自动
展示
问题
",
 "
观察
提问
区域
展示
样式
"],
   
 "
test
_input
":
 "
本
讲
有
2
道
错
题
",
   
 "
expected
_result
":
 "
AI
提出
的问题
以
对话框
样式
展示
在
课程
信息
区
下
方的
提问
展示
区
中
",
   
 "
priority
":
 "
P
2
"
 
 },
 
 {
   
 "
id
":
 "
TC
-
00
8
",
   
 "
description
":
 "
验证
AI
提问
题目
优先
从
本
讲
错
题
中
抽取
",
   
 "
test
_module
":
 "
AI
提问
逻辑
-
题目
来源
",
   
 "
pre
conditions
":
 ["
学员
已
登录
",
 "
本
讲
有
3
道
错
题
和
2
道
正确
题
"],
   
 "
steps
":
 ["
进入
第五
步
讲
知识
错
题
页面
",
 "
观察
AI
自动
展示
的
提问
题目
",
 "
多次
重新
进入
验证
抽
题
优先
级
"],
   
 "
test
_input
":
 "
本
讲
3
道
错
题
+
2
道
正确
题
",
   
 "
expected
_result
":
 "
AI
提问
的
题目
优先
从
3
道
错
题
中
抽取
，
而非
从
正确
题
中
抽取
",
   
 "
priority
":
 "
P
1
"
 
 },
 
 {
   
 "
id
":
 "
TC
-
00
9
",
   
 "
description
":
 "
验证
错
题
不够
时
抽取
回答
正确的
题目
进行
讲解
",
   
 "
test
_module
":
 "
AI
提问
逻辑
-
题目
来源
",
   
 "
pre
conditions
":
 ["
学员
已
登录
",
 "
本
讲
仅有
1
道
错
题
，
其余
为
正确
题
"],
   
 "
steps
":
 ["
进入
第五
步
讲
知识
错
题
页面
",
 "
观察
AI
提问
抽取
的
题目
",
 "
验证
第二
道
题
是否
从
正确
题
中
抽取
"],
   
 "
test
_input
":
 "
本
讲
1
道
错
题
+
4
道
正确
题
",
   
 "
expected
_result
":
 "
AI
抽取
1
道
错
题
后
，
第二
道
题目
从
回答
正确的
题目
中
抽取
补充
",
   
 "
priority
":
 "
P
1
"
 
 },
 
 {
   
 "
id
":
 "
TC
-
010
",
   
 "
description
":
 "
验证
AI
每次
抽取
1
-
2
道
题目
进行
提问
",
   
 "
test
_module
":
 "
AI
提问
逻辑
-
题目
来源
",
   
 "
pre
conditions
":
 ["
学员
已
登录
",
 "
本
讲
有
足够
错
题
数据
"],
   
 "
steps
":
 ["
进入
第五
步
讲
知识
错
题
页面
",
 "
观察
AI
抽取
的
题目
数量
",
 "
重新
讲
题
并
观察
题目
数量
"],
   
 "
test
_input
":
 "
本
讲
5
道
错
题
",
   
 "
expected
_result
":
 "
AI
每次
抽取
的
题目
数量
为
1
道
或
2
道
，
不超过
2
道
",
   
 "
priority
":
 "
P
1
"
 
 },
 
 {
   
 "
id
":
 "
TC
-
0
11
",
   
 "
description
":
 "
验证
做了
全
对
/
一道
没
做
时
随机
抽取
任意
两
道
题目
进行
追问
",
   
 "
test
_module
":
 "
AI
提问
逻辑
-
追问
逻辑
",
   
 "
pre
conditions
":
 ["
学员
已
登录
",
 "
本
讲
所有
题目
均
答
对
或
一道
没
做
"],
   
 "
steps
":
 ["
进入
第五
步
讲
知识
错
题
页面
",
 "
观察
AI
提问
的
题目
来源
",
 "
验证
是否
随机
抽取
两
道
题
"],
   
 "
test
_input
":
 "
本
讲
全部
答
对
",
   
 "
expected
_result
":
 "
AI
随机
抽取
任意
两
道
题目
进行
追问
，
不
限于
错
题
",
   
 "
priority
":
 "
P
1
"
 
 },
 
 {
   
 "
id
":
 "
TC
-
0
12
",
   
 "
description
":
 "
验证
一道
题
没
做
时
给出
淡
白色
文案
提示
",
   
 "
test
_module
":
 "
AI
提问
逻辑
-
追问
逻辑
",
   
 "
pre
conditions
":
 ["
学员
已
登录
",
 "
本
讲
一道
题
都没
做
"],
   
 "
steps
":
 ["
进入
第五
步
讲
知识
错
题
页面
",
 "
观察
页面
提示
文案
"],
   
 "
test
_input
":
 "
本
讲
一道
题
没
做
",
   
 "
expected
_result
":
 "
页面
显示
淡
白色
文案
提示
：
'
当前
您
还没有
做过
题
，
快
去做
题
来
检测
一下
自己的
知识
掌握
程度
吧
'",
   
 "
priority
":
 "
P
1
"
 
 },
 
 {
   
 "
id
":
 "
TC
-
0
13
",
   
 "
description
":
 "
验证
学员
进入
页面
后
AI
自动
展示
一道
问题
",
   
 "
test
_module
":
 "
交互
流程
-
初始
提问
",
   
 "
pre
conditions
":
 ["
学员
已
登录
",
 "
本
讲
有
错
题
数据
",
 "
首次
进入
讲
知识
错
题
页面
"],
   
 "
steps
":
 ["
进入
第五
步
讲
知识
错
题
页面
",
 "
观察
AI
是否
自动
展示
问题
"],
   
 "
test
_input
":
 "
首次
进入
页面
",
   
 "
expected
_result
":
 "
AI
自动
展示
一道
问题
，
无需
学员
手动
触发
",
   
 "
priority
":
 "
P
1
"
 
 },
 
 {
   
 "
id
":
 "
TC
-
0
14
",
   
 "
description
":
 "
验证
点击
对话
按钮
弹出
输入
框
和
语音
录制
按钮
",
   
 "
test
_module
":
 "
交互
流程
-
回答
提交
",
   
 "
pre
conditions
":
 ["
学员
已
登录
",
 "
AI
已
展示
问题
",
 "
页面
显示
'
点击
对话
'
按钮
"],
   
 "
steps
":
 ["
点击
'
点击
对话
'
按钮
",
 "
观察
弹
出的
输入
区域
"],
   
 "
test
_input
":
 "
点击
对话
按钮
",
   
 "
expected
_result
":
 "
弹出
输入
框
和
语音
录制
按钮
，
学员
可通过
语音
录制
方式
回答
",
   
 "
priority
":
 "
P
1
"
 
 },
 
 {
   
 "
id
":
 "
TC
-
0
15
",
   
 "
description
":
 "
验证
学员
完成
录制
后
点击
提交
，
发送
转
成
文字
的内容
",
   
 "
test
_module
":
 "
交互
流程
-
回答
提交
",
   
 "
pre
conditions
":
 ["
学员
已
登录
",
 "
已
点击
'
点击
对话
'
开始
录音
",
 "
学员
已
录制
语音
内容
"],
   
 "
steps
":
 ["
完成
语音
录制
",
 "
点击
提交
按钮
",
 "
观察
发送
的内容
形式
"],
   
 "
test
_input
":
 "
录制
语音
内容
：
'
这道
题
选
D
因为
化学
研究
包括
物质的
性质
、
变化
规律
、
组成
和
结构
'",
   
 "
expected
_result
":
 "
语音
转
文字
后的
内容
以
对话框
形式
展示
在
提问
展示
区
，
文字
内容
与
语音
内容
一致
",
   
 "
priority
":
 "
P
1
"
 
 },
 
 {
   
 "
id
":
 "
TC
-
0
16
",
   
 "
description
":
 "
验证
AI
追问
在
原
反馈
内容
下方
以
新的
对话框
形式
展示
",
   
 "
test
_module
":
 "
交互
流程
-
追问
交互
",
   
 "
pre
conditions
":
 ["
学员
已
登录
",
 "
学员
已
提交
第一
轮
回答
",
 "
AI
生成
追问
内容
"],
   
 "
steps
":
 ["
学员
提交
第一
轮
回答
",
 "
等待
AI
追问
",
 "
观察
追问
展示
位置
和
样式
"],
   
 "
test
_input
":
 "
学员
回答
后
AI
追问
",
   
 "
expected
_result
":
 "
AI
追问
问题
在
学员
原
回答
内容
下方
以
新的
对话框
形式
展示
，
形成
对话
流
",
   
 "
priority
":
 "
P
1
"
 
 },
 
 {
   
 "
id
":
 "
TC
-
0
17
",
   
 "
description
":
 "
验证
重复
进入
页面
保留
对话
内容
，
未
完成
可
继续
",
   
 "
test
_module
":
 "
交互
流程
-
重复
进入
",
   
 "
pre
conditions
":
 ["
学员
已
登录
",
 "
学员
已
进行
2
轮
对话
但
未
完成
评分
",
 "
退出
页面
"],
   
 "
steps
":
 ["
学员
在
讲
知识
错
题
页面
进行
2
轮
对话
",
 "
退出
页面
",
 "
重新
进入
第五
步
讲
知识
错
题
页面
",
 "
观察
对话
内容
是否
保留
"],
   
 "
test
_input
":
 "
未
完成
状态下
重复
进入
",
   
 "
expected
_result
":
 "
之前的
2
轮
对话
内容
完整
保留
，
学员
可
继续
进行
后续
对话
",
   
 "
priority
":
 "
P
1
"
 
 },
 
 {
   
 "
id
":
 "
TC
-
0
18
",
   
 "
description
":
 "
验证
已完成
评分
时
不可
重复
打
分
",
   
 "
test
_module
":
 "
交互
流程
-
重复
进入
",
   
 "
pre
conditions
":
 ["
学员
已
登录
",
 "
学员
已完成
讲
知识
错
题
并获得
AI
评分
"],
   
 "
steps
":
 ["
学员
完成
讲
知识
错
题
获得
评分
",
 "
退出
页面
",
 "
重新
进入
第五
步
讲
知识
错
题
页面
",
 "
尝试
重新
打
分
"],
   
 "
test
_input
":
 "
已完成
评分
状态下
重复
进入
",
   
 "
expected
_result
":
 "
对话
内容
保留
但
不可
重复
打
分
，
评分
结果
与
首次
一致
",
   
 "
priority
":
 "
P
1
"
 
 },
 
 {
   
 "
id
":
 "
TC
-
0
19
",
   
 "
description
":
 "
验证
综合
评分
8
分
或
以上
时
页面
提示
太
棒
啦
并
显示
去
日
清
按钮
",
   
 "
test
_module
":
 "
评分
-
评分
结果
展示
",
   
 "
pre
conditions
":
 ["
学员
已
登录
",
 "
学员
完成
所有
对话
轮
次
",
 "
AI
综合
评分
≥
8
分
"],
   
 "
steps
":
 ["
学员
完成
讲
知识
错
题
所有
对话
",
 "
AI
给出
综合
评分
8
分
或
以上
",
 "
观察
页面
提示
和
按钮
"],
   
 "
test
_input
":
 "
综合
评分
8
.
5
分
",
   
 "
expected
_result
":
 "
页面
显示
'
太
棒
啦
，
您
对
知识
点的
理解
非常
棒
'
提示
，
自动
停留
5
秒
后
显示
'
去
日
清
'
按钮
",
   
 "
priority
":
 "
P
1
"
 
 },
 
 {
   
 "
id
":
 "
TC
-
0
20
",
   
 "
description
":
 "
验证
评分
8
分
以上
点击
去
日
清
按钮
跳
转
至
日
清
页面
",
   
 "
test
_module
":
 "
评分
-
评分
结果
展示
",
   
 "
pre
conditions
":
 ["
学员
已
登录
",
 "
学员
综合
评分
≥
8
分
",
 "
页面
显示
'
去
日
清
'
按钮
"],
   
 "
steps
":
 ["
点击
'
去
日
清
'
按钮
",
 "
观察
页面
跳
转
"],
   
 "
test
_input
":
 "
点击
去
日
清
按钮
",
   
 "
expected
_result
":
 "
页面
跳
转
至
第六
步
日
清
页面
",
   
 "
priority
":
 "
P
1
"
 
 },
 
 {
   
 "
id
":
 "
TC
-
0
21
",
   
 "
description
":
 "
验证
综合
评分
8
分
以下
时
页面
提示
太
遗憾
了
并
显示
联系
督导
和
去
日
清
按钮
",
   
 "
test
_module
":
 "
评分
-
评分
结果
展示
",
   
 "
pre
conditions
":
 ["
学员
已
登录
",
 "
学员
完成
所有
对话
轮
次
",
 "
AI
综合
评分
<8
分
"],
   
 "
steps
":
 ["
学员
完成
讲
知识
错
题
所有
对话
",
 "
AI
给出
综合
评分
低于
8
分
",
 "
观察
页面
提示
和
按钮
"],
   
 "
test
_input
":
 "
综合
评分
5
.
0
分
",
   
 "
expected
_result
":
 "
页面
显示
'
太
遗憾
了
，
您
对
知识点
理解
还需要
加深
，
快
去
联系
督导
老师
吧
'
，
显示
'
联系
督导
'
按钮
（
突出
显示
）
和
'
去
日
清
'
按钮
",
   
 "
priority
":
 "
P
1
"
 
 },
 
 {
   
 "
id
":
 "
TC
-
0
22
",
   
 "
description
":
 "
验证
评分
8
分
以下
点击
联系
督导
按钮
后
督导
端
收到
提示
消息
",
   
 "
test
_module
":
 "
评分
-
评分
结果
展示
",
   
 "
pre
conditions
":
 ["
学员
已
登录
",
 "
学员
综合
评分
<8
分
",
 "
督导
端
已
登录
"],
   
 "
steps
":
 ["
学员
点击
'
联系
督导
'
按钮
",
 "
切换
至
督导
端
观察
消息
提示
"],
   
 "
test
_input
":
 "
点击
联系
督导
按钮
",
   
 "
expected
_result
":
 "
督导
端
收到
学员
讲
错
题
未
通过
的消息
提醒
",
   
 "
priority
":
 "
P
1
"
 
 },
 
 {
   
 "
id
":
 "
TC
-
0
23
",
   
 "
description
":
 "
验证
评分
8
分
以下
点击
去
日
清
按钮
跳
转
至
日
清
页面
",
   
 "
test
_module
":
 "
评分
-
评分
结果
展示
",
   
 "
pre
conditions
":
 ["
学员
已
登录
",
 "
学员
综合
评分
<8
分
",
 "
页面
显示
'
去
日
清
'
按钮
"],
   
 "
steps
":
 ["
点击
'
去
日
清
'
按钮
",
 "
观察
页面
跳
转
"],
   
 "
test
_input
":
 "
点击
去
日
清
按钮
",
   
 "
expected
_result
":
 "
页面
跳
转
至
第六
步
日
清
页面
，
不受
未
通过
评分
影响
",
   
 "
priority
":
 "
P
1
"
 
 },
 
 {
   
 "
id
":
 "
TC
-
0
24
",
   
 "
description
":
 "
验证
重新
讲
题
时
重新
出
题
且
题目
不一样
",
   
 "
test
_module
":
 "
评分
-
重新
讲
题
",
   
 "
pre
conditions
":
 ["
学员
已
登录
",
 "
学员
已完成
一次
讲
错
题
评分
",
 "
错
题
库
中有
足够
题目
"],
   
 "
steps
":
 ["
学员
完成
首次
讲
错
题
评分
",
 "
点击
'
重新
讲
'
按钮
",
 "
观察
AI
出的
题目
是否
与
上次
不同
"],
   
 "
test
_input
":
 "
重新
讲
题
",
   
 "
expected
_result
":
 "
AI
重新
从
错
题
库
抽取
题目
，
新
题目
与
上次
讲解
的
题目
不同
",
   
 "
priority
":
 "
P
1
"
 
 },
 
 {
   
 "
id
":
 "
TC
-
0
25
",
   
 "
description
":
 "
验证
督导
端
学员
完成
讲
错
题
后
收到
通过
/
未
通过
提醒
",
   
 "
test
_module
":
 "
督导
端
-
提醒
通知
",
   
 "
pre
conditions
":
 ["
督导
已
登录
",
 "
学员
已完成
讲
错
题
AI
评分
"],
   
 "
steps
":
 ["
学员
完成
讲
错
题
并获得
AI
评分
",
 "
督导
端
观察
提醒
通知
"],
   
 "
test
_input
":
 "
学员
评分
8
.
5
分
（
通过
）
",
   
 "
expected
_result
":
 "
督导
端
收到
'
讲
错
题
通过
'
提醒
通知
；
若
学员
评分
低于
8
分
则
收到
'
讲
错
题
未
通过
'
提醒
",
   
 "
priority
":
 "
P
1
"
 
 },
 
 {
   
 "
id
":
 "
TC
-
0
26
",
   
 "
description
":
 "
验证
督导
端
讲
错
题
通过
提醒
点击
后
自动
消失
",
   
 "
test
_module
":
 "
督导
端
-
提醒
通知
",
   
 "
pre
conditions
":
 ["
督导
已
登录
",
 "
督导
端
显示
讲
错
题
通过
提醒
"],
   
 "
steps
":
 ["
点击
讲
错
题
通过
提醒
",
 "
观察
提醒
是否
消失
"],
   
 "
test
_input
":
 "
点击
通过
提醒
",
   
 "
expected
_result
":
 "
点击
后
提醒
自动
消失
，
不再
显示
",
   
 "
priority
":
 "
P
2
"
 
 },
 
 {
   
 "
id
":
 "
TC
-
0
27
",
   
 "
description
":
 "
验证
督导
端
讲
错
题
未
通过
提醒
点击
后
自动
消失
",
   
 "
test
_module
":
 "
督导
端
-
提醒
通知
",
   
 "
pre
conditions
":
 ["
督导
已
登录
",
 "
督导
端
显示
讲
错
题
未
通过
提醒
"],
   
 "
steps
":
 ["
点击
讲
错
题
未
通过
提醒
",
 "
观察
提醒
是否
消失
"],
   
 "
test
_input
":
 "
点击
未
通过
提醒
",
   
 "
expected
_result
":
 "
点击
后
提醒
自动
消失
，
不再
显示
",
   
 "
priority
":
 "
P
2
"
 
 },
 
 {
   
 "
id
":
 "
TC
-
0
28
",
   
 "
description
":
 "
验证
督导
端
学员
列表
中
查看
讲
错
题
讲
知识点
按钮
的三
种
状态
",
   
 "
test
_module
":
 "
督导
端
-
学员
信息
列表
",
   
 "
pre
conditions
":
 ["
督导
已
登录
",
 "
存在
不同
状态的
学员
数据
"],
   
 "
steps
":
 ["
查看
未
完成
讲
错
题
环节
的
学员
操作
列
",
 "
查看
没
做过
讲
错
题
环节
的
学员
操作
列
",
 "
查看
已完成
讲
错
题
环节
的
学员
操作
列
"],
   
 "
test
_input
":
 "
三种
学员
状态
数据
",
   
 "
expected
_result
":
 "
未
完成
讲
错
题
环节
的
学员
该
按钮
置
灰
不可
点击
；
没
做过
讲
错
题
环节
的
学员
不
展示
该
按钮
；
已完成
讲
错
题
环节
的
学员
按钮
正常
展示
可
点击
",
   
 "
priority
":
 "
P
1
"
 
 },
 
 {
   
 "
id
":
 "
TC
-
0
29
",
   
 "
description
":
 "
验证
督导
点击
查看
讲
错
题
讲
知识点
按钮
弹出
窗口
展示
详情
",
   
 "
test
_module
":
 "
督导
端
-
讲
错
题
详情
查看
",
   
 "
pre
conditions
":
 ["
督导
已
登录
",
 "
学员
已完成
讲
错
题
AI
评分
"],
   
 "
steps
":
 ["
点击
学员
操作
列
的
'
查看
讲
错
题
讲
知识点
'
按钮
",
 "
观察
弹
窗
内容
"],
   
 "
test
_input
":
 "
点击
查看
按钮
",
   
 "
expected
_result
":
 "
弹出
窗口
展示
学员
讲
错
题
详情
，
包括
是否
通过
标识
、
AI
问题
、
学员
回答
、
AI
追问
、
最终
评价
结果
、
得分
等信息
",
   
 "
priority
":
 "
P
1
"
 
 },
 
 {
   
 "
id
":
 "
TC
-
0
30
",
   
 "
description
":
 "
验证
督导
查看
讲
错
题
详情
时
正确
显示
通过
/
未
通过
标识
",
   
 "
test
_module
":
 "
督导
端
-
讲
错
题
详情
查看
",
   
 "
pre
conditions
":
 ["
督导
已
登录
",
 "
存在
通过
和
未
通过
两种
状态的
学员
"],
   
 "
steps
":
 ["
查看
评分
≥
8
分
学员
的
讲
错
题
详情
弹
窗
",
 "
查看
评分
<8
分
学员
的
讲
错
题
详情
弹
窗
"],
   
 "
test
_input
":
 "
通过
学员
和
未
通过
学员
",
   
 "
expected
_result
":
 "
通过
学员
弹
窗
显示
'
学生
知识点
讲
错
题
通过
'
文字
；
未
通过
学员
弹
窗
显示
'
学生
知识点
讲
错
题
未
通过
'
文字
",
   
 "
priority
":
 "
P
1
"
 
 },
 
 {
   
 "
id
":
 "
TC
-
03
1
",
   
 "
description
":
 "
验证
使用
引导
步骤
1
：
费
曼
学习
法
互动
启动
引导
弹
窗
展示
",
   
 "
test
_module
":
 "
使用
引导
",
   
 "
pre
conditions
":
 ["
学员
已
登录
",
 "
首次
进入
第五
步
讲
知识
错
题
页面
"],
   
 "
steps
":
 ["
首次
进入
第五
步
讲
知识
错
题
页面
",
 "
观察
引导
对话框
内容
"],
   
 "
test
_input
":
 "
首次
进入
页面
",
   
 "
expected
_result
":
 "
弹出
引导
对话框
，
内容
包含
费
曼
学习
法
说明
和
'
好的
，
接受
挑战
'
按钮
，
左侧
导航
栏
高
亮
'
第五
步
 
讲
知识
错
题
'",
   
 "
priority
":
 "
P
1
"
 
 },
 
 {
   
 "
id
":
 "
TC
-
03
2
",
   
 "
description
":
 "
验证
使用
引导
步骤
2
-
4
依次
展示
并
点击
知道了
进入
下一步
",
   
 "
test
_module
":
 "
使用
引导
",
   
 "
pre
conditions
":
 ["
学员
已
登录
",
 "
已完成
步骤
1
引导
"],
   
 "
steps
":
 ["
点击
'
好的
，
接受
挑战
'
按钮
",
 "
观察
步骤
2
规则
说明
弹
窗
",
 "
点击
'
知道了
'
按钮
",
 "
观察
步骤
3
表达
引导
弹
窗
",
 "
点击
'
知道了
'
按钮
",
 "
观察
步骤
4
回答
后
操作
引导
弹
窗
",
 "
点击
'
知道了
'
按钮
",
 "
观察
是否
进入
正式
互动
"],
   
 "
test
_input
":
 "
依次
点击
各
步骤
知道了
按钮
",
   
 "
expected
_result
":
 "
步骤
2
展示
互动
规则
说明
和
'
知道了
'
按钮
；
步骤
3
展示
表达
引导
和
'
知道了
'
按钮
；
步骤
4
展示
回答
后
操作
说明
（
继续
录音
/
完成
）
和
'
知道了
'
按钮
；
全部
完成后
进入
正式
互动
环节
",
   
 "
priority
":
 "
P
1
"
 
 },
 
 {
   
 "
id
":
 "
TC
-
03
3
",
   
 "
description
":
 "
验证
AI
评分
维度
包含
思路
准确性
、
步骤
完整性
、
表达
清晰
度
且
总分
10
分
",
   
 "
test
_module
":
 "
评分
-
评分
维度
",
   
 "
pre
conditions
":
 ["
学员
已
登录
",
 "
学员
完成
所有
对话
轮
次
"],
   
 "
steps
":
 ["
学员
完成
讲
知识
错
题
对话
",
 "
AI
给出
评分
",
 "
查看
评分
结果
中
各
维度
得分
"],
   
 "
test
_input
":
 "
学员
完成
4
轮
对话
",
   
 "
expected
_result
":
 "
评分
结果
包含
思路
准确性
（
0
-
3
分
）、
步骤
完整性
（
0
-
3
分
）、
表达
清晰
度
（
0
-
4
分
）
三个
维度
，
总分
合计
10
分
",
   
 "
priority
":
 "
P
1
"
 
 },
 
 {
   
 "
id
":
 "
TC
-
03
4
",
   
 "
description
":
 "
验证
学员
回答
字
数
不足
50
字
时
完整
性和
清晰
度
扣
50
%
分数
",
   
 "
test
_module
":
 "
评分
-
特殊情况
处理
",
   
 "
pre
conditions
":
 ["
学员
已
登录
",
 "
学员
完成
对话
但
回答
字
数
不足
50
字
"],
   
 "
steps
":
 ["
学员
完成
讲
知识
错
题
对话
",
 "
回答
内容
字
数
少于
50
字
",
 "
查看
评分
结果
中
完整
性和
清晰
度
维度
得分
"],
   
 "
test
_input
":
 "
学员
回答
仅
20
字
",
   
 "
expected
_result
":
 "
完整
性和
清晰
度
维度
得分
直接
扣
50
%
分数
",
   
 "
priority
":
 "
P
1
"
 
 },
 
 {
   
 "
id
":
 "
TC
-
0
35
",
   
 "
description
":
 "
验证
学员
答
非
所
问
时
准确性
维度
直接
计
0
分
",
   
 "
test
_module
":
 "
评分
-
特殊情况
处理
",
   
 "
pre
conditions
":
 ["
学员
已
登录
",
 "
学员
回答
内容
与
问题
无关
"],
   
 "
steps
":
 ["
学员
完成
讲
知识
错
题
对话
",
 "
回答
内容
与
所
问
问题
完全
无关
",
 "
查看
评分
结果
中
准确性
维度
得分
"],
   
 "
test
_input
":
 "
AI
问
化学
题
，
学员
回答
数学
内容
",
   
 "
expected
_result
":
 "
准确性
维度
得分
直接
计
0
分
",
   
 "
priority
":
 "
P
1
"
 
 },
 
 {
   
 "
id
":
 "
TC
-
03
6
",
   
 "
description
":
 "
验证
督导
端
学员
信息
列表
展示
学员
姓名
、
学习
进度
、
状态
、
最近
学习
时间
等
列
",
   
 "
test
_module
":
 "
督导
端
-
学员
信息
列表
",
   
 "
pre
conditions
":
 ["
督导
已
登录
",
 "
存在
学员
数据
"],
   
 "
steps
":
 ["
进入
督导
端
学员
管理
页面
",
 "
观察
学员
信息
列表
各
列
"],
   
 "
test
_input
":
 "
有
学员
数据
",
   
 "
expected
_result
":
 "
列表
包含
学员
姓名
、
课程
、
学习
进度
、
状态
、
最近
学习
时间
、
近期
学习
计划
、
督导
、
操作
等
列
，
学员
姓名
显示
真实
姓名
",
   
 "
priority
":
 "
P
2
"
 
 },
 
 {
   
 "
id
":
 "
TC
-
03
7
",
   
 "
description
":
 "
验证
督导
端
学员
还没
开始
学习
时不
展示
学习
进度
",
   
 "
test
_module
":
 "
督导
端
-
学员
信息
列表
",
   
 "
pre
conditions
":
 ["
督导
已
登录
",
 "
存在
未
开始
学习的
学员
"],
   
 "
steps
":
 ["
查看
未
开始
学习
学员
的学习
进度
列
"],
   
 "
test
_input
":
 "
未
开始
学习的
学员
",
   
 "
expected
_result
":
 "
该
学员
的学习
进度
列
不
展示
任何
内容
",
   
 "
priority
":
 "
P
2
"
 
 },
 
 {
   
 "
id
":
 "
TC
-
03
8
",
   
 "
description
":
 "
验证
督导
端
学员
状态
分为
完成
和
未
完成
，
完成
标记
为
学员
点击
了
完成
",
   
 "
test
_module
":
 "
督导
端
-
学员
信息
列表
",
   
 "
pre
conditions
":
 ["
督导
已
登录
",
 "
存在
已完成
和
未
完成
状态的
学员
"],
   
 "
steps
":
 ["
查看
已完成
讲
错
题
学员
的状态
列
",
 "
查看
未
完成
讲
错
题
学员
的状态
列
"],
   
 "
test
_input
":
 "
不同
状态
学员
",
   
 "
expected
_result
":
 "
已完成
学员
状态
显示
'
完成
'
（
包括
对
答案
完成
和
跟
督导
沟通
跳
过的
完成
），
未
完成
学员
状态
显示
'
未
完成
'",
   
 "
priority
":
 "
P
2
"
 
 },
 
 {
   
 "
id
":
 "
TC
-
03
9
",
   
 "
description
":
 "
验证
督导
端
近期
学习
计划
在
教材
最后
课程
时不
展示
内容
",
   
 "
test
_module
":
 "
督导
端
-
学员
信息
列表
",
   
 "
pre
conditions
":
 ["
督导
已
登录
",
 "
存在
已
学
完
教材
最后
课程的
学员
"],
   
 "
steps
":
 ["
查看
该
学员
的
近期
学习
计划
列
"],
   
 "
test
_input
":
 "
教材
最后
课程的
学员
",
   
 "
expected
_result
":
 "
近期
学习
计划
列
不
展示
任何
内容
",
   
 "
priority
":
 "
P
2
"
 
 },
 
 {
   
 "
id
":
 "
TC
-
0
40
",
   
 "
description
":
 "
验证
督导
端
查看
讲
错
题
详情
弹
窗
右上
角
有关
闭
按钮
",
   
 "
test
_module
":
 "
督导
端
-
讲
错
题
详情
查看
",
   
 "
pre
conditions
":
 ["
督导
已
登录
",
 "
学员
已完成
讲
错
题
AI
评分
"],
   
 "
steps
":
 ["
点击
'
查看
讲
错
题
讲
知识点
'
按钮
打开
弹
窗
",
 "
观察
弹
窗
右上
角
关闭
按钮
",
 "
点击
关闭
按钮
"],
   
 "
test
_input
":
 "
打开
并
关闭
弹
窗
",
   
 "
expected
_result
":
 "
弹
窗
右上
角
有关
闭
按钮
，
点击
后
弹
窗
关闭
返回
学员
列表
页面
",
   
 "
priority
":
 "
P
2
"
 
 },
 
 {
   
 "
id
":
 "
TC
-
04
1
",
   
 "
description
":
 "
验证
AI
追问
遵循
确认
错误
表象
、
拆
解
知识
链条
、
暴露
思维
路径
等
追问
方向
",
   
 "
test
_module
":
 "
AI
提问
逻辑
-
追问
方向
",
   
 "
pre
conditions
":
 ["
学员
已
登录
",
 "
本
讲
有
错
题
数据
",
 "
学员
已
提交
第一
轮
回答
"],
   
 "
steps
":
 ["
学员
提交
第一
轮
回答
",
 "
观察
AI
追问
内容
",
 "
验证
追问
是否
涉及
错误
表象
确认
、
知识
链条
拆
解
或
思维
路径
暴露
"],
   
 "
test
_input
":
 "
学员
回答
存在
错误
",
   
 "
expected
_result
":
 "
AI
追问
内容
涉及
确认
错误
表象
（
明确
错误
结果
与
正确
答案
差异
）、
拆
解
知识
链条
（
追溯
基础
概念
/
定理
/
公式
）
或
暴露
思维
路径
（
拆
分解
题
步骤
审视
逻辑
漏洞
）
等
追问
方向
",
   
 "
priority
":
 "
P
1
"
 
 },
 
 {
   
 "
id
":
 "
TC
-
04
2
",
   
 "
description
":
 "
验证
系统
自动
存储
学员
与
AI
提问
交互
的所有
历史
记录
",
   
 "
test
_module
":
 "
督导
端
-
记录
存储
",
   
 "
pre
conditions
":
 ["
学员
已
登录
",
 "
学员
已完成
讲
错
题
多
轮
对话
"],
   
 "
steps
":
 ["
学员
完成
讲
错
题
对话
",
 "
督导
端
点击
查看
讲
错
题
详情
",
 "
验证
历史
记录
完整性
"],
   
 "
test
_input
":
 "
学员
完成
4
轮
对话
",
   
 "
expected
_result
":
 "
系统
存储
所有
交互
历史
，
包括
提
问题
目
、
学员
回答
内容
、
AI
反馈
及
追问
内容
、
交互
时间
等信息
，
督导
端
可
查看
完整
记录
",
   
 "
priority
":
 "
P
1
"
 
 },
 
 {
   
 "
id
":
 "
TC
-
04
3
",
   
 "
description
":
 "
验证
费
曼
学习
法
中学生
角色
为
提问
方
，
教师
角色
为
解答
方
，
交互
顺序
固定
",
   
 "
test
_module
":
 "
费
曼
学习
法
-
角色
交互
",
   
 "
pre
conditions
":
 ["
学员
已
登录
",
 "
已完成
使用
引导
",
 "
AI
扮演
学生
角色
提问
"],
   
 "
steps
":
 ["
进入
正式
互动
环节
",
 "
观察
AI
提问
内容
是否
以
学生
身份
提问
",
 "
学员
以
老师
身份
回答
",
 "
观察
AI
是否
先
肯定
后
纠正
"],
   
 "
test
_input
":
 "
AI
扮演
学生
提问
",
   
 "
expected
_result
":
 "
AI
以
学生
身份
提问
（
如
'
老师
，
这
题
我不
太
会
'
），
学员
以
老师
身份
解答
；
AI
回应
时
先
肯定
学员
思考
过程
再
纠正
错误
，
不
出现
AI
主动
抛
问题
让
学员
回答
的反
向
流程
",
   
 "
priority
":
 "
P
1
"
 
 },
 
 {
   
 "
id
":
 "
TC
-
04
4
",
   
 "
description
":
 "
验证
四
轮
对话
框架
：
暴露
认知
误区
→
检验
原理
理解
→
验证
方法
迁移
→
结构
化
总结
",
   
 "
test
_module
":
 "
费
曼
学习
法
-
对话
框架
",
   
 "
pre
conditions
":
 ["
学员
已
登录
",
 "
已完成
使用
引导
",
 "
进入
正式
互动
"],
   
 "
steps
":
 ["
第
1
轮
：
AI
陈述
错误
答案
及
推理
过程
",
 "
第
2
轮
：
AI
提出
验证
性问题
检验
原理
理解
",
 "
第
3
轮
：
AI
提出
相似
情境
新
问题
验证
方法
迁移
",
 "
第
4
轮
：
AI
请求
结构
化
总结
解题
思路
"],
   
 "
test
_input
":
 "
完成
4
轮
对话
",
   
 "
expected
_result
":
 "
4
轮
对话
分别
完成
暴露
认知
误区
、
检验
原理
理解
、
验证
方法
迁移
、
要求
结构
化
总结
的任务
目标
，
4
轮
左右
完成
理解
与
打
分
",
   
 "
priority
":
 "
P
1
"
 
 },
 
 {
   
 "
id
":
 "
TC
-
0
45
",
   
 "
description
":
 "
验证
AI
提问
不
重复
已
讨论
过的
疑问
点
",
   
 "
test
_module
":
 "
费
曼
学习
法
-
不
重复
闭环
",
   
 "
pre
conditions
":
 ["
学员
已
登录
",
 "
已
进行
多
轮
对话
",
 "
某
疑问
点
已
澄清
"],
   
 "
steps
":
 ["
完成
某
疑问
点的
澄清
",
 "
观察
后续
AI
追问
是否
重复
该
疑问
点
"],
   
 "
test
_input
":
 "
已
澄清
'
冰
块
变
水
是
熔
化
不是
液化
'",
   
 "
expected
_result
":
 "
AI
后续
追问
不再
重复
已
澄清
的
疑问
点
，
仅
聚焦
未
理
清
的逻辑
链
",
   
 "
priority
":
 "
P
1
"
 
 },
 
 {
   
 "
id
":
 "
TC
-
04
6
",
   
 "
description
":
 "
验证
学员
提问
无
个人
理由
时
系统
进行
二次
引导
",
   
 "
test
_module
":
 "
费
曼
学习
法
-
异常
场景
",
   
 "
pre
conditions
":
 ["
学员
已
登录
",
 "
学员
回答
缺乏
个人
判断
理由
"],
   
 "
steps
":
 ["
学员
回答
仅
说
'
我
选
A
错了
，
为啥
呀
'",
 "
观察
AI
是否
进行
二次
引导
"],
   
 "
test
_input
":
 "
回答
缺乏
个人
理由
",
   
 "
expected
_result
":
 "
系统
自动
提示
二次
引导
话
术
，
如
'
你
当时
选
A
是
看到
啥
、
想到
啥
了
呀
？
'
，
引导
学员
补充
个人
理由
后再
进入
正常
交互
",
   
 "
priority
":
 "
P
1
"
 
 },
 
 {
   
 "
id
":
 "
TC
-
04
7
",
   
 "
description
":
 "
验证
4
轮
后
学员
仍未
理解
时
简化
交互
至
1
个
核心
对比
确保
5
轮
内
完成
",
   
 "
test
_module
":
 "
费
曼
学习
法
-
异常
场景
",
   
 "
pre
conditions
":
 ["
学员
已
登录
",
 "
4
轮
对话
后
学员
仍
存在
概念
错误
"],
   
 "
steps
":
 ["
完成
4
轮
对话
",
 "
学员
回答
仍
存在
概念
错误
",
 "
观察
第
5
轮
AI
交互
是否
简化
"],
   
 "
test
_input
":
 "
4
轮
后
仍未
理解
",
   
 "
expected
_result
":
 "
第
5
轮
AI
简化
交互
至
1
个
核心
对比
问题
，
不再
延伸
其他
疑问
，
确保
5
轮
内
完成
理解
确认
与
打
分
",
   
 "
priority
":
 "
P
1
"
 
 },
 
 {
   
 "
id
":
 "
TC
-
04
8
",
   
 "
description
":
 "
验证
AI
提问
内容
不
出现
公式
、
La
TeX
格式
和
Markdown
格式
",
   
 "
test
_module
":
 "
费
曼
学习
法
-
内容
格式
",
   
 "
pre
conditions
":
 ["
学员
已
登录
",
 "
已
进入
正式
互动
环节
"],
   
 "
steps
":
 ["
观察
AI
所有
提问
内容
",
 "
检查
是否
包含
公式
、
La
TeX
或
Markdown
格式
"],
   
 "
test
_input
":
 "
数学
/
物理
/
化学
题目
",
   
 "
expected
_result
":
 "
AI
提问
内容
中
不
出现
公式
、
La
TeX
格式
和
Markdown
格式
，
全部
使用
纯
文字
描述
",
   
 "
priority
":
 "
P
1
"
 
 },
 
 {
   
 "
id
":
 "
TC
-
04
9
",
   
 "
description
":
 "
验证
AI
评分
中
纠
错
有效性
扣
分
：
学员
后续
提问
中
因
教师
解释
不清
再次
出现
概念
错误
时
每次
扣
5
分
",
   
 "
test
_module
":
 "
评分
-
纠
错
有效性
",
   
 "
pre
conditions
":
 ["
学员
已
登录
",
 "
学员
在
后续
对话
中
因
之前
解释
不清
再次
出现
概念
错误
"],
   
 "
steps
":
 ["
学员
完成
对话
",
 "
AI
识别
到
学员
因
之前
解释
不清
再次
出现
概念
错误
",
 "
查看
评分
结果
"],
   
 "
test
_input
":
 "
学员
在第
3
轮
重复
第
1
轮
已
纠正
的概念
错误
",
   
 "
expected
_result
":
 "
评分
中
纠
错
有效性
维度
每次
扣
5
分
，
扣
完
为止
",
   
 "
priority
":
 "
P
1
"
 
 },
 
 {
   
 "
id
":
 "
TC
-
0
50
",
   
 "
description
":
 "
验证
督导
端
科目
筛选
下拉
菜单
包含
全部
科目
",
   
 "
test
_module
":
 "
督导
端
-
科目
筛选
",
   
 "
pre
conditions
":
 ["
督导
已
登录
",
 "
系统
配置
有
多个
科目
"],
   
 "
steps
":
 ["
点击
科目
筛选
下拉
菜单
",
 "
查看
可选
科目
列表
"],
   
 "
test
_input
":
 "
点击
科目
筛选
",
   
 "
expected
_result
":
 "
下拉
菜单
展示
现有的
全部
科目
选项
（
数
理化
等
）
",
   
 "
priority
":
 "
P
2
"
 
 }
]
```
GEN_DIAG:{"kind": "stream_batch_token_usage", "project_id": 8, "request_id": "cc620e25ff6b46b6a1c6636a616583fd", "current_biz_key": "unknown", "multi_pass": true, "generation_mode": "full_functional_regression", "batch_index": 1, "total_batches": 4, "attempt": 1, "requested_count": 25, "input_tokens": null, "output_tokens": null, "total_tokens": null, "token_source": "unavailable", "token_unavailable_reason": "provider_usage_estimated", "estimate_method": "chars_div_4", "model": "glm-5.1"}

GEN_DIAG:{"kind": "stream_batch_quality", "project_id": 8, "request_id": "cc620e25ff6b46b6a1c6636a616583fd", "current_biz_key": "unknown", "multi_pass": true, "generation_mode": "full_functional_regression", "batch_index": 1, "new_valid_cases_count": 50, "duplicate_rate": 0.0, "non_assertable_count": 1, "low_quality_filtered_count": 1, "coverage_gain_count": 50, "low_gain_detected": false, "low_gain_streak": 0}
@@STATUS@@:正在生成第 2/4 批次 (25 条) - 第 1 次尝试...
GEN_DIAG:{"kind": "stream_batch_token_usage", "project_id": 8, "request_id": "cc620e25ff6b46b6a1c6636a616583fd", "current_biz_key": "unknown", "multi_pass": true, "generation_mode": "full_functional_regression", "batch_index": 2, "total_batches": 4, "attempt": 1, "requested_count": 25, "input_tokens": null, "output_tokens": null, "total_tokens": null, "token_source": "unavailable", "token_unavailable_reason": "provider_usage_estimated", "estimate_method": "chars_div_4", "model": "glm-5.1"}

@@STATUS@@:模型未返回内容，正在重试...
@@STATUS@@:正在生成第 2/4 批次 (25 条) - 第 2 次尝试...
```
json
[
  {
    "id": "TC
-051",
    "description
": "验证各维度评分按
权重换算后综合评分正确计算
为10分总分",
    "test
_module": "评分计算",
    "preconditions": [
      "学员已完成AI
讲错题全部交互轮
次",
      "AI
已对学员回答进行
各维度打分"
    ],
    "steps": [
      "学员
完成4轮费曼学习法交互
",
      "AI对思路
准确性、步骤完整性、表达清晰
度分别评分",
      "系统
按各维度权重换算
计算综合评分",
      "查看
综合评分结果"
    ],
    "test_input": "思路
准确性2.5分、
步骤完整性2.0
分、表达清晰度3
.5分",
    "expected
_result": "综合评分
按权重换算后
正确计算，总分等于
各维度得分之和且
不超过10分上限，结果
为8.0分
",
    "priority": "P1
"
  },
  {
    "id
": "TC-052",
    "description": "验证综合评分
恰好为8.0分时判定
为通过并显示太棒啦
提示",
    "test_module": "
评分阈值",
    "pre
conditions": [
      "学员已完成
AI讲错题全部交互",
     
 "AI评分结果综合
评分恰好为8.0分
"
    ],
    "steps": [
      "学员完成交互
后AI给出综合评分8
.0分",
      "查看
页面评分结果提示",
      "查看可用操作
按钮"
    ],
    "test_input
": "综合评分8
.0分",
    "expected
_result": "页面显示
提示文案'太棒啦
，您对知识点的理解非常
棒'，并显示
'去日清'按钮
，判定为通过",
    "priority
": "P1"
  },
 
 {
    "id": "TC-
053",
    "description":
 "验证综合评分7.9分
时判定为未通过并显示太
遗憾了提示",
    "test_module
": "评分阈值",
    "pre
conditions": [
      "学员已完成AI
讲错题全部交互",
      "
AI评分结果综合评分为
7.9分"
    ],
   
 "steps": [
      "学员完成
交互后AI给出综合评分7.
9分",
      "查看页面
评分结果提示",
      "查看可用
操作按钮"
    ],
    "test
_input": "综合评分7.9
分",
    "expected_result": "
页面显示提示文案'太遗憾
了，您对知识点理解还需要
加深，快去联系
督导老师吧'，同时
显示'联系督导'和'
去日清'按钮，判定为
未通过",
    "priority
": "P1"
  },
 
 {
    "id": "TC-
054",
    "description":
 "验证创新性思路且正确时
准确性和逻辑性各额外
加5分",
    "test_module
": "评分特殊规则",
    "
preconditions": [
      "学员
回答采用了创新性解题
思路",
      "创新性思路
的结论正确"
    ],
    "steps": [
      "学员
在交互中提出创新
性解题思路并得出
正确结论",
      "AI评分
系统识别创新性答案
",
      "查看准确性
维度和逻辑性维度得分
",
      "查看综合
评分计算结果"
    ],
   
 "test_input": "学员
采用不同于常规解法的
创新思路且答案正确",
    "
expected_result": "准确性维度和
逻辑性维度各额外加
5分，综合评分中体现加分
后的结果",
    "priority
": "P1"
  },
 
 {
    "id": "TC-
055",
    "description":
 "验证思路准确性维度评分
范围0.0-
3.0分的边界值计算正确
",
    "test_module
": "评分维度边界",
    "
preconditions": [
      "学员已完成
AI讲错题交互",
      "
AI对思路准确性维度进行
评分"
    ],
    "steps":
 [
      "学员回答完全正确无
偏差，查看准确性得分
",
      "学员回答
核心结论正确但存在
次要偏差，查看准确性得分",
     
 "学员回答存在严重事实
性错误，查看准确性得分"
   
 ],
    "test_input": "三种
回答质量：完全正确、部分
正确、严重错误",
    "expected_result": "完全
正确时准确性得分在
接近3.0分范围
；部分正确时得分在中间
范围；严重错误时得分
接近0.0分，所有
得分均在0.0-
3.0分范围内
",
    "priority": "P1
"
  },
  {
    "id
": "TC-056",
    "description": "验证步骤完整性
维度评分范围0.0
-3.0分的边界值计算
正确",
    "test_module": "
评分维度边界",
    "preconditions
": [
      "学员已完成AI讲
错题交互",
      "AI
对步骤完整性维度进行评分
"
    ],
    "steps": [
      "学员回答涵盖所有
关键步骤无遗漏，查看完整性
得分",
      "学员回答遗漏1
-2个关键步骤，查看完整性
得分",
      "学员回答大量
关键信息缺失，查看
完整性得分"
    ],
    "test
_input": "三种回答完整
度：完整全面、部分缺失、
严重缺失",
    "expected
_result": "完整全面时得分接近
3.0分；部分缺失时
得分在中间范围；严重缺失时
得分接近0.0分，所有
得分均在0.0-3.
0分范围内",
    "priority
": "P1"
  },
 
 {
    "id": "TC-
057",
    "description":
 "验证表达清晰度维度评分范围
0.0-4.0分的
边界值计算正确",
    "test
_module": "评分维度边界",
   
 "preconditions": [
      "学员
已完成AI讲错题交互",
     
 "AI对表达清晰度
维度进行评分"
    ],
    "
steps": [
      "学员回答语言
表达简洁明了无歧义，
查看清晰度得分",
      "学员
回答表达存在少量模糊
之处但不影响理解，查看
清晰度得分",
      "学员回答
语言表达混乱难以理解核心
意思，查看清晰度得分"
    ],
    "test_input": "
三种表达质量：清晰
易懂、基本清晰、晦
涩难懂",
    "
expected_result": "清晰易懂时得分
接近4.0分；基本
清晰时得分在中间范围；晦
涩难懂时得分接近0.
0分，所有得分均在0.
0-4.0分范围内",
    "priority": "P1"
  },
  {
    "id":
 "TC-058",
    "
description": "验证综合评分9
.0-10.0分时
显示太厉害啦鼓励文案
",
    "test_module": "评分
结果展示",
    "pre
conditions": [
      "学员已完成
AI讲错题交互",
      "
综合评分在9.0-
10.0分范围内"
    ],
    "steps": [
      "学员
高质量完成交互，AI
评分9.0分
以上",
      "查看评分结果页
面的鼓励文案"
    ],
    "
test_input": "综合评分9.
5分",
    "expected_result
": "页面显示鼓励文案'
太厉害啦！解题逻辑
闭环，步骤完整无缺，
表达精准易懂'及
对应分数段的鼓励内容
",
    "priority": "P2
"
  },
  {
    "id
": "TC-059",
    "description": "验证综合
评分7.5-8
.9分时显示超优秀鼓励
文案",
    "test_module": "
评分结果展示",
    "preconditions
": [
      "学员已完成AI讲
错题交互",
      "综合
评分在7.5-8
.9分范围内"
    ],
   
 "steps": [
      "
学员较好完成交互，AI
评分8.5分",
      "查看评分结果页面的鼓励
文案"
    ],
    "test_input
": "综合评分8.5分
",
    "expected_result": "页面
显示鼓励文案'超优秀！
核心思路与步骤都对，仅
细节可优化'及对应分数段的
鼓励内容",
    "priority
": "P2"
  },
 
 {
    "id": "TC-
060",
    "description": "
验证学生提问必须以'
我以为...，因为...'句
式开始暴露错误思路",
    "test_module": "费曼
学习法交互规则",
    "pre
conditions": [
      "学员进入
第五步讲知识错题页面
",
      "AI已包装
成学生角色准备提问"
    ],
    "steps": [
      "
AI以学生身份发起
第一轮提问",
      "查看
AI提问的句式结构",
     
 "验证提问是否包含错误
选项和个人判断理由"
    ],
    "test_input": "
学员做错的题目，
错误选项A，正确选项
B",
    "expected
_result": "AI提问以'我以为
[错误选项]，因为[个人
判断理由]'句式开始
，清晰暴露原始错误思路，
包含错误选项和个人判断依据
",
    "priority": "P1
"
  },
  {
    "id
": "TC-061",
    "description": "验证第二轮交互
中学生使用'如果...那么...'
句式进行验证性提问",
    "test_module": "费曼
学习法交互规则",
    "pre
conditions": [
      "第一
轮交互已完成，教师
角色已给出初步解释
",
      "进入第二轮
交互"
    ],
    "
steps": [
      "学员
回答第一轮问题后，
AI以学生身份发起
第二轮提问",
      "查看
第二轮提问的句式结构",
     
 "验证提问是否为验证性问题
"
    ],
    "test_input":
 "教师角色解释了核心
原理后",
    "expected
_result": "第二轮AI提问
使用'如果...那么
...'验证性句式，检验
自身是否理解核心原理，聚焦
于原理验证而非泛
泛提问",
    "priority
": "P1"
  },
 
 {
    "id": "TC-
062",
    "description": "
验证第三轮交互中学生提出相似情境
问题验证方法迁移",
    "test_module": "费曼
学习法交互规则",
    "pre
conditions": [
      "前两轮
交互已完成",
      "进入
第三轮交互"
    ],
    "
steps": [
      "学员
回答第二轮问题后，AI
以学生身份发起第三轮提问
",
      "查看第三轮提问内容
",
      "验证提问是否涉及
相似情境或条件变化"
    ],
    "test_input": "教师
角色在第二轮解释了原理
后",
    "expected
_result": "第三轮AI提问提出
一个相似情境或条件变化的新问题
，询问是否可以使用刚学到
的方法论，验证方法迁移能力
",
    "priority": "P1
"
  },
  {
    "id
": "TC-063",
    "description": "验证第四轮
交互中学生请求老师用步骤化方式
结构化总结解题思路",
    "
test_module": "费曼学习法
交互规则",
    "pre
conditions": [
      "前三
轮交互已完成",
      "进入
第四轮交互"
    ],
    "
steps": [
      "学员回答
第三轮问题后，
AI以学生身份发起第四轮提问
",
      "查看第四轮提问
内容",
      "验证
提问是否请求结构化总结"
   
 ],
    "test_input": "
教师角色在前三轮已逐步
解释后",
    "expected
_result": "第四轮AI提问
请求老师用简单的步骤
（如'三步法'
）将解题思路固定下来
，要求结构化总结而非
继续追问细节",
    "
priority": "P1"
  },
  {
    "id": "TC
-064",
    "description":
 "验证教师角色在纠正学生错误
前必须先肯定其思考过程或
发现问题的能力",
    "test
_module": "费曼学习法交互
规则",
    "preconditions":
 [
      "学员以
教师角色回答AI学生提问
",
      "学员回答中需要
纠正AI学生的错误认知
"
    ],
    "steps
": [
      "AI
学生提出包含错误认知的问题
",
      "学员以教师身份
进行回答",
      "查看
AI对学生回答的评价反馈",
      "
验证回答中是否先
肯定后纠正"
    ],
    "
test_input": "学员回答先
肯定学生思考再指出
错误点",
    "expected
_result": "学员回答中先
对学生的思考过程或发现
问题的能力给予肯定，
然后再纠正错误，评分
中鼓励与引导维度
得分正常",
    "priority
": "P1"
  },
 
 {
    "id": "TC-
065",
    "description": "
验证教师角色禁止直接给出答案或
简单否定学生",
    "test
_module": "费曼学习法交互
规则",
    "preconditions":
 [
      "学员以教师角色回答
AI学生提问",
      "学员
尝试直接给出答案或简单否定"
    ],
    "steps": [
     
 "AI学生提出困惑
问题",
      "学员
回答中直接给出正确答案
或仅说'你想
错了'",
      "查看
AI对学生回答的评分反馈
",
      "验证评分是否
对直接给出答案行为
扣分"
    ],
    "test_input": "学员
回答'正确答案是B，你想
错了'",
    "expected_result": "
AI评分对直接给出答案或简单
否定的回答方式进行
扣分处理，评分结果
偏低，反馈提示应引导学生而非
直接给答案",
    "
priority": "P1"
  },
  {
    "id": "
TC-066",
    "description
": "验证教师角色禁止使用
图形公式等非语言形式直接
解答",
    "test
_module": "费曼学习法交互
规则",
    "preconditions": [
      "学员以教师角色回答
AI学生提问",
      "学员尝试
使用公式或图形方式
解答"
    ],
    "steps":
 [
      "AI学生提出困惑问题
",
      "学员回答中使用
'画个图你就懂了'
或'列个公式'类
语言",
      "查看AI评分
反馈",
      "验证
评分是否对非语言解答
行为扣分"
    ],
    "test_input": "学员
回答'画个图/
列个公式你就懂了'",
    "expected_result": "
AI评分对使用图形公式等
非语言形式直接解答的行为进行扣
分，评分中概念
阐释清晰度维度得分降低，反馈
要求使用纯文字和
类比解释",
    "priority
": "P1"
  },
 
 {
    "id": "TC-
067",
    "description":
 "验证AI提问包装成学生身份
使用'老师这题我不懂'
类文案风格",
    "
test_module": "费曼学习法
交互规则",
    "preconditions":
 [
      "学员进入第五步讲
知识错题页面",
      "AI
准备发起提问"
    ],
    "steps": [
      "AI
发起提问",
      "查看提问
的文案风格和身份设定
",
      "验证提问是否以
学生身份表述"
    ],
   
 "test_input": "本讲错
题中抽取的题目",
    "
expected_result": "AI提问文案
包装成学生身份，
使用'老师，这题我不
懂'类表述风格，不
出现AI深度思考过程
文案，语气连贯符合
学生角色",
    "priority
": "P1"
  },
 
 {
    "id": "TC-
068",
    "description":
 "验证AI提问减少知识点引导直接
针对具体疑问提问",
    "
test_module": "费曼学习法
交互规则",
    "preconditions":
 [
      "学员进入第五步讲
知识错题页面",
      "AI
准备发起提问"
    ],
    "
steps": [
      "AI
发起提问",
      "查看提问内容
的知识点引导程度",
      "
验证提问是否直接针对疑问
而非泛泛引导知识点"
    ],
    "test_input": "
错题涉及的具体知识点",
   
 "expected_result": "AI
提问减少知识点层面的引导，
直接针对学员的具体疑问点提问
，不出现大段知识点
讲解式引导文案",
    "priority
": "P1"
  },
 
 {
    "id": "TC-
069",
    "description":
 "验证学员录音回答
后点击继续录音按钮可补充
内容而不结束当前轮次
",
    "test_module": "
交互操作流程",
    "
preconditions": [
      "学员已
点击对话按钮开始录音",
      "学员已完成一次
录音回答"
    ],
    "
steps": [
      "学员
完成第一段录音回答",
      "页面显示继续录音和完成
两个按钮",
      "学员
点击继续录音按钮",
      "学员
继续录制补充内容",
      "
查看对话区域状态"
    ],
   
 "test_input": "学员
第一段录音内容+
点击继续录音+第二
段补充录音内容",
   
 "expected_result": "点击继续录音
后录音状态继续，学员
可补充更多内容，当前轮
次未结束，对话区域显示
已录制内容等待补充
完成",
    "priority": "P
1"
  },
  {
    "
id": "TC-070",
    "description": "验证
学员录音回答后点击完成按钮
结束当前回答并触发AI下一
轮交互",
    "test
_module": "交互操作流程",
    "preconditions": [
      "
学员已点击对话按钮开始录音",
      "学员已完成录音
回答"
    ],
    "steps
": [
      "学员完成录音
回答",
      "页面
显示继续录音和完成两个按钮",
      "学员点击完成按钮",
     
 "查看AI是否触发下一轮追问
",
      "查看对话
区域更新状态"
    ],
   
 "test_input": "学员
录音内容+点击完成按钮",
   
 "expected_result": "点击完成后
当前轮次回答结束，语音
内容转换为文字发送，
AI在原反馈内容
下方以新对话框形式展示追问
问题，进入下一轮交互",
    "priority": "P1
"
  },
  {
    "id
": "TC-071",
   
 "description": "验证综合评分8
分以上页面提示自动停留5
秒后显示去日清按钮",
    "test_module": "评分结果
展示",
    "preconditions": [
      "学员已完成AI讲错题
交互",
      "综合评分达到
8分或以上"
    ],
    "steps": [
      "AI
给出综合评分8分
以上",
      "页面
显示太棒啦提示
文案",
      "等待观察
页面停留行为",
     
 "5秒后查看
按钮显示状态"
    ],
    "test_input": "综合
评分8.5分",
    "
expected_result": "页面
显示太棒啦提示
文案后自动停留5秒，
5秒后显示去
日清按钮，学员可点击
去日清按钮跳
转至日清页面",
    "priority": "P1
"
  },
  {
    "id
": "TC-072",
    "description": "验证综合评分
8分以下页面联系督导按钮视觉
权重突出高于去日清按钮",
    "test_module": "评分
结果展示",
    "pre
conditions": [
      "学员已完成
AI讲错题交互",
      "
综合评分8分以下"
    ],
    "steps": [
     
 "AI给出综合评分8分以下
",
      "页面显示太遗憾
了提示文案",
      "查看
联系督导和去日清两个按钮
的视觉呈现",
     
 "对比两个按钮的视觉权重
差异"
    ],
    "
test_input": "综合评分6
.0分",
    "
expected_result": "页面
同时显示联系督导和去日
清按钮，联系督导按钮在
视觉上（尺寸、颜色、位置
）突出权重明显高于去日清按钮
，引导学员优先联系督导",
    "priority": "P1
"
  },
  {
    "id
": "TC-073",
    "description": "验证题目标记
清晰标识当前正在讲解的具体题目编号
和内容",
    "test
_module": "界面展示",
    "
preconditions": [
      "学员进入
第五步讲知识错题页面",
      "AI已从
错题中抽取题目
"
    ],
    "
steps": [
      "AI
抽取题目后展示提问
",
      "查看题目标记
区域",
      "验证标记
是否清晰标识具体题目"
    ],
    "test_input": "本
讲错题中的具体
题目",
    "expected_result": "
页面题目标记区域清晰标识当前
正在讲解的是哪道题
，包含题目编号或
题目内容摘要，学员
可明确知道正在讲解的具体
题目",
    "priority": "P
2"
  },
  {
    "
id": "TC-074",
    "description": "验证
督导端学员完成标记包含
对答案完成和跟
督导沟通跳过两种完成情况
",
    "test_module": "
督导端数据",
    "pre
conditions": [
      "督导
端已登录",
      "学员列表
中存在不同完成类型的
学员"
    ],
    "steps":
 [
      "查看学员A状态（
通过对答案完成）",
      "查看
学员B状态（通过
跟督导沟通跳过完成）",
      "验证两种完成
类型在状态列的
显示"
    ],
   
 "test_input": "学员A对
答案完成+学员B跟督导沟通
跳过完成",
    "expected
_result": "两种完成类型的
学员状态列均显示为
'完成'，完成
标记统一为学员点击
了完成（包括对答案完成和
跟督导沟通跳过的完成）
",
    "priority": "P1
"
  },
  {
    "id
": "TC-075",
    "description": "验证
督导查看讲错题详情
时正确展示章节、
AI问题、学生回答、AI
追问、最终评价和
得分",
    "test_module": "
督导端详情展示",
    "
preconditions": [
      "督导
端已登录",
      "学员已完成
讲错题环节",
      "查看讲错题讲
知识点按钮可用"
    ],
    "steps": [
      "督导
点击查看讲错题讲知识点
按钮",
      "弹窗展示
学员讲错题详情",
      "查看详情中
各内容模块是否完整展示
",
      "验证展示
顺序和数据准确性"
    ],
   
 "test_input": "已完成
讲错题的学员
数据",
    "expected_result": "
弹窗中依次展示：最近
一节课章节信息、AI问题内容
、学生回答内容、AI追问
内容、学生再次回答内容
、最终评价结果、
综合得分，所有数据与实际
交互记录一致",
    "priority
": "P1"
  }
]
```
GEN_DIAG:{"kind": "stream_batch_token_usage", "project_id": 8, "request_id": "cc620e25ff6b46b6a1c6636a616583fd", "current_biz_key": "unknown", "multi_pass": true, "generation_mode": "full_functional_regression", "batch_index": 2, "total_batches": 4, "attempt": 2, "requested_count": 25, "input_tokens": null, "output_tokens": null, "total_tokens": null, "token_source": "unavailable", "token_unavailable_reason": "provider_usage_estimated", "estimate_method": "chars_div_4", "model": "glm-5.1"}

GEN_DIAG:{"kind": "stream_batch_quality", "project_id": 8, "request_id": "cc620e25ff6b46b6a1c6636a616583fd", "current_biz_key": "unknown", "multi_pass": true, "generation_mode": "full_functional_regression", "batch_index": 2, "new_valid_cases_count": 25, "duplicate_rate": 0.0, "non_assertable_count": 0, "low_quality_filtered_count": 0, "coverage_gain_count": 25, "low_gain_detected": false, "low_gain_streak": 0}
@@STATUS@@:正在生成第 3/4 批次 (25 条) - 第 1 次尝试...
```json
[
  {
   
 "id": "TC-076
",
    "description": "验证
左侧学习步骤导航栏垂直
排列且当前步骤高
亮为第五步讲知识
错题",
    "test
_module": "界面展示
",
    "preconditions
": [
      "学员已登录并
进入讲知识错题页面
"
    ],
    "steps": [
      "进入第五步
讲知识错题页面",
      "
观察左侧导航栏排列
方式及步骤内容",
      "确认
当前步骤的高亮状态"
   
 ],
    "test_input": "进入
讲知识错题页面
",
    "expected_result": "左侧
导航栏垂直排列显示
第一步复习、第二+三步
学&练、第四步
随堂测、第五步讲
知识错题、第六步日
清，且第五步处于
高亮选中状态",
    "
priority": "P2"
  },
  {
    "id": "TC
-077",
    "description":
 "验证课程信息区标题正确
读取并展示当前讲的
名称",
    "test
_module": "界面展示",
    "
preconditions": [
      "学员
已登录并进入某
讲的讲知识错题页面
"
    ],
    "steps": [
      "进入讲知识错题
页面",
      "查看课程信息区的
标题内容"
    ],
   
 "test_input": "进入
讲知识错题页面",
    "
expected_result": "课程信息
区标题显示的内容与当前讲的
名称一致，无截
断或乱码",
    "
priority": "P2"
 
 },
  {
    "id": "
TC-078",
    "description
": "验证点击返回按钮能
返回上一级页面且
遵循从哪来回哪去
原则",
    "test_module": "
入口与导航",
    "preconditions
": [
      "学员从随堂
测结果页进入讲知识错
题页面"
    ],
   
 "steps": [
      "
从随堂测结果
页点击讲知识错题按钮
进入",
      "在讲知识错
题页面点击返回按钮",
      "观察跳转目标
页面"
    ],
    "test_input
": "点击返回按钮",
    "expected_result": "页面
跳转回随堂测结果
页，而非固定主页
或其他页面，符合从
哪来回哪去的逻辑",
    "
priority": "P1"
  },
  {
    "id": "TC
-079",
    "description":
 "验证点击打印按钮弹出
打印内容选择弹窗
",
    "test_module": "界面
展示",
    "preconditions": [
      "学员已进入
讲知识错题页面"
    ],
    "steps": [
      "点击
课程信息区的打印按钮",
     
 "观察弹窗内容
"
    ],
    "test_input":
 "点击打印按钮",
    "expected
_result": "弹出打印
内容选择弹窗，
提供可选择的打印范围
或项目选项，非
直接触发打印",
    "priority
": "P2"
  },
 
 {
    "id": "TC-
080",
    "description":
 "验证点击切换课程按钮能跳
转至其他课程的学习页面",
    "test_module": "入口
与导航",
    "pre
conditions": [
      "学员已
进入讲知识错题
页面",
      "学员有
其他可切换的课程"
    ],
    "steps": [
     
 "点击切换课程按钮",
     
 "在弹出的课程列表中选择
另一门课程",
      "观察
页面跳转及内容
变化"
    ],
   
 "test_input": "选择并
切换至另一门课程
",
    "expected_result": "页面
成功跳转至所选
课程的学习页面，课程
信息区标题及左侧
导航等数据同步更新为新
课程内容",
    "priority
": "P1"
  },
 
 {
    "id": "TC-
081",
    "description":
 "验证本讲无
错题时AI抽取回答
正确的题目进行提问",
    "test
_module": "AI提问
逻辑",
    "preconditions
": [
      "学员本讲
所有题目均回答正确，
无错题记录"
    ],
   
 "steps": [
      "
学员进入第五步讲知识错
题页面",
      "观察
AI自动展示的提问
题目来源"
    ],
   
 "test_input": "无
错题的数据状态",
    "expected_result": "AI
从本讲回答正确的题目中
抽取1-2道
进行提问，页面正常
进入交互流程，不出现无
题可问的阻断
",
    "priority": "P1
"
  },
  {
    "id
": "TC-082",
    "description": "验证本讲
仅有1道错题时AI
仅抽取该1道错
题进行提问",
    "test_module
": "AI提问逻辑",
    "preconditions": [
      "
学员本讲仅有1道错题
记录"
    ],
    "steps":
 [
      "学员进入第五
步讲知识错题页面",
     
 "观察AI展示的提问题目数量
及来源"
    ],
   
 "test_input": "仅有1道
错题的数据状态",
    "
expected_result": "AI仅抽取该
1道错题进行
提问，不强行凑2
道或混入正确
题目，提问数量与错
题数量匹配",
    "
priority": "P1"
  },
  {
    "id": "TC
-083",
    "description":
 "验证学员一道题都没
做时页面展示淡白色
文案提示",
    "test_module
": "AI提问逻辑",
    "preconditions": [
      "
学员本讲未做任何题目
，无做题记录"
    ],
    "steps": [
     
 "学员进入第五步讲知识
错题页面",
      "观察
页面提示内容"
    ],
   
 "test_input": "0
道做题记录",
    "expected_result
": "页面显示淡白色文案提示
：当前您还没有做过题，快
去做题来检测一下自己的知识
掌握程度吧，且
不进入AI提问交互流程",
   
 "priority": "P1"
 
 },
  {
    "id": "
TC-084",
    "description
": "验证学员语音录制回答
后点击提交能将语音
转成文字并发送",
    "test_module": "交互
流程",
    "preconditions
": [
      "学员已进入AI
提问交互环节",
      "点击
对话按钮弹出输入框和语音
录制按钮"
    ],
   
 "steps": [
      "学员点击
语音录制按钮开始录音
",
      "说完回答
后点击提交按钮",
      "观察
对话框展示的内容"
    ],
   
 "test_input": "语音
录制一段回答并提交
",
    "expected_result": "提交
后语音内容被转
成文字，以学员对话框
样式展示在提问展示
区，文字内容与语音
表达一致",
    "priority
": "P1"
  },
 
 {
    "id": "TC-
085",
    "description": "
验证未完成讲错
题时重复进入页面
保留对话内容且可
继续交互",
    "test_module":
 "状态流转",
    "pre
conditions": [
      "学员已
进行2轮AI提问
交互但未完成最终打分",
      "中途退出页面
"
    ],
    "steps
": [
      "学员重新
进入第五步讲知识错
题页面",
      "观察
历史对话记录是否保留",
     
 "尝试继续进行下一
轮交互"
    ],
   
 "test_input": "重新
进入未完成的讲错题
页面",
    "expected_result":
 "页面完整保留前
2轮的AI提问
与学员回答的对话框
记录，学员可从
断点处继续进行
下一轮交互，无需
从头开始",
    "priority
": "P1"
  },
 
 {
    "id": "TC-
086",
    "description
": "验证已完成讲错题打
分后重复进入页面不可
重复打分",
    "
test_module": "状态流转",
   
 "preconditions": [
     
 "学员已完成4轮交互
并获得AI最终综合评分
"
    ],
    "steps
": [
      "学员再次
进入第五步讲知识
错题页面",
      "观察
页面交互状态及打
分功能"
    ],
   
 "test_input": "重新进入已
完成的讲错题页面
",
    "expected_result": "页面
保留完整对话记录和
最终评分结果，但提问
和录音交互按钮置灰或
隐藏，无法再次提交
回答或触发重新打分",
   
 "priority": "P1
"
  },
  {
    "id
": "TC-087",
    "description": "验证点击
重新讲按钮后重新
出题且题目与上次
不同",
    "test
_module": "核心流程
",
    "preconditions": [
     
 "学员已完成一次讲错题交互
流程并获得评分"
    ],
    "steps": [
      "点击
重新讲按钮",
      "观察
AI新展示的提问题目",
      "对比与上次提问
的题目是否相同"
    ],
    "test_input": "点击
重新讲",
    "expected
_result": "系统从
错题库中重新抽
题，AI展示的1
-2道题目与上次
提问的题目不完全相同，开始
全新的交互流程",
    "priority
": "P1"
  },
 
 {
    "id": "TC-
088",
    "description":
 "验证综合评分6
.0-7.4分
时页面显示有进步鼓励
文案",
    "test_module": "
评分",
    "pre
conditions": [
      "学员完成讲
错题交互",
      "AI
综合评分计算结果在
6.0-7.4分
区间"
    ],
    "
steps": [
      "学员完成最后一
轮交互触发打分",
      "
观察评分结果页面的鼓励
文案"
    ],
    "test_input
": "综合评分6
.5分",
    "
expected_result": "页面
显示有进步！解题方向
没错，关键步骤不缺〜
多梳理逻辑顺序，把
思路说透，学习
会越来越顺，继续加油
！的鼓励文案",
    "priority": "P2
"
  },
  {
    "id
": "TC-089",
   
 "description": "验证综合评分4
.0-5.9分时
页面显示值得点赞鼓励文案",
    "test_module": "评分
",
    "preconditions": [
     
 "学员完成讲错题交互",
      "AI综合评分计算结果在
4.0-5.9分
区间"
    ],
    "steps":
 [
      "学员完成最后一
轮交互触发打分",
      "
观察评分结果页面的鼓励文案
"
    ],
    "test
_input": "综合评分5.0
分",
    "expected_result": "
页面显示值得点赞！敢
主动拆解题目，
已有基础思路〜慢慢
补全步骤、理
清逻辑，坚持用费曼
法，一定能突破！
的鼓励文案",
    "priority":
 "P2"
  },
  {
    "id": "TC-0
90",
    "description": "验证
综合评分0.0-
3.9分时页面显示超
勇敢鼓励文案",
    "test_module
": "评分",
    "preconditions
": [
      "学员完成讲错
题交互",
      "AI
综合评分计算结果在0.
0-3.9分区间"
    ],
    "steps": [
     
 "学员完成最后一轮交互触发打
分",
      "观察评分结果页
面的鼓励文案"
    ],
    "
test_input": "综合评分3.
5分",
    "
expected_result": "页面显示超勇敢
！愿意尝试就很了不起〜
解题需要循序渐进，多
练多讲，慢慢
就能找准思路、说清
步骤，你可以的！的鼓励文案
",
    "priority": "P2
"
  },
  {
    "id
": "TC-091",
   
 "description": "验证
督导端顶部信息栏正确显示机构
名称、当前日期和星期",
    "test_module": "督导
端界面",
    "pre
conditions": [
      "督导已
登录督导端系统"
    ],
   
 "steps": [
      "进入
督导端学员管理页面
",
      "观察顶部信息栏的
机构名称、日期和星期显示
"
    ],
    "test_input":
 "督导端页面加载",
    "
expected_result": "顶部信息栏左侧
正确显示所属机构名称，右侧
准确显示当前日期（
如2025.05
.20）及对应星期",
    "priority": "P2"
  },
  {
    "id":
 "TC-092",
    "
description": "验证督导端搜索框
输入学员姓名关键字可筛选学员
列表",
    "test_module": "
督导端交互",
    "pre
conditions": [
      "督导端学员
列表中存在多名学员"
    ],
    "steps": [
     
 "在顶部搜索框输入
某学员姓名的部分关键字",
      "
观察学员列表的筛选
结果"
    ],
   
 "test_input": "输入
学员姓名关键字",
    "expected
_result": "学员列表仅显示姓名
包含该关键字的学员
记录，其他学员记录
被隐藏，清空搜索
框后恢复完整列表",
    "
priority": "P2"
  },
  {
    "id": "TC
-093",
    "description":
 "验证督导端学员未定
教材时近期学习计划列不
展示内容",
    "test
_module": "督导端数据展示
",
    "preconditions": [
     
 "某学员尚未分配或
确定学习教材"
    ],
    "
steps": [
      "在
督导端学员列表找到
未定教材的学员
",
      "查看该学员的近期
学习计划列"
    ],
    "
test_input": "未
定教材的学员数据
",
    "expected_result": "该
学员的近期学习计划列为
空白，不展示任何课程
章节内容或提示文字",
    "priority": "P2"
  },
  {
    "id":
 "TC-094",
   
 "description": "验证
督导端学员列表课程列正确
展示标准化、同步体系课
等类型",
    "test
_module": "督导端数据展示",
    "preconditions": [
      "
学员正在学习不同类型的课程（
标准化、同步体系课
等）"
    ],
    "
steps": [
      "查看
学员信息列表中的课程列",
      "对比显示的课程类型
与学员实际学习数据
"
    ],
    "test_input":
 "包含不同课程类型的
学员列表",
    "expected
_result": "课程列准确
显示学员当前学习的课程类型标签
（如标准化、同步体系课
），与后台分配的课程数据一致
",
    "priority": "P2
"
  },
  {
    "id
": "TC-095",
    "description": "验证AI
提问频次约束限制
每次交互仅1-2个
核心疑问点",
    "test
_module": "AI提问
逻辑",
    "preconditions":
 [
      "学员进入讲
知识错题交互环节
"
    ],
    "steps":
 [
      "观察AI
每一轮提出的疑问点
数量",
      "检查
是否堆砌多个独立
疑问"
    ],
   
 "test_input": "多
轮AI提问交互",
    "expected_result": "AI
每轮交互仅提出1-
2个核心疑问点，不一次
同时询问3个及以上
独立问题，确保学员
每轮只聚焦少量
具体疑问",
    "priority": "
P1"
  },
  {
    "id": "TC-09
6",
    "description": "验证
AI提问内容关联学员
日常可感知的具象事物
避免纯理论表述",
    "test
_module": "AI提问逻辑",
   
 "preconditions": [
      "学员
正在讲解物理或化学
错题"
    ],
    "
steps": [
      "观察
AI提问或引导话
术中的举例内容",
      "判断
是否使用了水、冰块
、白糖等日常事物"
    ],
    "test_input": "物理
/化学科目错题交互
",
    "expected_result": "AI
提问和引导话术中
关联日常可感知的具
象事物（如冰块在
饮料里化掉变成水），
不使用纯抽象理论表述（如
固态变液态），
降低理解门槛",
    "
priority": "P1
"
  },
  {
    "id
": "TC-097",
    "description": "验证学员进入
讲知识错题页面时AI自动
展示一道初始问题",
    "test
_module": "交互流程",
    "
preconditions": [
      "学员本
讲有错题记录
",
      "学员首次进入讲
知识错题页面"
    ],
   
 "steps": [
      "学员从
随堂测或学习
步骤进入第五步讲
知识错题",
      "观察
页面加载后的提问展示区内容
"
    ],
    "test_input":
 "首次进入讲知识错题页面
",
    "expected_result": "页面
加载完成后，AI在
提问展示区自动展示
一道初始问题，对话框
样式呈现，学员可直接
点击对话按钮进行回答
，无需手动触发出
题",
    "priority": "P
1"
  },
  {
    "
id": "TC-098",
    "description": "验证
回答完整性维度满分20
-25分需涵盖所有关键知识点
和解题步骤",
    "test
_module": "评分",
    "pre
conditions": [
      "学员回答
覆盖题目涉及的所有方面
"
    ],
    "
steps": [
      "学员针对
AI提问给出包含所有
关键要点和步骤的完整回答
",
      "查看AI评分中
完整性维度的得分"
    ],
    "test_input": "
涵盖所有关键知识点的完整回答",
    "expected_result": "完整性
维度得分在20-25分区间
，按25%权重换
算后贡献2.5分
至综合评分，评分细则
标注为完整全面",
    "priority": "P2
"
  },
  {
    "id
": "TC-099",
   
 "description": "验证逻辑
性维度低分0-7
分对应解题步骤混乱
论据与论点
脱节",
    "test
_module": "评分",
    "pre
conditions": [
      "学员回答解题
步骤顺序混乱，推理无关联
"
    ],
    "
steps": [
      "学员给出
逻辑混乱、步骤跳跃且
论据脱节的回答
",
      "查看AI评分中逻辑
性维度的得分"
    ],
   
 "test_input": "逻辑
混乱的解题回答",
    "expected
_result": "逻辑性维度得分在
0-7分区间，按20
%权重换算后贡献不超过0
.14分至综合评分，评分
细则标注为逻辑混乱",
    "
priority": "P2"
  },
  {
    "id": "TC
-100",
    "description":
 "验证督导端我的
学员快捷入口按钮点击
后跳转至学员
管理概览",
    "
test_module": "督导端交互
",
    "preconditions": [
     
 "督导已登录系统
"
    ],
    "steps
": [
      "点击顶部信息
栏右侧的我的学员快捷入口按钮
",
      "观察页面
跳转结果"
    ],
   
 "test_input": "点击我的学员
按钮",
    "expected_result": "
页面跳转至督导
负责的学员管理或概览页面
，展示该督导名下所有
学员的汇总信息，跳
转流畅无延迟",
    "priority
": "P2"
  }
]
```
GEN_DIAG:{"kind": "stream_batch_token_usage", "project_id": 8, "request_id": "cc620e25ff6b46b6a1c6636a616583fd", "current_biz_key": "unknown", "multi_pass": true, "generation_mode": "full_functional_regression", "batch_index": 3, "total_batches": 4, "attempt": 1, "requested_count": 25, "input_tokens": null, "output_tokens": null, "total_tokens": null, "token_source": "unavailable", "token_unavailable_reason": "provider_usage_estimated", "estimate_method": "chars_div_4", "model": "glm-5.1"}

GEN_DIAG:{"kind": "stream_batch_quality", "project_id": 8, "request_id": "cc620e25ff6b46b6a1c6636a616583fd", "current_biz_key": "unknown", "multi_pass": true, "generation_mode": "full_functional_regression", "batch_index": 3, "new_valid_cases_count": 25, "duplicate_rate": 0.0, "non_assertable_count": 0, "low_quality_filtered_count": 0, "coverage_gain_count": 25, "low_gain_detected": false, "low_gain_streak": 0}
@@STATUS@@:正在生成第 4/4 批次 (25 条) - 第 1 次尝试...
```
json
[
  {
    "id": "TC
-101",
    "description
": "验证首次进入讲知识
错题页面时弹出费曼学习
法互动启动引导对话框",
    "test_module": "讲
错题-引导流程",
    "
preconditions": ["学员已完成
随堂测且正确率超过
50%", "学员首次进入
第五步讲知识错
题页面"],
    "steps
": ["学员从随堂测结果
弹窗点击'讲知识错
题'按钮进入页面
", "观察页面是否
弹出引导对话框", "检查
引导对话框内容是否包含费
曼学习法核心方法
说明", "检查对话框下方
是否展示'好的，接受挑战'
按钮"],
    "test_input": "
首次进入讲知识错题页面",
    "expected_result": "页面
弹出引导对话框，内容
包含'接下来咱们会用费
曼学习法互动！我会
扮演刚学完知识点
、有很多困惑的学生，
你可以像老师一样帮我讲解'
等核心方法说明文案，对话框
下方展示'好的，接受挑战'
按钮可点击",
    "priority
": "P1"
  },
  {
    "id": "TC
-102",
    "description": "
验证点击'好的，接受挑战'
按钮后引导对话框切换为题目
互动规则说明",
    "test_module
": "讲错题-引导流程
",
    "preconditions": ["学员
已看到费曼学习法互动
启动引导对话框"],
    "steps
": ["学员点击'好的，接受
挑战'按钮", "观察
原引导对话框是否消失", "检查
是否弹出新的题目互动规则说明对话框
", "验证新对话框内容
是否包含抽题规则说明",
 "检查新对话框下方是否展示
'知道了'按钮"],
    "test
_input": "点击'好的，接受
挑战'按钮",
    "expected
_result": "原引导对话框消失
，弹出新的对话框内容
为'接下来咱们这样
互动哦〜我会从你
之前做过的题目里，随机
抽1-2道，然后
针对题目里的点向你提问。
你跟着思路慢慢讲就好，现在
咱们开始吧！'，
下方展示'知道了'按钮
",
    "priority": "P1
"
  },
  {
    "id
": "TC-103",
    "
description": "验证依次完成四个
引导步骤后正式进入互动讲解
环节可使用点击对话功能
",
    "test_module": "讲
错题-引导流程",
    "
preconditions": ["学员已进入讲
知识错题页面"],
    "steps
": ["学员点击步骤
1'好的，接受
挑战'按钮", "学员
点击步骤2'知道了'按钮
", "学员点击步骤3'
知道了'按钮", "学员
点击步骤4'知道了'按钮
", "观察引导流程是否全部
结束", "检查页面
是否进入正式互动讲解环节
", "验证'点击对话
'麦克风图标是否可
交互"],
    "test
_input": "依次点击四个引导步骤
的确认按钮",
    "expected_result
": "四个引导对话框
依次展示并依次消失，引导
流程结束后页面进入正式互动讲解
环节，界面底部'
点击对话'麦克风图标变为可交互
状态，学员可通过点击开始
录音进行回答",
    "priority
": "P1"
  },
 
 {
    "id": "TC-
104",
    "description": "验证
引导流程进行中左侧
导航栏始终高亮第五
步讲知识错题
",
    "test_module": "讲
错题-引导流程",
    "preconditions": ["学员
已进入讲知识错题页面",
 "引导流程尚未完成"],
    "steps": ["学员进入
页面观察左侧导航栏当前
高亮步骤", "学员点击
步骤1确认按钮后
再次观察导航栏",
 "学员点击步骤2确认
按钮后再次观察导航栏",
 "学员点击步骤3确认
按钮后再次观察导航栏"],
    "test_input": "引导
流程各步骤间观察
导航栏状态",
    "expected
_result": "在整个引导流程进行
过程中，左侧垂直排列
的学习步骤导航栏始终将
'第五步讲知识
错题'保持高
亮状态，其他步骤
（第一步复习、第二
+三步学&练
、第四步随堂测、
第六步日清）均为
非高亮状态",
    "priority": "P2
"
  },
  {
    "id
": "TC-105",
    "
description": "验证学员做了全对
时AI随机抽取任意两道
题目进行追问",
    "test_module
": "讲错题-A
I提问逻辑",
    "
preconditions": ["学员本讲
随堂测全部回答
正确无错题",
 "学员已进入讲知识错题
互动环节"],
    "
steps": ["学员进入讲知识错
题页面完成引导流程", "
观察AI初始提问抽取
的题目", "验证
抽取的题目是否为本
讲中回答正确的题目", "
检查抽取题目数量是否为2
道", "学员回答
后观察AI追问是否
仍围绕这2道题目展开
"],
    "test_input": "本
讲全部做对无
错题的学员进入讲错
题",
    "expected
_result": "AI从
本讲回答正确的题目中随机
抽取2道题目进行提问
和追问，提问内容围绕
这2道题目的知识点
展开，不出现本
讲以外的题目",
    "priority":
 "P1"
  },
  {
    "id": "TC-106
",
    "description": "验证
AI追问在学员回答内容下方以
新的对话框形式展示追问问题",
    "test_module": "讲错
题-交互流程",
    "pre
conditions": ["学员已
进入正式互动讲解环节",
 "AI已展示初始问题"],
    "steps": ["学员点击
对话按钮录音回答初始
问题", "学员点击完成按钮
提交回答", "观察
AI追问问题的展示位置
和形式", "验证
追问对话框是否在原
回答内容下方展示", "检查
追问对话框样式是否与初始
问题对话框样式一致"],
    "test_input": "学员
完成初始问题回答后观察
追问展示",
    "
expected_result": "学员回答
内容展示后，AI
追问问题在学员回答
内容的下方以新的对话框形式
展示，对话框样式与初始AI
提问对话框样式一致，形成
上下排列的对话流
",
    "priority":
 "P1"
  },
  {
    "id": "TC-107
",
    "description": "验证学员
回答字数不足50字时完整
性和清晰度维度分数直接扣除50
%",
    "test_module": "讲
错题-评分规则",
    "preconditions": ["学员
已完成讲错题交互
流程", "学员某轮
回答字数不足50字
"],
    "steps": ["学员在
交互过程中某轮回答
内容字数少于50字",
 "学员完成全部交互
流程触发评分", "查看
评分结果中完整性维度得分",
 "查看评分结果中清晰度维度
得分", "验证两个
维度得分是否按原始值的
50%计入"],
    "test
_input": "学员回答内容
字数为30字（不足50字
）",
    "expected_result
": "完整性维度和
清晰度维度的原始计算
得分均按50%折扣
计入综合评分，例如完整性
原始得分20分则
实际计入10分，清晰
度原始得分12分则实际计入
6分，准确性维度和
逻辑性维度按正常规则
计算不受影响",
    "priority
": "P1"
  },
 
 {
    "id": "TC-
108",
    "description": "验证
学员回答内容与问题完全无关时
准确性维度直接计0分",
    "test_module": "讲错
题-评分规则",
    "pre
conditions": ["学员已完成讲
错题交互流程", "学员
某轮回答内容与AI
提问问题完全无关"],
    "steps": ["学员在
交互中某轮回答内容
与当前AI提问问题
无任何关联", "学员完成
全部交互流程触发评分", "查看
评分结果中准确性维度得分
", "验证准确性维度是否
直接计为0分",
 "检查其他维度是否
仍按正常规则计算"],
    "
test_input": "学员回答内容为
与问题无关的随机
内容如'今天天气很好
'",
    "expected_result": "准确性
维度得分直接计为0分（
换算后为0分
），完整性、逻辑性和清晰
度维度仍按各自
正常评分规则计算不计
特殊扣分，综合
评分仅由其他三个
维度贡献",
    "priority":
 "P1"
  },
  {
    "id": "TC-109
",
    "description": "验证
学员提问缺少个人判断理由时系统
触发二次引导要求补充理由",
   
 "test_module": "讲错题
-异常场景处理",
    "
preconditions": ["学员已
进入正式互动讲解环节", "AI
已展示初始问题"],
   
 "steps": ["学员点击
对话按钮开始录音", "学员
回答仅陈述错误选项
未包含个人判断理由如
'我选A错了为啥
呀'", "学员提交回答
", "观察系统是否触发二次引导
", "验证二次引导内容
是否要求学员补充个人判断
依据"],
    "test_input
": "学员回答缺少
个人判断理由如仅
说'我选A
错了为啥呀'",
    "
expected_result": "系统
自动识别学员回答缺少个人判断
理由，触发二次引导回应
，内容包含'你
当时选A是看到
啥、想到啥了
呀？比如是不是觉得
...'等引导文案，要求
学员补充个人判断依据后再
进入正常交互流程",
    "
priority": "P1"
  },
  {
    "id": "TC
-110",
    "description": "
验证学员重复提出已澄清疑问
时系统识别重复并引导至未
理清逻辑链",
    "test
_module": "讲错题-异常
场景处理",
    "preconditions
": ["学员已完成
至少一轮交互", "某
疑问点已在之前交互中被
澄清"],
    "steps
": ["学员在前几轮交互中
已澄清某个疑问点如
'冰块变水
不是液化'", "学员
在后续交互中再次提出相同
疑问", "观察系统是否
识别该疑问为重复",
 "验证系统回应是否
引用之前已澄清的内容
", "检查系统是否引导学员
转向未理清的逻辑链"],
    "test_input": "学员
重复提出已澄清的疑问如
再次问'冰块变
水是不是液化'",
    "expected
_result": "系统通过
疑问点记忆模块识别该
疑问为重复，自动
回应'之前咱们聊过哦
，冰块变水是固态变
液态不是液化，
咱们现在看看B选项为啥
是汽化吧〜
'等引用已澄清内容的
文案，引导学员转向尚未
理清的逻辑链而非重复
讨论",
    "priority
": "P1"
  },
 
 {
    "id": "TC-
111",
    "description": "验证
4轮交互后学员仍未理解时
系统简化至单个核心对比问题
确保5轮闭环",
    "test
_module": "讲错题-异常
场景处理",
    "preconditions
": ["学员已完成4轮交互",
 "4轮交互后
学员仍未能正确理解知识点
"],
    "steps": ["学员经过
4轮交互后回答
仍存在概念错误", "观察
第5轮AI提问
是否简化交互内容", "验证
简化后的提问是否仅包含1
个核心对比问题", "检查
该核心对比问题是否
直指知识点关键差异
", "学员回答后
验证是否触发评分闭环
"],
    "test_input
": "4轮交互后学员
仍未能正确理解核心
知识点",
    "expected
_result": "第5轮
AI自动简化交互至仅1
个核心对比问题如'水变
没了是液态变气
态这就是汽化对吗
？'，不再延伸
其他疑问，学员回答后无论
是否完全正确均触发评分闭环
，确保5轮内
完成理解确认与打
分",
    "priority": "P
1"
  },
  {
    "
id": "TC-112",
   
 "description": "验证AI追问确认
错误表象时提问包含错误结果与
正确答案差异的具体定位",
    "
test_module": "讲错题-A
I追问方向",
    "pre
conditions": ["学员已
提交包含错误答案的回答
", "AI需要确认
错误表象"],
    "steps
": ["学员回答中包含
错误答案或错误步骤
", "AI触发追问
", "观察追问内容
是否明确指出错误结果与正确答案
的差异", "验证追问是否
用具体问题定位矛盾点而非
泛泛指出错误"],
    "test_input": "学员
回答中某步骤结果
与正确解不同",
    "expected
_result": "AI追问内容包含类似
'你的答案和正确
解在XX步骤结果不同
是哪里计算错了？'或
'为什么你认为XX结论成立
但实际不成立？'等
具体定位矛盾点的提问
，明确指出错误结果
与正确答案的差异位置
而非仅说'你
答错了'",
    "priority
": "P1"
  },
 
 {
    "id": "TC-
113",
    "description": "验证
AI追问拆解知识链条时
提问追溯基础概念定义或
定理适用条件",
    "test_module
": "讲错题-AI追问
方向",
    "preconditions": ["
学员错误涉及基础概念或
定理理解偏差", "AI
需要拆解知识链条"],
    "steps": ["学员回答
中存在概念混淆或定理
运用错误", "AI
触发追问", "观察
追问内容是否追溯基础
概念或定理", "验证
追问是否包含概念定义、
概念区别或定理适用条件等问题
"],
    "test_input": "学员
回答中混淆了XX
概念或忽略了定理前提
条件",
    "expected
_result": "AI追问内容包含类似
'XX概念的定义是什么？
和XX概念的区别在哪里
？'或'这个
定理的适用条件是什么？我
是否忽略了XX前提？'等
追溯基础概念定义或
定理适用条件的提问，帮助
学员确认理解是否偏差",
   
 "priority": "P1
"
  },
  {
    "id
": "TC-114",
    "
description": "验证AI追问暴露
思维路径时提问要求学员说明推导
依据或检查逻辑跳跃",
    "
test_module": "讲错题-A
I追问方向",
    "preconditions
": ["学员解题步骤存在
逻辑漏洞或关键遗漏", "AI
需要暴露思维路径"],
    "steps": ["学员回答
中解题步骤存在跳跃
或遗漏", "AI触发追问",
 "观察追问内容是否拆
分解题步骤", "验证
追问是否要求学员说明推导依据或
检查是否存在逻辑跳跃"],
    "test_input": "学员
回答中某步骤推导缺乏依据
或存在逻辑跳跃",
    "expected
_result": "AI追问内容包含类似
'我在第XX步用了XX
方法这个方法的适用场景是？
'或'这一步的推导依据
是什么？是否存在逻辑跳跃？'
或'是否漏掉了XX
特殊情况？'等要求
学员审视逻辑漏洞或关键
遗漏的提问",
    "priority
": "P1"
  },
 
 {
    "id": "TC-
115",
    "description": "验证
AI追问类比迁移验证时提问
用相似案例或简化问题验证规则
普适性",
    "test_module
": "讲错题-AI追问
方向",
    "preconditions": ["
学员已初步理解正确
解题方法", "AI
需要验证方法迁移能力
"],
    "steps": ["学员回答
中已展示对正确方法
的理解", "AI触发追问验证
迁移能力", "观察
追问内容是否引入相似案例或条件
变化", "验证追问是否要求学员
判断方法在新情境中
是否适用"],
    "test_input
": "学员已理解
原题解法但
未验证方法迁移",
    "expected_result": "AI
追问内容包含类似'如果把题目
中的XX条件换成YY解
法会有什么变化？'
或'能否用一个更简单的例子
验证这个结论？'或
'XX解法在其他类似
题目中是否适用？有没有
反例？'等用
相似案例验证规则普适性的提问
",
    "priority":
 "P2"
  },
  {
    "id": "TC-116
",
    "description": "验证AI
追问质疑例外边界时提问
探索知识边界条件和特殊情形",
    "test_module": "讲错
题-AI追问方向",
    "
preconditions": ["学员已掌握
基本解题逻辑", "AI
需要深化对规则完整理解
"],
    "steps": ["学员回答
中展示了基本正确的解题逻辑", "
AI触发追问探索边界", "观察
追问内容是否涉及例外
情况或边界条件", "验证
追问是否要求学员思考结论
在何种情况下不成立"],
    "test_input": "学员
已掌握基本解题逻辑但
未考虑边界情况",
    "expected
_result": "AI追问内容包含类似
'这个结论在什么情况下不成立
？是否存在XX特殊情形？'
或'题目中没有明确
说明的XX隐含条件是否需要
考虑？'或'如果
增加XX限制条件解法会有什么
不同？'等探索知识边界和
例外情况的提问",
    "priority":
 "P2"
  },
  {
    "id": "TC-117
",
    "description": "验证AI
追问重构知识体系时提问
要求学员用自己的语言复述正确
逻辑",
    "test_module": "
讲错题-AI追问方向
",
    "preconditions": ["学员
经过多轮交互已
逐步理解正确逻辑", "AI
需要确认从理解到能表达"],
    "steps": ["学员经过
前几轮追问已逐步
理清正确解题逻辑", "AI
触发最后一轮追问要求重构
知识体系", "观察
追问内容是否要求学员用自己的语言复
述", "验证追问是否包含
错误原因总结和正确逻辑
复述要求"],
    "test
_input": "学员已通过
多轮交互理清正确
逻辑",
    "expected_result": "
AI追问内容包含类似'正确的
解题逻辑应该是XX我之前错误
的原因是XX现在理解为XX
'或'这个知识点和之前
学的XX内容有什么联系？如何
整合到知识网络中？'等
要求学员用自己的语言复述正确逻辑
并总结错误原因的提问
，确保从理解到能
表达的闭环",
    "
priority": "P1"
  },
  {
    "id": "TC
-118",
    "description": "
验证督导端查看讲错题按钮
在学员未完成讲错题环节
时置灰不可点击",
    "
test_module": "督导端-操作
按钮状态",
    "pre
conditions": ["督导已
登录督导端", "对应
学员已开始讲错题
环节但尚未完成AI最终
打分"],
    "steps
": ["督导打开学员信息
列表", "找到未
完成讲错题环节的学员行
", "观察操作列中'
查看讲错题讲知识点'按钮
状态", "尝试点击该按钮",
 "验证按钮是否置灰且
不可响应点击"],
    "
test_input": "学员未完成讲
错题环节（AI尚未
给出最终评分）",
    "expected_result": "该
学员操作列中'查看
讲错题讲知识点'按钮呈
置灰状态，视觉
上明显区别于可
点击按钮，点击该按钮无
任何响应不弹出详情
弹窗",
    "priority
": "P1"
  },
 
 {
    "id": "TC-
119",
    "description": "验证
督导端学员没做过讲错题
环节时操作列不展示查看
讲错题讲知识点按钮",
   
 "test_module": "督导端-
操作按钮状态",
    "preconditions
": ["督导已登录督导端",
 "对应学员本节课
没有讲错题环节（
如正确率不足50%
未触发讲错题）
"],
    "steps": ["督导打开
学员信息列表", "找到
没做过讲错题
环节的学员行", "观察
操作列中是否展示'查看讲
错题讲知识点'按钮",
 "验证该按钮是否完全不存在而非
置灰"],
    "test
_input": "学员本节课没有
讲错题环节",
    "expected_result": "该
学员操作列中完全不
展示'查看讲错题讲知识点
'按钮，操作列仅
展示'编辑课后报告
'等其他适用按钮，不存在
置灰或隐藏的查看
讲错题按钮元素
",
    "priority": "P1
"
  },
  {
    "id
": "TC-120",
   
 "description": "验证督导端学员
已完成讲错题环节时操作列
展示可点击的查看讲错题
讲知识点按钮",
    "test
_module": "督导端-操作按钮
状态",
    "preconditions": ["
督导已登录督导端",
 "对应学员已完成讲错题环节
且AI已给出最终评分"],
    "steps": ["督导打开
学员信息列表", "找到已完成
讲错题环节的学员行",
 "观察操作列中'
查看讲错题讲知识点'按钮
状态", "验证按钮是否为正常
可点击样式", "点击该按钮
验证是否弹出详情弹
窗"],
    "test_input": "
学员已完成讲错题环节（AI
已给出最终评分）",
   
 "expected_result": "该学员操作
列中'查看讲错题讲
知识点'按钮以正常可
点击样式展示（非
置灰），点击后
弹出学员讲错题讲
知识点详情弹窗，
弹窗内容包含章节
、AI问题、学生回答、AI
追问、最终评价和得分等信息
",
    "priority": "P1
"
  },
  {
    "id
": "TC-121",
    "
description": "验证督导端弹窗
中学员讲错题通过时顶部
显示学生知识点讲错题
通过文字标识",
    "test_module
": "督导端-讲
错题详情弹窗",
    "
preconditions": ["督导
已登录督导端", "学员已完成
讲错题且综合评分达到
8分及以上"],
    "steps
": ["督导点击已完成
讲错题学员的
'查看讲错题讲知识点'
按钮", "弹窗打开
后观察顶部是否通过
标识", "验证标识
文字内容是否为'
学生知识点讲错题通过'",
 "检查标识文字的
视觉样式是否清晰醒
目"],
    "test_input
": "查看综合评分8
分以上（通过）学员
的讲错题详情",
    "expected_result": "弹
窗顶部醒目位置显示文字
标识'学生知识点讲错
题通过'，文字
样式清晰可辨识，
与未通过标识在
视觉上有明确区分（
如颜色不同）",
    "priority": "P1
"
  },
  {
    "id
": "TC-122",
    "
description": "验证督导端弹窗
中学员讲错题未通过
时顶部显示学生知识点讲错题
未通过文字标识",
    "
test_module": "督导端-讲
错题详情弹窗",
   
 "preconditions": ["督导
已登录督导端", "学员已完成
讲错题且综合评分低于
8分"],
    "steps
": ["督导点击已完成讲错题
但未通过学员的'
查看讲错题讲知识点'按钮
", "弹窗打开后观察
顶部是否通过标识", "验证
标识文字内容是否为'学生
知识点讲错题未通过'",
 "检查标识文字的视觉样式
是否与通过标识有明显
区分"],
    "test_input
": "查看综合评分低于8分
（未通过）学员的讲错
题详情",
    "expected_result
": "弹窗顶部醒目位置
显示文字标识'学生知识点讲错
题未通过'，文字样式
与通过标识在视觉上有明确
区分（如不同颜色或不同
背景），清晰标识该
学员未通过讲错题环节
",
    "priority": "P1
"
  },
  {
    "id
": "TC-123",
    "
description": "验证督导端弹窗
右上角关闭按钮点击后关闭详情
弹窗返回学员列表页
",
    "test_module": "督导
端-讲错题详情弹窗
",
    "preconditions": ["督导
已打开学员讲错题详情弹
窗"],
    "steps
": ["督导点击'
查看讲错题讲知识点'按钮
打开弹窗", "观察
弹窗右上角是否设置关闭
按钮", "点击右上
角关闭按钮", "验证弹窗
是否关闭", "检查
关闭后是否返回学员
信息列表页面"],
    "test
_input": "点击弹窗右上
角关闭按钮",
    "expected
_result": "弹窗右上角设置
明确的关闭按钮（如X图标
），点击后弹窗立即关闭
消失，页面返回至
学员信息列表页面且
列表数据无变化",
    "priority": "P2
"
  },
  {
    "id
": "TC-124",
    "
description": "验证督导端科目筛选
下拉菜单可选择现有全部科目筛选
对应学员列表",
    "test
_module": "督导端-科目筛选
",
    "preconditions": ["督导
已登录督导端", "系统中
存在多个科目的学员数据
"],
    "steps": ["督导
观察顶部信息栏右侧
科目筛选下拉菜单",
 "点击下拉菜单查看
可选科目列表", "
验证可选科目是否包含
现有全部科目（如数学
、物理、化学等
）", "选择某个
科目如'数学'",
 "观察学员信息列表是否仅展示
该科目对应的学员"],
    "test_input": "选择
科目筛选下拉菜单中的
'数学'选项",
    "expected
_result": "科目筛选
下拉菜单包含现有全部科目
选项（数学、物理、化学
等初中标准化自习数
理化科目），选择'数学'后
学员信息列表仅展示正在
学习数学课程的学员，
其他科目学员不在列表中显示
",
    "priority": "P1
"
  },
  {
    "id
": "TC-125",
    "
description": "验证学员完成讲错
题打分后督导端自动弹出
通过或未通过提醒
且点击后自动消失",
    "
test_module": "督导端-讲
错题完成提醒",
    "pre
conditions": ["督导已登录督导端
并在线", "学员正在
进行讲错题交互
"],
    "steps": ["学员
完成讲错题交互并获得
AI最终评分", "观察
督导端是否自动弹出提醒消息
", "验证提醒内容是否与
学员通过/未通过状态
一致", "督导点击提醒
消息", "观察提醒消息
是否自动消失"],
    "test_input
": "学员完成讲错题且
综合评分8分（
通过）",
    "expected_result":
 "学员完成讲错题打
分后督导端自动弹出提醒
消息，通过时提醒内容标识
学员讲错题通过
，未通过时提醒内容标识学员
讲错题未通过，督导
点击提醒消息后该提醒
自动消失不再展示",
    "priority
": "P1"
  }
]
```
GEN_DIAG:{"kind": "stream_batch_token_usage", "project_id": 8, "request_id": "cc620e25ff6b46b6a1c6636a616583fd", "current_biz_key": "unknown", "multi_pass": true, "generation_mode": "full_functional_regression", "batch_index": 4, "total_batches": 4, "attempt": 1, "requested_count": 25, "input_tokens": null, "output_tokens": null, "total_tokens": null, "token_source": "unavailable", "token_unavailable_reason": "provider_usage_estimated", "estimate_method": "chars_div_4", "model": "glm-5.1"}

GEN_DIAG:{"kind": "stream_batch_quality", "project_id": 8, "request_id": "cc620e25ff6b46b6a1c6636a616583fd", "current_biz_key": "unknown", "multi_pass": true, "generation_mode": "full_functional_regression", "batch_index": 4, "new_valid_cases_count": 25, "duplicate_rate": 0.0, "non_assertable_count": 0, "low_quality_filtered_count": 0, "coverage_gain_count": 25, "low_gain_detected": false, "low_gain_streak": 0}
@@STATUS@@:[multi-pass] Stage 2/3 gap supplement started...
@@STATUS@@:Gap supplement attempt #1...
```
json

[
 
 {
   
 "
id
":
 "
TC
-
126
",
   
 "
description
":
 "
验证
学员
讲
错
题
综合
评分
未
通过
（
低于
8
分
）
时
查看
讲
错
题
讲
知识点
按钮
仍
为
可
点击
状态
而非
置
灰
",
   
 "
test
_module
":
 "
督导
端
-
操作
按钮
状态
",
   
 "
pre
conditions
":
 ["
督导
已
登录
督导
端
",
 "
对应
学员
已完成
讲
错
题
环节
且
AI
已
给出
最终
评分
",
 "
学员
综合
评分
低于
8
分
（
未
通过
）
"],
   
 "
steps
":
 ["
1
.
 督
导
打开
学员
信息
列表
",
 "
2
.
 找
到
已完成
讲
错
题
但
评分
未
通过
（
低于
8
分
）
的
学员
行
",
 "
3
.
 观
察
操作
列
中
'
查看
讲
错
题
讲
知识点
'
按钮
状态
",
 "
4
.
 验
证
按钮
是否
为
正常
可
点击
样式
（
非
置
灰
）
",
 "
5
.
 点击
该
按钮
验证
是否
弹出
详情
弹
窗
"],
   
 "
test
_input
":
 "
学员
已完成
讲
错
题
环节
，
综合
评分
5
.
0
分
（
未
通过
）
",
   
 "
expected
_result
":
 "
该
学员
操作
列
中
'
查看
讲
错
题
讲
知识点
'
按钮
以
正常
可
点击
样式
展示
（
非
置
灰
），
点击
后
弹出
学员
讲
错
题
讲
知识点
详情
弹
窗
，
弹
窗
顶部
显示
'
学生
知识点
讲
错
题
未
通过
'
标识
，
完成
标记
以
AI
给出
最终
评
分为
准
而非
以
是否
通过
为准
",
   
 "
priority
":
 "
P
1
"
 
 },
 
 {
   
 "
id
":
 "
TC
-
127
",
   
 "
description
":
 "
验证
AI
评分
过程
异常
中断
（
未
给出
最终
评分
）
时
查看
讲
错
题
讲
知识点
按钮
保持
置
灰
不可
点击
状态
",
   
 "
test
_module
":
 "
督导
端
-
操作
按钮
状态
",
   
 "
pre
conditions
":
 ["
督导
已
登录
督导
端
",
 "
对应
学员
已
开始
讲
错
题
交互
但
AI
评分
过程
异常
中断
（
如
网络
超
时
、
服务
异常
）
",
 "
学员
未
获得
AI
最终
评分
"],
   
 "
steps
":
 ["
1
.
 学
员
在
讲
错
题
交互
过程中
AI
评分
服务
异常
中断
，
未
给出
最终
评分
",
 "
2
.
 督
导
打开
学员
信息
列表
",
 "
3
.
 找
到
该
学员
行
",
 "
4
.
 观
察
操作
列
中
'
查看
讲
错
题
讲
知识点
'
按钮
状态
",
 "
5
.
 尝
试
点击
该
按钮
"],
   
 "
test
_input
":
 "
学员
讲
错
题
交互
中途
AI
评分
异常
中断
，
未
获得
最终
评分
",
   
 "
expected
_result
":
 "
该
学员
操作
列
中
'
查看
讲
错
题
讲
知识点
'
按钮
呈
置
灰
状态
不可
点击
，
与
正常
未
完成
状态
一致
，
点击
无
任何
响应
，
待
学员
重新
完成
交互
并获得
AI
最终
评分
后
按钮
才
变为
可
点击
",
   
 "
priority
":
 "
P
1
"
 
 },
 
 {
   
 "
id
":
 "
TC
-
128
",
   
 "
description
":
 "
验证
学员
上一
节课
已完成
讲
错
题
但
本
节课
未
完成
时
查看
讲
错
题
讲
知识点
按钮
以
当前
节课
状态
为准
置
灰
不可
点击
",
   
 "
test
_module
":
 "
督导
端
-
操作
按钮
状态
",
   
 "
pre
conditions
":
 ["
督导
已
登录
督导
端
",
 "
学员
上一
节课
已完成
讲
错
题
环节
并获得
AI
评分
",
 "
学员
当前
节课
已
开始
讲
错
题
环节
但
尚未
完成
AI
最终
打
分
"],
   
 "
steps
":
 ["
1
.
 督
导
打开
学员
信息
列表
",
 "
2
.
 找
到
该
学员
行
",
 "
3
.
 观
察
操作
列
中
'
查看
讲
错
题
讲
知识点
'
按钮
状态
",
 "
4
.
 验
证
按钮
是否
为
置
灰
状态
",
 "
5
.
 尝
试
点击
该
按钮
"],
   
 "
test
_input
":
 "
学员
上
节课
讲
错
题
已完成
（
评分
8
.
5
分
），
本
节课
讲
错
题
未
完成
",
   
 "
expected
_result
":
 "
该
学员
操作
列
中
'
查看
讲
错
题
讲
知识点
'
按钮
呈
置
灰
状态
不可
点击
，
按钮
状态
以
当前
节课
的
讲
错
题
完成
情况
为准
而非
上一
节课
的
完成
状态
，
点击
无
任何
响应
",
   
 "
priority
":
 "
P
1
"
 
 },
 
 {
   
 "
id
":
 "
TC
-
129
",
   
 "
description
":
 "
验证
查看
讲
错
题
讲
知识点
按钮
状态
不影响
操作
列
中
编辑
课后
报告
按钮
的
可用
性
",
   
 "
test
_module
":
 "
督导
端
-
操作
按钮
状态
",
   
 "
pre
conditions
":
 ["
督导
已
登录
督导
端
",
 "
存在
不同
讲
错
题
状态的
学员
（
未
完成
、
没
做过
、
已完成
）
"],
   
 "
steps
":
 ["
1
.
 查
看
未
完成
讲
错
题
学员
的操作
列
，
验证
'
编辑
课后
报告
'
按钮
是否
可
正常
点击
",
 "
2
.
 查
看
没
做过
讲
错
题
学员
的操作
列
，
验证
'
编辑
课后
报告
'
按钮
是否
可
正常
点击
",
 "
3
.
 查
看
已完成
讲
错
题
学员
的操作
列
，
验证
'
编辑
课后
报告
'
按钮
是否
可
正常
点击
"],
   
 "
test
_input
":
 "
三种
讲
错
题
状态的
学员
数据
",
   
 "
expected
_result
":
 "
无论
学员
讲
错
题
环节
处于
何种
状态
（
未
完成
/
没
做过
/
已完成
），
操作
列
中
'
编辑
课后
报告
'
按钮
均
保持
正常
可
点击
状态
，
不受
'
查看
讲
错
题
讲
知识点
'
按钮
置
灰
或不
展示
的影响
",
   
 "
priority
":
 "
P
2
"
 
 }
]
```
@@STATUS@@:Gap supplement attempt #2...
```
json
[
 
 {
    "id
": "TC
-126",
    "description
": "验证
学生在
督导查看列表期间
完成讲错题
评分后
按钮
状态实时
从置灰变为
可点击",
   
 "test_module
": "督导
端-
操作按钮状态",
    "
preconditions
": ["
督导已
登录督导
端并
停留在
学员信息
列表页面
", "对应
学员正在进行
讲错题交互
（按钮
当前
为
置灰状态）
", "学员
尚未完成AI
最终打
分"],
    "
steps": ["
1.
 督
导在
学员列表页面
观察到
某
学员'
查看讲
错题讲
知识点'按钮
为
置灰状态",
 "2
. 不
刷新
页
面的情况下，
学员端
完成讲错题
交互并获得
AI最终
评分", "3
. 督
导端
观察该
学员操作
列
按钮状态是否
实时
变化
", "4
. 
验证
按钮是否
从置灰变为
正常
可点击样式
", "5
. 点击
按钮
验证是否
可正常
弹出详情
弹
窗"],
    "
test_input":
 "督导
停留在
列表
页面时
学员
完成讲
错题评分",
    "expected
_result
": "学员
完成
讲错题评分
后，督导
端列表中
该学员的
'查看讲错
题讲知识点'
按钮状态实时
从置灰变为
正常
可点击样式
，无需
手动
刷新页面，
点击后
可正常弹出详情
弹窗",
    "priority
": "P
1
"
 
 },
 
 {
    "id
": "TC
-127",
   
 "description": "
验证学生点击
重新讲按钮
后督导
端按钮状态从
可点击变
回
置灰",
    "test
_module": "督导
端-操作
按钮状态",
   
 "preconditions
": ["督导
已登录督导端
", "学员
已完成一次
讲错题交互
并获得
AI评分
（按钮
当前
为可点击状态
）", "学员
点击
'
重新讲'
按钮开始
新一轮
交互
"],
    "steps
": ["
1. 
督导确认
某
学员'查看
讲错题讲
知识点'按钮
为正常
可点击状态
", "2
. 学
员
点击
'重新讲
'按钮
开始
新的
讲错题交互
流程
", "3
. 督
导端
观察该学员操作
列按钮状态变化
", "4
. 
验证
按钮是否
变为置
灰不可
点击", "5
. 学
员
完成新一轮交互后
验证
按钮是否
恢复为可
点击"],
    "test
_input": "学员
在
已完成
讲错题后
点击重新讲
开始新
交互",
    "
expected_result":
 "学员
点击重新
讲后，督导
端该
学员的
'查看
讲错题讲
知识点'按钮
从
可点击状态变为
置灰不可点击
状态，直到
学员完成新一轮交互
并获得AI最终
评分后按钮
恢复为可点击
状态",
    "
priority": "P
1"
 
 },
 
 {
    "
id": "TC
-128",
   
 "description":
 "验证
学生讲错题
数据异常（评分
已保存但对话
记录缺失）
时督导端按钮
状态
及点击行为
",
    "test
_module": "督导
端-操作
按钮状态",
    "pre
conditions": ["督导
已登录督导端
", "对应
学员的
讲错题数据
存在异常
：AI
评分已保存但
部分
对话交互
记录缺失或损坏
"],
    "
steps": ["
1. 
督导
打开学员信息
列表",
 "2
. 
找到
数据异常
学员的操作
列", "
3. 观察
'查看
讲错题讲
知识点'按钮
状态",
 "4
. 点击
该
按钮",
 "5
. 
观察
弹窗
内容是否正常
展示
或给出
异常
提示"],
    "
test_input": "
学员讲错题
评分
已
保存但对话
记录数据
缺失",
    "
expected_result": "
因AI
评分已保存，
按钮显示
为正常可点击
状态；
点击后
弹窗中
已有
数据
正常
展示，
缺失的
对话记录部分
显示为
空
或提示
'
数据加载
异常'
，不会
导致弹
窗崩溃
或白
屏
",
    "priority
": "P
1"
  },
  {
    "
id": "TC
-129",
    "description
": "验证
学生未
参加
随堂测（
直接
跳过）
时督导端操作
列不展示查看
讲错题讲
知识点按钮
",
    "test
_module": "督导
端-操作
按钮状态",
    "pre
conditions": ["
督导已
登录督导端",
 "对应学员本
节课未
参加随
堂测（
直接
跳过随
堂测步骤
）", "学员
因此未
触发
讲错题环节
"],
    "
steps": ["
1. 
督导打开
学员信息列表",
 "2
. 找到
未参加随
堂测的
学员行
", "3
. 观
察操作列中
是否展示
'查看讲错
题讲知识点
'按钮
", "4
. 对
比该
学员与
已完成讲
错题学员
的操作列差异
"],
    "
test_input": "
学员本节课未
参加随堂测
直接跳过",
    "expected
_result": "该
学员操作列中
完全不展示'查看
讲错题讲
知识点'按钮
，与没
做过讲错题
环节的规则
一致，
操作
列仅
展示'
编辑
课后
报告
'等其他
适用按钮
",
    "priority
": "P
2"
 
 },
 
 {
    "id
": "TC
-130",
    "description
": "验证
同一
学员不同
课程讲
错题状态下
按钮仅
反映
当前展示
课程的
讲错题完成
状态",
    "
test_module": "
督导端-
操作按钮状态",
    "pre
conditions": ["
督导已
登录督导端",
 "学员A
课程已完成
讲错题（
AI
已
评分）", "
学员
B课程正在进行
讲错题（
未完成）
", "督导
通过
科目筛选
切换
查看不同
课程"],
    "
steps": ["
1. 
督
导选择
科目筛选为
A课程",
 "
2
. 
查看
该学员操作
列'
查看讲错题
讲知识点'按钮
状态", "3
. 
切
换科目筛选为
B课程
", "
4. 
查看同一
学员操作列按钮
状态", "5
. 对
比两次
按钮
状态是否
随
课程
切换而
变化"],
    "
test_input": "
同一学员在
A课程已完成
讲错题、
B课程未
完成讲
错题",
   
 "expected
_result":
 "筛选
A
课程时
该
学员按钮
为正常
可点击状态
（
反映
A
课程已完成
），
筛选
B
课程时同一
学员按钮
为置
灰状态（
反映B课程
未完成），
按钮状态正确
跟随
当前
筛选
课程的
讲错题完成
情况
",
    "
priority": "P
2"
  }
]
```
@@STATUS@@:Gap supplement attempt #3...
```
json

[
 
 {
   
 "
id
":
 "
TC
-
126
",
   
 "
description
":
 "
验证
学员
在
督导
查看
列表
期间
完成
讲
错
题
时
按钮
状态
实时
从
置
灰
更新
为
可
点击
",
   
 "
test
_module
":
 "
督导
端
-
操作
按钮
状态
",
   
 "
pre
conditions
":
 ["
督导
已
登录
督导
端
并
停留在
学员
信息
列表
页面
",
 "
某
学员
正在进行
讲
错
题
交互
但
AI
尚未
给出
最终
评分
",
 "
该
学员
操作
列
中
查看
讲
错
题
讲
知识点
按钮
当前
为
置
灰
状态
"],
   
 "
steps
":
 ["
1
.
 督
导
在
学员
信息
列表
中
观察到
某
学员
的
查看
讲
错
题
讲
知识点
按钮
为
置
灰
状态
",
 "
2
.
 学
员
在
另一
端
完成
讲
错
题
交互
并获得
AI
最终
评分
",
 "
3
.
 督
导
在不
刷新
页
面的
情况下
观察
该
学员
按钮
状态
是否
实时
更新
",
 "
4
.
 验
证
按钮
是否
从
置
灰
变为
可
点击
状态
",
 "
5
.
 点击
更新
后的
按钮
验证
是否能
正常
弹出
详情
弹
窗
"],
   
 "
test
_input
":
 "
督导
查看
列表
期间
学员
完成
讲
错
题
（
AI
给出
最终
评分
）
",
   
 "
expected
_result
":
 "
学员
完成
讲
错
题
后
督导
端
列表
中
该
学员
的
查看
讲
错
题
讲
知识点
按钮
实时
从
置
灰
状态
更新
为
可
点击
状态
，
无需
手动
刷新
页面
，
点击
后
可
正常
弹出
详情
弹
窗
",
   
 "
priority
":
 "
P
1
"
 
 },
 
 {
   
 "
id
":
 "
TC
-
127
",
   
 "
description
":
 "
验证
学员
已完成
上一
节课
讲
错
题
但
当前
节课
未
完成
讲
错
题
时
按钮
显示
为
置
灰
状态
",
   
 "
test
_module
":
 "
督导
端
-
操作
按钮
状态
",
   
 "
pre
conditions
":
 ["
督导
已
登录
督导
端
",
 "
某
学员
上一
节课
已完成
讲
错
题
且
AI
已
给出
最终
评分
",
 "
该
学员
当前
节课
已
开始
讲
错
题
环节
但
尚未
完成
AI
最终
打
分
"],
   
 "
steps
":
 ["
1
.
 督
导
打开
学员
信息
列表
",
 "
2
.
 找
到
上述
学员
行
",
 "
3
.
 观
察
操作
列
中
查看
讲
错
题
讲
知识点
按钮
状态
",
 "
4
.
 验
证
按钮
是否
根据
当前
节课
状态
显示
为
置
灰
",
 "
5
.
 点击
按钮
确认
不可
响应
"],
   
 "
test
_input
":
 "
学员
上一
节课
已完成
讲
错
题
但
当前
节课
未
完成
",
   
 "
expected
_result
":
 "
操作
列
中
查看
讲
错
题
讲
知识点
按钮
根据
当前
节课
的
讲
错
题
完成
状态
显示
为
置
灰
不可
点击
，
而非
根据
历史
课程
状态
显示
为
可
点击
，
按钮
状态
以
当前
节课
为准
",
   
 "
priority
":
 "
P
1
"
 
 },
 
 {
   
 "
id
":
 "
TC
-
128
",
   
 "
description
":
 "
验证
督导
端
学员
讲
错
题
状态
数据
获取
异常
时
按钮
不
展示
避免
误导
操作
",
   
 "
test
_module
":
 "
督导
端
-
操作
按钮
状态
",
   
 "
pre
conditions
":
 ["
督导
已
登录
督导
端
",
 "
某
学员
的
讲
错
题
完成
状态
数据
因
网络
或
服务
异常
无法
获取
"],
   
 "
steps
":
 ["
1
.
 督
导
打开
学员
信息
列表
",
 "
2
.
 找
到
讲
错
题
状态
数据
获取
异常
的
学员
行
",
 "
3
.
 观
察
操作
列
中
查看
讲
错
题
讲
知识点
按钮
的
展示
状态
",
 "
4
.
 验
证
按钮
是否
避免
展示
为
可
点击
状态
以防
误导
"],
   
 "
test
_input
":
 "
学员
讲
错
题
完成
状态
数据
获取
失败
（
网络
异常
或
服务
端
错误
）
",
   
 "
expected
_result
":
 "
当
学员
讲
错
题
状态
数据
无法
获取
时
，
查看
讲
错
题
讲
知识点
按钮
不
展示
或
置
灰
，
避免
在
数据
不确定
的情况下
展示
为
可
点击
状态
导致
督导
误
操作
，
页面
可
显示
加载
异常
提示
待
确认
",
   
 "
priority
":
 "
P
1
"
 
 },
 
 {
   
 "
id
":
 "
TC
-
129
",
   
 "
description
":
 "
验证
督导
端
科目
筛选
切换
后
学员
列表
中
各
学员
按钮
状态
正确
渲染
",
   
 "
test
_module
":
 "
督导
端
-
操作
按钮
状态
",
   
 "
pre
conditions
":
 ["
督导
已
登录
督导
端
",
 "
系统中
存在
多个
科
目的
学员
数据
",
 "
不同
科目
下
学员
讲
错
题
完成
状态
不同
"],
   
 "
steps
":
 ["
1
.
 督
导
在
学员
信息
列表
中
观察
当前
科目
下
各
学员
的
按钮
状态
",
 "
2
.
 通过
科目
筛选
下拉
菜单
切换
至
另一
科目
",
 "
3
.
 观
察
切换
后
学员
列表
中
各
学员
的
查看
讲
错
题
讲
知识点
按钮
状态
",
 "
4
.
 验
证
按钮
状态
是否
与
对应
学员
的实际
讲
错
题
完成
状态
一致
",
 "
5
.
 对
比
切换
前后
按钮
状态
是否
正确
更新
而非
残留
旧
数据
"],
   
 "
test
_input
":
 "
从
数
学科
目
筛选
切换
至
物理
科目
筛选
",
   
 "
expected
_result
":
 "
科目
筛选
切换
后
学员
列表
刷新
，
各
学员
的
查看
讲
错
题
讲
知识点
按钮
状态
根据
新
科目
下的
实际
讲
错
题
完成
状态
正确
渲染
（
已完成
可
点击
、
未
完成
置
灰
、
没
做过
不
展示
），
不存在
切换
后
按钮
状态
残留
旧
科目
数据
的情况
",
   
 "
priority
":
 "
P
2
"
 
 }
]
```
@@STATUS@@:[multi-pass] Stage 3/3 review selection started...
@@STATUS@@:Full regression shortfall supplement started...
GEN_DIAG:{"kind": "persistence_gate", "passed": true, "gate_mode": "enforce", "blocked": false, "failure_code": "", "quality_would_block": false, "execution_plan_would_block": false, "quality_gate": {"passed": true, "failed_checks": [], "priority_final_null_count": 0, "invalid_priority_final_count": 0, "invalid_priority_final_case_ids": [], "non_assertable_expected_result_count": 0, "truncated_text_count": 0, "non_assertable_case_ids": [], "truncated_case_ids": [], "metrics": {"persistable_case_count": 85, "persistable_required_field_missing_count": 0, "persistable_priority_final_invalid_count": 0, "persistable_reasoning_leakage_count": 0, "final_count": 85, "min_acceptable_final": 85, "judge_rejected_count": 3, "final_scenario_duplicate_case_count": 0, "final_flow_misordered_count": 0, "reasoning_leak_count": 0, "role_mismatch_count": 0}, "persistable_required_field_missing_case_ids": [], "persistable_priority_final_invalid_case_ids": [], "persistable_reasoning_leakage_case_ids": []}, "execution_plan_validation": {"passed": true, "failure_code": "", "failure_reasons": [], "generation_mode": "full_functional_regression", "metrics": {"final_case_count": 85, "main_smoke_count": 10, "p0_count": 14, "state_field_coverage": 1.0, "workflow_id_missing_count": 0, "workflow_id_missing_rate": 0.0, "state_conflict_count": 0, "semantic_conflict_count": 0, "linear_executable": true, "workflow_blueprint_count": 0, "trusted_workflow_contract_count": 0, "untrusted_workflow_blueprint_count": 0, "workflow_contract_source_types": [], "workflow_blueprint_source": "current_generation_cases", "candidate_blueprint_without_contract_allowed": true, "main_chain_stage_kinds": ["entry", "commit", "commit", "commit", "downstream_visibility", "downstream_visibility", "downstream_visibility", "downstream_visibility", "downstream_visibility", "downstream_visibility"], "commit_step_count": 3, "downstream_or_completion_step_count": 6, "commit_downstream_completion_closed": true}, "state_conflicts": [], "semantic_conflicts": []}, "request_id": "cc620e25ff6b46b6a1c6636a616583fd", "project_id": 8}
GEN_DIAG:{"kind": "generation_persisted", "generation_id": 475, "project_id": 8, "request_id": "cc620e25ff6b46b6a1c6636a616583fd"}
GEN_DIAG:{"kind": "generation_mode", "mode": "full_functional_regression", "biz_keys": ["unknown"], "current_biz_key": "unknown", "multi_pass": true}
GEN_DIAG:{"kind": "generation_stage", "stage": "primary", "case_count": 125, "multi_pass": true, "generation_mode": "full_functional_regression"}
GEN_DIAG:{"kind": "generation_stage", "stage": "gap", "case_count": 13, "multi_pass": true, "generation_mode": "full_functional_regression"}
GEN_DIAG:{"kind": "generation_stage", "stage": "review", "case_count": 125, "multi_pass": true, "generation_mode": "full_functional_regression"}
GEN_DIAG:{"kind": "gen_diag", "mode": "stream", "doc_type": "requirement", "compress": false, "expected_count": 100, "generated_count": 85, "content_length": 11258, "kb_length": 9257, "model": "glm-5.1", "max_tokens": 10000, "multi_pass": true, "generation_mode": "full_functional_regression", "context_compression_ratio": 0.2839, "context_retained_chunk_count": 1, "context_relevance_distribution": {"sample_size": 1, "high_count": 1, "medium_count": 0, "low_count": 0, "high_ratio": 1.0, "medium_ratio": 0.0, "low_ratio": 0.0, "mean_score": 0.935, "min_score": 0.935, "max_score": 0.935}}
GEN_DIAG:{"kind": "generation_context_compression", "context_source": "snapshot+rag", "input_chars": 5635, "output_chars": 1600, "compression_ratio": 0.2839, "compression_rate": 0.7161, "input_chunk_count": 10, "retained_chunk_count": 1, "chunk_retention_ratio": 0.1, "relevance_distribution": {"sample_size": 1, "high_count": 1, "medium_count": 0, "low_count": 0, "high_ratio": 1.0, "medium_ratio": 0.0, "low_ratio": 0.0, "mean_score": 0.935, "min_score": 0.935, "max_score": 0.935}, "snapshot_id": "31", "corpus_hash": "d36dee1b4224213b5134c6fa81ace75b008fedd5851af891c2dc8bd871ffef25", "retrieval_hash": "2278ce539fcd24ad", "multi_pass": true, "generation_mode": "full_functional_regression", "request_id": "cc620e25ff6b46b6a1c6636a616583fd"}
GEN_DIAG:{"kind": "generation_convergence", "suggested_count": 100, "final_count": 85, "reference_gap": 15, "converged": false, "duplication_rate_estimate": 0.32, "primary_count": 125, "gap_count": 13, "review_count": 125, "candidate_count_before_review": 138, "review_selected_count": 125, "post_review_dedup_drop": 40, "judge_reject_count": 3, "judge_pending_count": 2, "judge_pass_count": 120, "final_input_count": 120, "final_output_count": 85, "final_non_judge_drop_count": 35, "scenario_duplicate_pruned_count": 0, "post_review_dedup_reorder_drop_count": 35, "final_description_dedup_drop_count": 0, "total_dedup_drop_count": 40, "gap_attempts": 3, "gap_remaining_after_attempts": 6, "missing_rules_count": 5, "missing_types_exists": true, "low_quality_dropped_count": 4, "low_quality_dropped_examples": [{"stage": "post_judge_quality_filter", "reason": "non_assertable_expected_result", "case_id": "TC-050", "test_module": "界面展示与导航", "priority": "P2", "description": "验证打印按钮点击后弹窗选择打印内容", "expected_result": "弹出打印内容选择弹窗，提供可选择的打印内容选项"}, {"stage": "post_judge_quality_filter", "reason": "non_assertable_expected_result", "case_id": "TC-061", "test_module": "界面展示", "priority": "P2", "description": "验证点击打印按钮弹出打印内容选择弹窗", "expected_result": "弹出打印内容选择弹窗，提供可选择的打印范围或项目选项，非直接触发打印"}, {"stage": "post_judge_quality_filter", "reason": "non_assertable_expected_result", "case_id": "TC-099", "test_module": "督导端数据展示", "priority": "P2", "description": "验证督导端学员列表课程列正确展示标准化、同步体系课等类型", "expected_result": "课程列准确显示学员当前学习的课程类型标签（如标准化、同步体系课），与后台分配的课程数据一致"}, {"stage": "post_judge_quality_filter", "reason": "non_assertable_expected_result", "case_id": "TC-100", "test_module": "督导端数据展示", "priority": "P2", "description": "验证督导端学员未定教材时近期学习计划列不展示内容", "expected_result": "该学员的近期学习计划列为空白，不展示任何课程章节内容或提示文字"}], "postprocess_filter_drop_total": 4, "semantic_dedup_dropped_count": 0, "governance_hard_drop_count": 0, "duplicate_pruned_count": 40, "invalid_pruned_count": 4, "quality_rejected_count": 7, "review_selector_pruned_count": 0, "valid_unique_candidate_count": 138, "expected_count": 100, "expected_count_explicit": true, "recommended_min": 80, "recommended_max": 120, "target_final_count": 100, "soft_min_count": 80, "hard_min_count": 85, "min_acceptable_final": 85, "target_satisfaction_ratio": 0.85, "underfilled": false, "underfill_level": "", "underfill_reason": "", "underfill_root_cause": "", "append_target_count": 0, "append_final_cap_count": 0, "append_cap_drop_count": 0, "flow_governance": {"applied": true, "reason": "", "scenario_policy_registry_version": 1, "scenario_policy_registered_count": 93, "scenario_policy_candidate_count": 0, "scenario_policy_pending_candidate_count": 0, "domain_policy_registered_count": 4, "scenario_policy_domains": {"ai_wrong_question_teaching": 10, "recent_course_scheduling": 7, "essay_writing": 23, "course_access": 2, "general": 51}, "scenario_policy_sources": {"manual_seed": 1, "registry": 16, "legacy_duplicate_policy": 19, "legacy_coverage_pattern": 28, "legacy_judge_duplicate_policy": 29}, "scenario_policy_documents": ["讲错题接入AI.pdf"], "flow_reordered": false, "flow_order": ["stage:讲错题", "stage:界面展示", "stage:交互", "stage:评分", "stage:核心", "stage:督导端", "stage:费曼学习法", "stage:使用引导", "stage:入口与导航", "stage:ai提问逻辑", "stage:评分结果展示", "stage:交互操作", "stage:界面展示与导航", "stage:ai提问展示", "stage:督导端交互", "stage:督导端界面", "stage:督导端数据", "stage:状态流转"], "cross_cutting_order": ["stage:评分特殊规则", "stage:费曼学习法交互规则"], "scenario_duplicate_pruned_count": 0, "scenario_duplicate_pruned_indices": [], "scenario_cap_policy": {}, "scenario_duplicate_cluster_count": 20, "flow_misordered_count_before": 4, "missing_flow_stage_count": 0, "registry_impact": {"registry_version": 1, "total_policies_available": 93, "candidate_policies_active": 0, "candidate_policies_pending": 0, "scenario_kinds_seen": {"": 1, "ai_answer_irrelevant_score_zero": 1, "feedback": 4, "ai_supervisor_detail_button_state": 17, "quiz_result_action_navigation": 4, "workflow_navigation": 6, "generation_trigger": 1, "statistics": 3, "title_format": 5, "sorting_limit": 4, "manual_correction": 1, "semantic": 11, "ai_completed_reentry_readonly": 11, "ai_score_popup_threshold": 3, "ai_teacher_score_conversion": 2, "filter_toggle": 2, "initial_popup": 1, "ai_recording_input_state": 2, "source_consistency": 4, "plan_step1_sorting": 2}, "policies_matched": [{"key": "ai_answer_irrelevant_score_zero", "domain": "ai_wrong_question_teaching", "source": "manual_seed", "specific": true, "default_cap": 1, "mode_cap": null, "cross_module": true, "judge_duplicate": true, "judge_threshold": {"score": 0.2, "overlap": 5}, "status": "active"}, {"key": "feedback", "domain": "general", "source": "legacy_coverage_pattern", "specific": false, "default_cap": 1, "mode_cap": null, "cross_module": false, "judge_duplicate": false, "judge_threshold": {"score": 0.2, "overlap": 5}, "status": "active"}, {"key": "ai_supervisor_detail_button_state", "domain": "ai_wrong_question_teaching", "source": "registry", "specific": true, "default_cap": 1, "mode_cap": null, "cross_module": true, "judge_duplicate": false, "judge_threshold": {"score": 0.2, "overlap": 5}, "status": "active"}, {"key": "quiz_result_action_navigation", "domain": "ai_wrong_question_teaching", "source": "registry", "specific": true, "default_cap": 2, "mode_cap": null, "cross_module": true, "judge_duplicate": false, "judge_threshold": {"score": 0.2, "overlap": 5}, "status": "active"}, {"key": "workflow_navigation", "domain": "general", "source": "legacy_coverage_pattern", "specific": false, "default_cap": 2, "mode_cap": null, "cross_module": false, "judge_duplicate": false, "judge_threshold": {"score": 0.2, "overlap": 5}, "status": "active"}, {"key": "generation_trigger", "domain": "general", "source": "legacy_coverage_pattern", "specific": false, "default_cap": 1, "mode_cap": null, "cross_module": false, "judge_duplicate": false, "judge_threshold": {"score": 0.2, "overlap": 5}, "status": "active"}, {"key": "statistics", "domain": "general", "source": "legacy_coverage_pattern", "specific": false, "default_cap": 2, "mode_cap": null, "cross_module": false, "judge_duplicate": false, "judge_threshold": {"score": 0.2, "overlap": 5}, "status": "active"}, {"key": "title_format", "domain": "general", "source": "legacy_coverage_pattern", "specific": false, "default_cap": 1, "mode_cap": null, "cross_module": false, "judge_duplicate": false, "judge_threshold": {"score": 0.2, "overlap": 5}, "status": "active"}, {"key": "sorting_limit", "domain": "general", "source": "legacy_coverage_pattern", "specific": false, "default_cap": 1, "mode_cap": null, "cross_module": false, "judge_duplicate": false, "judge_threshold": {"score": 0.2, "overlap": 5}, "status": "active"}, {"key": "manual_correction", "domain": "general", "source": "legacy_coverage_pattern", "specific": false, "default_cap": 2, "mode_cap": null, "cross_module": false, "judge_duplicate": false, "judge_threshold": {"score": 0.2, "overlap": 5}, "status": "active"}, {"key": "ai_completed_reentry_readonly", "domain": "ai_wrong_question_teaching", "source": "registry", "specific": true, "default_cap": 1, "mode_cap": null, "cross_module": true, "judge_duplicate": false, "judge_threshold": {"score": 0.2, "overlap": 5}, "status": "active"}, {"key": "ai_score_popup_threshold", "domain": "ai_wrong_question_teaching", "source": "registry", "specific": true, "default_cap": 2, "mode_cap": null, "cross_module": true, "judge_duplicate": false, "judge_threshold": {"score": 0.2, "overlap": 5}, "status": "active"}, {"key": "ai_teacher_score_conversion", "domain": "ai_wrong_question_teaching", "source": "registry", "specific": true, "default_cap": 2, "mode_cap": null, "cross_module": true, "judge_duplicate": false, "judge_threshold": {"score": 0.2, "overlap": 5}, "status": "active"}, {"key": "filter_toggle", "domain": "general", "source": "legacy_coverage_pattern", "specific": false, "default_cap": 1, "mode_cap": null, "cross_module": false, "judge_duplicate": false, "judge_threshold": {"score": 0.2, "overlap": 5}, "status": "active"}, {"key": "initial_popup", "domain": "general", "source": "legacy_judge_duplicate_policy", "specific": false, "default_cap": 1, "mode_cap": null, "cross_module": false, "judge_duplicate": true, "judge_threshold": {"score": 0.2, "overlap": 5}, "status": "active"}, {"key": "ai_recording_input_state", "domain": "ai_wrong_question_teaching", "source": "registry", "specific": true, "default_cap": 2, "mode_cap": null, "cross_module": true, "judge_duplicate": false, "judge_threshold": {"score": 0.2, "overlap": 5}, "status": "active"}, {"key": "source_consistency", "domain": "general", "source": "legacy_coverage_pattern", "specific": false, "default_cap": 1, "mode_cap": null, "cross_module": false, "judge_duplicate": false, "judge_threshold": {"score": 0.2, "overlap": 5}, "status": "active"}, {"key": "plan_step1_sorting", "domain": "general", "source": "legacy_judge_duplicate_policy", "specific": false, "default_cap": 1, "mode_cap": null, "cross_module": false, "judge_duplicate": true, "judge_threshold": {"score": 0.2, "overlap": 5}, "status": "active"}], "caps_applied": {"ai_answer_irrelevant_score_zero": 1, "feedback": 1, "ai_supervisor_detail_button_state": 1, "quiz_result_action_navigation": 2, "workflow_navigation": 2, "generation_trigger": 1, "statistics": 2, "title_format": 1, "sorting_limit": 1, "manual_correction": 2, "ai_completed_reentry_readonly": 1, "ai_score_popup_threshold": 2, "ai_teacher_score_conversion": 2, "filter_toggle": 1, "initial_popup": 1, "ai_recording_input_state": 2, "source_consistency": 1, "plan_step1_sorting": 1}, "judge_thresholds_used": {}, "cross_module_policies_in_effect": ["ai_answer_irrelevant_score_zero", "ai_completed_reentry_readonly", "ai_direct_answer_guard", "ai_print_dialog", "ai_recording_input_state", "ai_score_popup_threshold", "ai_short_answer_score_boundary", "ai_supervisor_detail_button_state", "ai_teacher_score_conversion", "delete_restore_unsubmitted", "essay_empty_state", "essay_submission_success_state", "featured_sorting", "free_first_lesson", "my_essay_limit", "nonlinear_course_unlock", "pdf_download_content", "quiz_result_action_navigation", "schedule_analytics_event", "schedule_auto_course_selection", "schedule_fast_forward_answer_control", "schedule_lesson_time_shift", "schedule_plan_edit_lifecycle", "schedule_task_card_display", "schedule_week_progress_empty", "secret_overlay"]}, "relaxed_for_floor_backfill": true}, "needs_priority_review": false, "priority_conflict_count": 0, "priority_undetermined_count": 0, "priority_optional_count": 0, "reasons": ["coverage_gap_still_exists", "gap_attempt_limit_reached", "coverage_missing_rules", "coverage_missing_types", "dedup_reduced_count_stop", "no_backfill_after_dedup", "low_quality_filtered"], "generation_coverage_mode": "full_functional_regression", "generation_target_case_range": {"min": 80, "max": 120}, "multi_pass": true, "generation_mode": "full_functional_regression"}
GEN_DIAG:{"kind": "review_decision_summary", "candidate_total": 138, "retained_total": 85, "dropped_total": 53, "flow_order": ["stage:入口与导航", "stage:督导端详情展示", "stage:讲错题", "stage:界面展示", "stage:交互", "stage:评分", "stage:核心", "stage:督导端", "stage:费曼学习法", "stage:使用引导", "stage:评分结果展示", "stage:评分计算", "stage:评分维度边界", "stage:评分阈值", "stage:状态流转", "stage:ai提问逻辑", "stage:交互操作", "stage:督导端数据", "stage:界面展示与导航", "stage:ai提问展示", "stage:督导端数据展示", "stage:督导端交互", "stage:督导端界面"], "flow_labels": {"stage:讲错题": "讲错题", "stage:界面展示": "界面展示", "stage:交互": "交互", "stage:评分": "评分", "stage:核心": "核心", "stage:督导端": "督导端", "stage:费曼学习法": "费曼学习法", "stage:使用引导": "使用引导", "stage:评分结果展示": "评分结果展示", "stage:评分计算": "评分计算", "stage:评分维度边界": "评分维度边界", "stage:评分阈值": "评分阈值", "stage:状态流转": "状态流转", "stage:ai提问逻辑": "AI提问逻辑", "stage:交互操作": "交互操作", "stage:督导端详情展示": "督导端详情展示", "stage:督导端数据": "督导端数据", "stage:界面展示与导航": "界面展示与导航", "stage:入口与导航": "入口与导航", "stage:ai提问展示": "AI提问展示", "stage:督导端数据展示": "督导端数据展示", "stage:督导端交互": "督导端交互", "stage:督导端界面": "督导端界面"}, "flow_stage_breakdown": {"stage:督导端": 34, "stage:讲错题": 17, "stage:费曼学习法": 15, "stage:评分结果展示": 4, "stage:评分计算": 2, "stage:交互": 8, "stage:评分": 15, "stage:评分维度边界": 3, "stage:评分阈值": 2, "stage:核心": 1, "stage:状态流转": 2, "stage:ai提问逻辑": 11, "stage:使用引导": 2, "stage:交互操作": 2, "stage:督导端详情展示": 1, "stage:督导端数据": 1, "stage:界面展示与导航": 6, "stage:界面展示": 4, "stage:入口与导航": 2, "stage:ai提问展示": 1, "stage:督导端数据展示": 2, "stage:督导端交互": 2, "stage:督导端界面": 1}, "flow_missing_stages": [], "flow_missing_stage_count": 0, "flow_misordered_count": 104, "scenario_duplicate_cluster_count": 39, "scenario_duplicate_case_count": 130, "scenario_duplicate_clusters": [{"cluster_id": "SC-001", "scenario_key": "global:ai_completed_reentry_readonly", "group_type": "scenario", "size": 11, "first_case_id": "TC-128", "candidate_indices": [1, 2, 5, 8, 13, 25, 51, 62, 71, 84, 96]}, {"cluster_id": "SC-002", "scenario_key": "stage:督导端:intent:open:督导端_验证_证学:status", "group_type": "intent", "size": 4, "first_case_id": "TC-128", "candidate_indices": [1, 6, 8, 13]}, {"cluster_id": "SC-003", "scenario_key": "stage:督导端:intent:open:督导端_验证_证学:dialog", "group_type": "intent", "size": 3, "first_case_id": "TC-126", "candidate_indices": [2, 7, 9]}, {"cluster_id": "SC-004", "scenario_key": "global:ai_supervisor_detail_button_state", "group_type": "scenario", "size": 29, "first_case_id": "TC-127", "candidate_indices": [3, 4, 6, 7, 9, 12, 15, 16, 23, 39, 43, 47, 48, 50, 61, 68, 69, 73, 74, 75, 81, 87, 94, 100, 102, 106, 113, 116, 119]}, {"cluster_id": "SC-005", "scenario_key": "stage:督导端:intent:open:督导端_验证_证督:dialog", "group_type": "intent", "size": 5, "first_case_id": "TC-120", "candidate_indices": [5, 12, 15, 16, 48]}, {"cluster_id": "SC-006", "scenario_key": "global:ai_answer_irrelevant_score_zero", "group_type": "scenario", "size": 6, "first_case_id": "TC-107", "candidate_indices": [11, 14, 20, 27, 29, 38]}, {"cluster_id": "SC-007", "scenario_key": "stage:讲错题:intent:open:讲错题_验证_证学:content", "group_type": "intent", "size": 3, "first_case_id": "TC-107", "candidate_indices": [11, 14, 72]}, {"cluster_id": "SC-008", "scenario_key": "stage:费曼学习法:intent:open:费曼_曼学_学习:content", "group_type": "intent", "size": 9, "first_case_id": "TC-064", "candidate_indices": [17, 22, 56, 85, 86, 91, 92, 101, 105]}, {"cluster_id": "SC-009", "scenario_key": "global:ai_score_popup_threshold", "group_type": "scenario", "size": 6, "first_case_id": "TC-072", "candidate_indices": [18, 19, 28, 32, 34, 35]}, {"cluster_id": "SC-010", "scenario_key": "stage:评分结果展示:intent:open:评分_分结_结果:content", "group_type": "intent", "size": 3, "first_case_id": "TC-072", "candidate_indices": [18, 44, 49]}, {"cluster_id": "SC-011", "scenario_key": "global:ai_teacher_score_conversion", "group_type": "scenario", "size": 3, "first_case_id": "TC-066", "candidate_indices": [22, 26, 40]}, {"cluster_id": "SC-012", "scenario_key": "stage:费曼学习法:intent:open:费曼_曼学_学习:toast", "group_type": "intent", "size": 2, "first_case_id": "TC-065", "candidate_indices": [24, 128]}, {"cluster_id": "SC-013", "scenario_key": "stage:评分:intent:observe:评分_验证_证综:content", "group_type": "intent", "size": 4, "first_case_id": "TC-021", "candidate_indices": [28, 42, 45, 46]}, {"cluster_id": "SC-014", "scenario_key": "stage:评分维度边界:intent:open:评分_分维_维度:content", "group_type": "intent", "size": 3, "first_case_id": "TC-055", "candidate_indices": [29, 30, 31]}, {"cluster_id": "SC-015", "scenario_key": "stage:评分维度边界:workflow_navigation:obj:评分_分维_维度", "group_type": "scenario", "size": 2, "first_case_id": "TC-056", "candidate_indices": [30, 31]}, {"cluster_id": "SC-016", "scenario_key": "stage:评分:intent:open:评分_验证_证学:content", "group_type": "intent", "size": 2, "first_case_id": "TC-034", "candidate_indices": [33, 38]}, {"cluster_id": "SC-017", "scenario_key": "stage:评分阈值:intent:open:评分阈值_验证_证综:toast", "group_type": "intent", "size": 2, "first_case_id": "TC-052", "candidate_indices": [34, 35]}, {"cluster_id": "SC-018", "scenario_key": "stage:评分:workflow_navigation:obj:评分_验证_证综", "group_type": "scenario", "size": 3, "first_case_id": "TC-089", "candidate_indices": [42, 45, 46]}, {"cluster_id": "SC-019", "scenario_key": "stage:评分结果展示:workflow_navigation:obj:评分_分结_结果", "group_type": "scenario", "size": 2, "first_case_id": "TC-058", "candidate_indices": [44, 49]}, {"cluster_id": "SC-020", "scenario_key": "stage:督导端:intent:open:督导端_验证_证督:status", "group_type": "intent", "size": 6, "first_case_id": "TC-029", "candidate_indices": [47, 71, 75, 96, 112, 113]}], "final_flow_stage_breakdown": {"stage:讲错题": 7, "stage:界面展示": 1, "stage:交互": 6, "stage:评分": 6, "stage:核心": 1, "stage:督导端": 23, "stage:费曼学习法": 6, "stage:使用引导": 2, "stage:ai提问逻辑": 10, "stage:状态流转": 2, "stage:督导端数据": 1, "stage:督导端界面": 1, "stage:ai提问展示": 1, "stage:交互操作": 1, "stage:界面展示与导航": 4, "stage:评分结果展示": 1, "stage:入口与导航": 1, "stage:督导端交互": 1}, "final_flow_missing_stages": [], "final_flow_missing_stage_count": 0, "final_flow_misordered_count": 0, "final_scenario_duplicate_cluster_count": 0, "final_scenario_duplicate_case_count": 0, "final_scenario_duplicate_clusters": [], "final_scenario_duplicate_raw_cluster_count": 20, "final_scenario_duplicate_raw_case_count": 55, "final_reasoning_leakage_case_count": 0, "final_order_flow_governance": {"applied": true, "reason": "", "scenario_policy_registry_version": 1, "scenario_policy_registered_count": 93, "scenario_policy_candidate_count": 0, "scenario_policy_pending_candidate_count": 0, "domain_policy_registered_count": 4, "scenario_policy_domains": {"ai_wrong_question_teaching": 10, "recent_course_scheduling": 7, "essay_writing": 23, "course_access": 2, "general": 51}, "scenario_policy_sources": {"manual_seed": 1, "registry": 16, "legacy_duplicate_policy": 19, "legacy_coverage_pattern": 28, "legacy_judge_duplicate_policy": 29}, "scenario_policy_documents": ["讲错题接入AI.pdf"], "flow_reordered": true, "flow_order": ["stage:讲错题", "stage:界面展示", "stage:交互", "stage:评分", "stage:核心", "stage:督导端", "stage:费曼学习法", "stage:使用引导", "stage:ai提问逻辑", "stage:状态流转", "stage:督导端数据", "stage:督导端界面", "stage:ai提问展示", "stage:交互操作", "stage:界面展示与导航", "stage:评分结果展示", "stage:入口与导航", "stage:督导端交互"], "cross_cutting_order": ["stage:评分特殊规则", "stage:费曼学习法交互规则"], "scenario_duplicate_pruned_count": 0, "scenario_duplicate_pruned_indices": [], "scenario_cap_policy": {}, "scenario_duplicate_cluster_count": 16, "flow_misordered_count_before": 0, "missing_flow_stage_count": 0, "registry_impact": {"registry_version": 1, "total_policies_available": 93, "candidate_policies_active": 0, "candidate_policies_pending": 0, "scenario_kinds_seen": {"": 1, "feedback": 4, "ai_supervisor_detail_button_state": 15, "workflow_navigation": 6, "semantic": 9, "title_format": 3, "plan_step1_sorting": 2, "ai_completed_reentry_readonly": 11, "ai_teacher_score_conversion": 2, "sorting_limit": 4, "source_consistency": 5, "statistics": 3, "generation_trigger": 1, "quiz_result_action_navigation": 2, "ai_recording_input_state": 2, "manual_correction": 1, "initial_popup": 1, "ai_score_popup_threshold": 2, "filter_toggle": 1}, "policies_matched": [{"key": "feedback", "domain": "general", "source": "legacy_coverage_pattern", "specific": false, "default_cap": 1, "mode_cap": null, "cross_module": false, "judge_duplicate": false, "judge_threshold": {"score": 0.2, "overlap": 5}, "status": "active"}, {"key": "ai_supervisor_detail_button_state", "domain": "ai_wrong_question_teaching", "source": "registry", "specific": true, "default_cap": 1, "mode_cap": null, "cross_module": true, "judge_duplicate": false, "judge_threshold": {"score": 0.2, "overlap": 5}, "status": "active"}, {"key": "workflow_navigation", "domain": "general", "source": "legacy_coverage_pattern", "specific": false, "default_cap": 2, "mode_cap": null, "cross_module": false, "judge_duplicate": false, "judge_threshold": {"score": 0.2, "overlap": 5}, "status": "active"}, {"key": "title_format", "domain": "general", "source": "legacy_coverage_pattern", "specific": false, "default_cap": 1, "mode_cap": null, "cross_module": false, "judge_duplicate": false, "judge_threshold": {"score": 0.2, "overlap": 5}, "status": "active"}, {"key": "plan_step1_sorting", "domain": "general", "source": "legacy_judge_duplicate_policy", "specific": false, "default_cap": 1, "mode_cap": null, "cross_module": false, "judge_duplicate": true, "judge_threshold": {"score": 0.2, "overlap": 5}, "status": "active"}, {"key": "ai_completed_reentry_readonly", "domain": "ai_wrong_question_teaching", "source": "registry", "specific": true, "default_cap": 1, "mode_cap": null, "cross_module": true, "judge_duplicate": false, "judge_threshold": {"score": 0.2, "overlap": 5}, "status": "active"}, {"key": "ai_teacher_score_conversion", "domain": "ai_wrong_question_teaching", "source": "registry", "specific": true, "default_cap": 2, "mode_cap": null, "cross_module": true, "judge_duplicate": false, "judge_threshold": {"score": 0.2, "overlap": 5}, "status": "active"}, {"key": "sorting_limit", "domain": "general", "source": "legacy_coverage_pattern", "specific": false, "default_cap": 1, "mode_cap": null, "cross_module": false, "judge_duplicate": false, "judge_threshold": {"score": 0.2, "overlap": 5}, "status": "active"}, {"key": "source_consistency", "domain": "general", "source": "legacy_coverage_pattern", "specific": false, "default_cap": 1, "mode_cap": null, "cross_module": false, "judge_duplicate": false, "judge_threshold": {"score": 0.2, "overlap": 5}, "status": "active"}, {"key": "statistics", "domain": "general", "source": "legacy_coverage_pattern", "specific": false, "default_cap": 2, "mode_cap": null, "cross_module": false, "judge_duplicate": false, "judge_threshold": {"score": 0.2, "overlap": 5}, "status": "active"}, {"key": "generation_trigger", "domain": "general", "source": "legacy_coverage_pattern", "specific": false, "default_cap": 1, "mode_cap": null, "cross_module": false, "judge_duplicate": false, "judge_threshold": {"score": 0.2, "overlap": 5}, "status": "active"}, {"key": "quiz_result_action_navigation", "domain": "ai_wrong_question_teaching", "source": "registry", "specific": true, "default_cap": 2, "mode_cap": null, "cross_module": true, "judge_duplicate": false, "judge_threshold": {"score": 0.2, "overlap": 5}, "status": "active"}, {"key": "ai_recording_input_state", "domain": "ai_wrong_question_teaching", "source": "registry", "specific": true, "default_cap": 2, "mode_cap": null, "cross_module": true, "judge_duplicate": false, "judge_threshold": {"score": 0.2, "overlap": 5}, "status": "active"}, {"key": "manual_correction", "domain": "general", "source": "legacy_coverage_pattern", "specific": false, "default_cap": 2, "mode_cap": null, "cross_module": false, "judge_duplicate": false, "judge_threshold": {"score": 0.2, "overlap": 5}, "status": "active"}, {"key": "initial_popup", "domain": "general", "source": "legacy_judge_duplicate_policy", "specific": false, "default_cap": 1, "mode_cap": null, "cross_module": false, "judge_duplicate": true, "judge_threshold": {"score": 0.2, "overlap": 5}, "status": "active"}, {"key": "ai_score_popup_threshold", "domain": "ai_wrong_question_teaching", "source": "registry", "specific": true, "default_cap": 2, "mode_cap": null, "cross_module": true, "judge_duplicate": false, "judge_threshold": {"score": 0.2, "overlap": 5}, "status": "active"}, {"key": "filter_toggle", "domain": "general", "source": "legacy_coverage_pattern", "specific": false, "default_cap": 1, "mode_cap": null, "cross_module": false, "judge_duplicate": false, "judge_threshold": {"score": 0.2, "overlap": 5}, "status": "active"}], "caps_applied": {"feedback": 1, "ai_supervisor_detail_button_state": 1, "workflow_navigation": 2, "title_format": 1, "plan_step1_sorting": 1, "ai_completed_reentry_readonly": 1, "ai_teacher_score_conversion": 2, "sorting_limit": 1, "source_consistency": 1, "statistics": 2, "generation_trigger": 1, "quiz_result_action_navigation": 2, "ai_recording_input_state": 2, "manual_correction": 2, "initial_popup": 1, "ai_score_popup_threshold": 2, "filter_toggle": 1}, "judge_thresholds_used": {}, "cross_module_policies_in_effect": ["ai_answer_irrelevant_score_zero", "ai_completed_reentry_readonly", "ai_direct_answer_guard", "ai_print_dialog", "ai_recording_input_state", "ai_score_popup_threshold", "ai_short_answer_score_boundary", "ai_supervisor_detail_button_state", "ai_teacher_score_conversion", "delete_restore_unsubmitted", "essay_empty_state", "essay_submission_success_state", "featured_sorting", "free_first_lesson", "my_essay_limit", "nonlinear_course_unlock", "pdf_download_content", "quiz_result_action_navigation", "schedule_analytics_event", "schedule_auto_course_selection", "schedule_fast_forward_answer_control", "schedule_lesson_time_shift", "schedule_plan_edit_lifecycle", "schedule_task_card_display", "schedule_week_progress_empty", "secret_overlay"]}}, "fact_profile_source": "requirement_semantics", "fact_profile_confidence": 0.0, "fact_profile_confirmed_count": 8, "fact_profile_forbidden_count": 0, "fact_profile_pending_count": 0, "project_profile_source": "document_extracted", "project_profile_confidence": 0.0, "flow_governance_applied": true, "flow_reordered": false, "flow_governance_reason": "", "scenario_duplicate_pruned_count": 0, "scenario_duplicate_pruned_indices": [], "execution_plan": {"applied": true, "coverage_mode": "full_functional_regression", "workflow_blueprint_count": 0, "trusted_workflow_contract_count": 0, "plan_workflow_blueprint_count": 1, "workflow_blueprint_source": "current_generation_cases", "linear_executable": true, "linear_scope": "main_smoke_chain_only", "main_chain_case_count": 10, "main_chain_stage_order": ["derived_step_001", "derived_step_002", "derived_step_003", "derived_step_004", "derived_step_005", "derived_step_006", "derived_step_007", "derived_step_008", "derived_step_009", "derived_step_010"], "main_chain_stage_kinds": ["entry", "commit", "commit", "commit", "downstream_visibility", "downstream_visibility", "downstream_visibility", "downstream_visibility", "downstream_visibility", "downstream_visibility"], "main_chain_incomplete_reason": "", "derived_workflow_debug": {"candidate_total": 85, "action_state_candidate_count": 20, "primary_candidate_count": 19, "fallback_candidate_count": 1, "selected_candidate_count": 10, "closure_reason": ""}, "main_chain_excluded_candidates": [{"case_id": "TC-002", "description": "验证4轮交互后学员仍未理解时系统简化至单个核心对比问题确保5轮闭环", "stage_key": "", "reason": "blocking_negative"}, {"case_id": "TC-003", "description": "验证学员重复提出已澄清疑问时系统识别重复并引导至未理清逻辑链", "stage_key": "", "reason": "blocking_negative"}, {"case_id": "TC-004", "description": "验证学员提问缺少个人判断理由时系统触发二次引导要求补充理由", "stage_key": "", "reason": "blocking_negative"}, {"case_id": "TC-006", "description": "验证引导流程进行中左侧导航栏始终高亮第五步讲知识错题", "stage_key": "", "reason": "resume_state_case_in_main_smoke"}, {"case_id": "TC-007", "description": "验证点击'好的，接受挑战'按钮后引导对话框切换为题目互动规则说明", "stage_key": "", "reason": "stage_text_lacks_downstream_propagation"}, {"case_id": "TC-008", "description": "验证AI追问确认错误表象时提问包含错误结果与正确答案差异的具体定位", "stage_key": "", "reason": "blocking_negative"}, {"case_id": "TC-009", "description": "验证学员做了全对时AI随机抽取任意两道题目进行追问", "stage_key": "", "reason": "stage_text_lacks_downstream_propagation"}, {"case_id": "TC-012", "description": "验证题目标记清晰标识当前正在讲解的具体题目编号和内容", "stage_key": "", "reason": "stage_text_lacks_downstream_propagation"}, {"case_id": "TC-014", "description": "验证学员进入页面后AI自动展示一道问题", "stage_key": "", "reason": "stage_text_lacks_downstream_propagation"}, {"case_id": "TC-017", "description": "验证已完成评分时不可重复打分", "stage_key": "", "reason": "reset_or_abort_case_in_main_smoke"}, {"case_id": "TC-018", "description": "验证重复进入页面保留对话内容，未完成可继续", "stage_key": "", "reason": "reset_or_abort_case_in_main_smoke"}, {"case_id": "TC-022", "description": "验证综合评分8分以下时页面提示太遗憾了并显示联系督导和去日清按钮", "stage_key": "", "reason": "conditional_visibility_case_in_main_smoke"}, {"case_id": "TC-025", "description": "验证AI评分中纠错有效性扣分：学员后续提问中因教师解释不清再次出现概念错误时每次扣5分", "stage_key": "", "reason": "blocking_negative"}, {"case_id": "TC-027", "description": "验证点击重新讲按钮后重新出题且题目与上次不同", "stage_key": "", "reason": "stage_text_lacks_downstream_propagation"}, {"case_id": "TC-028", "description": "验证督导端查看讲错题按钮在学员未完成讲错题环节时置灰不可点击", "stage_key": "", "reason": "blocking_negative"}, {"case_id": "TC-029", "description": "验证学员讲错题综合评分未通过（低于8分）时查看讲错题讲知识点按钮仍为可点击状态而非置灰", "stage_key": "", "reason": "blocking_negative"}, {"case_id": "TC-030", "description": "验证学生在督导查看列表期间完成讲错题评分后按钮状态实时从置灰变为可点击", "stage_key": "", "reason": "blocking_negative"}, {"case_id": "TC-031", "description": "验证督导端学员已完成讲错题环节时操作列展示可点击的查看讲错题讲知识点按钮", "stage_key": "", "reason": "blocking_negative"}, {"case_id": "TC-032", "description": "验证同一学员不同课程讲错题状态下按钮仅反映当前展示课程的讲错题完成状态", "stage_key": "", "reason": "blocking_negative"}, {"case_id": "TC-033", "description": "验证学员在督导查看列表期间完成讲错题时按钮状态实时从置灰更新为可点击", "stage_key": "", "reason": "blocking_negative"}, {"case_id": "TC-034", "description": "验证学生点击重新讲按钮后督导端按钮状态从可点击变回置灰", "stage_key": "", "reason": "blocking_negative"}, {"case_id": "TC-035", "description": "验证查看讲错题讲知识点按钮状态不影响操作列中编辑课后报告按钮的可用性", "stage_key": "", "reason": "blocking_negative"}, {"case_id": "TC-036", "description": "验证AI评分过程异常中断（未给出最终评分）时查看讲错题讲知识点按钮保持置灰不可点击状态", "stage_key": "", "reason": "blocking_negative"}, {"case_id": "TC-037", "description": "验证学生讲错题数据异常（评分已保存但对话记录缺失）时督导端按钮状态及点击行为", "stage_key": "", "reason": "blocking_negative"}, {"case_id": "TC-038", "description": "验证督导端科目筛选切换后学员列表中各学员按钮状态正确渲染", "stage_key": "", "reason": "blocking_negative"}, {"case_id": "TC-039", "description": "验证学员已完成上一节课讲错题但当前节课未完成讲错题时按钮显示为置灰状态", "stage_key": "", "reason": "blocking_negative"}, {"case_id": "TC-040", "description": "验证学员上一节课已完成讲错题但本节课未完成时查看讲错题讲知识点按钮以当前节课状态为准置灰不可点击", "stage_key": "", "reason": "blocking_negative"}, {"case_id": "TC-041", "description": "验证督导端科目筛选下拉菜单可选择现有全部科目筛选对应学员列表", "stage_key": "", "reason": "stage_text_lacks_downstream_propagation"}, {"case_id": "TC-042", "description": "验证督导端学员列表中查看讲错题讲知识点按钮的三种状态", "stage_key": "", "reason": "blocking_negative"}, {"case_id": "TC-043", "description": "验证督导端学员状态分为完成和未完成，完成标记为学员点击了完成", "stage_key": "", "reason": "display_only"}, {"case_id": "TC-044", "description": "验证督导端学员信息列表展示学员姓名、学习进度、状态、最近学习时间等列", "stage_key": "", "reason": "stage_text_lacks_downstream_propagation"}, {"case_id": "TC-047", "description": "验证督导端讲错题通过提醒点击后自动消失", "stage_key": "", "reason": "stage_text_lacks_downstream_propagation"}, {"case_id": "TC-048", "description": "验证督导端讲错题未通过提醒点击后自动消失", "stage_key": "", "reason": "stage_text_lacks_downstream_propagation"}, {"case_id": "TC-049", "description": "验证督导查看讲错题详情时正确显示通过/未通过标识", "stage_key": "", "reason": "display_only"}, {"case_id": "TC-050", "description": "验证督导端查看讲错题详情弹窗右上角有关闭按钮", "stage_key": "", "reason": "display_only"}, {"case_id": "TC-051", "description": "验证AI提问内容不出现公式、LaTeX格式和Markdown格式", "stage_key": "", "reason": "stage_text_lacks_downstream_propagation"}, {"case_id": "TC-052", "description": "验证4轮后学员仍未理解时简化交互至1个核心对比确保5轮内完成", "stage_key": "", "reason": "blocking_negative"}, {"case_id": "TC-053", "description": "验证学员提问无个人理由时系统进行二次引导", "stage_key": "", "reason": "blocking_negative"}, {"case_id": "TC-054", "description": "验证使用引导步骤1：费曼学习法互动启动引导弹窗展示", "stage_key": "", "reason": "stage_text_lacks_downstream_propagation"}, {"case_id": "TC-055", "description": "验证使用引导步骤2-4依次展示并点击知道了进入下一步", "stage_key": "", "reason": "resume_state_case_in_main_smoke"}, {"case_id": "TC-058", "description": "验证学员一道题都没做时页面展示淡白色文案提示", "stage_key": "", "reason": "blocking_negative"}, {"case_id": "TC-059", "description": "验证本讲无错题时AI抽取回答正确的题目进行提问", "stage_key": "", "reason": "stage_text_lacks_downstream_propagation"}, {"case_id": "TC-060", "description": "验证AI提问内容关联学员日常可感知的具象事物避免纯理论表述", "stage_key": "", "reason": "non_advancing_transition"}, {"case_id": "TC-061", "description": "验证本讲仅有1道错题时AI仅抽取该1道错题进行提问", "stage_key": "", "reason": "stage_text_lacks_downstream_propagation"}, {"case_id": "TC-062", "description": "验证一道题没做时给出淡白色文案提示", "stage_key": "", "reason": "stage_text_lacks_downstream_propagation"}, {"case_id": "TC-064", "description": "验证AI提问题目优先从本讲错题中抽取", "stage_key": "", "reason": "reset_or_abort_case_in_main_smoke"}, {"case_id": "TC-067", "description": "验证AI追问遵循确认错误表象、拆解知识链条、暴露思维路径等追问方向", "stage_key": "", "reason": "blocking_negative"}, {"case_id": "TC-068", "description": "验证综合评分9.0-10.0分时显示太厉害啦鼓励文案", "stage_key": "", "reason": "display_only"}, {"case_id": "TC-070", "description": "验证学员录音回答后点击完成按钮结束当前回答并触发AI下一轮交互", "stage_key": "", "reason": "resume_state_case_in_main_smoke"}, {"case_id": "TC-072", "description": "验证返回按钮能正确返回上一级页面（从哪来回哪去）", "stage_key": "", "reason": "stage_text_lacks_downstream_propagation"}], "independent_case_count": 75, "isolation_case_count": 75, "role_switch_count": 0, "broken_dependency_count": 0, "state_conflict_count": 0, "state_conflicts": [], "selected_stage_state_conflicts": [], "semantic_conflict_count": 0, "semantic_conflicts": [], "execution_group_breakdown": {"boundary": 1, "display": 40, "exception": 7, "independent_functional": 27, "main_smoke": 10}, "generated_bridge_case_count": 0, "workflow_contract_materialized_case_count": 0, "group_setup": {"boundary": "seed_boundary_dataset()", "display": "seed_display_ready_dataset()", "exception": "enable_fault_injection_for_case()", "independent_functional": "seed_functional_dataset()", "main_smoke": "seed_workflow_blueprint_dataset()"}, "group_teardown": {"boundary": "delete_boundary_dataset()", "display": "delete_display_ready_dataset()", "exception": "disable_fault_injection()", "independent_functional": "cleanup_functional_dataset()", "main_smoke": "cleanup_workflow_blueprint_dataset()"}, "fixture_keys": ["boundary_dataset", "display_ready_dataset", "fault_injection_case", "independent_functional_dataset", "workflow_blueprint_chain_seed"]}, "linear_executable": true, "linear_scope": "main_smoke_chain_only", "main_chain_case_count": 10, "independent_case_count": 75, "isolation_case_count": 75, "broken_dependency_count": 0, "state_conflict_count": 0, "role_switch_count": 0, "priority_decision_state_breakdown": {"decided": 138, "conflict": 0, "undetermined": 0, "optional": 0, "invalid": 0}, "priority_final_breakdown": {"P0": 14, "P1": 89, "P2": 35, "null": 0}, "legacy_priority_breakdown": {"P0": 112, "P1": 16, "P2": 10, "UNKNOWN": 0}, "priority_conflict_count": 0, "priority_undetermined_count": 0, "priority_optional_count": 0, "priority_invalid_count": 0, "priority_quality_gate_failed": false, "invalid_case_count": 0, "reasoning_leakage_case_count": 0, "needs_priority_review": false, "review_llm_filter_applied": false, "review_input_size": 125, "review_output_size": 125, "review_target_min_count": 87, "review_target_max_count": 121, "review_shortfall_detected": false, "review_shortfall_before_count": 125, "review_shortfall_recovered_count": 0, "review_post_rerank_floor_count": 35, "review_post_rerank_recovered_count": 0, "final_target_floor_count": 85, "final_floor_recovery_attempted": true, "final_floor_recovery_applied": true, "final_floor_recovered_count": 37, "final_floor_recovery_reason": "recovered_after_confirmed_conflict_filter", "final_confirmed_conflict_drop_count": 0, "final_shortfall_supplement_attempted": true, "final_shortfall_supplement_applied": false, "final_shortfall_supplement_count": 0, "final_shortfall_supplement_reason": "supplement_empty_response", "review_fill_source": "none", "review_llm_selected_count": 0, "review_llm_runtime_debug": {"invoked": true, "pool_non_empty": true, "pool_size": 134, "primary_model": "glm-5.1", "primary_invalid_reason": "error_response", "primary_reason_incomplete": false, "primary_dropped_reason_count": 0, "primary_dropped_reason_payload_count": 0, "primary_reason_coverage_ratio": 0.0, "response_len": 177, "response_preview": "Error: HTTP 504 - <html>\r\n<head><title>504 Gateway Time-out</title></head>\r\n<body>\r\n<center><h1>504 Gateway Time-out</h1></center>\r\n<hr><center>stgw</center>\r\n</body>\r\n</html>\r\n", "primary_response_metadata": {"model": "glm-5.1", "wire_api": "chat_completions", "max_tokens": 10000, "http_status": 504, "url_path": "/chat/completions", "error_preview": "<html>\r\n<head><title>504 Gateway Time-out</title></head>\r\n<body>\r\n<center><h1>504 Gateway Time-out</h1></center>\r\n<hr><center>stgw</center>\r\n</body>\r\n</html>\r\n", "input_tokens_estimated": 14917, "output_tokens_estimated": 44, "token_estimate_method": "chars_div_4"}, "primary_compact_retry_invoked": false, "primary_compact_retry_model": "", "primary_compact_retry_invalid_reason": "", "primary_compact_retry_response_len": 0, "primary_compact_retry_response_metadata": {}, "retry_invoked": true, "retry_reason": "error_response", "retry_model": "", "retry_attempts": [{"model": "glm-5.1", "response_len": 177, "is_error": true, "invalid_reason": "error_response", "parsed_type": "dict", "mapped_count": 0, "dropped_reason_count": 0, "dropped_reason_payload_count": 0, "dropped_reason_unmapped_count": 0, "payload_has_selection_signal": false}, {"model": "kimi-k2.5", "response_len": 177, "is_error": true, "invalid_reason": "error_response", "parsed_type": "dict", "mapped_count": 0, "dropped_reason_count": 0, "dropped_reason_payload_count": 0, "dropped_reason_unmapped_count": 0, "payload_has_selection_signal": false}], "retry_response_len": 177, "retry_parse_success": false, "retry_mapped_count": 0, "retry_payload_has_selection_signal": false, "parsed_type": "dict", "parsed_len": 2, "mapped_count": 0, "mapped_signature_count": 0, "dropped_reason_count": 0, "dropped_reason_payload_count": 0, "dropped_reason_unmapped_count": 0, "payload_has_selection_signal": false, "final_selected_and_dropped_overlap_count": 0, "final_selected_and_dropped_overlap_case_ids": [], "final_payload_consistent": true, "reason_repair_invoked": false, "reason_repair_model": "", "reason_repair_candidate_count": 0, "reason_repair_response_len": 0, "reason_repair_mapped_count": 0, "reason_repair_invalid_reason": "", "reason_repair_response_metadata": {}, "final_source": "review_selector", "applied": false, "applied_reason": "error_response", "exception": "", "forced_reset_by_fallback": false, "fallback_reason_incomplete": false, "final_reason_incomplete": false, "final_reason_coverage_ratio": 1.0, "prompt_chars": 51450, "prompt_est_tokens": 12862, "candidate_count": 134, "append_target_count": 0, "append_final_cap_count": 0, "retry_dropped_reason_count": 0, "retry_dropped_reason_payload_count": 0, "retry_dropped_reason_unmapped_count": 0}, "review_constraint_selected_count": 0, "review_llm_drop_reason_breakdown": {}, "review_llm_drop_reason_raw_breakdown": {}, "review_llm_drop_reason_source_breakdown": {}, "fallback_reason_incomplete": false, "final_reason_incomplete": false, "final_reason_coverage_ratio": 1.0, "fallback_dropped_reason_count": 0, "fallback_dropped_reason_mapped_count": 0, "fallback_dropped_reason_unmapped_count": 0, "fallback_reason_coverage_ratio": 0.0, "llm_reason_coverage_ratio": 0.0, "deterministic_backfill_ratio": 0.0, "reason_source_breakdown": {"primary": 0, "fallback": 0, "backfill": 0}, "primary_reason_incomplete": false, "primary_dropped_reason_count": 0, "primary_dropped_reason_payload_count": 0, "primary_reason_coverage_ratio": 0.0, "fallback_with_positive_evidence_count": 0, "fallback_without_positive_evidence_count": 0, "review_llm_pool_count": 134, "candidate_by_pass": {"primary": 125, "gap": 13}, "must_keep_candidate_count": 4, "must_keep_retained_count": 4, "must_keep_dropped_count": 0, "drop_by_review_llm_count": 0, "drop_by_review_selector_count": 13, "drop_by_review_gate_count": 0, "drop_by_pre_gate_dedup_count": 0, "drop_by_post_review_dedup_count": 40, "drop_no_new_signal_count": 0, "drop_rule_cap_count": 0, "drop_ui_like_redundant_count": 0, "drop_ui_like_ratio_cap_count": 0, "drop_outside_target_window_count": 13, "drop_by_rerank_low_signal_count": 0, "dropped_model_priority_p0_p1_count": 46, "dropped_core_rule_hit_count": 0, "dropped_missing_rule_hit_count": 0, "dropped_high_signal_count": 38, "dropped_has_coverage_value_count": 29, "retained_due_to_coverage_value_count": 55, "must_cover_rule_hit_count": 0, "forbidden_pattern_violation_count": 0, "soft_constraint_hit_count": 0, "quality_hint_satisfied_count": 0, "drop_ui_like_ratio_postprocess_count": 0, "drop_final_description_duplicate_count": 0, "multi_pass": true, "generation_mode": "full_functional_regression", "request_id": "cc620e25ff6b46b6a1c6636a616583fd"}
GEN_DIAG:{"kind": "feedback_control_state", "control_state_applied": true, "generation_coverage_mode": "full_functional_regression", "generation_target_case_range": {"min": 80, "max": 120}, "fact_profile_source": "requirement_semantics", "fact_profile_confidence": 0.0, "fact_profile_confirmed_count": 8, "fact_profile_pending_count": 0, "fact_profile_forbidden_count": 0, "project_profile_source": "document_extracted", "project_profile_confidence": 0.0, "project_profile_flow_count": 15, "manual_quality_profile_source": "priority_sample_pool_manual_verified", "manual_quality_profile_version": "d7ad8a659c760415", "manual_quality_profile_trusted_count": 51, "manual_quality_profile_high_priority_ratio": 0.9375, "manual_quality_profile_display_ratio_cap": 0.45, "must_cover_rules_count": 0, "rule_quota_keys": [], "soft_constraints_count": 1, "quality_fix_hints_count": 14, "preferred_patterns_count": 0, "forbidden_patterns_count": 0, "source_meta": {"sources": ["priority_sample_pool_manual_profile", "anomaly_pool", "evaluation_report", "generation_coverage_profile", "fact_profile", "project_profile"], "priority_pool_sample_count": 93, "manual_quality_profile": {"kind": "manual_quality_profile", "profile_source": "priority_sample_pool_manual_verified", "profile_version": "d7ad8a659c760415", "sample_set_hash": "d7ad8a659c760415208704efa039ec49bbc0b20a8b1e9d6a814e8f2ec8538cc7", "locked": true, "project_id": 8, "user_id": 1, "active_sample_count": 93, "trusted_sample_count": 51, "profile_case_count": 32, "positive_sample_count": 32, "negative_sample_count": 19, "priority_distribution": {"P1": 28, "P0": 2}, "priority_ratios": {"P1": 0.875, "P0": 0.0625}, "high_priority_count": 30, "high_priority_ratio": 0.9375, "module_distribution_top": {}, "module_ratios_top": {}, "pattern_category_distribution": {"recall_gap_missing_business_coverage": 15, "quality_fix_hint": 10, "hallucination_or_redundant_case": 6, "core_flow_closure": 2, "critical_path_coverage": 1, "cross_page_flow": 1, "multi_step_interaction": 1}, "reason_category_distribution": {"recall_gap": 15, "quality_fix_hint": 10, "hallucination_or_redundant_case": 6, "redundant_case": 6, "core_flow": 3, "display_issue": 3, "exception_path": 1, "state_transition": 1}, "source_type_distribution": {"quality_evaluation_defect": 31, "priority_debug_manual_add": 20}, "execution_lifecycle_fields": [], "execution_lifecycle_field_count": 0, "execution_status_distribution": {}, "display_signal_count": 22, "display_signal_ratio": 0.4314, "display_ratio_cap": 0.45}, "manual_quality_profile_version": "d7ad8a659c760415", "manual_quality_profile_trusted_count": 51, "manual_quality_profile_case_count": 32, "manual_quality_profile_high_priority_ratio": 0.9375, "manual_quality_profile_display_ratio_cap": 0.45, "generation_id": null, "retrieval_query_used": true, "retrieval_top_k": 5, "retrieval_hit_count": 0, "retrieval_selected_count": 0, "retrieval_fallback": "domain_no_match", "retrieval_selected_weight_avg": 0.0, "retrieval_selected_quality_avg": 0.0, "retrieval_diversity_cluster_cap": 2, "retrieval_diversity_skipped_count": 0, "retrieval_lexical_fallback_used": false, "retrieval_active_sample_count": 73, "retrieval_disabled_sample_count": 0, "retrieval_low_confidence_sample_count": 20, "retrieval_min_pattern_confidence": 0.6, "retrieval_signal_quota_applied": false, "retrieval_signal_quota_relaxed": false, "retrieval_positive_min_quota": 2, "retrieval_negative_max_quota": 3, "retrieval_selected_positive_count": 0, "retrieval_selected_negative_count": 0, "retrieval_pool_positive_count": 66, "retrieval_pool_negative_count": 7, "retrieval_raw_positive_count": 0, "retrieval_raw_negative_count": 0, "retrieval_after_diversity_positive_count": 0, "retrieval_after_diversity_negative_count": 0, "retrieval_after_quota_merge_positive_count": 0, "retrieval_after_quota_merge_negative_count": 0, "retrieval_final_selected_positive_count": 0, "retrieval_final_selected_negative_count": 0, "retrieval_query_domain_tags": ["ai_wrong_question_teaching"], "retrieval_domain_filter_applied": true, "retrieval_domain_matched_sample_count": 0, "retrieval_domain_skipped_sample_count": 73, "retrieval_domain_no_match": true, "retrieval_sample_id_hit_count": 0, "retrieval_index_mismatch_count": 0, "retrieval_query_primary_domain": "ai_wrong_question_teaching", "workflow_blueprint_direct_candidate_count": 0, "workflow_blueprint_direct_selected_count": 0, "retrieval_index_resync_attempted": false, "retrieval_index_resync_success": false, "retrieval_index_resync_error": "", "sample_count": 0, "challenge_sample_count": 0, "regression_sample_count": 0, "rule_frequency": {}, "doc_count": 3, "doc_types": {"evaluation_report": 3}, "generation_coverage_profile": {"coverage_mode": "full_functional_regression", "case_density": "high", "target_case_range": {"min": 80, "max": 120}, "activation_evidence": {"expected_count": 100, "linked_final_case_count": 0, "full_regression_token_hit": false, "expanded_regression_token_hit": false, "standard_regression_token_hit": true}, "coverage_layers": ["入口与导航：覆盖入口展示、跳转、返回、空状态和旧入口残留。", "核心流程：按主业务流程拆分步骤级用例，不把多功能点合并为一条。", "状态矩阵：覆盖未开始、进行中、已完成、已下架、已删除、无数据等状态。", "配置与权限：覆盖开关配置、版本兼容、角色/端差异和不可操作状态。", "边界异常：覆盖数量不足、时间冲突、无数据、失败提示、不可删除/不可编辑等异常。", "跨模块回归：覆盖首页、详情页、管理页、历史记录、报告等关联页面的数据流转。"]}, "fact_profile": {"profile_version": "fact-profile-v1", "profile_source": "requirement_semantics", "confidence": 0, "confirmed_facts": ["ii.“返回”\u0001按钮⽤于返回上⼀级", "iii.打印”\u0001按钮弹窗选择打印内", "iv.“切换课程”\u0001按钮", "展⽰区。以对话框样式展⽰\u0001AI\u0001提出", "题中抽取，优先抽取错题，1-2道题", "⽬，错题不够可以讲回答正确的题", "钮吗？点击按钮再调⽤AI⽣成", "AI\u0001提问的题⽬在本讲错题中抽取，优先抽…"], "scoped_rules": [], "forbidden_facts": [], "pending_items": [], "reuse_declarations": [], "hard_flow_constraints": ["ii.“返回”\u0001按钮⽤于返回上⼀级", "题中抽取，优先抽取错题，1-2道题", "钮吗？点击按钮再调⽤AI⽣成", "AI\u0001提问的题⽬在本讲错题中抽取，优先抽…"], "reuse_risks": [], "source_priority": ["current_requirement", "rag_requirement", "supplement_boundary", "testcase_style_only", "historical_feedback"], "conflict_policy": "current_requirement_wins", "strategy_only": 0}, "project_profile": {"profile_version": "project-profile-v1", "profile_source": "document_extracted", "confidence": 0, "flow_outline": {"source": "requirement_keyword_positions", "flow_order": ["stage:确认错误表象_追问方向", "stage:课程信息区", "stage:ai提问提问", "stage:biz", "stage:原型", "stage:ai讲错题打分", "stage:界面展示", "stage:左侧设置垂直排列的学习步骤导航", "stage:标题_读取讲的名称", "stage:点击对话", "stage:ai_提问逻辑", "stage:一道题没做的逻辑补一下", "stage:题目来源", "stage:追问逻辑", "stage:做了全对"], "document_flow_order": ["stage:biz", "stage:原型", "stage:ai讲错题打分", "stage:界面展示", "stage:左侧设置垂直排列的学习步骤导航", "stage:课程信息区", "stage:标题_读取讲的名称", "stage:ai提问提问", "stage:点击对话", "stage:ai_提问逻辑", "stage:一道题没做的逻辑补一下", "stage:题目来源", "stage:追问逻辑", "stage:做了全对", "stage:确认错误表象_追问方向"], "flow_labels": {"stage:biz": "biz_key: unknown (当前业务)", "stage:原型": "原型", "stage:ai讲错题打分": "AI讲错题打分", "stage:界面展示": "界面展示", "stage:左侧设置垂直排列的学习步骤导航": "左侧设置垂直排列的学习步骤导航", "stage:课程信息区": "课程信息区", "stage:标题_读取讲的名称": "标题,读取讲的名称", "stage:ai提问提问": "AI提问提问:在课程信息区下方,", "stage:点击对话": "点击对话:点击开始录音", "stage:ai_提问逻辑": "AI 提问逻辑", "stage:一道题没做的逻辑补一下": "一道题没做的逻辑补一下", "stage:题目来源": "题目来源:AI 提问的题目在本讲错", "stage:追问逻辑": "追问逻辑", "stage:做了全对": "做了全对/一道没做 b.随机抽", "stage:确认错误表象_追问方向": "确认错误表象,追问方向:明"}, "flow_stage_positions": {"stage:biz": 2, "stage:原型": 5, "stage:ai讲错题打分": 6, "stage:界面展示": 13, "stage:左侧设置垂直排列的学习步骤导航": 14, "stage:课程信息区": 21, "stage:标题_读取讲的名称": 22, "stage:ai提问提问": 32, "stage:点击对话": 37, "stage:ai_提问逻辑": 38, "stage:一道题没做的逻辑补一下": 39, "stage:题目来源": 40, "stage:追问逻辑": 45, "stage:做了全对": 54, "stage:确认错误表象_追问方向": 58}, "cross_cutting": [], "cross_cutting_labels": {}, "data_flow_edges": [{"from": "stage:确认错误表象_追问方向", "to": "stage:课程信息区", "from_label": "确认错误表象,追问方向:明", "to_label": "课程信息区"}, {"from": "stage:课程信息区", "to": "stage:ai提问提问", "from_label": "课程信息区", "to_label": "AI提问提问:在课程信息区下方,"}, {"from": "stage:ai提问提问", "to": "stage:biz", "from_label": "AI提问提问:在课程信息区下方,", "to_label": "biz_key: unknown (当前业务)"}, {"from": "stage:biz", "to": "stage:原型", "from_label": "biz_key: unknown (当前业务)", "to_label": "原型"}, {"from": "stage:原型", "to": "stage:ai讲错题打分", "from_label": "原型", "to_label": "AI讲错题打分"}, {"from": "stage:ai讲错题打分", "to": "stage:界面展示", "from_label": "AI讲错题打分", "to_label": "界面展示"}, {"from": "stage:界面展示", "to": "stage:左侧设置垂直排列的学习步骤导航", "from_label": "界面展示", "to_label": "左侧设置垂直排列的学习步骤导航"}, {"from": "stage:左侧设置垂直排列的学习步骤导航", "to": "stage:标题_读取讲的名称", "from_label": "左侧设置垂直排列的学习步骤导航", "to_label": "标题,读取讲的名称"}, {"from": "stage:标题_读取讲的名称", "to": "stage:点击对话", "from_label": "标题,读取讲的名称", "to_label": "点击对话:点击开始录音"}, {"from": "stage:点击对话", "to": "stage:ai_提问逻辑", "from_label": "点击对话:点击开始录音", "to_label": "AI 提问逻辑"}, {"from": "stage:ai_提问逻辑", "to": "stage:一道题没做的逻辑补一下", "from_label": "AI 提问逻辑", "to_label": "一道题没做的逻辑补一下"}, {"from": "stage:一道题没做的逻辑补一下", "to": "stage:题目来源", "from_label": "一道题没做的逻辑补一下", "to_label": "题目来源:AI 提问的题目在本讲错"}, {"from": "stage:题目来源", "to": "stage:追问逻辑", "from_label": "题目来源:AI 提问的题目在本讲错", "to_label": "追问逻辑"}, {"from": "stage:追问逻辑", "to": "stage:做了全对", "from_label": "追问逻辑", "to_label": "做了全对/一道没做 b.随机抽"}], "data_flow_phase_rank": {"stage:确认错误表象_追问方向": "review_confirm", "stage:课程信息区": "learning_plan", "stage:ai提问提问": "learning_plan"}, "data_flow_order_applied": false}, "ordering_policy": "flow_first_then_cross_cutting", "scenario_cluster_policy": {"default_max_per_scenario": 2}, "profile_constraints": ["strategy_only_not_fact_source"], "strategy_only": 1}}, "request_id": "cc620e25ff6b46b6a1c6636a616583fd"}
GEN_DIAG:{"kind": "judge_summary", "pass_count": 120, "repairable_count": 1, "raw_repairable_count": 1, "remaining_repairable_count": 0, "unrepaired_repairable_count": 1, "reject_count": 3, "pending_count": 2, "repaired_case_count": 0, "appended_case_count": 0, "confirmed_pass_out_count": 120, "repaired_pass_out_count": 0, "rejected_out_count": 3, "pending_out_count": 2, "fact_violation_count": 0, "core_flow_covered": false, "reuse_risk_covered": true, "fact_profile_source": "requirement_semantics", "fact_profile_confidence": 0.0, "fact_profile_confirmed_count": 8, "fact_profile_forbidden_count": 0, "fact_profile_pending_count": 0, "generation_id": 475, "request_id": "cc620e25ff6b46b6a1c6636a616583fd"}
GEN_DIAG:{"kind": "judge_decision_table", "generation_id": 475, "rows": [{"generation_id": 475, "request_id": "cc620e25ff6b46b6a1c6636a616583fd", "case_id": "TC-007", "judge_status": "REJECT", "reject_reason": "semantic_duplicate:TC-011", "pending_reason": "", "signals": {"violates_confirmed_fact": false, "missing_core_flow": false, "missing_reuse_risk": false, "contains_pending_logic": false, "confirmed_fact_hits": [], "confirmed_fact_violations": [], "reuse_risk_hits": [], "pending_hits": [], "vague_or_unconfirmed_hits": []}, "violates_confirmed_fact": false, "missing_core_flow": false, "missing_reuse_risk": false, "contains_pending_logic": false, "confirmed_fact_hits": [], "confirmed_fact_violations": [], "reuse_risk_hits": [], "pending_hits": [], "vague_or_unconfirmed_hits": [], "before_case_snapshot": {"id": "TC-007", "description": "验证学员回答内容与问题完全无关时准确性维度直接计0分", "test_module": "讲错题-评分规则", "preconditions": ["学员已完成讲错题交互流程", "学员某轮回答内容与AI提问问题完全无关"], "steps": ["1. 学员在交互中某轮回答内容与当前AI提问问题无任何关联", "2. 学员完成全部交互流程触发评分", "3. 查看评分结果中准确性维度得分", "4. 验证准确性维度是否直接计为0分", "5. 检查其他维度是否仍按正常规则计算"], "test_input": "学员回答内容为与问题无关的随机内容如'今天天气很好'", "expected_result": "准确性维度得分直接计为0分（换算后为0分），完整性、逻辑性和清晰度维度仍按各自正常评分规则计算不计特殊扣分，综合评分仅由其他三个维度贡献", "priority": "P2", "model_priority_current": "P2", "model_priority": "P2", "legacy_priority": "P2", "priority_final": "P2", "priority_decision_state": "decided", "priority_decision_source": "model_semantic_consistent", "priority_confidence": "high", "priority_conflict_reason": "", "priority_resolution_reason": ""}, "after_case_snapshot": {"id": "TC-007", "description": "验证学员回答内容与问题完全无关时准确性维度直接计0分", "test_module": "讲错题-评分规则", "preconditions": ["学员已完成讲错题交互流程", "学员某轮回答内容与AI提问问题完全无关"], "steps": ["1. 学员在交互中某轮回答内容与当前AI提问问题无任何关联", "2. 学员完成全部交互流程触发评分", "3. 查看评分结果中准确性维度得分", "4. 验证准确性维度是否直接计为0分", "5. 检查其他维度是否仍按正常规则计算"], "test_input": "学员回答内容为与问题无关的随机内容如'今天天气很好'", "expected_result": "准确性维度得分直接计为0分（换算后为0分），完整性、逻辑性和清晰度维度仍按各自正常评分规则计算不计特殊扣分，综合评分仅由其他三个维度贡献", "priority": "P2", "model_priority_current": "P2", "model_priority": "P2", "legacy_priority": "P2", "priority_final": "P2", "priority_decision_state": "decided", "priority_decision_source": "model_semantic_consistent", "priority_confidence": "high", "priority_conflict_reason": "", "priority_resolution_reason": ""}}, {"generation_id": 475, "request_id": "cc620e25ff6b46b6a1c6636a616583fd", "case_id": "TC-031", "judge_status": "PENDING", "reject_reason": "", "pending_reason": "contains_pending_logic", "signals": {"violates_confirmed_fact": false, "missing_core_flow": false, "missing_reuse_risk": false, "contains_pending_logic": true, "confirmed_fact_hits": [], "confirmed_fact_violations": [], "reuse_risk_hits": [], "pending_hits": ["应跳转到目标页面", "页面路径与标题"], "vague_or_unconfirmed_hits": ["应跳转到目标页面", "页面路径与标题"]}, "violates_confirmed_fact": false, "missing_core_flow": false, "missing_reuse_risk": false, "contains_pending_logic": true, "confirmed_fact_hits": [], "confirmed_fact_violations": [], "reuse_risk_hits": [], "pending_hits": ["应跳转到目标页面", "页面路径与标题"], "vague_or_unconfirmed_hits": ["应跳转到目标页面", "页面路径与标题"], "before_case_snapshot": {"id": "TC-031", "description": "验证督导端学员讲错题状态数据获取异常时按钮不展示避免误导操作", "test_module": "督导端-操作按钮状态", "preconditions": ["督导已登录督导端", "某学员的讲错题完成状态数据因网络或服务异常无法获取"], "steps": ["1. 督导打开学员信息列表", "2. 找到讲错题状态数据获取异常的学员行", "3. 观察操作列中查看讲错题讲知识点按钮的展示状态", "4. 验证按钮是否避免展示为可点击状态以防误导"], "test_input": "学员讲错题完成状态数据获取失败（网络异常或服务端错误）", "expected_result": "执行验证按钮是否避免展示为可点击状态以防误导后，应跳转到目标页面，且页面路径与标题均与督导端学员讲错题状态数据获取异常时按钮不展示避免误导操作一致", "priority": "P2", "model_priority_current": "P1", "model_priority": "P1", "legacy_priority": "P1", "priority_final": "P2", "priority_decision_state": "decided", "priority_decision_source": "p2_cap_guard", "priority_confidence": "high", "priority_conflict_reason": "", "priority_resolution_reason": ""}, "after_case_snapshot": {}}, {"generation_id": 475, "request_id": "cc620e25ff6b46b6a1c6636a616583fd", "case_id": "TC-043", "judge_status": "PENDING", "reject_reason": "", "pending_reason": "contains_pending_logic", "signals": {"violates_confirmed_fact": false, "missing_core_flow": false, "missing_reuse_risk": false, "contains_pending_logic": true, "confirmed_fact_hits": [], "confirmed_fact_violations": [], "reuse_risk_hits": [], "pending_hits": ["应完整显示", "关键字段", "字段值与输入", "后端数据一致"], "vague_or_unconfirmed_hits": ["应完整显示", "关键字段", "字段值与输入", "后端数据一致"]}, "violates_confirmed_fact": false, "missing_core_flow": false, "missing_reuse_risk": false, "contains_pending_logic": true, "confirmed_fact_hits": [], "confirmed_fact_violations": [], "reuse_risk_hits": [], "pending_hits": ["应完整显示", "关键字段", "字段值与输入", "后端数据一致"], "vague_or_unconfirmed_hits": ["应完整显示", "关键字段", "字段值与输入", "后端数据一致"], "before_case_snapshot": {"id": "TC-043", "description": "验证学员录音回答后点击继续录音按钮可补充内容而不结束当前轮次", "test_module": "交互操作流程", "preconditions": ["学员已点击对话按钮开始录音", "学员已完成一次录音回答"], "steps": ["1. 学员完成第一段录音回答", "2. 页面显示继续录音和完成两个按钮", "3. 学员点击继续录音按钮", "4. 学员继续录制补充内容", "5. 查看对话区域状态"], "test_input": "学员第一段录音内容+点击继续录音+第二段补充录音内容", "expected_result": "执行查看对话区域状态后，应完整显示学员录音回答后点击继续录音按钮可补充内容而不结束当前轮次关键字段，且字段值与输入/后端数据一致", "priority": "P2", "model_priority_current": "P1", "model_priority": "P1", "legacy_priority": "P1", "priority_final": "P2", "priority_decision_state": "decided", "priority_decision_source": "p2_cap_guard", "priority_confidence": "high", "priority_conflict_reason": "", "priority_resolution_reason": ""}, "after_case_snapshot": {}}, {"generation_id": 475, "request_id": "cc620e25ff6b46b6a1c6636a616583fd", "case_id": "TC-085", "judge_status": "REJECT", "reject_reason": "semantic_duplicate:TC-084", "pending_reason": "", "signals": {"violates_confirmed_fact": false, "missing_core_flow": false, "missing_reuse_risk": false, "contains_pending_logic": false, "confirmed_fact_hits": [], "confirmed_fact_violations": [], "reuse_risk_hits": [], "pending_hits": [], "vague_or_unconfirmed_hits": []}, "violates_confirmed_fact": false, "missing_core_flow": false, "missing_reuse_risk": false, "contains_pending_logic": false, "confirmed_fact_hits": [], "confirmed_fact_violations": [], "reuse_risk_hits": [], "pending_hits": [], "vague_or_unconfirmed_hits": [], "before_case_snapshot": {"id": "TC-085", "description": "验证督导端讲错题通过提醒点击后自动消失", "test_module": "督导端-提醒通知", "preconditions": ["督导已登录", "督导端显示讲错题通过提醒"], "steps": ["1. 点击讲错题通过提醒", "2. 观察提醒是否消失"], "test_input": "点击通过提醒", "expected_result": "点击后提醒自动消失，不再显示", "priority": "P2", "model_priority_current": "P1", "model_priority": "P1", "legacy_priority": "P1", "priority_final": "P2", "priority_decision_state": "decided", "priority_decision_source": "p2_cap_guard", "priority_confidence": "high", "priority_conflict_reason": "", "priority_resolution_reason": ""}, "after_case_snapshot": {"id": "TC-085", "description": "验证督导端讲错题通过提醒点击后自动消失", "test_module": "督导端-提醒通知", "preconditions": ["督导已登录", "督导端显示讲错题通过提醒"], "steps": ["1. 点击讲错题通过提醒", "2. 观察提醒是否消失"], "test_input": "点击通过提醒", "expected_result": "点击后提醒自动消失，不再显示", "priority": "P2", "model_priority_current": "P1", "model_priority": "P1", "legacy_priority": "P1", "priority_final": "P2", "priority_decision_state": "decided", "priority_decision_source": "p2_cap_guard", "priority_confidence": "high", "priority_conflict_reason": "", "priority_resolution_reason": ""}}, {"generation_id": 475, "request_id": "cc620e25ff6b46b6a1c6636a616583fd", "case_id": "TC-096", "judge_status": "REJECT", "reject_reason": "semantic_duplicate:TC-097", "pending_reason": "", "signals": {"violates_confirmed_fact": false, "missing_core_flow": false, "missing_reuse_risk": false, "contains_pending_logic": false, "confirmed_fact_hits": [], "confirmed_fact_violations": [], "reuse_risk_hits": [], "pending_hits": [], "vague_or_unconfirmed_hits": []}, "violates_confirmed_fact": false, "missing_core_flow": false, "missing_reuse_risk": false, "contains_pending_logic": false, "confirmed_fact_hits": [], "confirmed_fact_violations": [], "reuse_risk_hits": [], "pending_hits": [], "vague_or_unconfirmed_hits": [], "before_case_snapshot": {"id": "TC-096", "description": "验证评分8分以上点击去日清按钮跳转至日清页面", "test_module": "评分-评分结果展示", "preconditions": ["学员已登录", "学员综合评分≥8分", "页面显示'去日清'按钮"], "steps": ["1. 点击'去日清'按钮", "2. 观察页面跳转"], "test_input": "点击去日清按钮", "expected_result": "页面跳转至第六步日清页面", "priority": "P0", "model_priority_current": "P1", "model_priority": "P1", "legacy_priority": "P1", "priority_final": "P0", "priority_decision_state": "decided", "priority_decision_source": "hard_guard_promotion", "priority_confidence": "high", "priority_conflict_reason": "", "priority_resolution_reason": ""}, "after_case_snapshot": {"id": "TC-096", "description": "验证评分8分以上点击去日清按钮跳转至日清页面", "test_module": "评分-评分结果展示", "preconditions": ["学员已登录", "学员综合评分≥8分", "页面显示'去日清'按钮"], "steps": ["1. 点击'去日清'按钮", "2. 观察页面跳转"], "test_input": "点击去日清按钮", "expected_result": "页面跳转至第六步日清页面", "priority": "P0", "model_priority_current": "P1", "model_priority": "P1", "legacy_priority": "P1", "priority_final": "P0", "priority_decision_state": "decided", "priority_decision_source": "hard_guard_promotion", "priority_confidence": "high", "priority_conflict_reason": "", "priority_resolution_reason": ""}}], "row_count": 5, "row_count_total": 126, "row_count_reject_pending": 5, "rows_scope": "reject_pending_only", "row_evidence_incomplete": false, "multi_pass": true, "generation_mode": "full_functional_regression", "request_id": "cc620e25ff6b46b6a1c6636a616583fd"}
GEN_DIAG:{"kind": "memory_fabric_diag", "memory_fabric_used": true, "memory_reads": {"working": 0, "episodic": 0, "semantic": 3, "rule": 1}, "request_id": "cc620e25ff6b46b6a1c6636a616583fd"}
GEN_DIAG:{"kind": "review_decision_table", "generation_id": 475, "rows": [{"candidate_index": 1, "signature": "督导端-操作按钮状态|验证学员上一节课已完成讲错题但本节课未完成时查看讲错题讲知识点按钮以当前节课状态为准置灰不可点击|该学员操作列中'查看讲错题讲知识点'按钮呈置灰状态不可点击，按钮状态以当前节课的讲错题完成情况为准而非上一节课的完成状态，点击无任何响应|学员上节课讲错题已完成（评分8.5分），本节课讲错题未完成", "case_id": "TC-128", "description": "验证学员上一节课已完成讲错题但本节课未完成时查看讲错题讲知识点按钮以当前节课状态为准置灰不可点击", "test_module": "督导端-操作按钮状态", "expected_result": "该学员操作列中'查看讲错题讲知识点'按钮呈置灰状态不可点击，按钮状态以当前节课的讲错题完成情况为准而非上一节课的完成状态，点击无任何响应", "flow_stage": "stage:督导端", "flow_stage_label": "督导端", "flow_rank": 7, "cross_cutting": [], "scenario_key": "global:ai_completed_reentry_readonly", "is_scenario_duplicate": false, "duplicate_cluster_id": "SC-002", "duplicate_cluster_size": 4, "duplicate_of_case_id": "", "misordered_against_requirement_flow": false, "expected_result_quality": "assertable", "expected_result_quality_reason": "contains_concrete_assertion", "expected_result_alignment_warning": true, "truncated_text_detected": false, "case_quality": "valid_case", "invalid_case_reason": "", "invalid_case_signals": [], "model_priority_current": "P0", "model_priority": "P0", "legacy_priority": "P0", "priority_final": "P1", "priority_decision_state": "decided", "priority_decision_source": "conflict_resolved_by_core_business_rule", "priority_confidence": "medium", "priority_conflict_reason": "model=P0,suggested=P2", "priority_resolution_reason": "core_business_evidence", "priority_score": 0, "suggested_priority": "P2", "priority_reasons": ["main_workflow_hit", "structural_p2_low_value_signal", "coverage_gain_non_positive", "low_risk_only_covered_rules_penalty", "structural_display_mapping_penalty", "no_release_blocking_guard"], "selected_by_review_llm": true, "selected_by_review_must_keep": false, "selected_by_review_constraints": false, "review_constraint_reason": "", "review_llm_drop_reason_raw": "", "review_llm_drop_reason": "", "review_llm_drop_reason_resolved": "", "review_llm_drop_reason_source": "", "review_llm_drop_reason_evidence": {}, "has_positive_evidence": false, "has_coverage_signal": false, "has_high_signal": false, "has_competition_signal": false, "review_llm_filter_applied": false, "must_keep_candidate": false, "must_keep_reasons": [], "selected_by_review_gate": true, "retained_final": true, "dropped_stage": "retained", "dropped_reason": "retained", "rule_keys": [], "bucket": "督导端-操作按钮状态|state", "adds_rule": false, "adds_bucket": false, "high_signal": true, "has_coverage_value": true, "retained_reason": "retained_due_to_coverage_value", "rerank_rank": 74, "focus_score": 1, "covered_rule_ids": ["RULE-002", "RULE-012", "RULE-019", "RULE-020", "RULE-029", "RULE-031", "RULE-048"], "missing_rule_hits": [], "core_rule_hits": [], "coverage_gain_score": -8, "reuse_risk_hit": false, "hit_must_cover_rule": false, "violates_forbidden_pattern": false, "hits_soft_constraint": false, "satisfies_quality_hint": false}, {"candidate_index": 2, "signature": "督导端-操作按钮状态|验证学员讲错题综合评分未通过（低于8分）时查看讲错题讲知识点按钮仍为可点击状态而非置灰|该学员操作列中'查看讲错题讲知识点'按钮以正常可点击样式展示（非置灰），点击后弹出学员讲错题讲知识点详情弹窗，弹窗顶部显示'学生知识点讲错题未通过'标识，完成标记以ai给出最终评分为准而非以是否通过为准|学员已完成讲错题环节，综合评分5.0分（未通过）", "case_id": "TC-126", "description": "验证学员讲错题综合评分未通过（低于8分）时查看讲错题讲知识点按钮仍为可点击状态而非置灰", "test_module": "督导端-操作按钮状态", "expected_result": "该学员操作列中'查看讲错题讲知识点'按钮以正常可点击样式展示（非置灰），点击后弹出学员讲错题讲知识点详情弹窗，弹窗顶部显示'学生知识点讲错题未通过'标识，完成标记以AI给出最终评分为准而非以是否通过为准", "flow_stage": "stage:督导端", "flow_stage_label": "督导端", "flow_rank": 7, "cross_cutting": [], "scenario_key": "global:ai_completed_reentry_readonly", "is_scenario_duplicate": false, "duplicate_cluster_id": "SC-003", "duplicate_cluster_size": 3, "duplicate_of_case_id": "", "misordered_against_requirement_flow": false, "expected_result_quality": "assertable", "expected_result_quality_reason": "contains_concrete_assertion", "expected_result_alignment_warning": true, "truncated_text_detected": false, "case_quality": "valid_case", "invalid_case_reason": "", "invalid_case_signals": [], "model_priority_current": "P0", "model_priority": "P0", "legacy_priority": "P0", "priority_final": "P1", "priority_decision_state": "decided", "priority_decision_source": "conflict_resolved_by_core_business_rule", "priority_confidence": "medium", "priority_conflict_reason": "model=P0,suggested=P2", "priority_resolution_reason": "core_business_evidence", "priority_score": 0, "suggested_priority": "P2", "priority_reasons": ["main_workflow_hit", "structural_p2_low_value_signal", "coverage_gain_non_positive", "low_risk_only_covered_rules_penalty", "structural_display_mapping_penalty", "no_release_blocking_guard"], "selected_by_review_llm": true, "selected_by_review_must_keep": false, "selected_by_review_constraints": false, "review_constraint_reason": "", "review_llm_drop_reason_raw": "", "review_llm_drop_reason": "", "review_llm_drop_reason_resolved": "", "review_llm_drop_reason_source": "", "review_llm_drop_reason_evidence": {}, "has_positive_evidence": false, "has_coverage_signal": false, "has_high_signal": false, "has_competition_signal": false, "review_llm_filter_applied": false, "must_keep_candidate": false, "must_keep_reasons": [], "selected_by_review_gate": true, "retained_final": true, "dropped_stage": "retained", "dropped_reason": "retained", "rule_keys": [], "bucket": "督导端-操作按钮状态|state", "adds_rule": false, "adds_bucket": false, "high_signal": true, "has_coverage_value": true, "retained_reason": "retained_due_to_coverage_value", "rerank_rank": 77, "focus_score": 1, "covered_rule_ids": ["RULE-002", "RULE-012", "RULE-019", "RULE-020", "RULE-025", "RULE-029", "RULE-031", "RULE-048"], "missing_rule_hits": [], "core_rule_hits": [], "coverage_gain_score": -8, "reuse_risk_hit": false, "hit_must_cover_rule": false, "violates_forbidden_pattern": false, "hits_soft_constraint": false, "satisfies_quality_hint": false}, {"candidate_index": 3, "signature": "督导端-操作按钮状态|验证ai评分过程异常中断（未给出最终评分）时查看讲错题讲知识点按钮保持置灰不可点击状态|该学员操作列中'查看讲错题讲知识点'按钮呈置灰状态不可点击，与正常未完成状态一致，点击无任何响应，待学员重新完成交互并获得ai最终评分后按钮才变为可点击|学员讲错题交互中途ai评分异常中断，未获得最终评分", "case_id": "TC-127", "description": "验证AI评分过程异常中断（未给出最终评分）时查看讲错题讲知识点按钮保持置灰不可点击状态", "test_module": "督导端-操作按钮状态", "expected_result": "该学员操作列中'查看讲错题讲知识点'按钮呈置灰状态不可点击，与正常未完成状态一致，点击无任何响应，待学员重新完成交互并获得AI最终评分后按钮才变为可点击", "flow_stage": "stage:督导端", "flow_stage_label": "督导端", "flow_rank": 7, "cross_cutting": [], "scenario_key": "global:ai_supervisor_detail_button_state", "is_scenario_duplicate": false, "duplicate_cluster_id": "SC-004", "duplicate_cluster_size": 29, "duplicate_of_case_id": "", "misordered_against_requirement_flow": false, "expected_result_quality": "assertable", "expected_result_quality_reason": "contains_concrete_assertion", "expected_result_alignment_warning": false, "truncated_text_detected": false, "case_quality": "valid_case", "invalid_case_reason": "", "invalid_case_signals": [], "model_priority_current": "P0", "model_priority": "P0", "legacy_priority": "P0", "priority_final": "P1", "priority_decision_state": "decided", "priority_decision_source": "conflict_resolved_by_core_business_rule", "priority_confidence": "medium", "priority_conflict_reason": "model=P0,suggested=P2", "priority_resolution_reason": "core_business_evidence", "priority_score": 0, "suggested_priority": "P2", "priority_reasons": ["state_transition_hit", "main_workflow_hit", "structural_p2_low_value_signal", "coverage_gain_non_positive", "low_risk_only_covered_rules_penalty", "structural_display_mapping_penalty", "no_release_blocking_guard"], "selected_by_review_llm": true, "selected_by_review_must_keep": false, "selected_by_review_constraints": false, "review_constraint_reason": "", "review_llm_drop_reason_raw": "", "review_llm_drop_reason": "", "review_llm_drop_reason_resolved": "", "review_llm_drop_reason_source": "", "review_llm_drop_reason_evidence": {}, "has_positive_evidence": false, "has_coverage_signal": false, "has_high_signal": false, "has_competition_signal": false, "review_llm_filter_applied": false, "must_keep_candidate": false, "must_keep_reasons": [], "selected_by_review_gate": true, "retained_final": true, "dropped_stage": "retained", "dropped_reason": "retained", "rule_keys": [], "bucket": "督导端-操作按钮状态|exception", "adds_rule": false, "adds_bucket": true, "high_signal": true, "has_coverage_value": true, "retained_reason": "retained_default", "rerank_rank": 11, "focus_score": 3, "covered_rule_ids": ["RULE-002", "RULE-012", "RULE-019", "RULE-020", "RULE-029", "RULE-031", "RULE-048"], "missing_rule_hits": [], "core_rule_hits": [], "coverage_gain_score": -8, "reuse_risk_hit": false, "hit_must_cover_rule": false, "violates_forbidden_pattern": false, "hits_soft_constraint": false, "satisfies_quality_hint": false}, {"candidate_index": 4, "signature": "督导端-操作按钮状态|验证学生讲错题数据异常（评分已保存但对话记录缺失）时督导端按钮状态及点击行为|因ai评分已保存，按钮显示为正常可点击状态；点击后弹窗中已有数据正常展示，缺失的对话记录部分显示为空或提示'数据加载异常'，不会导致弹窗崩溃或白屏|学员讲错题评分已保存但对话记录数据缺失", "case_id": "TC-128", "description": "验证学生讲错题数据异常（评分已保存但对话记录缺失）时督导端按钮状态及点击行为", "test_module": "督导端-操作按钮状态", "expected_result": "因AI评分已保存，按钮显示为正常可点击状态；点击后弹窗中已有数据正常展示，缺失的对话记录部分显示为空或提示'数据加载异常'，不会导致弹窗崩溃或白屏", "flow_stage": "stage:督导端", "flow_stage_label": "督导端", "flow_rank": 7, "cross_cutting": [], "scenario_key": "global:ai_supervisor_detail_button_state", "is_scenario_duplicate": true, "duplicate_cluster_id": "SC-004", "duplicate_cluster_size": 29, "duplicate_of_case_id": "TC-127", "misordered_against_requirement_flow": false, "expected_result_quality": "assertable", "expected_result_quality_reason": "contains_concrete_assertion", "expected_result_alignment_warning": true, "truncated_text_detected": false, "case_quality": "valid_case", "invalid_case_reason": "", "invalid_case_signals": [], "model_priority_current": "P0", "model_priority": "P0", "legacy_priority": "P0", "priority_final": "P1", "priority_decision_state": "decided", "priority_decision_source": "conflict_resolved_by_core_business_rule", "priority_confidence": "medium", "priority_conflict_reason": "model=P0,suggested=P2", "priority_resolution_reason": "core_business_evidence", "priority_score": 11, "suggested_priority": "P2", "priority_reasons": ["main_workflow_hit", "coverage_gain_non_positive", "low_risk_only_covered_rules_penalty", "no_release_blocking_guard"], "selected_by_review_llm": true, "selected_by_review_must_keep": false, "selected_by_review_constraints": false, "review_constraint_reason": "", "review_llm_drop_reason_raw": "", "review_llm_drop_reason": "", "review_llm_drop_reason_resolved": "", "review_llm_drop_reason_source": "", "review_llm_drop_reason_evidence": {}, "has_positive_evidence": false, "has_coverage_signal": false, "has_high_signal": false, "has_competition_signal": false, "review_llm_filter_applied": false, "must_keep_candidate": false, "must_keep_reasons": [], "selected_by_review_gate": true, "retained_final": true, "dropped_stage": "retained", "dropped_reason": "retained", "rule_keys": [], "bucket": "督导端-操作按钮状态|exception", "adds_rule": false, "adds_bucket": false, "high_signal": true, "has_coverage_value": true, "retained_reason": "retained_due_to_coverage_value", "rerank_rank": 66, "focus_score": 3, "covered_rule_ids": ["RULE-002", "RULE-012", "RULE-019", "RULE-020", "RULE-029", "RULE-031"], "missing_rule_hits": [], "core_rule_hits": [], "coverage_gain_score": -8, "reuse_risk_hit": false, "hit_must_cover_rule": false, "violates_forbidden_pattern": false, "hits_soft_constraint": false, "satisfies_quality_hint": false}, {"candidate_index": 5, "signature": "督导端-操作按钮状态|验证督导端学员已完成讲错题环节时操作列展示可点击的查看讲错题讲知识点按钮|该学员操作列中'查看讲错题讲知识点'按钮以正常可点击样式展示（非置灰），点击后弹出学员讲错题讲知识点详情弹窗，弹窗内容包含章节、ai问题、学生回答、ai追问、最终评价和得分等信息|学员已完成讲错题环节（ai已给出最终评分）", "case_id": "TC-120", "description": "验证督导端学员已完成讲错题环节时操作列展示可点击的查看讲错题讲知识点按钮", "test_module": "督导端-操作按钮状态", "expected_result": "该学员操作列中'查看讲错题讲知识点'按钮以正常可点击样式展示（非置灰），点击后弹出学员讲错题讲知识点详情弹窗，弹窗内容包含章节、AI问题、学生回答、AI追问、最终评价和得分等信息", "flow_stage": "stage:督导端", "flow_stage_label": "督导端", "flow_rank": 7, "cross_cutting": [], "scenario_key": "global:ai_completed_reentry_readonly", "is_scenario_duplicate": false, "duplicate_cluster_id": "SC-005", "duplicate_cluster_size": 5, "duplicate_of_case_id": "", "misordered_against_requirement_flow": false, "expected_result_quality": "assertable", "expected_result_quality_reason": "contains_concrete_assertion", "expected_result_alignment_warning": true, "truncated_text_detected": false, "case_quality": "valid_case", "invalid_case_reason": "", "invalid_case_signals": [], "model_priority_current": "P0", "model_priority": "P0", "legacy_priority": "P0", "priority_final": "P1", "priority_decision_state": "decided", "priority_decision_source": "conflict_resolved_by_core_business_rule", "priority_confidence": "medium", "priority_conflict_reason": "model=P0,suggested=P2", "priority_resolution_reason": "core_business_evidence", "priority_score": 0, "suggested_priority": "P2", "priority_reasons": ["main_workflow_hit", "structural_p2_low_value_signal", "coverage_gain_non_positive", "low_risk_only_covered_rules_penalty", "structural_display_mapping_penalty", "no_release_blocking_guard"], "selected_by_review_llm": true, "selected_by_review_must_keep": false, "selected_by_review_constraints": false, "review_constraint_reason": "", "review_llm_drop_reason_raw": "", "review_llm_drop_reason": "", "review_llm_drop_reason_resolved": "", "review_llm_drop_reason_source": "", "review_llm_drop_reason_evidence": {}, "has_positive_evidence": false, "has_coverage_signal": false, "has_high_signal": false, "has_competition_signal": false, "review_llm_filter_applied": false, "must_keep_candidate": false, "must_keep_reasons": [], "selected_by_review_gate": true, "retained_final": true, "dropped_stage": "retained", "dropped_reason": "retained", "rule_keys": [], "bucket": "督导端-操作按钮状态|state", "adds_rule": false, "adds_bucket": false, "high_signal": true, "has_coverage_value": true, "retained_reason": "retained_due_to_coverage_value", "rerank_rank": 82, "focus_score": 1, "covered_rule_ids": ["RULE-002", "RULE-012", "RULE-019", "RULE-020", "RULE-029", "RULE-031", "RULE-048"], "missing_rule_hits": [], "core_rule_hits": [], "coverage_gain_score": -8, "reuse_risk_hit": false, "hit_must_cover_rule": false, "violates_forbidden_pattern": false, "hits_soft_constraint": false, "satisfies_quality_hint": false}, {"candidate_index": 6, "signature": "督导端-讲错题完成提醒|验证学员完成讲错题打分后督导端自动弹出通过或未通过提醒且点击后自动消失|学员完成讲错题打分后督导端自动弹出提醒消息，通过时提醒内容标识学员讲错题通过，未通过时提醒内容标识学员讲错题未通过，督导点击提醒消息后该提醒自动消失不再展示|学员完成讲错题且综合评分8分（通过）", "case_id": "TC-125", "description": "验证学员完成讲错题打分后督导端自动弹出通过或未通过提醒且点击后自动消失", "test_module": "督导端-讲错题完成提醒", "expected_result": "学员完成讲错题打分后督导端自动弹出提醒消息，通过时提醒内容标识学员讲错题通过，未通过时提醒内容标识学员讲错题未通过，督导点击提醒消息后该提醒自动消失不再展示", "flow_stage": "stage:督导端", "flow_stage_label": "督导端", "flow_rank": 7, "cross_cutting": [], "scenario_key": "global:ai_supervisor_detail_button_state", "is_scenario_duplicate": true, "duplicate_cluster_id": "SC-004", "duplicate_cluster_size": 29, "duplicate_of_case_id": "TC-127", "misordered_against_requirement_flow": false, "expected_result_quality": "assertable", "expected_result_quality_reason": "contains_concrete_assertion", "expected_result_alignment_warning": true, "truncated_text_detected": false, "case_quality": "valid_case", "invalid_case_reason": "", "invalid_case_signals": [], "model_priority_current": "P0", "model_priority": "P0", "legacy_priority": "P0", "priority_final": "P1", "priority_decision_state": "decided", "priority_decision_source": "conflict_resolved_by_core_business_rule", "priority_confidence": "medium", "priority_conflict_reason": "model=P0,suggested=P2", "priority_resolution_reason": "core_business_evidence", "priority_score": 11, "suggested_priority": "P2", "priority_reasons": ["main_workflow_hit", "coverage_gain_non_positive", "low_risk_only_covered_rules_penalty", "no_release_blocking_guard"], "selected_by_review_llm": true, "selected_by_review_must_keep": false, "selected_by_review_constraints": false, "review_constraint_reason": "", "review_llm_drop_reason_raw": "", "review_llm_drop_reason": "", "review_llm_drop_reason_resolved": "", "review_llm_drop_reason_source": "", "review_llm_drop_reason_evidence": {}, "has_positive_evidence": false, "has_coverage_signal": false, "has_high_signal": false, "has_competition_signal": false, "review_llm_filter_applied": false, "must_keep_candidate": false, "must_keep_reasons": [], "selected_by_review_gate": true, "retained_final": true, "dropped_stage": "retained", "dropped_reason": "retained", "rule_keys": [], "bucket": "督导端-讲错题完成提醒|state", "adds_rule": false, "adds_bucket": true, "high_signal": true, "has_coverage_value": true, "retained_reason": "retained_default", "rerank_rank": 21, "focus_score": 1, "covered_rule_ids": ["RULE-019", "RULE-020", "RULE-048"], "missing_rule_hits": [], "core_rule_hits": [], "coverage_gain_score": -8, "reuse_risk_hit": false, "hit_must_cover_rule": false, "violates_forbidden_pattern": false, "hits_soft_constraint": false, "satisfies_quality_hint": false}, {"candidate_index": 7, "signature": "督导端-操作按钮状态|验证学生在督导查看列表期间完成讲错题评分后按钮状态实时从置灰变为可点击|学员完成讲错题评分后，督导端列表中该学员的'查看讲错题讲知识点'按钮状态实时从置灰变为正常可点击样式，无需手动刷新页面，点击后可正常弹出详情弹窗|督导停留在列表页面时学员完成讲错题评分", "case_id": "TC-126", "description": "验证学生在督导查看列表期间完成讲错题评分后按钮状态实时从置灰变为可点击", "test_module": "督导端-操作按钮状态", "expected_result": "学员完成讲错题评分后，督导端列表中该学员的'查看讲错题讲知识点'按钮状态实时从置灰变为正常可点击样式，无需手动刷新页面，点击后可正常弹出详情弹窗", "flow_stage": "stage:督导端", "flow_stage_label": "督导端", "flow_rank": 7, "cross_cutting": [], "scenario_key": "global:ai_supervisor_detail_button_state", "is_scenario_duplicate": true, "duplicate_cluster_id": "SC-004", "duplicate_cluster_size": 29, "duplicate_of_case_id": "TC-127", "misordered_against_requirement_flow": false, "expected_result_quality": "assertable", "expected_result_quality_reason": "contains_concrete_assertion", "expected_result_alignment_warning": true, "truncated_text_detected": false, "case_quality": "valid_case", "invalid_case_reason": "", "invalid_case_signals": [], "model_priority_current": "P0", "model_priority": "P0", "legacy_priority": "P0", "priority_final": "P1", "priority_decision_state": "decided", "priority_decision_source": "conflict_resolved_by_core_business_rule", "priority_confidence": "medium", "priority_conflict_reason": "model=P0,suggested=P2", "priority_resolution_reason": "core_business_evidence", "priority_score": 0, "suggested_priority": "P2", "priority_reasons": ["main_workflow_hit", "structural_p2_low_value_signal", "coverage_gain_non_positive", "low_risk_only_covered_rules_penalty", "structural_display_mapping_penalty", "no_release_blocking_guard"], "selected_by_review_llm": true, "selected_by_review_must_keep": false, "selected_by_review_constraints": false, "review_constraint_reason": "", "review_llm_drop_reason_raw": "", "review_llm_drop_reason": "", "review_llm_drop_reason_resolved": "", "review_llm_drop_reason_source": "", "review_llm_drop_reason_evidence": {}, "has_positive_evidence": false, "has_coverage_signal": false, "has_high_signal": false, "has_competition_signal": false, "review_llm_filter_applied": false, "must_keep_candidate": false, "must_keep_reasons": [], "selected_by_review_gate": true, "retained_final": true, "dropped_stage": "retained", "dropped_reason": "retained", "rule_keys": [], "bucket": "督导端-操作按钮状态|state", "adds_rule": false, "adds_bucket": false, "high_signal": true, "has_coverage_value": true, "retained_reason": "retained_due_to_coverage_value", "rerank_rank": 78, "focus_score": 1, "covered_rule_ids": ["RULE-002", "RULE-012", "RULE-019", "RULE-020", "RULE-048"], "missing_rule_hits": [], "core_rule_hits": [], "coverage_gain_score": -8, "reuse_risk_hit": false, "hit_must_cover_rule": false, "violates_forbidden_pattern": false, "hits_soft_constraint": false, "satisfies_quality_hint": false}, {"candidate_index": 8, "signature": "督导端-操作按钮状态|验证学员已完成上一节课讲错题但当前节课未完成讲错题时按钮显示为置灰状态|操作列中查看讲错题讲知识点按钮根据当前节课的讲错题完成状态显示为置灰不可点击，而非根据历史课程状态显示为可点击，按钮状态以当前节课为准|学员上一节课已完成讲错题但当前节课未完成", "case_id": "TC-127", "description": "验证学员已完成上一节课讲错题但当前节课未完成讲错题时按钮显示为置灰状态", "test_module": "督导端-操作按钮状态", "expected_result": "操作列中查看讲错题讲知识点按钮根据当前节课的讲错题完成状态显示为置灰不可点击，而非根据历史课程状态显示为可点击，按钮状态以当前节课为准", "flow_stage": "stage:督导端", "flow_stage_label": "督导端", "flow_rank": 7, "cross_cutting": [], "scenario_key": "global:ai_completed_reentry_readonly", "is_scenario_duplicate": true, "duplicate_cluster_id": "SC-002", "duplicate_cluster_size": 4, "duplicate_of_case_id": "TC-128", "misordered_against_requirement_flow": false, "expected_result_quality": "assertable", "expected_result_quality_reason": "contains_concrete_assertion", "expected_result_alignment_warning": true, "truncated_text_detected": false, "case_quality": "valid_case", "invalid_case_reason": "", "invalid_case_signals": [], "model_priority_current": "P0", "model_priority": "P0", "legacy_priority": "P0", "priority_final": "P1", "priority_decision_state": "decided", "priority_decision_source": "conflict_resolved_by_core_business_rule", "priority_confidence": "medium", "priority_conflict_reason": "model=P0,suggested=P2", "priority_resolution_reason": "core_business_evidence", "priority_score": 0, "suggested_priority": "P2", "priority_reasons": ["main_workflow_hit", "structural_p2_low_value_signal", "coverage_gain_non_positive", "low_risk_only_covered_rules_penalty", "structural_display_mapping_penalty", "no_release_blocking_guard"], "selected_by_review_llm": true, "selected_by_review_must_keep": false, "selected_by_review_constraints": false, "review_constraint_reason": "", "review_llm_drop_reason_raw": "", "review_llm_drop_reason": "", "review_llm_drop_reason_resolved": "", "review_llm_drop_reason_source": "", "review_llm_drop_reason_evidence": {}, "has_positive_evidence": false, "has_coverage_signal": false, "has_high_signal": false, "has_competition_signal": false, "review_llm_filter_applied": false, "must_keep_candidate": false, "must_keep_reasons": [], "selected_by_review_gate": true, "retained_final": true, "dropped_stage": "retained", "dropped_reason": "retained", "rule_keys": [], "bucket": "督导端-操作按钮状态|state", "adds_rule": false, "adds_bucket": false, "high_signal": true, "has_coverage_value": true, "retained_reason": "retained_due_to_coverage_value", "rerank_rank": 76, "focus_score": 1, "covered_rule_ids": ["RULE-002", "RULE-012", "RULE-019", "RULE-020", "RULE-048"], "missing_rule_hits": [], "core_rule_hits": [], "coverage_gain_score": -8, "reuse_risk_hit": false, "hit_must_cover_rule": false, "violates_forbidden_pattern": false, "hits_soft_constraint": false, "satisfies_quality_hint": false}, {"candidate_index": 9, "signature": "督导端-操作按钮状态|验证学员在督导查看列表期间完成讲错题时按钮状态实时从置灰更新为可点击|学员完成讲错题后督导端列表中该学员的查看讲错题讲知识点按钮实时从置灰状态更新为可点击状态，无需手动刷新页面，点击后可正常弹出详情弹窗|督导查看列表期间学员完成讲错题（ai给出最终评分）", "case_id": "TC-126", "description": "验证学员在督导查看列表期间完成讲错题时按钮状态实时从置灰更新为可点击", "test_module": "督导端-操作按钮状态", "expected_result": "学员完成讲错题后督导端列表中该学员的查看讲错题讲知识点按钮实时从置灰状态更新为可点击状态，无需手动刷新页面，点击后可正常弹出详情弹窗", "flow_stage": "stage:督导端", "flow_stage_label": "督导端", "flow_rank": 7, "cross_cutting": [], "scenario_key": "global:ai_supervisor_detail_button_state", "is_scenario_duplicate": true, "duplicate_cluster_id": "SC-004", "duplicate_cluster_size": 29, "duplicate_of_case_id": "TC-127", "misordered_against_requirement_flow": false, "expected_result_quality": "assertable", "expected_result_quality_reason": "contains_concrete_assertion", "expected_result_alignment_warning": true, "truncated_text_detected": false, "case_quality": "valid_case", "invalid_case_reason": "", "invalid_case_signals": [], "model_priority_current": "P0", "model_priority": "P0", "legacy_priority": "P0", "priority_final": "P1", "priority_decision_state": "decided", "priority_decision_source": "conflict_resolved_by_core_business_rule", "priority_confidence": "medium", "priority_conflict_reason": "model=P0,suggested=P2", "priority_resolution_reason": "core_business_evidence", "priority_score": 0, "suggested_priority": "P2", "priority_reasons": ["main_workflow_hit", "structural_p2_low_value_signal", "coverage_gain_non_positive", "low_risk_only_covered_rules_penalty", "structural_display_mapping_penalty", "no_release_blocking_guard"], "selected_by_review_llm": true, "selected_by_review_must_keep": false, "selected_by_review_constraints": false, "review_constraint_reason": "", "review_llm_drop_reason_raw": "", "review_llm_drop_reason": "", "review_llm_drop_reason_resolved": "", "review_llm_drop_reason_source": "", "review_llm_drop_reason_evidence": {}, "has_positive_evidence": false, "has_coverage_signal": false, "has_high_signal": false, "has_competition_signal": false, "review_llm_filter_applied": false, "must_keep_candidate": false, "must_keep_reasons": [], "selected_by_review_gate": true, "retained_final": true, "dropped_stage": "retained", "dropped_reason": "retained", "rule_keys": [], "bucket": "督导端-操作按钮状态|state", "adds_rule": false, "adds_bucket": false, "high_signal": true, "has_coverage_value": true, "retained_reason": "retained_due_to_coverage_value", "rerank_rank": 75, "focus_score": 1, "covered_rule_ids": ["RULE-002", "RULE-012", "RULE-019", "RULE-020", "RULE-048"], "missing_rule_hits": [], "core_rule_hits": [], "coverage_gain_score": -8, "reuse_risk_hit": false, "hit_must_cover_rule": false, "violates_forbidden_pattern": false, "hits_soft_constraint": false, "satisfies_quality_hint": false}, {"candidate_index": 10, "signature": "讲错题-异常场景处理|验证4轮交互后学员仍未理解时系统简化至单个核心对比问题确保5轮闭环|第5轮ai自动简化交互至仅1个核心对比问题如'水变没了是液态变气态这就是汽化对吗？'，不再延伸其他疑问，学员回答后无论是否完全正确均触发评分闭环，确保5轮内完成理解确认与打分|4轮交互后学员仍未能正确理解核心知识点", "case_id": "TC-111", "description": "验证4轮交互后学员仍未理解时系统简化至单个核心对比问题确保5轮闭环", "test_module": "讲错题-异常场景处理", "expected_result": "第5轮AI自动简化交互至仅1个核心对比问题如'水变没了是液态变气态这就是汽化对吗？'，不再延伸其他疑问，学员回答后无论是否完全正确均触发评分闭环，确保5轮内完成理解确认与打分", "flow_stage": "stage:讲错题", "flow_stage_label": "讲错题", "flow_rank": 2, "cross_cutting": [], "scenario_key": "stage:讲错题:feedback:obj:讲错题_验证_轮交", "is_scenario_duplicate": false, "duplicate_cluster_id": "", "duplicate_cluster_size": 0, "duplicate_of_case_id": "", "misordered_against_requirement_flow": true, "expected_result_quality": "assertable", "expected_result_quality_reason": "contains_concrete_assertion", "expected_result_alignment_warning": false, "truncated_text_detected": false, "case_quality": "valid_case", "invalid_case_reason": "", "invalid_case_signals": [], "model_priority_current": "P0", "model_priority": "P0", "legacy_priority": "P0", "priority_final": "P0", "priority_decision_state": "decided", "priority_decision_source": "conflict_resolved_by_high_risk_business_rule", "priority_confidence": "medium", "priority_conflict_reason": "model=P0,suggested=P2", "priority_resolution_reason": "high_risk_guard_or_keyword", "priority_score": 0, "suggested_priority": "P2", "priority_reasons": ["coverage_gain_non_positive", "low_risk_only_covered_rules_penalty", "no_release_blocking_guard"], "selected_by_review_llm": true, "selected_by_review_must_keep": true, "selected_by_review_constraints": false, "review_constraint_reason": "", "review_llm_drop_reason_raw": "", "review_llm_drop_reason": "", "review_llm_drop_reason_resolved": "", "review_llm_drop_reason_source": "", "review_llm_drop_reason_evidence": {}, "has_positive_evidence": false, "has_coverage_signal": false, "has_high_signal": false, "has_competition_signal": false, "review_llm_filter_applied": false, "must_keep_candidate": true, "must_keep_reasons": ["priority_p0"], "selected_by_review_gate": true, "retained_final": true, "dropped_stage": "retained", "dropped_reason": "retained", "rule_keys": [], "bucket": "讲错题-异常场景处理|exception", "adds_rule": false, "adds_bucket": true, "high_signal": true, "has_coverage_value": true, "retained_reason": "retained_default", "rerank_rank": 12, "focus_score": 2, "covered_rule_ids": ["RULE-021", "RULE-029"], "missing_rule_hits": [], "core_rule_hits": [], "coverage_gain_score": -8, "reuse_risk_hit": false, "hit_must_cover_rule": false, "violates_forbidden_pattern": false, "hits_soft_constraint": false, "satisfies_quality_hint": false}, {"candidate_index": 11, "signature": "讲错题-评分规则|验证学员回答字数不足50字时完整性和清晰度维度分数直接扣除50%|完整性维度和清晰度维度的原始计算得分均按50%折扣计入综合评分，例如完整性原始得分20分则实际计入10分，清晰度原始得分12分则实际计入6分，准确性维度和逻辑性维度按正常规则计算不受影响|学员回答内容字数为30字（不足50字）", "case_id": "TC-107", "description": "验证学员回答字数不足50字时完整性和清晰度维度分数直接扣除50%", "test_module": "讲错题-评分规则", "expected_result": "完整性维度和清晰度维度的原始计算得分均按50%折扣计入综合评分，例如完整性原始得分20分则实际计入10分，清晰度原始得分12分则实际计入6分，准确性维度和逻辑性维度按正常规则计算不受影响", "flow_stage": "stage:讲错题", "flow_stage_label": "讲错题", "flow_rank": 2, "cross_cutting": [], "scenario_key": "global:ai_answer_irrelevant_score_zero", "is_scenario_duplicate": false, "duplicate_cluster_id": "SC-007", "duplicate_cluster_size": 3, "duplicate_of_case_id": "", "misordered_against_requirement_flow": true, "expected_result_quality": "assertable", "expected_result_quality_reason": "contains_concrete_assertion", "expected_result_alignment_warning": false, "truncated_text_detected": false, "case_quality": "valid_case", "invalid_case_reason": "", "invalid_case_signals": [], "model_priority_current": "P0", "model_priority": "P0", "legacy_priority": "P0", "priority_final": "P0", "priority_decision_state": "decided", "priority_decision_source": "conflict_resolved_by_conservative_middle_priority", "priority_confidence": "medium", "priority_conflict_reason": "model=P0,suggested=P2", "priority_resolution_reason": "conservative_middle_priority", "priority_score": 0, "suggested_priority": "P2", "priority_reasons": ["no_release_blocking_guard"], "selected_by_review_llm": true, "selected_by_review_must_keep": false, "selected_by_review_constraints": false, "review_constraint_reason": "", "review_llm_drop_reason_raw": "", "review_llm_drop_reason": "", "review_llm_drop_reason_resolved": "", "review_llm_drop_reason_source": "", "review_llm_drop_reason_evidence": {}, "has_positive_evidence": false, "has_coverage_signal": false, "has_high_signal": false, "has_competition_signal": false, "review_llm_filter_applied": false, "must_keep_candidate": false, "must_keep_reasons": [], "selected_by_review_gate": true, "retained_final": true, "dropped_stage": "retained", "dropped_reason": "retained", "rule_keys": [], "bucket": "讲错题-评分规则|happy", "adds_rule": false, "adds_bucket": true, "high_signal": false, "has_coverage_value": false, "retained_reason": "retained_default", "rerank_rank": 3, "focus_score": 0, "covered_rule_ids": [], "missing_rule_hits": [], "core_rule_hits": [], "coverage_gain_score": 0, "reuse_risk_hit": false, "hit_must_cover_rule": false, "violates_forbidden_pattern": false, "hits_soft_constraint": false, "satisfies_quality_hint": false}, {"candidate_index": 12, "signature": "督导端-操作按钮状态|验证督导端查看讲错题按钮在学员未完成讲错题环节时置灰不可点击|该学员操作列中'查看讲错题讲知识点'按钮呈置灰状态，视觉上明显区别于可点击按钮，点击该按钮无任何响应不弹出详情弹窗|学员未完成讲错题环节（ai尚未给出最终评分）", "case_id": "TC-118", "description": "验证督导端查看讲错题按钮在学员未完成讲错题环节时置灰不可点击", "test_module": "督导端-操作按钮状态", "expected_result": "该学员操作列中'查看讲错题讲知识点'按钮呈置灰状态，视觉上明显区别于可点击按钮，点击该按钮无任何响应不弹出详情弹窗", "flow_stage": "stage:督导端", "flow_stage_label": "督导端", "flow_rank": 7, "cross_cutting": [], "scenario_key": "global:ai_supervisor_detail_button_state", "is_scenario_duplicate": true, "duplicate_cluster_id": "SC-005", "duplicate_cluster_size": 5, "duplicate_of_case_id": "TC-120", "misordered_against_requirement_flow": false, "expected_result_quality": "assertable", "expected_result_quality_reason": "contains_concrete_assertion", "expected_result_alignment_warning": true, "truncated_text_detected": false, "case_quality": "valid_case", "invalid_case_reason": "", "invalid_case_signals": [], "model_priority_current": "P0", "model_priority": "P0", "legacy_priority": "P0", "priority_final": "P1", "priority_decision_state": "decided", "priority_decision_source": "conflict_resolved_by_core_business_rule", "priority_confidence": "medium", "priority_conflict_reason": "model=P0,suggested=P2", "priority_resolution_reason": "core_business_evidence", "priority_score": 0, "suggested_priority": "P2", "priority_reasons": ["main_workflow_hit", "structural_p2_low_value_signal", "coverage_gain_non_positive", "low_risk_only_covered_rules_penalty", "structural_display_mapping_penalty", "no_release_blocking_guard"], "selected_by_review_llm": true, "selected_by_review_must_keep": false, "selected_by_review_constraints": false, "review_constraint_reason": "", "review_llm_drop_reason_raw": "", "review_llm_drop_reason": "", "review_llm_drop_reason_resolved": "", "review_llm_drop_reason_source": "", "review_llm_drop_reason_evidence": {}, "has_positive_evidence": false, "has_coverage_signal": false, "has_high_signal": false, "has_competition_signal": false, "review_llm_filter_applied": false, "must_keep_candidate": false, "must_keep_reasons": [], "selected_by_review_gate": true, "retained_final": true, "dropped_stage": "retained", "dropped_reason": "retained", "rule_keys": [], "bucket": "督导端-操作按钮状态|state", "adds_rule": false, "adds_bucket": false, "high_signal": true, "has_coverage_value": true, "retained_reason": "retained_due_to_coverage_value", "rerank_rank": 81, "focus_score": 1, "covered_rule_ids": ["RULE-002", "RULE-012", "RULE-019", "RULE-020", "RULE-029", "RULE-031", "RULE-048"], "missing_rule_hits": [], "core_rule_hits": [], "coverage_gain_score": -8, "reuse_risk_hit": false, "hit_must_cover_rule": false, "violates_forbidden_pattern": false, "hits_soft_constraint": false, "satisfies_quality_hint": false}, {"candidate_index": 13, "signature": "督导端-操作按钮状态|验证学生点击重新讲按钮后督导端按钮状态从可点击变回置灰|学员点击重新讲后，督导端该学员的'查看讲错题讲知识点'按钮从可点击状态变为置灰不可点击状态，直到学员完成新一轮交互并获得ai最终评分后按钮恢复为可点击状态|学员在已完成讲错题后点击重新讲开始新交互", "case_id": "TC-127", "description": "验证学生点击重新讲按钮后督导端按钮状态从可点击变回置灰", "test_module": "督导端-操作按钮状态", "expected_result": "学员点击重新讲后，督导端该学员的'查看讲错题讲知识点'按钮从可点击状态变为置灰不可点击状态，直到学员完成新一轮交互并获得AI最终评分后按钮恢复为可点击状态", "flow_stage": "stage:督导端", "flow_stage_label": "督导端", "flow_rank": 7, "cross_cutting": [], "scenario_key": "global:ai_completed_reentry_readonly", "is_scenario_duplicate": true, "duplicate_cluster_id": "SC-002", "duplicate_cluster_size": 4, "duplicate_of_case_id": "TC-128", "misordered_against_requirement_flow": false, "expected_result_quality": "assertable", "expected_result_quality_reason": "contains_concrete_assertion", "expected_result_alignment_warning": true, "truncated_text_detected": false, "case_quality": "valid_case", "invalid_case_reason": "", "invalid_case_signals": [], "model_priority_current": "P0", "model_priority": "P0", "legacy_priority": "P0", "priority_final": "P1", "priority_decision_state": "decided", "priority_decision_source": "conflict_resolved_by_core_business_rule", "priority_confidence": "medium", "priority_conflict_reason": "model=P0,suggested=P2", "priority_resolution_reason": "core_business_evidence", "priority_score": 0, "suggested_priority": "P2", "priority_reasons": ["state_transition_hit", "main_workflow_hit", "structural_p2_low_value_signal", "coverage_gain_non_positive", "low_risk_only_covered_rules_penalty", "structural_display_mapping_penalty", "no_release_blocking_guard"], "selected_by_review_llm": true, "selected_by_review_must_keep": false, "selected_by_review_constraints": false, "review_constraint_reason": "", "review_llm_drop_reason_raw": "", "review_llm_drop_reason": "", "review_llm_drop_reason_resolved": "", "review_llm_drop_reason_source": "", "review_llm_drop_reason_evidence": {}, "has_positive_evidence": false, "has_coverage_signal": false, "has_high_signal": false, "has_competition_signal": false, "review_llm_filter_applied": false, "must_keep_candidate": false, "must_keep_reasons": [], "selected_by_review_gate": true, "retained_final": true, "dropped_stage": "retained", "dropped_reason": "retained", "rule_keys": [], "bucket": "督导端-操作按钮状态|state", "adds_rule": false, "adds_bucket": false, "high_signal": true, "has_coverage_value": true, "retained_reason": "retained_due_to_coverage_value", "rerank_rank": 79, "focus_score": 1, "covered_rule_ids": ["RULE-002", "RULE-019", "RULE-020", "RULE-048"], "missing_rule_hits": [], "core_rule_hits": [], "coverage_gain_score": -8, "reuse_risk_hit": false, "hit_must_cover_rule": false, "violates_forbidden_pattern": false, "hits_soft_constraint": false, "satisfies_quality_hint": false}, {"candidate_index": 14, "signature": "讲错题-评分规则|验证学员回答内容与问题完全无关时准确性维度直接计0分|准确性维度得分直接计为0分（换算后为0分），完整性、逻辑性和清晰度维度仍按各自正常评分规则计算不计特殊扣分，综合评分仅由其他三个维度贡献|学员回答内容为与问题无关的随机内容如'今天天气很好'", "case_id": "TC-108", "description": "验证学员回答内容与问题完全无关时准确性维度直接计0分", "test_module": "讲错题-评分规则", "expected_result": "准确性维度得分直接计为0分（换算后为0分），完整性、逻辑性和清晰度维度仍按各自正常评分规则计算不计特殊扣分，综合评分仅由其他三个维度贡献", "flow_stage": "stage:讲错题", "flow_stage_label": "讲错题", "flow_rank": 2, "cross_cutting": [], "scenario_key": "global:ai_answer_irrelevant_score_zero", "is_scenario_duplicate": true, "duplicate_cluster_id": "SC-007", "duplicate_cluster_size": 3, "duplicate_of_case_id": "TC-107", "misordered_against_requirement_flow": true, "expected_result_quality": "assertable", "expected_result_quality_reason": "contains_concrete_assertion", "expected_result_alignment_warning": true, "truncated_text_detected": false, "case_quality": "valid_case", "invalid_case_reason": "", "invalid_case_signals": [], "model_priority_current": "P0", "model_priority": "P0", "legacy_priority": "P0", "priority_final": "P2", "priority_decision_state": "decided", "priority_decision_source": "conflict_resolved_by_non_blocking_experience_rule", "priority_confidence": "medium", "priority_conflict_reason": "model=P0,suggested=P2", "priority_resolution_reason": "explicit_low_value_or_experience_case", "priority_score": 0, "suggested_priority": "P2", "priority_reasons": ["coverage_gain_non_positive", "low_risk_only_covered_rules_penalty", "no_release_blocking_guard"], "selected_by_review_llm": true, "selected_by_review_must_keep": false, "selected_by_review_constraints": false, "review_constraint_reason": "", "review_llm_drop_reason_raw": "", "review_llm_drop_reason": "", "review_llm_drop_reason_resolved": "", "review_llm_drop_reason_source": "", "review_llm_drop_reason_evidence": {}, "has_positive_evidence": false, "has_coverage_signal": false, "has_high_signal": false, "has_competition_signal": false, "review_llm_filter_applied": false, "must_keep_candidate": false, "must_keep_reasons": [], "selected_by_review_gate": true, "retained_final": false, "dropped_stage": "post_review_dedup_or_reorder", "dropped_reason": "drop_post_review_dedup_or_reorder", "rule_keys": [], "bucket": "讲错题-评分规则|happy", "adds_rule": false, "adds_bucket": false, "high_signal": true, "has_coverage_value": true, "retained_reason": "retained_due_to_coverage_value", "rerank_rank": 111, "focus_score": 0, "covered_rule_ids": ["RULE-021"], "missing_rule_hits": [], "core_rule_hits": [], "coverage_gain_score": -8, "reuse_risk_hit": false, "hit_must_cover_rule": false, "violates_forbidden_pattern": false, "hits_soft_constraint": false, "satisfies_quality_hint": false}, {"candidate_index": 15, "signature": "督导端-讲错题详情弹窗|验证督导端弹窗中学员讲错题未通过时顶部显示学生知识点讲错题未通过文字标识|弹窗顶部醒目位置显示文字标识'学生知识点讲错题未通过'，文字样式与通过标识在视觉上有明确区分（如不同颜色或不同背景），清晰标识该学员未通过讲错题环节|查看综合评分低于8分（未通过）学员的讲错题详情", "case_id": "TC-122", "description": "验证督导端弹窗中学员讲错题未通过时顶部显示学生知识点讲错题未通过文字标识", "test_module": "督导端-讲错题详情弹窗", "expected_result": "弹窗顶部醒目位置显示文字标识'学生知识点讲错题未通过'，文字样式与通过标识在视觉上有明确区分（如不同颜色或不同背景），清晰标识该学员未通过讲错题环节", "flow_stage": "stage:督导端", "flow_stage_label": "督导端", "flow_rank": 7, "cross_cutting": [], "scenario_key": "global:ai_supervisor_detail_button_state", "is_scenario_duplicate": true, "duplicate_cluster_id": "SC-005", "duplicate_cluster_size": 5, "duplicate_of_case_id": "TC-120", "misordered_against_requirement_flow": false, "expected_result_quality": "assertable", "expected_result_quality_reason": "contains_concrete_assertion", "expected_result_alignment_warning": true, "truncated_text_detected": false, "case_quality": "valid_case", "invalid_case_reason": "", "invalid_case_signals": [], "model_priority_current": "P0", "model_priority": "P0", "legacy_priority": "P0", "priority_final": "P1", "priority_decision_state": "decided", "priority_decision_source": "conflict_resolved_by_core_business_rule", "priority_confidence": "medium", "priority_conflict_reason": "model=P0,suggested=P2", "priority_resolution_reason": "core_business_evidence", "priority_score": 11, "suggested_priority": "P2", "priority_reasons": ["main_workflow_hit", "coverage_gain_non_positive", "low_risk_only_covered_rules_penalty", "no_release_blocking_guard"], "selected_by_review_llm": true, "selected_by_review_must_keep": false, "selected_by_review_constraints": false, "review_constraint_reason": "", "review_llm_drop_reason_raw": "", "review_llm_drop_reason": "", "review_llm_drop_reason_resolved": "", "review_llm_drop_reason_source": "", "review_llm_drop_reason_evidence": {}, "has_positive_evidence": false, "has_coverage_signal": false, "has_high_signal": false, "has_competition_signal": false, "review_llm_filter_applied": false, "must_keep_candidate": false, "must_keep_reasons": [], "selected_by_review_gate": true, "retained_final": false, "dropped_stage": "post_review_dedup_or_reorder", "dropped_reason": "drop_post_review_dedup_or_reorder", "rule_keys": [], "bucket": "督导端-讲错题详情弹窗|happy", "adds_rule": false, "adds_bucket": true, "high_signal": true, "has_coverage_value": true, "retained_reason": "retained_default", "rerank_rank": 39, "focus_score": 0, "covered_rule_ids": ["RULE-002", "RULE-019", "RULE-020", "RULE-024", "RULE-025", "RULE-048"], "missing_rule_hits": [], "core_rule_hits": [], "coverage_gain_score": -8, "reuse_risk_hit": false, "hit_must_cover_rule": false, "violates_forbidden_pattern": false, "hits_soft_constraint": false, "satisfies_quality_hint": false}, {"candidate_index": 16, "signature": "督导端-讲错题详情弹窗|验证督导端弹窗中学员讲错题通过时顶部显示学生知识点讲错题通过文字标识|弹窗顶部醒目位置显示文字标识'学生知识点讲错题通过'，文字样式清晰可辨识，与未通过标识在视觉上有明确区分（如颜色不同）|查看综合评分8分以上（通过）学员的讲错题详情", "case_id": "TC-121", "description": "验证督导端弹窗中学员讲错题通过时顶部显示学生知识点讲错题通过文字标识", "test_module": "督导端-讲错题详情弹窗", "expected_result": "弹窗顶部醒目位置显示文字标识'学生知识点讲错题通过'，文字样式清晰可辨识，与未通过标识在视觉上有明确区分（如颜色不同）", "flow_stage": "stage:督导端", "flow_stage_label": "督导端", "flow_rank": 7, "cross_cutting": [], "scenario_key": "global:ai_supervisor_detail_button_state", "is_scenario_duplicate": true, "duplicate_cluster_id": "SC-005", "duplicate_cluster_size": 5, "duplicate_of_case_id": "TC-120", "misordered_against_requirement_flow": false, "expected_result_quality": "assertable", "expected_result_quality_reason": "contains_concrete_assertion", "expected_result_alignment_warning": true, "truncated_text_detected": false, "case_quality": "valid_case", "invalid_case_reason": "", "invalid_case_signals": [], "model_priority_current": "P0", "model_priority": "P0", "legacy_priority": "P0", "priority_final": "P1", "priority_decision_state": "decided", "priority_decision_source": "conflict_resolved_by_core_business_rule", "priority_confidence": "medium", "priority_conflict_reason": "model=P0,suggested=P2", "priority_resolution_reason": "core_business_evidence", "priority_score": 11, "suggested_priority": "P2", "priority_reasons": ["main_workflow_hit", "coverage_gain_non_positive", "low_risk_only_covered_rules_penalty", "no_release_blocking_guard"], "selected_by_review_llm": true, "selected_by_review_must_keep": false, "selected_by_review_constraints": false, "review_constraint_reason": "", "review_llm_drop_reason_raw": "", "review_llm_drop_reason": "", "review_llm_drop_reason_resolved": "", "review_llm_drop_reason_source": "", "review_llm_drop_reason_evidence": {}, "has_positive_evidence": false, "has_coverage_signal": false, "has_high_signal": false, "has_competition_signal": false, "review_llm_filter_applied": false, "must_keep_candidate": false, "must_keep_reasons": [], "selected_by_review_gate": true, "retained_final": false, "dropped_stage": "post_review_dedup_or_reorder", "dropped_reason": "drop_post_review_dedup_or_reorder", "rule_keys": [], "bucket": "督导端-讲错题详情弹窗|happy", "adds_rule": false, "adds_bucket": false, "high_signal": true, "has_coverage_value": true, "retained_reason": "retained_due_to_coverage_value", "rerank_rank": 95, "focus_score": 0, "covered_rule_ids": ["RULE-002", "RULE-019", "RULE-020", "RULE-024", "RULE-025", "RULE-048"], "missing_rule_hits": [], "core_rule_hits": [], "coverage_gain_score": -8, "reuse_risk_hit": false, "hit_must_cover_rule": false, "violates_forbidden_pattern": false, "hits_soft_constraint": false, "satisfies_quality_hint": false}, {"candidate_index": 17, "signature": "费曼学习法交互规则|验证教师角色在纠正学生错误前必须先肯定其思考过程或发现问题的能力|学员回答中先对学生的思考过程或发现问题的能力给予肯定，然后再纠正错误，评分中鼓励与引导维度得分正常|学员回答先肯定学生思考再指出错误点", "case_id": "TC-064", "description": "验证教师角色在纠正学生错误前必须先肯定其思考过程或发现问题的能力", "test_module": "费曼学习法交互规则", "expected_result": "学员回答中先对学生的思考过程或发现问题的能力给予肯定，然后再纠正错误，评分中鼓励与引导维度得分正常", "flow_stage": "stage:费曼学习法", "flow_stage_label": "费曼学习法", "flow_rank": 8, "cross_cutting": ["stage:费曼学习法交互规则"], "scenario_key": "stage:费曼学习法:feedback:obj:费曼_曼学_学习", "is_scenario_duplicate": false, "duplicate_cluster_id": "SC-008", "duplicate_cluster_size": 9, "duplicate_of_case_id": "", "misordered_against_requirement_flow": false, "expected_result_quality": "assertable", "expected_result_quality_reason": "contains_concrete_assertion", "expected_result_alignment_warning": true, "truncated_text_detected": false, "case_quality": "valid_case", "invalid_case_reason": "", "invalid_case_signals": [], "model_priority_current": "P0", "model_priority": "P0", "legacy_priority": "P0", "priority_final": "P1", "priority_decision_state": "decided", "priority_decision_source": "conflict_resolved_by_conservative_middle_priority", "priority_confidence": "medium", "priority_conflict_reason": "model=P0,suggested=P2", "priority_resolution_reason": "conservative_middle_priority", "priority_score": 0, "suggested_priority": "P2", "priority_reasons": ["no_release_blocking_guard"], "selected_by_review_llm": true, "selected_by_review_must_keep": false, "selected_by_review_constraints": false, "review_constraint_reason": "", "review_llm_drop_reason_raw": "", "review_llm_drop_reason": "", "review_llm_drop_reason_resolved": "", "review_llm_drop_reason_source": "", "review_llm_drop_reason_evidence": {}, "has_positive_evidence": false, "has_coverage_signal": false, "has_high_signal": false, "has_competition_signal": false, "review_llm_filter_applied": false, "must_keep_candidate": false, "must_keep_reasons": [], "selected_by_review_gate": true, "retained_final": false, "dropped_stage": "post_review_dedup_or_reorder", "dropped_reason": "drop_post_review_dedup_or_reorder", "rule_keys": [], "bucket": "费曼学习法交互规则|exception", "adds_rule": false, "adds_bucket": false, "high_signal": true, "has_coverage_value": false, "retained_reason": "retained_default", "rerank_rank": 122, "focus_score": 2, "covered_rule_ids": [], "missing_rule_hits": [], "core_rule_hits": [], "coverage_gain_score": 0, "reuse_risk_hit": false, "hit_must_cover_rule": false, "violates_forbidden_pattern": false, "hits_soft_constraint": false, "satisfies_quality_hint": false}], "row_count": 17, "multi_pass": true, "generation_mode": "full_functional_regression", "request_id": "cc620e25ff6b46b6a1c6636a616583fd", "row_count_total": 138, "rows_scope": "sampled_due_to_size"}
GEN_DIAG:{"kind": "generation_summary", "recommended_range": "80-120", "generation_coverage_mode": "full_functional_regression", "expected_count": 100, "expected_count_explicit": true, "recommended_min": 80, "recommended_max": 120, "target_final_count": 100, "soft_min_count": 80, "hard_min_count": 85, "min_acceptable_final": 85, "target_satisfaction_ratio": 0.85, "underfilled": false, "underfill_level": "", "underfill_reason": "", "underfill_root_cause": "", "final_count": 85, "status": "completed_with_quality_stop", "stop_reason": ["stopped_due_to_diminishing_returns"], "quality_assessment": "low", "needs_priority_review": false, "priority_conflict_count": 0, "priority_undetermined_count": 0, "priority_optional_count": 0, "final_priority_breakdown": {"P0": 14, "P1": 62, "P2": 9}, "final_execution_group_breakdown": {"main_smoke": 10, "exception": 7, "independent_functional": 27, "display": 40, "boundary": 1}, "final_module_breakdown_top": {"督导端-操作按钮状态": 13, "界面展示与导航": 5, "评分-评分结果展示": 5, "AI提问逻辑": 4, "AI提问逻辑-题目来源": 3, "界面展示": 3, "督导端-学员信息列表": 3, "督导端-提醒通知": 3, "讲错题-异常场景处理": 3, "讲错题-引导流程": 3, "费曼学习法交互规则": 3, "AI提问逻辑-追问逻辑": 2, "交互流程-回答提交": 2, "交互流程-重复进入": 2, "使用引导": 2, "入口与导航": 2, "状态流转": 2, "督导端-讲错题详情查看": 2, "评分结果展示": 2, "费曼学习法-异常场景": 2}, "final_display_case_count": 5, "final_display_ratio": 0.0588, "final_high_priority_ratio": 0.8941, "multi_pass": true, "generation_mode": "full_functional_regression"}
@@STATUS@@:正常完成
@@STATUS@@:停止原因：stopped_due_to_diminishing_returns（继续生成收益递减）
GEN_DIAG:{"kind": "generation_quality_ledger", "generation_id": 475, "request_id": "cc620e25ff6b46b6a1c6636a616583fd", "generation_mode": "full_functional_regression", "final_count": 85, "quality_assessment": "low", "initial_quality_score": 29, "quality_score": 29, "quality_score_grade": "critical", "quality_score_source": "backend_diagnostic_v1", "quality_score_basis": "coverage+review+judge+funnel+context+manual_profile", "quality_score_confidence": "high", "quality_score_deductions": [{"key": "coverage_gap", "label": "规则覆盖缺口", "count": 0.1087, "points": 3.8}, {"key": "missing_rules", "label": "未覆盖阻断规则", "count": 5, "points": 30.0}, {"key": "judge_rejected", "label": "判定拒绝", "count": 3, "points": 9.0}, {"key": "judge_pending", "label": "待确认逻辑", "count": 2, "points": 3.0}, {"key": "low_quality_dropped", "label": "低质量用例被过滤", "count": 4, "points": 12.0}, {"key": "semantic_dedup", "label": "语义去重压力", "count": 29, "points": 10.0}, {"key": "manual_priority_distribution_drift", "label": "人工画像优先级分布偏移", "count": 0.2941, "points": 3.53}], "quality_score_inputs": {"coverage_rate": 0.8913, "total_rules": 46, "missing_rules_count": 5, "final_count": 85, "candidate_total": 138, "retained_total": 85, "judge_total": 126, "rejected_count": 3, "pending_count": 2, "repairable_count": 0, "raw_repairable_count": 1, "repaired_pass_count": 0, "unrepaired_repairable_count": 1, "fact_profile_forbidden_count": 0, "fact_violation_count": 0, "flow_missing_count": 0, "flow_misordered_count": 0, "scenario_duplicate_cluster_count": 0, "scenario_duplicate_case_count": 0, "low_quality_dropped_count": 4, "semantic_dedup_dropped_count": 0, "semantic_dedup_pressure_count": 40, "semantic_dedup_penalty_count": 29, "structure_metric_scope": "final_cases", "manual_quality_profile_applied": true, "manual_quality_profile_version": "d7ad8a659c760415", "manual_high_priority_ratio_shortfall": 0.0, "manual_display_ratio_excess": 0.0, "manual_priority_distribution_drift": 0.2941, "manual_module_distribution_drift": 0.0}, "manual_delivery": {"applied": true, "profile_source": "priority_sample_pool_manual_verified", "profile_version": "d7ad8a659c760415", "profile_trusted_sample_count": 51, "raw_target_high_priority_ratio": 0.9375, "target_high_priority_ratio": 0.6, "high_priority_target_calibrated": true, "high_priority_target_calibration_reason": "full_functional_regression_suite_mix_cap", "final_high_priority_ratio": 0.8941, "high_priority_ratio_shortfall": 0.0, "effective_priority_distribution_target": {"P0": 0.04, "P1": 0.56, "P2": 0.4}, "target_display_ratio_cap": 0.45, "final_display_ratio": 0.0588, "display_ratio_excess": 0.0, "priority_distribution_drift": 0.2941, "module_distribution_drift": 0.0}, "stop_reason": ["stopped_due_to_diminishing_returns"], "coverage": {"coverage_rate": 0.8913, "total_rules": 46, "total_extracted_rules": 54, "missing_rules_count": 5, "missing_boundary_count": 0, "missing_exception_count": 0, "non_blocking_rules_count": 8}, "funnel": {"primary_count": 125, "gap_count": 13, "review_count": 125, "candidate_count_before_review": 138, "review_selected_count": 125, "post_review_dedup_drop": 40, "final_description_dedup_drop_count": 0, "total_dedup_drop_count": 40, "low_quality_dropped_count": 4, "low_quality_dropped_examples": [{"stage": "post_judge_quality_filter", "reason": "non_assertable_expected_result", "case_id": "TC-050", "test_module": "界面展示与导航", "priority": "P2", "description": "验证打印按钮点击后弹窗选择打印内容", "expected_result": "弹出打印内容选择弹窗，提供可选择的打印内容选项"}, {"stage": "post_judge_quality_filter", "reason": "non_assertable_expected_result", "case_id": "TC-061", "test_module": "界面展示", "priority": "P2", "description": "验证点击打印按钮弹出打印内容选择弹窗", "expected_result": "弹出打印内容选择弹窗，提供可选择的打印范围或项目选项，非直接触发打印"}, {"stage": "post_judge_quality_filter", "reason": "non_assertable_expected_result", "case_id": "TC-099", "test_module": "督导端数据展示", "priority": "P2", "description": "验证督导端学员列表课程列正确展示标准化、同步体系课等类型", "expected_result": "课程列准确显示学员当前学习的课程类型标签（如标准化、同步体系课），与后台分配的课程数据一致"}, {"stage": "post_judge_quality_filter", "reason": "non_assertable_expected_result", "case_id": "TC-100", "test_module": "督导端数据展示", "priority": "P2", "description": "验证督导端学员未定教材时近期学习计划列不展示内容", "expected_result": "该学员的近期学习计划列为空白，不展示任何课程章节内容或提示文字"}], "semantic_dedup_dropped_count": 0}, "review": {"candidate_total": 138, "retained_total": 85, "drop_by_review_llm_count": 0, "drop_by_review_gate_count": 0, "drop_by_post_review_dedup_count": 40, "drop_final_description_duplicate_count": 0, "flow_missing_stage_count": 0, "flow_misordered_count": 104, "final_flow_missing_stage_count": 0, "final_flow_misordered_count": 0, "scenario_duplicate_cluster_count": 39, "scenario_duplicate_case_count": 130, "final_scenario_duplicate_cluster_count": 0, "final_scenario_duplicate_case_count": 0, "fact_profile_forbidden_count": 0, "fact_profile_pending_count": 0}, "judge": {"total": 126, "rejected_out_count": 3, "pending_out_count": 2, "repairable_count": 0, "raw_repairable_count": 1, "repaired_pass_out_count": 0, "unrepaired_repairable_count": 1, "fact_violation_count": 0, "rejected_total": 3, "reason_clusters": {"semantic_duplicate": 3}, "dominant_reason": "semantic_duplicate"}, "context": {"snapshot_status": "success", "snapshot_used": true, "realtime_rag_used": true, "current_document_used": true, "fusion_mode": "snapshot+rag", "compression_ratio": 0.2839, "retained_chunk_count": 1}, "control": {"control_state_applied": true, "generation_coverage_mode": "full_functional_regression", "must_cover_rules_count": 0, "quality_fix_hints_count": 14}, "case_quality_gate": {"kind": "case_quality_gate", "mode": "shadow", "passed": false, "blocked": false, "failure_reasons": ["quality_score_critical"], "metrics": {"final_count": 85, "min_acceptable_final": 85, "quality_score": 29, "quality_score_grade": "critical", "final_scenario_duplicate_case_count": 0, "final_flow_misordered_count": 0, "judge_rejected_count": 3, "reasoning_leak_count": 0, "role_mismatch_count": 0}}}
GEN_DIAG:{"kind": "case_quality_gate", "mode": "shadow", "passed": false, "blocked": false, "failure_reasons": ["quality_score_critical"], "metrics": {"final_count": 85, "min_acceptable_final": 85, "quality_score": 29, "quality_score_grade": "critical", "final_scenario_duplicate_case_count": 0, "final_flow_misordered_count": 0, "judge_rejected_count": 3, "reasoning_leak_count": 0, "role_mismatch_count": 0}, "generation_id": 475, "request_id": "cc620e25ff6b46b6a1c6636a616583fd"}
GEN_DIAG:{"kind": "coverage_check", "total_rules": 46, "total_extracted_rules": 54, "non_blocking_rules": ["RULE-005", "RULE-014", "RULE-018", "RULE-035", "RULE-037", "RULE-038", "RULE-039", "RULE-040"], "covered_rules": ["RULE-001", "RULE-002", "RULE-003", "RULE-004", "RULE-006", "RULE-007", "RULE-008", "RULE-009", "RULE-010", "RULE-011", "RULE-012", "RULE-013", "RULE-015", "RULE-016", "RULE-017", "RULE-019", "RULE-020", "RULE-021", "RULE-022", "RULE-023", "RULE-024", "RULE-025", "RULE-026", "RULE-027", "RULE-028", "RULE-029", "RULE-030", "RULE-031", "RULE-032", "RULE-033", "RULE-036", "RULE-043", "RULE-044", "RULE-045", "RULE-046", "RULE-047", "RULE-048", "RULE-049", "RULE-051", "RULE-052", "RULE-053"], "missing_rules": ["RULE-034", "RULE-041", "RULE-042", "RULE-050", "RULE-054"], "rule_diagnostics": [{"rule_id": "RULE-001", "rule_text": "ii.“返回” 按钮用于返回上一级", "biz_key": "unknown", "rule_level": "hard", "confidence": "high", "source_type": "confirmed_requirement", "blocking": true, "non_blocking_reason": "", "covered": true, "coverage_types": ["happy"], "missing_types": []}, {"rule_id": "RULE-002", "rule_text": "iv.“切换课程” 按钮", "biz_key": "unknown", "rule_level": "hard", "confidence": "high", "source_type": "confirmed_requirement", "blocking": true, "non_blocking_reason": "", "covered": true, "coverage_types": ["exception", "happy", "risk"], "missing_types": []}, {"rule_id": "RULE-003", "rule_text": "能’‘’‘’‘让学员切换到", "biz_key": "unknown", "rule_level": "hard", "confidence": "high", "source_type": "confirmed_requirement", "blocking": true, "non_blocking_reason": "", "covered": true, "coverage_types": ["exception", "happy"], "missing_types": []}, {"rule_id": "RULE-004", "rule_text": "展示区。以对话框样式展示 AI 提出", "biz_key": "unknown", "rule_level": "hard", "confidence": "high", "source_type": "confirmed_requirement", "blocking": true, "non_blocking_reason": "", "covered": true, "coverage_types": ["exception", "happy", "risk"], "missing_types": []}, {"rule_id": "RULE-005", "rule_text": "界面展示", "biz_key": "unknown", "rule_level": "soft", "confidence": "low", "source_type": "short_fragment", "blocking": false, "non_blocking_reason": "short_fragment", "covered": true, "coverage_types": ["happy"], "missing_types": []}, {"rule_id": "RULE-006", "rule_text": "3.重复进入:保留对话内容,未完成可以", "biz_key": "unknown", "rule_level": "hard", "confidence": "high", "source_type": "confirmed_requirement", "blocking": true, "non_blocking_reason": "", "covered": true, "coverage_types": ["boundary", "exception", "happy", "risk"], "missing_types": []}, {"rule_id": "RULE-007", "rule_text": "识错题” 页面,AI 自动展示一道问", "biz_key": "unknown", "rule_level": "hard", "confidence": "high", "source_type": "confirmed_requirement", "blocking": true, "non_blocking_reason": "", "covered": true, "coverage_types": ["exception", "happy"], "missing_types": []}, {"rule_id": "RULE-008", "rule_text": "内容下方以新的对话框形式展示追", "biz_key": "unknown", "rule_level": "hard", "confidence": "high", "source_type": "confirmed_requirement", "blocking": true, "non_blocking_reason": "", "covered": true, "coverage_types": ["boundary", "exception", "happy", "risk"], "missing_types": []}, {"rule_id": "RULE-009", "rule_text": "去日清,点击后进入日清页面;", "biz_key": "unknown", "rule_level": "hard", "confidence": "high", "source_type": "confirmed_requirement", "blocking": true, "non_blocking_reason": "", "covered": true, "coverage_types": ["exception", "happy", "risk"], "missing_types": []}, {"rule_id": "RULE-010", "rule_text": "按钮提示:联系督导,点击之后督", "biz_key": "unknown", "rule_level": "hard", "confidence": "high", "source_type": "confirmed_requirement", "blocking": true, "non_blocking_reason": "", "covered": true, "coverage_types": ["happy"], "missing_types": []}, {"rule_id": "RULE-011", "rule_text": "a.顶部信息栏:页面顶部显示机构名", "biz_key": "unknown", "rule_level": "hard", "confidence": "high", "source_type": "confirmed_requirement", "blocking": true, "non_blocking_reason": "", "covered": true, "coverage_types": ["exception", "happy"], "missing_types": []}, {"rule_id": "RULE-012", "rule_text": "b.学员信息列表:以表格形式展示学", "biz_key": "unknown", "rule_level": "hard", "confidence": "high", "source_type": "confirmed_requirement", "blocking": true, "non_blocking_reason": "", "covered": true, "coverage_types": ["boundary", "exception", "happy", "risk"], "missing_types": []}, {"rule_id": "RULE-013", "rule_text": "i. 学员姓名:显示学员真实姓", "biz_key": "unknown", "rule_level": "hard", "confidence": "high", "source_type": "confirmed_requirement", "blocking": true, "non_blocking_reason": "", "covered": true, "coverage_types": ["boundary", "exception", "happy"], "missing_types": []}, {"rule_id": "RULE-014", "rule_text": "就不展示;", "biz_key": "unknown", "rule_level": "soft", "confidence": "low", "source_type": "short_fragment", "blocking": false, "non_blocking_reason": "short_fragment", "covered": false, "coverage_types": [], "missing_types": []}, {"rule_id": "RULE-015", "rule_text": "员点击了完成(包括对答案", "biz_key": "unknown", "rule_level": "hard", "confidence": "high", "source_type": "confirmed_requirement", "blocking": true, "non_blocking_reason": "", "covered": true, "coverage_types": ["exception", "happy", "risk"], "missing_types": []}, {"rule_id": "RULE-016", "rule_text": "v.近期学习计划:展示学员接下", "biz_key": "unknown", "rule_level": "hard", "confidence": "high", "source_type": "confirmed_requirement", "blocking": true, "non_blocking_reason": "", "covered": true, "coverage_types": ["boundary", "exception", "happy", "risk"], "missing_types": []}, {"rule_id": "RULE-017", "rule_text": "该教材的最后课程,则不展示", "biz_key": "unknown", "rule_level": "hard", "confidence": "high", "source_type": "confirmed_requirement", "blocking": true, "non_blocking_reason": "", "covered": true, "coverage_types": ["happy"], "missing_types": []}, {"rule_id": "RULE-018", "rule_text": "材,也不展示;", "biz_key": "unknown", "rule_level": "soft", "confidence": "low", "source_type": "short_fragment", "blocking": false, "non_blocking_reason": "short_fragment", "covered": false, "coverage_types": [], "missing_types": []}, {"rule_id": "RULE-019", "rule_text": "vi.督导:显示负责该学员的督导", "biz_key": "unknown", "rule_level": "hard", "confidence": "high", "source_type": "confirmed_requirement", "blocking": true, "non_blocking_reason": "", "covered": true, "coverage_types": ["boundary", "exception", "happy"], "missing_types": []}, {"rule_id": "RULE-020", "rule_text": "1.查看讲错题讲知识点:点击", "biz_key": "unknown", "rule_level": "hard", "confidence": "high", "source_type": "confirmed_requirement", "blocking": true, "non_blocking_reason": "", "covered": true, "coverage_types": ["boundary", "exception", "happy"], "missing_types": []}, {"rule_id": "RULE-021", "rule_text": "弹窗展示当节课详情,其他", "biz_key": "unknown", "rule_level": "hard", "confidence": "high", "source_type": "confirmed_requirement", "blocking": true, "non_blocking_reason": "", "covered": true, "coverage_types": ["exception", "happy"], "missing_types": []}, {"rule_id": "RULE-022", "rule_text": "页面以模态框形式展示学员讲错题", "biz_key": "unknown", "rule_level": "hard", "confidence": "high", "source_type": "confirmed_requirement", "blocking": true, "non_blocking_reason": "", "covered": true, "coverage_types": ["boundary", "exception", "happy", "risk"], "missing_types": []}, {"rule_id": "RULE-023", "rule_text": "1.弹出窗口:当督导点击 “查看讲错题讲", "biz_key": "unknown", "rule_level": "hard", "confidence": "high", "source_type": "confirmed_requirement", "blocking": true, "non_blocking_reason": "", "covered": true, "coverage_types": ["boundary", "exception", "happy"], "missing_types": []}, {"rule_id": "RULE-024", "rule_text": "通过,显示文字 “学生知识点讲错题通", "biz_key": "unknown", "rule_level": "hard", "confidence": "high", "source_type": "confirmed_requirement", "blocking": true, "non_blocking_reason": "", "covered": true, "coverage_types": ["boundary", "exception", "happy"], "missing_types": []}, {"rule_id": "RULE-025", "rule_text": "显示文字 “学生知识点讲错题未通", "biz_key": "unknown", "rule_level": "hard", "confidence": "high", "source_type": "confirmed_requirement", "blocking": true, "non_blocking_reason": "", "covered": true, "coverage_types": ["boundary", "exception", "happy"], "missing_types": []}, {"rule_id": "RULE-026", "rule_text": "a.展示章节:就是最近一节课的", "biz_key": "unknown", "rule_level": "hard", "confidence": "high", "source_type": "confirmed_requirement", "blocking": true, "non_blocking_reason": "", "covered": true, "coverage_types": ["happy"], "missing_types": []}, {"rule_id": "RULE-027", "rule_text": "什么情况下展示这个按钮", "biz_key": "unknown", "rule_level": "hard", "confidence": "high", "source_type": "confirmed_requirement", "blocking": true, "non_blocking_reason": "", "covered": true, "coverage_types": ["boundary", "exception", "happy", "risk"], "missing_types": []}, {"rule_id": "RULE-028", "rule_text": "AI给最终得分了,就展示", "biz_key": "unknown", "rule_level": "hard", "confidence": "high", "source_type": "confirmed_requirement", "blocking": true, "non_blocking_reason": "", "covered": true, "coverage_types": ["happy"], "missing_types": []}, {"rule_id": "RULE-029", "rule_text": "场景)中,点击该按钮。", "biz_key": "unknown", "rule_level": "hard", "confidence": "high", "source_type": "confirmed_requirement", "blocking": true, "non_blocking_reason": "", "covered": true, "coverage_types": ["exception", "happy", "risk"], "missing_types": []}, {"rule_id": "RULE-030", "rule_text": "2.跳转逻辑:点击后,停留在当前页面。学", "biz_key": "unknown", "rule_level": "hard", "confidence": "high", "source_type": "confirmed_requirement", "blocking": true, "non_blocking_reason": "", "covered": true, "coverage_types": ["happy"], "missing_types": []}, {"rule_id": "RULE-031", "rule_text": "点击该按钮。", "biz_key": "unknown", "rule_level": "hard", "confidence": "high", "source_type": "confirmed_requirement", "blocking": true, "non_blocking_reason": "", "covered": true, "coverage_types": ["exception", "happy", "risk"], "missing_types": []}, {"rule_id": "RULE-032", "rule_text": "2.跳转逻辑:点击后,直接跳转至本次随堂", "biz_key": "unknown", "rule_level": "hard", "confidence": "high", "source_type": "confirmed_requirement", "blocking": true, "non_blocking_reason": "", "covered": true, "coverage_types": ["happy"], "missing_types": []}, {"rule_id": "RULE-033", "rule_text": "2.跳转逻辑:点击后,跳转至讲讲题页面。", "biz_key": "unknown", "rule_level": "hard", "confidence": "high", "source_type": "confirmed_requirement", "blocking": true, "non_blocking_reason": "", "covered": true, "coverage_types": ["happy"], "missing_types": []}, {"rule_id": "RULE-034", "rule_text": "式调整一下,", "biz_key": "unknown", "rule_level": "hard", "confidence": "high", "source_type": "confirmed_requirement", "blocking": true, "non_blocking_reason": "", "covered": false, "coverage_types": [], "missing_types": ["happy"]}, {"rule_id": "RULE-035", "rule_text": "开发适配点:", "biz_key": "unknown", "rule_level": "soft", "confidence": "low", "source_type": "label_fragment", "blocking": false, "non_blocking_reason": "label_fragment", "covered": false, "coverage_types": [], "missing_types": []}, {"rule_id": "RULE-036", "rule_text": "a.需支持 “错误选项”“正确选项”", "biz_key": "unknown", "rule_level": "hard", "confidence": "high", "source_type": "confirmed_requirement", "blocking": true, "non_blocking_reason": "", "covered": true, "coverage_types": ["exception", "happy"], "missing_types": []}, {"rule_id": "RULE-037", "rule_text": "开发适配点:", "biz_key": "unknown", "rule_level": "soft", "confidence": "low", "source_type": "label_fragment", "blocking": false, "non_blocking_reason": "label_fragment", "covered": false, "coverage_types": [], "missing_types": []}, {"rule_id": "RULE-038", "rule_text": "开发适配点:", "biz_key": "unknown", "rule_level": "soft", "confidence": "low", "source_type": "label_fragment", "blocking": false, "non_blocking_reason": "label_fragment", "covered": false, "coverage_types": [], "missing_types": []}, {"rule_id": "RULE-039", "rule_text": "开发适配点:", "biz_key": "unknown", "rule_level": "soft", "confidence": "low", "source_type": "label_fragment", "blocking": false, "non_blocking_reason": "label_fragment", "covered": false, "coverage_types": [], "missing_types": []}, {"rule_id": "RULE-040", "rule_text": "开发适配点:", "biz_key": "unknown", "rule_level": "soft", "confidence": "low", "source_type": "label_fragment", "blocking": false, "non_blocking_reason": "label_fragment", "covered": false, "coverage_types": [], "missing_types": []}, {"rule_id": "RULE-041", "rule_text": "能”(如显示 “满分”),并输出", "biz_key": "unknown", "rule_level": "hard", "confidence": "high", "source_type": "confirmed_requirement", "blocking": true, "non_blocking_reason": "", "covered": false, "coverage_types": [], "missing_types": ["happy"]}, {"rule_id": "RULE-042", "rule_text": "误,返回阶段 4 重新梳理,不触发打", "biz_key": "unknown", "rule_level": "hard", "confidence": "high", "source_type": "confirmed_requirement", "blocking": true, "non_blocking_reason": "", "covered": false, "coverage_types": [], "missing_types": ["happy"]}, {"rule_id": "RULE-043", "rule_text": "◦ 界面底部有 **“点击对话”** ⻨克", "biz_key": "unknown", "rule_level": "hard", "confidence": "high", "source_type": "confirmed_requirement", "blocking": true, "non_blocking_reason": "", "covered": true, "coverage_types": ["happy"], "missing_types": []}, {"rule_id": "RULE-044", "rule_text": "戶参与互动;用戶点击 “好的,接受挑", "biz_key": "unknown", "rule_level": "hard", "confidence": "high", "source_type": "confirmed_requirement", "blocking": true, "non_blocking_reason": "", "covered": true, "coverage_types": ["happy"], "missing_types": []}, {"rule_id": "RULE-045", "rule_text": "题提问、用戶逐步讲解);用戶点击", "biz_key": "unknown", "rule_level": "hard", "confidence": "high", "source_type": "confirmed_requirement", "blocking": true, "non_blocking_reason": "", "covered": true, "coverage_types": ["happy"], "missing_types": []}, {"rule_id": "RULE-046", "rule_text": "◦ 弹出对话框,内容为:“你点击对话", "biz_key": "unknown", "rule_level": "hard", "confidence": "high", "source_type": "confirmed_requirement", "blocking": true, "non_blocking_reason": "", "covered": true, "coverage_types": ["exception", "happy", "risk"], "missing_types": []}, {"rule_id": "RULE-047", "rule_text": "击 “点击对话” 后表达思路);用戶点", "biz_key": "unknown", "rule_level": "hard", "confidence": "high", "source_type": "confirmed_requirement", "blocking": true, "non_blocking_reason": "", "covered": true, "coverage_types": ["happy", "risk"], "missing_types": []}, {"rule_id": "RULE-048", "rule_text": "点击 “完成”;如果还有补充的思", "biz_key": "unknown", "rule_level": "hard", "confidence": "high", "source_type": "confirmed_requirement", "blocking": true, "non_blocking_reason": "", "covered": true, "coverage_types": ["exception", "happy"], "missing_types": []}, {"rule_id": "RULE-049", "rule_text": "路或细节,点击 “继续录音” 就能", "biz_key": "unknown", "rule_level": "hard", "confidence": "high", "source_type": "confirmed_requirement", "blocking": true, "non_blocking_reason": "", "covered": true, "coverage_types": ["happy"], "missing_types": []}, {"rule_id": "RULE-050", "rule_text": "选择(收尾 / 补充讲解);用戶点击", "biz_key": "unknown", "rule_level": "hard", "confidence": "high", "source_type": "confirmed_requirement", "blocking": true, "non_blocking_reason": "", "covered": false, "coverage_types": [], "missing_types": ["happy"]}, {"rule_id": "RULE-051", "rule_text": "节,可通过 “点击对话” 开始表达,并", "biz_key": "unknown", "rule_level": "hard", "confidence": "high", "source_type": "confirmed_requirement", "blocking": true, "non_blocking_reason": "", "covered": true, "coverage_types": ["happy"], "missing_types": []}, {"rule_id": "RULE-052", "rule_text": "2.新增了高中数理化之后,需要各科老师,评估数理化英语各科目的效果之后,决定是", "biz_key": "unknown", "rule_level": "hard", "confidence": "high", "source_type": "confirmed_requirement", "blocking": true, "non_blocking_reason": "", "covered": true, "coverage_types": ["happy"], "missing_types": []}, {"rule_id": "RULE-053", "rule_text": "◦ 【新增】纠错有效性 (扣分项):若学生在后续提问中因教师解释不清而再次出现", "biz_key": "unknown", "rule_level": "hard", "confidence": "high", "source_type": "confirmed_requirement", "blocking": true, "non_blocking_reason": "", "covered": true, "coverage_types": ["exception", "happy"], "missing_types": []}, {"rule_id": "RULE-054", "rule_text": "用得超棒〜 保持这份严谨,成绩一定稳步攀升!", "biz_key": "unknown", "rule_level": "hard", "confidence": "high", "source_type": "confirmed_requirement", "blocking": true, "non_blocking_reason": "", "covered": false, "coverage_types": [], "missing_types": ["happy"]}], "coverage_rate": 0.8913, "missing_types": {"boundary": [], "exception": []}, "multi_pass": true, "generation_mode": "full_functional_regression"}
GEN_COVERAGE_DIAG:{"diag_version": "2.5", "expected_count": 100, "generated_count": 85, "missing_count": 15, "positive_count": 74, "negative_count": 11, "edge_count": 0, "missing_boundary_class": true, "missing_exception_class": false, "avg_steps": 3.3765, "possible_gap_reasons": ["under_generated_vs_expected_count", "missing_boundary_cases"], "generated_case_count": 85, "module_count": 39, "modules_preview": ["AI提问展示", "AI提问逻辑", "AI提问逻辑-追问方向", "AI提问逻辑-追问逻辑", "AI提问逻辑-题目来源", "交互操作流程", "交互流程-初始提问", "交互流程-回答提交", "交互流程-追问交互", "交互流程-重复进入", "使用引导", "入口与导航"], "priority_distribution": {"P0": 14, "P1": 62, "P2": 9, "other": 0}, "requirement_keyword_count": 40, "requirement_keyword_hit_count": 26, "requirement_keyword_coverage": 0.65, "missing_requirement_keywords": ["讲错题接", "原型", "原型图", "需求描述", "左侧设置垂直排列的学习步骤导航", "读取讲的名称", "于返回上", "iii", "打印", "按钮弹窗选择打印内", "让学员切换到", "提问提问", "占据", "部分空间的区域为提问"], "kb_keyword_count": 30, "kb_keyword_hit_count": 3, "kb_keyword_coverage": 0.1, "context_anchor_term_count": 0, "context_anchor_term_hit_count": 0, "context_anchor_coverage": 0.0, "requirement_constraints_count": 20, "covered_constraints_count": 4, "missing_constraints_preview": ["0-19", "0-3", "0-4", "0-5", "0-9", "10-19", "12-15", "15-20", "20-25", "20-34", "35-40", "4-5"]}
{"event": "finish", "stream_generation_id": 475, "latest_generation_id": 475, "new_generation_created": true, "result_len": 89612, "requirement_len": 11258}
