Successfully connected to MySQL database: ai_test_platform
Redis connection failed, fallback to local L1 only: Timeout connecting to server
Local L1 cache backend: memory
{"event": "start", "doc_id": 230, "filename": "讲错题接入AI.pdf", "content_len": 11258, "before_latest_generation_id": 473, "expected_count": 100}
snapshot readiness gate: enabled=False before=success after=success poll=0 elapsed_ms=0 result=gate_disabled_proceed queue=none/none
@@CONTEXT_DEBUG@@:{"snapshot_status": "success", "snapshot_ready": true, "snapshot_used": true, "snapshot_fallback_reason": "", "realtime_rag_used": true, "current_document_used": true, "snapshot_rebuild_triggered": false, "snapshot_rebuild_reason": "none"}
@@STATUS@@:snapshot gate result: gate_disabled_proceed (poll=0, elapsed_ms=0)
@@STATUS@@:preparing project snapshot context...
@@STATUS@@:snapshot ready and reusable -> using snapshot (reason=snapshot_success_and_hash_matched)
@@STATUS@@:precision retrieval enabled (explicit_precision_mode,generation_default_precision)
@@STATUS@@:hybrid fusion done: mode=snapshot+rag rag_chunks=1 tokens~2314
@@STATUS@@:[multi-pass] 阶段1/3 主生成开始...
@@STATUS@@:正在进行需求元分析 (Meta-Analysis)，识别系统类型与测试策略...
@@STATUS@@:分析完成 - 系统类型: Tablet + Web, 复杂度: High, 策略: {"functional": 0.65, "regression": 0.15, "non_functional": 0.2}...
@@STATUS@@:正在生成第 1/4 批次 (25 条) - 第 1 次尝试...
```
json

[
 
 {
   
 "
id
":
 "
TC
-
001
",
   
 "
description
":
 "
左侧
导航
栏
展示
学习
步骤
，
当前
步骤
高
亮
为
第五
步
讲
知识
错
题
",
   
 "
test
_module
":
 "
页面
入口
与
导航
",
   
 "
pre
conditions
":
 ["
学员
已
登录
",
 "
学员
有
进行
中的
课程
学习
任务
"],
   
 "
steps
":
 ["
进入
课程
学习
页面
",
 "
点击
左侧
导航
栏
'
第五
步
 讲
知识
错
题
'
"],
   
 "
test
_input
":
 "
当前
处于
第四
步
随
堂
测
完成
状态
",
   
 "
expected
_result
":
 "
左侧
导航
栏
垂直
展示
六
步
学习
步骤
，
'
第五
步
 讲
知识
错
题
'
高
亮
标记
为
当前
步骤
，
其余
步骤
非
高
亮
",
   
 "
priority
":
 "
P
1
"
 
 },
 
 {
   
 "
id
":
 "
TC
-
002
",
   
 "
description
":
 "
课程
信息
区
标题
正确
读取
当前
讲的
名称
",
   
 "
test
_module
":
 "
页面
入口
与
导航
",
   
 "
pre
conditions
":
 ["
学员
已
进入
第五
步
讲
知识
错
题
页面
",
 "
当前
讲
名称
为
'
第
3
讲
 化
学
变化
'
"],
   
 "
steps
":
 ["
观察
课程
信息
区
标题
区域
"],
   
 "
test
_input
":
 "
当前
讲
名称
为
'
第
3
讲
 化
学
变化
'",
   
 "
expected
_result
":
 "
课程
信息
区
标题
文字
显示
为
'
第
3
讲
 化
学
变化
'
，
与
后台
配置
的
讲
名称
一致
",
   
 "
priority
":
 "
P
2
"
 
 },
 
 {
   
 "
id
":
 "
TC
-
00
3
",
   
 "
description
":
 "
返回
按钮
从
哪
来回
哪
去
，
返回
上一
级
页面
",
   
 "
test
_module
":
 "
页面
入口
与
导航
",
   
 "
pre
conditions
":
 ["
学员
从
随
堂
测
结果
页
点击
'
讲
知识
错
题
'
按钮
进入
",
 "
当前
处于
第五
步
讲
知识
错
题
页面
"],
   
 "
steps
":
 ["
点击
课程
信息
区的
'
返回
'
按钮
"],
   
 "
test
_input
":
 "
来源
页面
为
随
堂
测
结果
反馈
弹
窗
",
   
 "
expected
_result
":
 "
页面
跳
转
回
随
堂
测
结果
反馈
弹
窗
页面
，
而非
固定
跳
转到
某个
默认
页面
",
   
 "
priority
":
 "
P
1
"
 
 },
 
 {
   
 "
id
":
 "
TC
-
00
4
",
   
 "
description
":
 "
打印
按钮
点击
后
弹
窗
选择
打印
内容
",
   
 "
test
_module
":
 "
页面
入口
与
导航
",
   
 "
pre
conditions
":
 ["
学员
已
进入
第五
步
讲
知识
错
题
页面
"],
   
 "
steps
":
 ["
点击
课程
信息
区的
'
打印
'
按钮
"],
   
 "
test
_input
":
 "
无
额外
输入
",
   
 "
expected
_result
":
 "
弹出
打印
内容
选择
弹
窗
，
弹
窗
中
包含
可
选择的
打印
内容
选项
",
   
 "
priority
":
 "
P
2
"
 
 },
 
 {
   
 "
id
":
 "
TC
-
00
5
",
   
 "
description
":
 "
切换
课程
按钮
跳
转到
其他
课程
学习
页面
",
   
 "
test
_module
":
 "
页面
入口
与
导航
",
   
 "
pre
conditions
":
 ["
学员
已
进入
第五
步
讲
知识
错
题
页面
",
 "
学员
有
其他
可
切换
的课程
"],
   
 "
steps
":
 ["
点击
课程
信息
区的
'
切换
课程
'
按钮
",
 "
在
弹
出的
课程
列表
中选择
另一
门
课程
"],
   
 "
test
_input
":
 "
选择
切换
到
'
物理
-
力学
'
课程
",
   
 "
expected
_result
":
 "
页面
跳
转
至
'
物理
-
力学
'
课程
的学习
页面
，
课程
信息
区
标题
和
内容
更新
为
对应
课程
信息
",
   
 "
priority
":
 "
P
1
"
 
 },
 
 {
   
 "
id
":
 "
TC
-
00
6
",
   
 "
description
":
 "
AI
提问
区域
以
对话框
样式
展示
AI
提出
的问题
",
   
 "
test
_module
":
 "
AI
提问
展示
",
   
 "
pre
conditions
":
 ["
学员
已
进入
第五
步
讲
知识
错
题
页面
",
 "
本
讲
存在
错
题
"],
   
 "
steps
":
 ["
进入
页面
后
观察
AI
提问
展示
区域
"],
   
 "
test
_input
":
 "
本
讲
有
2
道
错
题
",
   
 "
expected
_result
":
 "
课程
信息
区
下方
大面积
区域
展示
AI
提问
内容
，
以
对话框
样式
呈现
，
问题
内容
与
抽取
的
错
题
相关
",
   
 "
priority
":
 "
P
1
"
 
 },
 
 {
   
 "
id
":
 "
TC
-
007
",
   
 "
description
":
 "
题目
来源
优先
从
本
讲
错
题
中
抽取
1
-
2
道
",
   
 "
test
_module
":
 "
AI
提问
逻辑
",
   
 "
pre
conditions
":
 ["
学员
本
讲
有
3
道
错
题
",
 "
学员
进入
第五
步
讲
知识
错
题
页面
"],
   
 "
steps
":
 ["
进入
页面
触发
AI
提问
",
 "
观察
AI
抽取
的
题目
"],
   
 "
test
_input
":
 "
本
讲
错
题
3
道
，
正确
题
2
道
",
   
 "
expected
_result
":
 "
AI
抽取
的
1
-
2
道
题目
均
来自
本
讲
错
题
集合
，
不
包含
回答
正确的
题目
",
   
 "
priority
":
 "
P
1
"
 
 },
 
 {
   
 "
id
":
 "
TC
-
00
8
",
   
 "
description
":
 "
错
题
不足
时
抽取
回答
正确的
题目
补充
",
   
 "
test
_module
":
 "
AI
提问
逻辑
",
   
 "
pre
conditions
":
 ["
学员
本
讲
仅有
1
道
错
题
",
 "
本
讲
共
做了
5
道
题
"],
   
 "
steps
":
 ["
进入
页面
触发
AI
提问
",
 "
观察
AI
抽取
的
题目
"],
   
 "
test
_input
":
 "
本
讲
错
题
1
道
，
正确
题
4
道
",
   
 "
expected
_result
":
 "
AI
抽取
2
道
题目
，
其中
1
道
来自
错
题
，
另
1
道
来自
回答
正确的
题目
",
   
 "
priority
":
 "
P
1
"
 
 },
 
 {
   
 "
id
":
 "
TC
-
00
9
",
   
 "
description
":
 "
一道
题
没
做
时
展示
淡
白色
提示
文案
",
   
 "
test
_module
":
 "
AI
提问
逻辑
",
   
 "
pre
conditions
":
 ["
学员
本
讲
未
做过
任何
题目
",
 "
学员
进入
第五
步
讲
知识
错
题
页面
"],
   
 "
steps
":
 ["
进入
页面
观察
提示
信息
"],
   
 "
test
_input
":
 "
本
讲
做题
数为
0
",
   
 "
expected
_result
":
 "
页面
展示
淡
白色
文案
提示
：
'
当前
您
还没有
做过
题
，
快
去做
题
来
检测
一下
自己的
知识
掌握
程度
吧
'
，
不
展示
AI
提问
对话框
",
   
 "
priority
":
 "
P
1
"
 
 },
 
 {
   
 "
id
":
 "
TC
-
010
",
   
 "
description
":
 "
做了
全
对
时
随机
抽取
两
道
题目
进行
追问
",
   
 "
test
_module
":
 "
AI
提问
逻辑
",
   
 "
pre
conditions
":
 ["
学员
本
讲
所有
题目
均
回答
正确
",
 "
本
讲
共
做了
4
道
题
"],
   
 "
steps
":
 ["
进入
页面
触发
AI
提问
",
 "
观察
AI
抽取
的
题目
"],
   
 "
test
_input
":
 "
本
讲
错
题
0
道
，
正确
题
4
道
",
   
 "
expected
_result
":
 "
AI
随机
抽取
2
道
回答
正确的
题目
进行
追问
，
AI
以
对话框
形式
提出
与
这
2
道
题
相关
的问题
",
   
 "
priority
":
 "
P
1
"
 
 },
 
 {
   
 "
id
":
 "
TC
-
0
11
",
   
 "
description
":
 "
学员
进入
页面
AI
自动
展示
一道
问题
",
   
 "
test
_module
":
 "
交互
流程
",
   
 "
pre
conditions
":
 ["
学员
本
讲
存在
错
题
",
 "
学员
首次
进入
第五
步
讲
知识
错
题
页面
"],
   
 "
steps
":
 ["
完成
使用
引导
后
",
 "
观察
页面
自动
展示
的内容
"],
   
 "
test
_input
":
 "
本
讲
有
错
题
数据
",
   
 "
expected
_result
":
 "
AI
自动
展示
一道
与
错
题
相关
的问题
，
以
对话框
样式
呈
现在
提问
展示
区
，
无需
学员
手动
触发
",
   
 "
priority
":
 "
P
1
"
 
 },
 
 {
   
 "
id
":
 "
TC
-
0
12
",
   
 "
description
":
 "
点击
对话
按钮
弹出
输入
框
和
语音
录制
按钮
",
   
 "
test
_module
":
 "
交互
流程
",
   
 "
pre
conditions
":
 ["
AI
已
展示
问题
",
 "
页面
底部
有
'
点击
对话
'
麦克风
图标
"],
   
 "
steps
":
 ["
点击
'
点击
对话
'
按钮
"],
   
 "
test
_input
":
 "
无
额外
输入
",
   
 "
expected
_result
":
 "
弹出
输入
框
和
语音
录制
按钮
，
学员
可通过
语音
录制
方式进行
回答
",
   
 "
priority
":
 "
P
1
"
 
 },
 
 {
   
 "
id
":
 "
TC
-
0
13
",
   
 "
description
":
 "
学员
完成
录制
后
点击
提交
，
发送
转
成
文字
的内容
",
   
 "
test
_module
":
 "
交互
流程
",
   
 "
pre
conditions
":
 ["
学员
已
点击
'
点击
对话
'
开始
录音
",
 "
学员
已
录入
语音
内容
"],
   
 "
steps
":
 ["
完成
语音
录制
",
 "
点击
提交
按钮
"],
   
 "
test
_input
":
 "
语音
内容
为
'
这道
题
选
B
是因为
汽
化
是
液
态
变
气
态
'",
   
 "
expected
_result
":
 "
语音
内容
被
转换为
文字
'
这道
题
选
B
是因为
汽
化
是
液
态
变
气
态
'
并发
送
，
文字
内容
展示
在
对话
区域
学员
侧
",
   
 "
priority
":
 "
P
1
"
 
 },
 
 {
   
 "
id
":
 "
TC
-
0
14
",
   
 "
description
":
 "
AI
追问
在
原
反馈
内容
下方
以
新
对话框
形式
展示
",
   
 "
test
_module
":
 "
交互
流程
",
   
 "
pre
conditions
":
 ["
学员
已
提交
第一
轮
回答
",
 "
AI
正在
生成
追问
"],
   
 "
steps
":
 ["
等待
AI
生成
追问
",
 "
观察
追问
展示
位置
和
形式
"],
   
 "
test
_input
":
 "
学员
第一
轮
回答
内容
",
   
 "
expected
_result
":
 "
AI
追问
问题
在
学员
上一
轮
回答
内容的
下方
展示
，
以
新的
对话框
形式
呈现
，
不
覆盖
之前的
对话
内容
",
   
 "
priority
":
 "
P
1
"
 
 },
 
 {
   
 "
id
":
 "
TC
-
0
15
",
   
 "
description
":
 "
继续
录音
按钮
可
补充
回答
，
完成
按钮
结束
当前
回答
",
   
 "
test
_module
":
 "
交互
流程
",
   
 "
pre
conditions
":
 ["
学员
已
开始
录音
并
录入
部分
内容
",
 "
页面
右侧
展示
'
继续
录音
'
和
'
完成
'
按钮
"],
   
 "
steps
":
 ["
场景
1
：
点击
'
继续
录音
'
继续
补充
内容
",
 "
场景
2
：
点击
'
完成
'
结束
当前
回答
"],
   
 "
test
_input
":
 "
学员
已
录入
部分
语音
内容
",
   
 "
expected
_result
":
 "
场景
1
：
可
继续
录音
补充
内容
，
已
录入
内容
保留
；
场景
2
：
结束
当前
轮
次
回答
，
提交
已
录入
的全部
内容
，
等待
AI
下一
轮
反馈
",
   
 "
priority
":
 "
P
1
"
 
 },
 
 {
   
 "
id
":
 "
TC
-
0
16
",
   
 "
description
":
 "
使用
引导
步骤
1
-
费
曼
学习
法
互动
启动
引导
",
   
 "
test
_module
":
 "
使用
引导
",
   
 "
pre
conditions
":
 ["
学员
首次
进入
第五
步
讲
知识
错
题
页面
"],
   
 "
steps
":
 ["
观察
弹
出的
引导
对话框
",
 "
点击
'
好的
，
接受
挑战
'
按钮
"],
   
 "
test
_input
":
 "
无
额外
输入
",
   
 "
expected
_result
":
 "
弹出
引导
对话框
，
内容
包含
费
曼
学习
法
说明
及
'
我会
扮演
学生
，
你
像
老师
一样
帮我
讲解
'
的
描述
，
底部
有
'
好的
，
接受
挑战
'
按钮
；
点击
后
进入
步骤
2
规则
说明
",
   
 "
priority
":
 "
P
2
"
 
 },
 
 {
   
 "
id
":
 "
TC
-
0
17
",
   
 "
description
":
 "
使用
引导
步骤
4
-
回答
后
操作
引导
展示
继续
录音
和
完成
按钮
",
   
 "
test
_module
":
 "
使用
引导
",
   
 "
pre
conditions
":
 ["
学员
已完成
引导
步骤
3
"],
   
 "
steps
":
 ["
观察
步骤
4
引导
对话框
内容
",
 "
点击
'
知道了
'
按钮
"],
   
 "
test
_input
":
 "
无
额外
输入
",
   
 "
expected
_result
":
 "
弹出
对话框
说明
'
继续
录音
'
和
'
完成
'
两种
操作
选择
，
界面
右侧
同步
出现
'
继续
录音
'
和
'
完成
'
按钮
；
点击
'
知道了
'
后
正式
进入
互动
讲解
环节
",
   
 "
priority
":
 "
P
2
"
 
 },
 
 {
   
 "
id
":
 "
TC
-
0
18
",
   
 "
description
":
 "
评分
维度
-
思路
准确性
0
-
3
分
",
   
 "
test
_module
":
 "
评分
系统
",
   
 "
pre
conditions
":
 ["
学员
已完成
4
轮
左右
对话
交互
",
 "
AI
触发
评分
"],
   
 "
steps
":
 ["
学员
回答
核心
知识点
正确
、
解题
结论
无
偏差
",
 "
观察
评分
结果
中
思路
准确性
维度
得分
"],
   
 "
test
_input
":
 "
学员
回答
思路
完全
正确
",
   
 "
expected
_result
":
 "
思路
准确性
维度
得分
在
0
.
0
-
3
.
0
分
范围内
，
核心
知识点
和解
题
结论
无
偏差
时
获得
接近
3
.
0
的
分数
",
   
 "
priority
":
 "
P
1
"
 
 },
 
 {
   
 "
id
":
 "
TC
-
0
19
",
   
 "
description
":
 "
评分
维度
-
步骤
完整性
0
-
3
分
",
   
 "
test
_module
":
 "
评分
系统
",
   
 "
pre
conditions
":
 ["
学员
已完成
4
轮
左右
对话
交互
",
 "
AI
触发
评分
"],
   
 "
steps
":
 ["
学员
回答
解题
步骤
连贯
、
关键
逻辑
不
遗漏
",
 "
观察
评分
结果
中
步骤
完整性
维度
得分
"],
   
 "
test
_input
":
 "
学员
回答
步骤
完整
无
遗漏
",
   
 "
expected
_result
":
 "
步骤
完整性
维度
得分
在
0
.
0
-
3
.
0
分
范围内
，
解题
步骤
连贯
且
关键
逻辑
不
遗漏
时
获得
接近
3
.
0
的
分数
",
   
 "
priority
":
 "
P
1
"
 
 },
 
 {
   
 "
id
":
 "
TC
-
0
20
",
   
 "
description
":
 "
评分
维度
-
表达
清晰
度
0
-
4
分
",
   
 "
test
_module
":
 "
评分
系统
",
   
 "
pre
conditions
":
 ["
学员
已完成
4
轮
左右
对话
交互
",
 "
AI
触发
评分
"],
   
 "
steps
":
 ["
学员
回答
步骤
表述
通
顺
、
逻辑
衔接
自然
",
 "
观察
评分
结果
中
表达
清晰
度
维度
得分
"],
   
 "
test
_input
":
 "
学员
回答
表达
清晰
流畅
",
   
 "
expected
_result
":
 "
表达
清晰
度
维度
得分
在
0
.
0
-
4
.
0
分
范围内
，
步骤
表述
通
顺
且
逻辑
衔接
自然
时
获得
接近
4
.
0
的
分数
",
   
 "
priority
":
 "
P
1
"
 
 },
 
 {
   
 "
id
":
 "
TC
-
0
21
",
   
 "
description
":
 "
回答
字
数
不足
50
字
时
完整
性和
清晰
度
直接
扣
50
%
分数
",
   
 "
test
_module
":
 "
评分
系统
-
特殊情况
",
   
 "
pre
conditions
":
 ["
学员
回答
内容
字
数
少于
50
字
",
 "
AI
触发
评分
"],
   
 "
steps
":
 ["
学员
提交
少于
50
字的
回答
",
 "
观察
评分
结果
中
完整
性和
清晰
度
维度
得分
"],
   
 "
test
_input
":
 "
学员
回答
仅
20
字
如
'
选
B
因为
汽
化
'",
   
 "
expected
_result
":
 "
步骤
完整性
维度
和
表达
清晰
度
维
度的
得分
均
按
应
得
分数
的
50
%
扣
减
计算
",
   
 "
priority
":
 "
P
1
"
 
 },
 
 {
   
 "
id
":
 "
TC
-
0
22
",
   
 "
description
":
 "
答
非
所
问
时
准确性
维度
直接
计
0
分
",
   
 "
test
_module
":
 "
评分
系统
-
特殊情况
",
   
 "
pre
conditions
":
 ["
学员
回答
内容
与
问题
无关
",
 "
AI
触发
评分
"],
   
 "
steps
":
 ["
学员
提交
与
问题
无关
的回答
内容
",
 "
观察
评分
结果
中
思路
准确性
维度
得分
"],
   
 "
test
_input
":
 "
AI
问
化学
题
，
学员
回答
数学
相关
内容
",
   
 "
expected
_result
":
 "
思路
准确性
维度
得分
直接
为
0
.
0
分
",
   
 "
priority
":
 "
P
1
"
 
 },
 
 {
   
 "
id
":
 "
TC
-
0
23
",
   
 "
description
":
 "
综合
评分
>=
8
分
展示
太
棒
啦
提示
并
自动
停留
5
秒
后
出现
去
日
清
按钮
",
   
 "
test
_module
":
 "
评分
结果
与
跳
转
",
   
 "
pre
conditions
":
 ["
学员
已完成
AI
评分
",
 "
综合
评
分为
8
.
5
分
"],
   
 "
steps
":
 ["
观察
评分
结果
页面
提示
信息
",
 "
等待
5
秒
观察
按钮
变化
",
 "
点击
'
去
日
清
'
按钮
"],
   
 "
test
_input
":
 "
综合
评分
8
.
5
分
",
   
 "
expected
_result
":
 "
页面
显示
'
太
棒
啦
，
您
对
知识
点的
理解
非常
棒
'
提示
文案
；
自动
停留
5
秒
后
出现
'
去
日
清
'
按钮
；
点击
'
去
日
清
'
后
跳
转
至
日
清
页面
",
   
 "
priority
":
 "
P
1
"
 
 },
 
 {
   
 "
id
":
 "
TC
-
0
24
",
   
 "
description
":
 "
综合
评分
<
8
分
展示
太
遗憾
了
提示
，
联系
督导
按钮
突出
，
也有
去
日
清
按钮
",
   
 "
test
_module
":
 "
评分
结果
与
跳
转
",
   
 "
pre
conditions
":
 ["
学员
已完成
AI
评分
",
 "
综合
评
分为
5
.
0
分
"],
   
 "
steps
":
 ["
观察
评分
结果
页面
提示
信息
",
 "
观察
按钮
展示
",
 "
点击
'
联系
督导
'
按钮
"],
   
 "
test
_input
":
 "
综合
评分
5
.
0
分
",
   
 "
expected
_result
":
 "
页面
显示
'
太
遗憾
了
，
您
对
知识点
理解
还需要
加深
，
快
去
联系
督导
老师
吧
'
提示
文案
；
'
联系
督导
'
按钮
视觉
突出
展示
；
同时
存在
'
去
日
清
'
按钮
；
点击
'
联系
督导
'
后
督导
端
收到
提示
消息
",
   
 "
priority
":
 "
P
1
"
 
 },
 
 {
   
 "
id
":
 "
TC
-
0
25
",
   
 "
description
":
 "
重新
讲
题
时
重新
出
不一样的
题目
",
   
 "
test
_module
":
 "
评分
结果
与
跳
转
",
   
 "
pre
conditions
":
 ["
学员
已完成
一次
讲
错
题
评分
",
 "
学员
点击
重新
讲
题
"],
   
 "
steps
":
 ["
点击
重新
讲
题
",
 "
观察
AI
抽取
的
题目
"],
   
 "
test
_input
":
 "
上次
抽取
的
题目
为
题
A
和
题
B
，
错
题
库
中
还有
题
C
和
题
D
",
   
 "
expected
_result
":
 "
AI
重新
从
错
题
库
中
抽取
题目
，
新
抽取
的
题目
与
上次
不同
（
如
题
C
和
题
D
），
不
重复
使用
已
讲
过的
题目
",
   
 "
priority
":
 "
P
1
"
 
 }
]
```
GEN_DIAG:{"kind": "stream_batch_token_usage", "project_id": 8, "request_id": "bdc834c529b049a0bc1c5c356701d160", "current_biz_key": "unknown", "multi_pass": true, "generation_mode": "full_functional_regression", "batch_index": 1, "total_batches": 4, "attempt": 1, "requested_count": 25, "input_tokens": null, "output_tokens": null, "total_tokens": null, "token_source": "unavailable", "token_unavailable_reason": "provider_usage_estimated", "estimate_method": "chars_div_4", "model": "glm-5.1"}

GEN_DIAG:{"kind": "stream_batch_quality", "project_id": 8, "request_id": "bdc834c529b049a0bc1c5c356701d160", "current_biz_key": "unknown", "multi_pass": true, "generation_mode": "full_functional_regression", "batch_index": 1, "new_valid_cases_count": 25, "duplicate_rate": 0.0, "non_assertable_count": 0, "low_quality_filtered_count": 0, "coverage_gain_count": 25, "low_gain_detected": false, "low_gain_streak": 0}
@@STATUS@@:正在生成第 2/4 批次 (25 条) - 第 1 次尝试...
```
json

[
 
 {
   
 "
id
":
 "
TC
-
0
26
",
   
 "
description
":
 "
重复
进入
未
完成的
讲
错
题
页面
，
保留
之前的
对话
内容
可
继续
交互
",
   
 "
test
_module
":
 "
讲
错
题
-
状态
流转
",
   
 "
pre
conditions
":
 ["
学员
已
进入
讲
错
题
页面
",
 "
已
与
AI
进行
部分
对话
但
未
完成
打
分
"],
   
 "
steps
":
 ["
学员
在
讲
错
题
页面
与
AI
进行
1
-
2
轮
对话
",
 "
离开
讲
错
题
页面
（
如
点击
返回
）
",
 "
再次
进入
同一
讲的
讲
错
题
页面
"],
   
 "
test
_input
":
 "
重复
进入
未
完成的
讲
错
题
页面
",
   
 "
expected
_result
":
 "
页面
保留
之前的
全部
对话
内容
，
学员
可
继续
从
上次
中断
处
与
AI
交互
",
   
 "
priority
":
 "
P
1
"
 
 },
 
 {
   
 "
id
":
 "
TC
-
0
27
",
   
 "
description
":
 "
已完成
打
分的
讲
错
题
页面
再次
进入
不可
重复
打
分
",
   
 "
test
_module
":
 "
讲
错
题
-
状态
流转
",
   
 "
pre
conditions
":
 ["
学员
已完成
讲
错
题
全部
交互
并获得
AI
最终
评分
"],
   
 "
steps
":
 ["
学员
完成
讲
错
题
全部
流程
，
AI
给出
最终
综合
评分
",
 "
离开
讲
错
题
页面
",
 "
再次
进入
同一
讲的
讲
错
题
页面
"],
   
 "
test
_input
":
 "
重复
进入
已完成
打
分的
讲
错
题
页面
",
   
 "
expected
_result
":
 "
页面
展示
之前的
对话
记录
和
评分
结果
，
不可
再次
进行
打
分
交互
",
   
 "
priority
":
 "
P
1
"
 
 },
 
 {
   
 "
id
":
 "
TC
-
0
28
",
   
 "
description
":
 "
综合
评分
>=
8
分
点击
去
日
清
按钮
跳
转
至
日
清
页面
",
   
 "
test
_module
":
 "
讲
错
题
-
评分
结果
导航
",
   
 "
pre
conditions
":
 ["
学员
讲
错
题
综合
评分
>=
8
分
",
 "
页面
展示
太
棒
啦
提示
"],
   
 "
steps
":
 ["
等待
太
棒
啦
提示
自动
停留
5
秒
",
 "
点击
去
日
清
按钮
"],
   
 "
test
_input
":
 "
点击
去
日
清
按钮
",
   
 "
expected
_result
":
 "
页面
跳
转
至
第六
步
日
清
页面
",
   
 "
priority
":
 "
P
1
"
 
 },
 
 {
   
 "
id
":
 "
TC
-
0
29
",
   
 "
description
":
 "
综合
评分
<
8
分
点击
联系
督导
按钮
督导
端
收到
提示
消息
",
   
 "
test
_module
":
 "
讲
错
题
-
跨
端
消息
通知
",
   
 "
pre
conditions
":
 ["
学员
讲
错
题
综合
评分
<
8
分
",
 "
页面
展示
太
遗憾
了
提示
"],
   
 "
steps
":
 ["
学员
点击
联系
督导
按钮
",
 "
切换
至
督导
端
查看
消息
"],
   
 "
test
_input
":
 "
点击
联系
督导
按钮
",
   
 "
expected
_result
":
 "
督导
端
收到
学员
联系
督导
的
提示
消息
，
联系
督导
按钮
在
页
面上
突出
展示
",
   
 "
priority
":
 "
P
1
"
 
 },
 
 {
   
 "
id
":
 "
TC
-
0
30
",
   
 "
description
":
 "
综合
评分
<
8
分
点击
去
日
清
按钮
跳
转
至
日
清
页面
",
   
 "
test
_module
":
 "
讲
错
题
-
评分
结果
导航
",
   
 "
pre
conditions
":
 ["
学员
讲
错
题
综合
评分
<
8
分
",
 "
页面
展示
太
遗憾
了
提示
"],
   
 "
steps
":
 ["
在
太
遗憾
了
提示
页面
点击
去
日
清
按钮
"],
   
 "
test
_input
":
 "
点击
去
日
清
按钮
",
   
 "
expected
_result
":
 "
页面
跳
转
至
第六
步
日
清
页面
",
   
 "
priority
":
 "
P
2
"
 
 },
 
 {
   
 "
id
":
 "
TC
-
03
1
",
   
 "
description
":
 "
督导
端
学员
完成
讲
错
题
后
自动
弹出
通过
或
未
通过
提醒
",
   
 "
test
_module
":
 "
督导
端
-
消息
提醒
",
   
 "
pre
conditions
":
 ["
督导
端
已
登录
",
 "
学员
已完成
讲
错
题
并获得
AI
最终
评分
"],
   
 "
steps
":
 ["
学员
完成
讲
错
题
交互
",
 "
AI
给出
最终
综合
评分
",
 "
督导
端
查看
提醒
"],
   
 "
test
_input
":
 "
学员
完成
讲
错
题
打
分
",
   
 "
expected
_result
":
 "
督导
端
自动
弹出
提醒
，
根据
评分
结果显示
讲
错
题
通过
或
未
通过
",
   
 "
priority
":
 "
P
1
"
 
 },
 
 {
   
 "
id
":
 "
TC
-
03
2
",
   
 "
description
":
 "
督导
端
点击
讲
错
题
通过
提醒
后
提醒
自动
消失
",
   
 "
test
_module
":
 "
督导
端
-
消息
提醒
",
   
 "
pre
conditions
":
 ["
督导
端
已
弹出
讲
错
题
通过
提醒
"],
   
 "
steps
":
 ["
督导
点击
通过
提醒
"],
   
 "
test
_input
":
 "
点击
通过
提醒
",
   
 "
expected
_result
":
 "
提醒
自动
消失
，
不再
展示
该
条
提醒
",
   
 "
priority
":
 "
P
2
"
 
 },
 
 {
   
 "
id
":
 "
TC
-
03
3
",
   
 "
description
":
 "
督导
端
点击
讲
错
题
未
通过
提醒
后
提醒
自动
消失
",
   
 "
test
_module
":
 "
督导
端
-
消息
提醒
",
   
 "
pre
conditions
":
 ["
督导
端
已
弹出
讲
错
题
未
通过
提醒
"],
   
 "
steps
":
 ["
督导
点击
未
通过
提醒
"],
   
 "
test
_input
":
 "
点击
未
通过
提醒
",
   
 "
expected
_result
":
 "
提醒
自动
消失
，
不再
展示
该
条
提醒
",
   
 "
priority
":
 "
P
2
"
 
 },
 
 {
   
 "
id
":
 "
TC
-
03
4
",
   
 "
description
":
 "
督导
端
学员
信息
列表
以
表格
形式
展示
学员
姓名
学习
进度
状态
等
列
",
   
 "
test
_module
":
 "
督导
端
-
学员
列表
",
   
 "
pre
conditions
":
 ["
督导
端
已
登录
",
 "
存在
关联
学员
数据
"],
   
 "
steps
":
 ["
进入
督导
端
首页
"],
   
 "
test
_input
":
 "
查看
学员
信息
列表
",
   
 "
expected
_result
":
 "
列表
以
表格
形式
展示
，
包含
学员
姓名
、
学习
进度
、
状态
、
最近
学习
时间
、
近期
学习
计划
、
督导
、
操作
等
列
",
   
 "
priority
":
 "
P
2
"
 
 },
 
 {
   
 "
id
":
 "
TC
-
0
35
",
   
 "
description
":
 "
学员
未
开始
学习
时
学习
进度
列
不
展示
内容
",
   
 "
test
_module
":
 "
督导
端
-
学员
列表
",
   
 "
pre
conditions
":
 ["
督导
端
已
登录
",
 "
存在
未
开始
学习的
学员
"],
   
 "
steps
":
 ["
查看
该
学员
的学习
进度
列
"],
   
 "
test
_input
":
 "
查看
未
开始
学习
学员
的
进度
",
   
 "
expected
_result
":
 "
该
学员
的学习
进度
列为
空
，
不
展示
任何
内容
",
   
 "
priority
":
 "
P
2
"
 
 },
 
 {
   
 "
id
":
 "
TC
-
03
6
",
   
 "
description
":
 "
学员
完成
标记
包含
对
答案
完成
和
跟
督导
沟通
跳
过的
完成
两种
情况
",
   
 "
test
_module
":
 "
督导
端
-
学员
状态
",
   
 "
pre
conditions
":
 ["
存在
通过对
答案
完成的
学员
",
 "
存在
通过
跟
督导
沟通
跳
过
完成的
学员
"],
   
 "
steps
":
 ["
查看
通过对
答案
完成
学员
的状态
列
",
 "
查看
通过
跟
督导
沟通
跳
过
完成
学员
的状态
列
"],
   
 "
test
_input
":
 "
查看
不同
完成
方式
学员
的状态
",
   
 "
expected
_result
":
 "
两种
完成
方式的
学员
状态
列
均
显示
为
完成
",
   
 "
priority
":
 "
P
1
"
 
 },
 
 {
   
 "
id
":
 "
TC
-
03
7
",
   
 "
description
":
 "
近期
学习
计划
为
教材
最后
课程
时不
展示
内容
",
   
 "
test
_module
":
 "
督导
端
-
学员
列表
",
   
 "
pre
conditions
":
 ["
督导
端
已
登录
",
 "
存在
已
学
完
教材
最后
课程的
学员
"],
   
 "
steps
":
 ["
查看
该
学员
的
近期
学习
计划
列
"],
   
 "
test
_input
":
 "
查看
最后
课程
学员
的学习
计划
",
   
 "
expected
_result
":
 "
该
学员
的
近期
学习
计划
列为
空
，
不
展示
任何
内容
",
   
 "
priority
":
 "
P
2
"
 
 },
 
 {
   
 "
id
":
 "
TC
-
03
8
",
   
 "
description
":
 "
未
完成
讲
错
题
环节
时
查看
讲
错
题
讲
知识点
按钮
置
灰
不可
点击
",
   
 "
test
_module
":
 "
督导
端
-
操作
按钮
状态
",
   
 "
pre
conditions
":
 ["
督导
端
已
登录
",
 "
存在
未
完成
讲
错
题
环节
的
学员
"],
   
 "
steps
":
 ["
查看
该
学员
操作
列
的
查看
讲
错
题
讲
知识点
按钮
"],
   
 "
test
_input
":
 "
查看
未
完成
学员
的
按钮
状态
",
   
 "
expected
_result
":
 "
查看
讲
错
题
讲
知识点
按钮
置
灰
显示
，
点击
无
响应
不可
操作
",
   
 "
priority
":
 "
P
1
"
 
 },
 
 {
   
 "
id
":
 "
TC
-
03
9
",
   
 "
description
":
 "
没有
讲
错
题
记录
时不
展示
查看
讲
错
题
讲
知识点
按钮
",
   
 "
test
_module
":
 "
督导
端
-
操作
按钮
状态
",
   
 "
pre
conditions
":
 ["
督导
端
已
登录
",
 "
存在
没有
做过
讲
错
题
的
学员
"],
   
 "
steps
":
 ["
查看
该
学员
操作
列
"],
   
 "
test
_input
":
 "
查看
无
讲
错
题
学员
的操作
列
",
   
 "
expected
_result
":
 "
操作
列
中
不
展示
查看
讲
错
题
讲
知识点
按钮
",
   
 "
priority
":
 "
P
1
"
 
 },
 
 {
   
 "
id
":
 "
TC
-
0
40
",
   
 "
description
":
 "
已完成
讲
错
题
环节
时
查看
按钮
正常
展示
且
可
点击
",
   
 "
test
_module
":
 "
督导
端
-
操作
按钮
状态
",
   
 "
pre
conditions
":
 ["
督导
端
已
登录
",
 "
存在
已完成
讲
错
题
环节
的
学员
"],
   
 "
steps
":
 ["
查看
该
学员
操作
列
的
查看
讲
错
题
讲
知识点
按钮
",
 "
点击
该
按钮
"],
   
 "
test
_input
":
 "
点击
已完成
学员
的
查看
按钮
",
   
 "
expected
_result
":
 "
按钮
正常
展示
且
可
点击
，
点击
后
弹出
学员
讲
错
题
详情
窗口
",
   
 "
priority
":
 "
P
1
"
 
 },
 
 {
   
 "
id
":
 "
TC
-
04
1
",
   
 "
description
":
 "
督导
点击
查看
讲
错
题
讲
知识点
弹出
窗口
展示
学员
详情
",
   
 "
test
_module
":
 "
督导
端
-
讲
错
题
详情
",
   
 "
pre
conditions
":
 ["
学员
已完成
讲
错
题
环节
",
 "
督导
端
操作
列
按钮
可
点击
"],
   
 "
steps
":
 ["
点击
查看
讲
错
题
讲
知识点
按钮
"],
   
 "
test
_input
":
 "
点击
查看
讲
错
题
讲
知识点
按钮
",
   
 "
expected
_result
":
 "
弹
出新
窗口
或
模
态
框
展示
学员
讲
错
题
详情
，
包含
题目
与
答案
展示
内容
",
   
 "
priority
":
 "
P
1
"
 
 },
 
 {
   
 "
id
":
 "
TC
-
04
2
",
   
 "
description
":
 "
弹
窗
中学
员
通过
时
显示
学生
知识点
讲
错
题
通过
文字
",
   
 "
test
_module
":
 "
督导
端
-
讲
错
题
详情
",
   
 "
pre
conditions
":
 ["
学员
讲
错
题
综合
评分
>=
8
分
（
通过
）
",
 "
督导
已
打开
讲
错
题
详情
弹
窗
"],
   
 "
steps
":
 ["
查看
弹
窗
中的
通过
标识
"],
   
 "
test
_input
":
 "
查看
通过
学员
的
弹
窗
标识
",
   
 "
expected
_result
":
 "
弹
窗
中
显示
文字
'
学生
知识点
讲
错
题
通过
'",
   
 "
priority
":
 "
P
2
"
 
 },
 
 {
   
 "
id
":
 "
TC
-
04
3
",
   
 "
description
":
 "
弹
窗
中学
员
未
通过
时
显示
学生
知识点
讲
错
题
未
通过
文字
",
   
 "
test
_module
":
 "
督导
端
-
讲
错
题
详情
",
   
 "
pre
conditions
":
 ["
学员
讲
错
题
综合
评分
<
8
分
（
未
通过
）
",
 "
督导
已
打开
讲
错
题
详情
弹
窗
"],
   
 "
steps
":
 ["
查看
弹
窗
中的
通过
标识
"],
   
 "
test
_input
":
 "
查看
未
通过
学员
的
弹
窗
标识
",
   
 "
expected
_result
":
 "
弹
窗
中
显示
文字
'
学生
知识点
讲
错
题
未
通过
'",
   
 "
priority
":
 "
P
2
"
 
 },
 
 {
   
 "
id
":
 "
TC
-
04
4
",
   
 "
description
":
 "
弹
窗
展示
AI
问题
学生
回答
AI
追问
最终
评价
结果
和
得分
等
完整
信息
",
   
 "
test
_module
":
 "
督导
端
-
讲
错
题
详情
",
   
 "
pre
conditions
":
 ["
学员
已完成
讲
错
题
全
流程
交互
",
 "
督导
已
打开
讲
错
题
详情
弹
窗
"],
   
 "
steps
":
 ["
查看
弹
窗
中的
详细
内容
区域
"],
   
 "
test
_input
":
 "
查看
弹
窗
详情
内容
",
   
 "
expected
_result
":
 "
弹
窗
展示
最近
一
节课
的
章节
信息
，
以及
AI
问题
、
学生
回答
、
AI
追问
、
学生
回答
、
最终
评价
结果
、
得分
等
完整
交互
信息
",
   
 "
priority
":
 "
P
1
"
 
 },
 
 {
   
 "
id
":
 "
TC
-
0
45
",
   
 "
description
":
 "
弹
窗
右上
角
关闭
按钮
可
关闭
详情
窗口
",
   
 "
test
_module
":
 "
督导
端
-
讲
错
题
详情
",
   
 "
pre
conditions
":
 ["
督导
已
打开
讲
错
题
详情
弹
窗
"],
   
 "
steps
":
 ["
点击
弹
窗
右上
角
关闭
按钮
"],
   
 "
test
_input
":
 "
点击
关闭
按钮
",
   
 "
expected
_result
":
 "
弹
窗
关闭
，
返回
督导
端
学员
列表
页面
",
   
 "
priority
":
 "
P
2
"
 
 },
 
 {
   
 "
id
":
 "
TC
-
04
6
",
   
 "
description
":
 "
系统
自动
存储
学员
与
AI
交互
的所有
历史
记录
",
   
 "
test
_module
":
 "
讲
错
题
-
数据
存储
",
   
 "
pre
conditions
":
 ["
学员
已
与
AI
完成
多
轮
交互
"],
   
 "
steps
":
 ["
学员
与
AI
进行
4
-
5
轮
对话
交互
",
 "
督导
端
打开
该
学员
的
讲
错
题
详情
弹
窗
",
 "
核对
弹
窗
中的
交互
记录
"],
   
 "
test
_input
":
 "
完成
交互
后
查看
历史
记录
",
   
 "
expected
_result
":
 "
弹
窗
中
完整
展示
所有
交互
轮
次的
提
问题
目
、
学员
回答
内容
、
AI
反馈
及
追问
内容
、
交互
时间
等信息
，
无
遗漏
",
   
 "
priority
":
 "
P
1
"
 
 },
 
 {
   
 "
id
":
 "
TC
-
04
7
",
   
 "
description
":
 "
使用
引导
步骤
2
点击
知道了
后
展示
题目
互动
规则
说明
",
   
 "
test
_module
":
 "
讲
错
题
-
使用
引导
",
   
 "
pre
conditions
":
 ["
学员
首次
进入
讲
错
题
页面
",
 "
已完成
步骤
1
点击
好的
接受
挑战
"],
   
 "
steps
":
 ["
步骤
1
点击
好的
接受
挑战
后
",
 "
查看
弹
出的
步骤
2
对话框
内容
",
 "
点击
知道了
按钮
"],
   
 "
test
_input
":
 "
点击
步骤
2
的
知道了
按钮
",
   
 "
expected
_result
":
 "
弹出
对话框
展示
题目
互动
规则
说明
（
系统
抽
1
-
2
道
题
提问
、
用户
逐步
讲解
），
点击
知道了
后
进入
步骤
3
",
   
 "
priority
":
 "
P
2
"
 
 },
 
 {
   
 "
id
":
 "
TC
-
04
8
",
   
 "
description
":
 "
使用
引导
步骤
3
点击
知道了
后
展示
用户
表达
引导
",
   
 "
test
_module
":
 "
讲
错
题
-
使用
引导
",
   
 "
pre
conditions
":
 ["
学员
已完成
引导
步骤
2
"],
   
 "
steps
":
 ["
步骤
2
点击
知道了
后
",
 "
查看
弹
出的
步骤
3
对话框
内容
",
 "
点击
知道了
按钮
"],
   
 "
test
_input
":
 "
点击
步骤
3
的
知道了
按钮
",
   
 "
expected
_result
":
 "
弹出
对话框
展示
用户
表达
引导
（
点击
对话
后
说出
想法
），
点击
知道了
后
进入
步骤
4
引导
",
   
 "
priority
":
 "
P
2
"
 
 },
 
 {
   
 "
id
":
 "
TC
-
04
9
",
   
 "
description
":
 "
随
堂
测
正确
率
超过
50
%
反馈
弹
窗
展示
讲
知识
错
题
按钮
",
   
 "
test
_module
":
 "
讲
错
题
-
入口
导航
",
   
 "
pre
conditions
":
 ["
学员
已完成
随
堂
测
",
 "
随
堂
测
正确
率
超过
50
%
"],
   
 "
steps
":
 ["
查看
随
堂
测
结果
反馈
弹
窗
"],
   
 "
test
_input
":
 "
正确
率
>
50
%
的
随
堂
测
结果
",
   
 "
expected
_result
":
 "
太
棒
啦
反馈
弹
窗
中
展示
讲
知识
错
题
按钮
",
   
 "
priority
":
 "
P
1
"
 
 },
 
 {
   
 "
id
":
 "
TC
-
0
50
",
   
 "
description
":
 "
点击
讲
知识
错
题
按钮
跳
转
至
讲
错
题
页面
使用
费
曼
学习
法
",
   
 "
test
_module
":
 "
讲
错
题
-
入口
导航
",
   
 "
pre
conditions
":
 ["
随
堂
测
正确
率
超过
50
%",
 "
太
棒
啦
弹
窗
已
展示
讲
知识
错
题
按钮
"],
   
 "
steps
":
 ["
点击
讲
知识
错
题
按钮
"],
   
 "
test
_input
":
 "
点击
讲
知识
错
题
按钮
",
   
 "
expected
_result
":
 "
页面
跳
转
至
第五
步
讲
知识
错
题
页面
，
进入
费
曼
学习
法
互动
流程
",
   
 "
priority
":
 "
P
1
"
 
 }
]
```
GEN_DIAG:{"kind": "stream_batch_token_usage", "project_id": 8, "request_id": "bdc834c529b049a0bc1c5c356701d160", "current_biz_key": "unknown", "multi_pass": true, "generation_mode": "full_functional_regression", "batch_index": 2, "total_batches": 4, "attempt": 1, "requested_count": 25, "input_tokens": null, "output_tokens": null, "total_tokens": null, "token_source": "unavailable", "token_unavailable_reason": "provider_usage_estimated", "estimate_method": "chars_div_4", "model": "glm-5.1"}

GEN_DIAG:{"kind": "stream_batch_quality", "project_id": 8, "request_id": "bdc834c529b049a0bc1c5c356701d160", "current_biz_key": "unknown", "multi_pass": true, "generation_mode": "full_functional_regression", "batch_index": 2, "new_valid_cases_count": 25, "duplicate_rate": 0.0, "non_assertable_count": 1, "low_quality_filtered_count": 1, "coverage_gain_count": 25, "low_gain_detected": false, "low_gain_streak": 0}
@@STATUS@@:正在生成第 3/4 批次 (25 条) - 第 1 次尝试...
```
json

[
 
 {
   
 "
id
":
 "
TC
-
05
1
",
   
 "
description
":
 "
AI
追问
确认
错误
表象
方向
-
追问
内容
定位
错误
结果
与
正确
答案
的差异
",
   
 "
test
_module
":
 "
AI
提问
逻辑
-
追问
方向
",
   
 "
pre
conditions
":
 ["
学员
已
进入
第五
步
讲
知识
错
题
页面
",
 "
本
讲
存在
错
题
",
 "
学员
已
提交
第一
轮
回答
"],
   
 "
steps
":
 ["
1
.
 学
员
针对
错
题
提交
初始
回答
",
 "
2
.
 观
察
AI
追问
内容
",
 "
3
.
 验
证
追问
是否
包含
对
错误
结果
与
正确
答案
差异
的
定位
问题
"],
   
 "
test
_input
":
 "
学员
回答
中
包含
错误
解题
步骤
",
   
 "
expected
_result
":
 "
AI
追问
内容
中
包含
定位
错误
结果
与
正确
答案
差异
的问题
，
如
'
你的
答案
和
正确
解
在
XX
步骤
结果
不同
，
是
哪里
计算
错了
？
'
类
表述
",
   
 "
priority
":
 "
P
1
"
 
 },
 
 {
   
 "
id
":
 "
TC
-
05
2
",
   
 "
description
":
 "
AI
追问
拆
解
知识
链条
方向
-
追问
涉及
基础
概念
定理
或
公式
确认
理解
偏差
",
   
 "
test
_module
":
 "
AI
提问
逻辑
-
追问
方向
",
   
 "
pre
conditions
":
 ["
学员
已
进入
第五
步
讲
知识
错
题
页面
",
 "
学员
已
提交
回答
且
暴露
概念
理解
问题
"],
   
 "
steps
":
 ["
1
.
 学
员
回答
中
暴露
对
某
概念
或
定理
理解
有
误
",
 "
2
.
 观
察
AI
追问
内容
",
 "
3
.
 验
证
追问
是否
追溯
基础
概念
或
定理
"],
   
 "
test
_input
":
 "
学员
回答
中
混淆
了
两个
相似
概念
",
   
 "
expected
_result
":
 "
AI
追问
内容
涉及
基础
概念
定义
、
定理
适用
条件
或
公式
参数
含义
，
如
'
XX
概念
的定义
是什么
？
和
XX
概念
的区别
在哪里
？
'
类
表述
",
   
 "
priority
":
 "
P
1
"
 
 },
 
 {
   
 "
id
":
 "
TC
-
05
3
",
   
 "
description
":
 "
AI
追问
暴露
思维
路径
方向
-
拆
分解
题
步骤
审视
逻辑
漏洞
",
   
 "
test
_module
":
 "
AI
提问
逻辑
-
追问
方向
",
   
 "
pre
conditions
":
 ["
学员
已
进入
第五
步
讲
知识
错
题
页面
",
 "
学员
已
提交
回答
且
解题
步骤
存在
跳跃
"],
   
 "
steps
":
 ["
1
.
 学
员
回答
中
存在
解题
步骤
跳跃
或
逻辑
不
连贯
",
 "
2
.
 观
察
AI
追问
内容
",
 "
3
.
 验
证
追问
是否
拆
分解
题
步骤
审视
逻辑
漏洞
"],
   
 "
test
_input
":
 "
学员
回答
中
跳
过
了一个
关键
推导
步骤
",
   
 "
expected
_result
":
 "
AI
追问
内容
拆
分解
题
步骤
并
审视
逻辑
漏洞
，
如
'
这一
步
的
推导
依据
是什么
？
是否存在
逻辑
跳跃
？
'
类
表述
",
   
 "
priority
":
 "
P
1
"
 
 },
 
 {
   
 "
id
":
 "
TC
-
05
4
",
   
 "
description
":
 "
AI
追问
类比
迁移
验证
方向
-
用
相似
案例
验证
规则
普
适
性
",
   
 "
test
_module
":
 "
AI
提问
逻辑
-
追问
方向
",
   
 "
pre
conditions
":
 ["
学员
已
进入
第五
步
讲
知识
错
题
页面
",
 "
学员
已
正确
解释
某
知识点
"],
   
 "
steps
":
 ["
1
.
 学
员
回答
中
正确
解释
了
某个
解题
方法
",
 "
2
.
 观
察
AI
追问
内容
",
 "
3
.
 验
证
追问
是否
用
相似
案例
验证
方法
普
适
性
"],
   
 "
test
_input
":
 "
学员
正确
解释
了
某
公
式的
应用
",
   
 "
expected
_result
":
 "
AI
追问
内容
包含
相似
案例
或
条件
变化
的问题
，
如
'
如果把
题目
中的
XX
条件
换成
YY
，
解
法
会有
什么
变化
？
'
类
表述
",
   
 "
priority
":
 "
P
2
"
 
 },
 
 {
   
 "
id
":
 "
TC
-
05
5
",
   
 "
description
":
 "
AI
追问
质疑
例外
边界
方向
-
探索
知识
边界
和
例外
情况
",
   
 "
test
_module
":
 "
AI
提问
逻辑
-
追问
方向
",
   
 "
pre
conditions
":
 ["
学员
已
进入
第五
步
讲
知识
错
题
页面
",
 "
学员
已
回答
多
轮
且
接近
理解
正确
"],
   
 "
steps
":
 ["
1
.
 学
员
回答
已
基本
正确
但
未
考虑
特殊情况
",
 "
2
.
 观
察
AI
追问
内容
",
 "
3
.
 验
证
追问
是否
探索
知识
边界
和
例外
情况
"],
   
 "
test
_input
":
 "
学员
回答
正确
但
未
提及
边界
条件
",
   
 "
expected
_result
":
 "
AI
追问
内容
涉及
知识
边界
和
例外
情况
，
如
'
这个
结论
在
什么
情况下
不
成立
？
是否存在
XX
特殊
情形
？
'
类
表述
",
   
 "
priority
":
 "
P
2
"
 
 },
 
 {
   
 "
id
":
 "
TC
-
05
6
",
   
 "
description
":
 "
AI
追问
重构
知识
体系
方向
-
要求
用
自己
语言
复
述
正确
逻辑
",
   
 "
test
_module
":
 "
AI
提问
逻辑
-
追问
方向
",
   
 "
pre
conditions
":
 ["
学员
已
进入
第五
步
讲
知识
错
题
页面
",
 "
交互
已
进行
到
最后一
轮
"],
   
 "
steps
":
 ["
1
.
 学
员
经过
多
轮
追问
已
理解
正确
逻辑
",
 "
2
.
 观
察
AI
追问
内容
",
 "
3
.
 验
证
追问
是否
要求
学员
用自己的
语言
复
述
正确
逻辑
"],
   
 "
test
_input
":
 "
学员
已
正确
回答
前面
所有
追问
",
   
 "
expected
_result
":
 "
AI
追问
内容
要求
学员
用
自己
语言
复
述
正确
逻辑
，
如
'
正确的
解题
逻辑
应该是
XX
，
你
之前
错误
的原因
是
XX
，
现在
理解为
？
'
类
表述
",
   
 "
priority
":
 "
P
1
"
 
 },
 
 {
   
 "
id
":
 "
TC
-
05
7
",
   
 "
description
":
 "
学生
提问
缺少
个人
判断
理由
时
系统
二次
引导
补充
",
   
 "
test
_module
":
 "
AI
提问
逻辑
-
异常
场景
",
   
 "
pre
conditions
":
 ["
学员
已
进入
第五
步
讲
知识
错
题
页面
",
 "
AI
已
提出
问题
"],
   
 "
steps
":
 ["
1
.
 学
员
回答
仅
说
'
我
选
A
错了
，
为啥
呀
？
'
未
包含
个人
判断
理由
",
 "
2
.
 观
察
AI
回复
内容
",
 "
3
.
 验
证
AI
是否
进行
二次
引导
要求
补充
理由
"],
   
 "
test
_input
":
 "
学员
回答
：
我
选
A
错了
，
为啥
呀
？
",
   
 "
expected
_result
":
 "
AI
自动
进行
二次
引导
，
提示
学员
补充
个人
判断
理由
，
如
'
你
当时
选
A
是
看到
啥
、
想到
啥
了
呀
？
'
类
引导
文案
",
   
 "
priority
":
 "
P
1
"
 
 },
 
 {
   
 "
id
":
 "
TC
-
05
8
",
   
 "
description
":
 "
学生
重复
已
澄清
疑问
时
系统
识别
并
引导
至
未
理
清
内容
",
   
 "
test
_module
":
 "
AI
提问
逻辑
-
异常
场景
",
   
 "
pre
conditions
":
 ["
学员
已
进入
第五
步
讲
知识
错
题
页面
",
 "
前
几
轮
已
澄清
某个
疑问
点
"],
   
 "
steps
":
 ["
1
.
 学
员
在
后续
回答
中
再次
询问
已
澄清
的
疑问
",
 "
2
.
 观
察
AI
回复
内容
",
 "
3
.
 验
证
AI
是否
识别
重复
并
引导
至
未
理
清
逻辑
"],
   
 "
test
_input
":
 "
学员
重复
询问
之前
已
澄清
的问题
",
   
 "
expected
_result
":
 "
AI
识别
重复
疑问
并
回应
'
之前
咱们
聊
过
哦
，
XX
是
XX
'
，
同时
引导
至
未
理
清
的逻辑
方向
，
不再
重复
解答
同一
问题
",
   
 "
priority
":
 "
P
1
"
 
 },
 
 {
   
 "
id
":
 "
TC
-
05
9
",
   
 "
description
":
 "
4
轮
交互
后
学生
仍未
理解
时
简化
为
1
个
核心
对比
问题
完成
闭环
",
   
 "
test
_module
":
 "
AI
提问
逻辑
-
异常
场景
",
   
 "
pre
conditions
":
 ["
学员
已
进入
第五
步
讲
知识
错
题
页面
",
 "
已
进行
4
轮
交互
学员
仍
理解
有
误
"],
   
 "
steps
":
 ["
1
.
 学
员
经过
4
轮
交互
仍
无法
正确
理解
",
 "
2
.
 观
察
AI
第
5
轮
提问
内容
",
 "
3
.
 验
证
AI
是否
简化
为
1
个
核心
对比
问题
"],
   
 "
test
_input
":
 "
学员
4
轮
回答
均
存在
概念
错误
",
   
 "
expected
_result
":
 "
AI
第
5
轮
简化
为
1
个
核心
对比
问题
，
如
'
XX
是
液
态
变
气
态
，
这就是
汽
化
，
对
吗
？
'
不再
延伸
其他
疑问
，
确保
5
轮
内
完成
理解
确认
",
   
 "
priority
":
 "
P
1
"
 
 },
 
 {
   
 "
id
":
 "
TC
-
0
60
",
   
 "
description
":
 "
AI
每次
提问
仅
包含
1
-
2
个
问题
不
堆
砌
多个
疑问
",
   
 "
test
_module
":
 "
AI
提问
逻辑
-
频
次
约束
",
   
 "
pre
conditions
":
 ["
学员
已
进入
第五
步
讲
知识
错
题
页面
",
 "
AI
正在
追问
过程中
"],
   
 "
steps
":
 ["
1
.
 学
员
提交
任意
一轮
回答
",
 "
2
.
 观
察
AI
追问
内容
",
 "
3
.
 统
计
AI
单
次
回复
中
包含
的核心
问题
数量
"],
   
 "
test
_input
":
 "
学员
正常
回答
AI
问题
",
   
 "
expected
_result
":
 "
AI
每次
追问
仅
包含
1
-
2
个
核心
问题
，
不
出现
一次
堆
砌
3
个
及以上
疑问
的情况
",
   
 "
priority
":
 "
P
1
"
 
 },
 
 {
   
 "
id
":
 "
TC
-
06
1
",
   
 "
description
":
 "
AI
最后一
轮
问题
包含
知识点
总结
帮助
",
   
 "
test
_module
":
 "
AI
提问
逻辑
-
闭环
约束
",
   
 "
pre
conditions
":
 ["
学员
已
进入
第五
步
讲
知识
错
题
页面
",
 "
交互
即将
进入
最后一
轮
"],
   
 "
steps
":
 ["
1
.
 学
员
回答
接近
正确
理解
",
 "
2
.
 观
察
AI
最后一
轮
提问
内容
",
 "
3
.
 验
证
是否
包含
知识点
总结
"],
   
 "
test
_input
":
 "
学员
最后一
轮
回答
基本
正确
",
   
 "
expected
_result
":
 "
AI
最后一
轮
问题
中
包含
对
知识
点的
总结
性
内容
，
帮助
学员
完成
理解
闭环
",
   
 "
priority
":
 "
P
1
"
 
 },
 
 {
   
 "
id
":
 "
TC
-
06
2
",
   
 "
description
":
 "
AI
提问
内容
不
包含
公式
La
TeX
和
Markdown
格式
",
   
 "
test
_module
":
 "
AI
提问
逻辑
-
内容
格式
约束
",
   
 "
pre
conditions
":
 ["
学员
已
进入
第五
步
讲
知识
错
题
页面
",
 "
题目
涉及
数学
公式
或
化学
方程
式
"],
   
 "
steps
":
 ["
1
.
 学
员
进入
涉及
公式
知识
点的
错
题
讲解
",
 "
2
.
 查
看
AI
所有
提问
内容
",
 "
3
.
 验
证
AI
提问
中
是否
包含
公式
、
La
TeX
或
Markdown
格式
"],
   
 "
test
_input
":
 "
错
题为
数学
或
化学
公式
相关
题目
",
   
 "
expected
_result
":
 "
AI
所有
提问
内容
中
不
出现
公式
符号
、
La
TeX
格式
（
如
$
xx
$
）
和
Markdown
格式
（
如
**
加
粗
**
、
#
标题
等
），
全部
使用
纯
文字
描述
",
   
 "
priority
":
 "
P
1
"
 
 },
 
 {
   
 "
id
":
 "
TC
-
06
3
",
   
 "
description
":
 "
AI
回复
连贯
不
出现
深度
思考
过程
文案
和
等待
提示
",
   
 "
test
_module
":
 "
AI
提问
逻辑
-
语气
约束
",
   
 "
pre
conditions
":
 ["
学员
已
进入
第五
步
讲
知识
错
题
页面
",
 "
AI
正在
与
学员
交互
"],
   
 "
steps
":
 ["
1
.
 学
员
提交
回答
后
等待
AI
回复
",
 "
2
.
 观
察
AI
回复
内容
",
 "
3
.
 验
证
AI
回复
是否
连贯
且
不
包含
思考
过程
文案
"],
   
 "
test
_input
":
 "
学员
正常
回答
AI
问题
",
   
 "
expected
_result
":
 "
AI
回复
内容
连贯
自然
，
不
出现
'
让我
想想
'
、
'
正在
思考
'
、
'
等待
回答
'
等
AI
深度
思考
过程
文案
，
直接
以
学生
角色
提出
问题
",
   
 "
priority
":
 "
P
2
"
 
 },
 
 {
   
 "
id
":
 "
TC
-
06
4
",
   
 "
description
":
 "
AI
始终保持
学生
角色
提问
不
出现
教师
视角
反
问
",
   
 "
test
_module
":
 "
AI
提问
逻辑
-
角色
约束
",
   
 "
pre
conditions
":
 ["
学员
已
进入
第五
步
讲
知识
错
题
页面
",
 "
AI
正在
与
学员
交互
"],
   
 "
steps
":
 ["
1
.
 学
员
以
老师
身份
讲解
知识点
",
 "
2
.
 观
察
AI
所有
追问
内容
",
 "
3
.
 验
证
AI
是否
始终保持
学生
角色
"],
   
 "
test
_input
":
 "
学员
以
老师
身份
解释
错
题
知识点
",
   
 "
expected
_result
":
 "
AI
始终
以
学生
身份
提问
，
使用
'
老师
我不
懂
'
、
'
您
能
帮我
解释
吗
'
等
学生
视角
话
术
，
不
出现
'
你说
XX
是
啥
？
'
等
教师
视角
反
问
",
   
 "
priority
":
 "
P
1
"
 
 },
 
 {
   
 "
id
":
 "
TC
-
06
5
",
   
 "
description
":
 "
创新
性
思路
且
正确
时
准确
性和
逻辑
性
额外
加
5
分
",
   
 "
test
_module
":
 "
评分
逻辑
-
特殊
加分
",
   
 "
pre
conditions
":
 ["
学员
已
进入
第五
步
讲
知识
错
题
页面
",
 "
学员
完成
所有
交互
轮
次
"],
   
 "
steps
":
 ["
1
.
 学
员
在
回答
中
采用
创新
性
解题
思路
且
结论
正确
",
 "
2
.
 等
待
AI
完成
评分
",
 "
3
.
 查
看
评分
结果
中
准确
性和
逻辑
性
维度
得分
"],
   
 "
test
_input
":
 "
学员
采用
与
标准
解
法
不同的
创新
思路
且
答案
正确
",
   
 "
expected
_result
":
 "
准确性
维度
和
逻辑
性
维度
各
额外
加
5
分
，
综合
评分
高于
常规
正确
回答
的
得分
",
   
 "
priority
":
 "
P
1
"
 
 },
 
 {
   
 "
id
":
 "
TC
-
06
6
",
   
 "
description
":
 "
本
讲
仅有
1
道
错
题
时
AI
抽取
该
1
道
错
题
提问
",
   
 "
test
_module
":
 "
AI
提问
逻辑
-
题目
抽取
边界
",
   
 "
pre
conditions
":
 ["
学员
已
进入
第五
步
讲
知识
错
题
页面
",
 "
本
讲
仅有
1
道
错
题
"],
   
 "
steps
":
 ["
1
.
 学
员
进入
讲
知识
错
题
页面
",
 "
2
.
 观
察
AI
提问
的
题目
数量
和
来源
",
 "
3
.
 验
证
AI
是否
抽取
该
1
道
错
题
"],
   
 "
test
_input
":
 "
本
讲
仅有
1
道
错
题
，
其余
均
正确
",
   
 "
expected
_result
":
 "
AI
抽取
该
1
道
错
题
进行
提问
，
不
因
错
题
数量
不足
2
道
而
补充
正确
题目
",
   
 "
priority
":
 "
P
1
"
 
 },
 
 {
   
 "
id
":
 "
TC
-
06
7
",
   
 "
description
":
 "
录音
权限
未
授权
时
点击
对话
按钮
提示
开启
权限
",
   
 "
test
_module
":
 "
交互
流程
-
权限
异常
",
   
 "
pre
conditions
":
 ["
学员
已
进入
第五
步
讲
知识
错
题
页面
",
 "
设备
录音
权限
未
授权
给
该
应用
"],
   
 "
steps
":
 ["
1
.
 学
员
点击
'
点击
对话
'
按钮
",
 "
2
.
 观
察
系统
响应
",
 "
3
.
 验
证
是否
提示
开启
录音
权限
"],
   
 "
test
_input
":
 "
设备
录音
权限
未
授权
",
   
 "
expected
_result
":
 "
系统
弹出
录音
权限
授权
提示
或
引导
跳
转
至
系统
设置
页
开启
录音
权限
，
不
出现
无
响应
或
崩溃
",
   
 "
priority
":
 "
P
1
"
 
 },
 
 {
   
 "
id
":
 "
TC
-
06
8
",
   
 "
description
":
 "
网络
异常
导致
AI
提问
失败
时
展示
错误
提示
可
重
试
",
   
 "
test
_module
":
 "
交互
流程
-
网络
异常
",
   
 "
pre
conditions
":
 ["
学员
已
进入
第五
步
讲
知识
错
题
页面
",
 "
设备
网络
断
开
"],
   
 "
steps
":
 ["
1
.
 学
员
提交
回答
后
断
开
网络
",
 "
2
.
 观
察
系统
响应
",
 "
3
.
 恢
复
网络
后
点击
重
试
",
 "
4
.
 验
证
AI
是否能
正常
继续
交互
"],
   
 "
test
_input
":
 "
提交
回答
时
网络
断
开
",
   
 "
expected
_result
":
 "
页面
展示
网络
异常
提示
信息
，
提供
重
试
按钮
；
恢复
网络
后
点击
重
试
，
AI
正常
回复
追问
内容
，
之前
对话
内容
不
丢失
",
   
 "
priority
":
 "
P
1
"
 
 },
 
 {
   
 "
id
":
 "
TC
-
06
9
",
   
 "
description
":
 "
从
随
堂
测
跳
转
讲
错
题
后
课程
标题
与
随
堂
测
课程
一致
",
   
 "
test
_module
":
 "
跨
模块
-
入口
跳
转
一致性
",
   
 "
pre
conditions
":
 ["
学员
完成
随
堂
测
且
正确
率
超过
50
%",
 "
随
堂
测
反馈
弹
窗
展示
讲
知识
错
题
按钮
"],
   
 "
steps
":
 ["
1
.
 记
录
随
堂
测
对应的
课程
名称
",
 "
2
.
 点击
'
讲
知识
错
题
'
按钮
跳
转
",
 "
3
.
 查
看
讲
错
题
页面
课程
信息
区
标题
",
 "
4
.
 验
证
标题
与
随
堂
测
课程
名称
一致
"],
   
 "
test
_input
":
 "
随
堂
测
课程
名称
为
'
初三
化学
第三
讲
'",
   
 "
expected
_result
":
 "
讲
错
题
页面
课程
信息
区
标题
显示
'
初三
化学
第三
讲
'
，
与
随
堂
测
课程
名称
完全
一致
",
   
 "
priority
":
 "
P
1
"
 
 },
 
 {
   
 "
id
":
 "
TC
-
0
70
",
   
 "
description
":
 "
讲
错
题
评分
完成后
左侧
导航
第五
步
标记
为
已完成
状态
",
   
 "
test
_module
":
 "
跨
模块
-
状态
流转
一致性
",
   
 "
pre
conditions
":
 ["
学员
已
进入
第五
步
讲
知识
错
题
页面
",
 "
学员
完成
所有
交互
并获得
AI
评分
"],
   
 "
steps
":
 ["
1
.
 学
员
完成
讲
错
题
交互
并获得
综合
评分
",
 "
2
.
 查
看
左侧
导航
栏
第五
步
状态
",
 "
3
.
 验
证
第五
步
是否
标记
为
已完成
"],
   
 "
test
_input
":
 "
学员
完成
讲
错
题
并获得
评分
8
分
",
   
 "
expected
_result
":
 "
左侧
导航
栏
'
第五
步
 讲
知识
错
题
'
显示
已完成
状态
标识
（
如
勾
选
或
变色
），
与
未
完成
状态
视觉
区分
明显
",
   
 "
priority
":
 "
P
1
"
 
 },
 
 {
   
 "
id
":
 "
TC
-
07
1
",
   
 "
description
":
 "
AI
回复
先
肯定
学生
思考
过程
再
进行
纠正
引导
",
   
 "
test
_module
":
 "
AI
提问
逻辑
-
沟通
策略
",
   
 "
pre
conditions
":
 ["
学员
已
进入
第五
步
讲
知识
错
题
页面
",
 "
学员
回答
中
存在
错误
"],
   
 "
steps
":
 ["
1
.
 学
员
提交
包含
错误的
回答
",
 "
2
.
 观
察
AI
回复
内容
结构
",
 "
3
.
 验
证
AI
是否
先
肯定
再
纠正
"],
   
 "
test
_input
":
 "
学员
回答
部分
正确
但有
概念
混淆
",
   
 "
expected
_result
":
 "
AI
回复
前
半
部分
包含
对学生
思考
过程
或
发现
问题
能力的
肯定
表述
，
后半
部分
再
指出
错误
并
引导
纠正
，
不
出现
直接
否定
或
批评
",
   
 "
priority
":
 "
P
1
"
 
 },
 
 {
   
 "
id
":
 "
TC
-
07
2
",
   
 "
description
":
 "
AI
不
直接
给出
正确
答案
仅
通过
提问
引导
",
   
 "
test
_module
":
 "
AI
提问
逻辑
-
执行
禁
令
",
   
 "
pre
conditions
":
 ["
学员
已
进入
第五
步
讲
知识
错
题
页面
",
 "
学员
回答
完全
错误
"],
   
 "
steps
":
 ["
1
.
 学
员
提交
完全
错误的
回答
",
 "
2
.
 观
察
AI
回复
内容
",
 "
3
.
 验
证
AI
是否
直接
给出
正确
答案
"],
   
 "
test
_input
":
 "
学员
回答
完全
错误
且
方向
偏离
",
   
 "
expected
_result
":
 "
AI
回复
中
不
直接
给出
正确
答案
或
完整
解题
步骤
，
仅
通过
提问
方式
引导学生
自主
发现
错误
并
思考
正确
方向
",
   
 "
priority
":
 "
P
1
"
 
 },
 
 {
   
 "
id
":
 "
TC
-
07
3
",
   
 "
description
":
 "
综合
评分
恰好
8
分
时
展示
太
棒
啦
提示
并
5
秒
后
出现
去
日
清
按钮
",
   
 "
test
_module
":
 "
评分
逻辑
-
边界
值
",
   
 "
pre
conditions
":
 ["
学员
已
进入
第五
步
讲
知识
错
题
页面
",
 "
学员
完成
所有
交互
"],
   
 "
steps
":
 ["
1
.
 学
员
回答
质量
使
AI
综合
评分
恰好
为
8
.
0
分
",
 "
2
.
 观
察
页面
提示
内容
",
 "
3
.
 等
待
5
秒
后
观察
按钮
变化
"],
   
 "
test
_input
":
 "
学员
回答
使
综合
评
分为
8
.
0
分
",
   
 "
expected
_result
":
 "
页面
展示
'
太
棒
啦
，
您
对
知识
点的
理解
非常
棒
'
提示
，
自动
停留
5
秒
后
出现
'
去
日
清
'
按钮
，
不
展示
'
联系
督导
'
按钮
",
   
 "
priority
":
 "
P
1
"
 
 },
 
 {
   
 "
id
":
 "
TC
-
07
4
",
   
 "
description
":
 "
学员
回答
字
数
恰好
50
字
时
完整
性和
清晰
度
不
扣
50
%
分数
",
   
 "
test
_module
":
 "
评分
逻辑
-
边界
值
",
   
 "
pre
conditions
":
 ["
学员
已
进入
第五
步
讲
知识
错
题
页面
",
 "
学员
完成
所有
交互
"],
   
 "
steps
":
 ["
1
.
 学
员
回答
字
数
恰好
为
50
字
",
 "
2
.
 等
待
AI
完成
评分
",
 "
3
.
 查
看
完整
性和
清晰
度
维度
得分
",
 "
4
.
 验
证
是否
未
扣
50
%
分数
"],
   
 "
test
_input
":
 "
学员
回答
内容
恰好
50
字
且
质量
中等
",
   
 "
expected
_result
":
 "
完整
性和
清晰
度
维度
按
正常
评分
细则
计
分
，
不
触发
50
%
扣
分
规则
（
50
%
扣
分
仅在
不足
50
字
时
触发
）
",
   
 "
priority
":
 "
P
1
"
 
 },
 
 {
   
 "
id
":
 "
TC
-
07
5
",
   
 "
description
":
 "
学员
在
交互
过程中
点击
返回
按钮
保留
当前
对话
进度
",
   
 "
test
_module
":
 "
交互
流程
-
中断
恢复
",
   
 "
pre
conditions
":
 ["
学员
已
进入
第五
步
讲
知识
错
题
页面
",
 "
学员
已
与
AI
完成
2
轮
交互
但
未
点击
完成
"],
   
 "
steps
":
 ["
1
.
 学
员
与
AI
完成
2
轮
交互
后
点击
'
返回
'
按钮
",
 "
2
.
 从
原
入口
重新
进入
讲
知识
错
题
页面
",
 "
3
.
 查
看
对话
区域
内容
",
 "
4
.
 验
证
之前的
2
轮
对话
是否
保留
且
可
继续
交互
"],
   
 "
test
_input
":
 "
学员
中途
点击
返回
按钮
离开
",
   
 "
expected
_result
":
 "
重新
进入
后
对话
区域
保留
之前
2
轮
的
完整
对话
内容
，
AI
处于
等待
学员
回答
状态
，
学员
可
继续
录音
回答
完成
剩余
交互
",
   
 "
priority
":
 "
P
1
"
 
 }
]
```
GEN_DIAG:{"kind": "stream_batch_token_usage", "project_id": 8, "request_id": "bdc834c529b049a0bc1c5c356701d160", "current_biz_key": "unknown", "multi_pass": true, "generation_mode": "full_functional_regression", "batch_index": 3, "total_batches": 4, "attempt": 1, "requested_count": 25, "input_tokens": null, "output_tokens": null, "total_tokens": null, "token_source": "unavailable", "token_unavailable_reason": "provider_usage_estimated", "estimate_method": "chars_div_4", "model": "glm-5.1"}

GEN_DIAG:{"kind": "stream_batch_quality", "project_id": 8, "request_id": "bdc834c529b049a0bc1c5c356701d160", "current_biz_key": "unknown", "multi_pass": true, "generation_mode": "full_functional_regression", "batch_index": 3, "new_valid_cases_count": 25, "duplicate_rate": 0.0, "non_assertable_count": 0, "low_quality_filtered_count": 0, "coverage_gain_count": 25, "low_gain_detected": false, "low_gain_streak": 0}
@@STATUS@@:正在生成第 4/4 批次 (25 条) - 第 1 次尝试...
```
json

[
 
 {
   
 "
id
":
 "
TC
-
07
6
",
   
 "
description
":
 "
左侧
导航
栏
展示
五个
学习
步骤
且
当前
第五
步
讲
知识
错
题
高
亮
标记
",
   
 "
test
_module
":
 "
界面
展示
",
   
 "
pre
conditions
":
 ["
学员
已
登录
",
 "
已
进入
某
课程的
讲
错
题
页面
"],
   
 "
steps
":
 ["
进入
第五
步
讲
知识
错
题
页面
",
 "
观察
左侧
导航
栏
展示
内容
"],
   
 "
test
_input
":
 "
正常
进入
讲
错
题
页面
",
   
 "
expected
_result
":
 "
左侧
导航
栏
垂直
排列
展示
第一步
复习
、
第二
+
三
步
学
&
练
、
第四
步
随
堂
测
、
第五
步
讲
知识
错
题
、
第六
步
日
清
共
五个
步骤
，
其中
第五
步
讲
知识
错
题
处于
高
亮
选中
状态
",
   
 "
priority
":
 "
P
2
"
 
 },
 
 {
   
 "
id
":
 "
TC
-
07
7
",
   
 "
description
":
 "
点击
打印
按钮
弹出
打印
内容
选择
弹
窗
",
   
 "
test
_module
":
 "
课程
信息
区
",
   
 "
pre
conditions
":
 ["
学员
已
登录
",
 "
已
进入
讲
错
题
页面
"],
   
 "
steps
":
 ["
点击
课程
信息
区的
打印
按钮
",
 "
观察
弹
窗
内容
"],
   
 "
test
_input
":
 "
点击
打印
按钮
",
   
 "
expected
_result
":
 "
弹出
打印
内容
选择
弹
窗
，
用户
可选择
需要
打印
的内容
进行
打印
操作
",
   
 "
priority
":
 "
P
2
"
 
 },
 
 {
   
 "
id
":
 "
TC
-
07
8
",
   
 "
description
":
 "
点击
切换
课程
按钮
跳
转
至
其他
课程
的学习
页面
",
   
 "
test
_module
":
 "
课程
信息
区
",
   
 "
pre
conditions
":
 ["
学员
已
登录
",
 "
已
进入
讲
错
题
页面
",
 "
学员
有
其他
可
切换
的课程
"],
   
 "
steps
":
 ["
点击
课程
信息
区的
切换
课程
按钮
",
 "
选择
另一
门
课程
",
 "
观察
页面
跳
转
结果
"],
   
 "
test
_input
":
 "
点击
切换
课程
按钮
并
选择
其他
课程
",
   
 "
expected
_result
":
 "
页面
跳
转
至
所选
其他
课程
的学习
页面
，
课程
标题
和
内容
更新
为
对应
课程
信息
",
   
 "
priority
":
 "
P
1
"
 
 },
 
 {
   
 "
id
":
 "
TC
-
07
9
",
   
 "
description
":
 "
本
讲
全部
做
对
时
AI
随机
抽取
两
道
题目
进行
追问
",
   
 "
test
_module
":
 "
AI
提问
逻辑
",
   
 "
pre
conditions
":
 ["
学员
已
登录
",
 "
本
讲
所有
题目
均
回答
正确
无
错
题
"],
   
 "
steps
":
 ["
进入
第五
步
讲
知识
错
题
页面
",
 "
完成
使用
引导
",
 "
观察
AI
抽取
的
题目
来源
"],
   
 "
test
_input
":
 "
本
讲
全部
做
对的
学员
进入
讲
错
题
",
   
 "
expected
_result
":
 "
AI
从
本
讲
题目
中
随机
抽取
两
道
回答
正确的
题目
进行
追问
提问
",
   
 "
priority
":
 "
P
1
"
 
 },
 
 {
   
 "
id
":
 "
TC
-
0
80
",
   
 "
description
":
 "
本
讲
一道
题
没
做
时
展示
淡
白色
提示
文案
引导
做题
[
Pending
 Confirmation
]",
   
 "
test
_module
":
 "
AI
提问
逻辑
",
   
 "
pre
conditions
":
 ["
学员
已
登录
",
 "
本
讲
一道
题
都没有
做过
"],
   
 "
steps
":
 ["
进入
第五
步
讲
知识
错
题
页面
",
 "
观察
页面
展示
内容
"],
   
 "
test
_input
":
 "
本
讲
一道
题
没
做的
学员
进入
讲
错
题
",
   
 "
expected
_result
":
 "
页面
展示
淡
白色
文案
提示
：
当前
您
还没有
做过
题
，
快
去做
题
来
检测
一下
自己的
知识
掌握
程度
吧
[
Pending
 Confirmation
-
一道
没
做的
完整
逻辑
待
需求
确认
]",
   
 "
priority
":
 "
P
1
"
 
 },
 
 {
   
 "
id
":
 "
TC
-
08
1
",
   
 "
description
":
 "
本
讲
错
题
数量
不足
2
道
时
补充
抽取
回答
正确的
题目
凑
足
提问
数量
",
   
 "
test
_module
":
 "
AI
提问
逻辑
",
   
 "
pre
conditions
":
 ["
学员
已
登录
",
 "
本
讲
仅有
1
道
错
题
"],
   
 "
steps
":
 ["
进入
第五
步
讲
知识
错
题
页面
",
 "
完成
使用
引导
",
 "
观察
AI
抽取
的
题目
数量
和
来源
"],
   
 "
test
_input
":
 "
本
讲
仅
1
道
错
题
的
学员
进入
讲
错
题
",
   
 "
expected
_result
":
 "
AI
抽取
1
道
错
题
并
补充
抽取
1
道
回答
正确的
题目
，
合计
2
道
题目
进行
提问
",
   
 "
priority
":
 "
P
1
"
 
 },
 
 {
   
 "
id
":
 "
TC
-
08
2
",
   
 "
description
":
 "
首次
进入
讲
错
题
页面
展示
引导
步骤
1
点击
好的
接受
挑战
后
进入
步骤
2
",
   
 "
test
_module
":
 "
使用
引导
",
   
 "
pre
conditions
":
 ["
学员
已
登录
",
 "
首次
进入
本
节课
的
讲
错
题
功能
"],
   
 "
steps
":
 ["
进入
第五
步
讲
知识
错
题
页面
",
 "
观察
弹出
引导
对话框
内容
",
 "
点击
好的
接受
挑战
按钮
"],
   
 "
test
_input
":
 "
首次
进入
讲
错
题
页面
",
   
 "
expected
_result
":
 "
主
界面
弹出
引导
对话框
显示
费
曼
学习
法
互动
说明
文案
，
下方
展示
好的
接受
挑战
按钮
；
点击
后
进入
步骤
2
题目
互动
规则
说明
",
   
 "
priority
":
 "
P
1
"
 
 },
 
 {
   
 "
id
":
 "
TC
-
08
3
",
   
 "
description
":
 "
使用
引导
步骤
4
点击
知道了
后
展示
继续
录音
和
完成
操作
按钮
",
   
 "
test
_module
":
 "
使用
引导
",
   
 "
pre
conditions
":
 ["
学员
已
登录
",
 "
已完成
引导
步骤
1
-
3
"],
   
 "
steps
":
 ["
在
引导
步骤
3
点击
知道了
进入
步骤
4
",
 "
观察
步骤
4
引导
内容
",
 "
点击
知道了
按钮
",
 "
观察
界面
变化
"],
   
 "
test
_input
":
 "
完成
引导
步骤
4
",
   
 "
expected
_result
":
 "
步骤
4
弹出
对话框
说明
继续
录音
和
完成
两种
操作
选择
，
点击
知道了
后
界面
右侧
出现
继续
录音
和
完成
操作
按钮
，
正式
进入
互动
讲解
环节
",
   
 "
priority
":
 "
P
1
"
 
 },
 
 {
   
 "
id
":
 "
TC
-
08
4
",
   
 "
description
":
 "
非
首次
进入
讲
错
题
页面
跳
过
使用
引导
直接
展示
AI
提问
对话
",
   
 "
test
_module
":
 "
使用
引导
",
   
 "
pre
conditions
":
 ["
学员
已
登录
",
 "
本
节课
已
使用
过
AI
讲
题
功能
"],
   
 "
steps
":
 ["
再次
进入
第五
步
讲
知识
错
题
页面
",
 "
观察
是否
弹出
使用
引导
"],
   
 "
test
_input
":
 "
非
首次
进入
讲
错
题
页面
",
   
 "
expected
_result
":
 "
不再
弹出
使用
引导
对话框
，
直接
展示
AI
提问
的
对话
内容
，
可
继续
之前的
交互
或
开始
新的
提问
",
   
 "
priority
":
 "
P
1
"
 
 },
 
 {
   
 "
id
":
 "
TC
-
08
5
",
   
 "
description
":
 "
完成
使用
引导
后
AI
自动
展示
第一
道
初始
问题
",
   
 "
test
_module
":
 "
交互
流程
",
   
 "
pre
conditions
":
 ["
学员
已
登录
",
 "
本
讲
有
错
题
记录
",
 "
已完成
使用
引导
"],
   
 "
steps
":
 ["
完成
使用
引导
全部
步骤
",
 "
观察
主
界面
展示
内容
"],
   
 "
test
_input
":
 "
完成
引导
后
观察
AI
提问
",
   
 "
expected
_result
":
 "
AI
自动
在
提问
展示
区
以
对话框
样式
展示
第一
道
问题
，
学员
可
点击
对话
按钮
开始
回答
",
   
 "
priority
":
 "
P
1
"
 
 },
 
 {
   
 "
id
":
 "
TC
-
08
6
",
   
 "
description
":
 "
学员
语音
录制
完成后
点击
提交
发送
转
文字
内容
至
对话框
",
   
 "
test
_module
":
 "
交互
流程
",
   
 "
pre
conditions
":
 ["
学员
已
登录
",
 "
AI
已
展示
问题
",
 "
录音
权限
已
授权
"],
   
 "
steps
":
 ["
点击
对话
按钮
开始
录音
",
 "
说出
回答
内容
",
 "
停止
录音
",
 "
点击
提交
按钮
"],
   
 "
test
_input
":
 "
语音
录制
一段
回答
内容
后
提交
",
   
 "
expected
_result
":
 "
语音
内容
被
转换为
文字
并以
学员
对话
气泡
形式
展示
在
提问
展示
区
，
AI
随后
生成
追问
内容
",
   
 "
priority
":
 "
P
1
"
 
 },
 
 {
   
 "
id
":
 "
TC
-
08
7
",
   
 "
description
":
 "
学员
回答
过程中
点击
继续
录音
按钮
可
补充
录制
内容
",
   
 "
test
_module
":
 "
交互
流程
",
   
 "
pre
conditions
":
 ["
学员
已
登录
",
 "
学员
已
录制
一段
回答
但
未
点击
完成
"],
   
 "
steps
":
 ["
录制
第一
段
回答
内容
",
 "
暂停
录音
",
 "
点击
继续
录音
按钮
",
 "
继续
录制
补充
内容
",
 "
点击
完成
按钮
提交
"],
   
 "
test
_input
":
 "
分
两
段
录制
回答
内容
后
提交
",
   
 "
expected
_result
":
 "
两
段
录制
内容
合并
转换为
完整
文字
，
以
学员
对话
气泡
形式
展示
在
提问
展示
区
",
   
 "
priority
":
 "
P
1
"
 
 },
 
 {
   
 "
id
":
 "
TC
-
08
8
",
   
 "
description
":
 "
学员
点击
完成
按钮
结束
当前
回答
并
提交
给
AI
",
   
 "
test
_module
":
 "
交互
流程
",
   
 "
pre
conditions
":
 ["
学员
已
登录
",
 "
学员
正在
录制
或
已
录制
回答
内容
"],
   
 "
steps
":
 ["
录制
回答
内容
",
 "
点击
完成
按钮
",
 "
观察
提交
结果
"],
   
 "
test
_input
":
 "
录制
回答
后
点击
完成
",
   
 "
expected
_result
":
 "
当前
回答
内容
提交
成功
，
文字
展示
在
对话
区域
，
AI
开始
处理
并
生成
追问
反馈
",
   
 "
priority
":
 "
P
1
"
 
 },
 
 {
   
 "
id
":
 "
TC
-
08
9
",
   
 "
description
":
 "
AI
追问
内容
在
学员
原
回答
下方
以
新
对话框
形式
展示
",
   
 "
test
_module
":
 "
交互
流程
",
   
 "
pre
conditions
":
 ["
学员
已
登录
",
 "
学员
已
提交
一次
回答
"],
   
 "
steps
":
 ["
学员
提交
回答
后
等待
AI
反馈
",
 "
观察
AI
追问
内容的
展示
位置
和
形式
"],
   
 "
test
_input
":
 "
提交
回答
后
观察
AI
追问
展示
",
   
 "
expected
_result
":
 "
AI
追问
内容
在
学员
原
回答
内容的
下方
以
新的
对话框
形式
展示
，
学员
可
再次
点击
对话
按钮
进行
回答
",
   
 "
priority
":
 "
P
1
"
 
 },
 
 {
   
 "
id
":
 "
TC
-
0
90
",
   
 "
description
":
 "
学员
回答
答
非
所
问
时
准确性
维度
直接
计
0
分
",
   
 "
test
_module
":
 "
评分
",
   
 "
pre
conditions
":
 ["
学员
已
登录
",
 "
学员
正在
与
AI
进行
讲
错
题
交互
"],
   
 "
steps
":
 ["
AI
提出
问题
",
 "
学员
回答
与
问题
完全
无关
的内容
",
 "
完成
全部
交互
轮
次
",
 "
查看
评分
结果
"],
   
 "
test
_input
":
 "
回答
内容
与
问题
无关
的
答
非
所
问
内容
",
   
 "
expected
_result
":
 "
评分
结果
中
准确性
维度
得
分为
0
分
，
综合
评分
显著
降低
",
   
 "
priority
":
 "
P
1
"
 
 },
 
 {
   
 "
id
":
 "
TC
-
09
1
",
   
 "
description
":
 "
点击
重新
讲
按钮
后
AI
从
错
题
库
重新
出
题
且
题目
与
之前
不同
",
   
 "
test
_module
":
 "
评分
",
   
 "
pre
conditions
":
 ["
学员
已
登录
",
 "
已完成
一次
讲
错
题
评分
"],
   
 "
steps
":
 ["
查看
评分
结果
",
 "
点击
重新
讲
按钮
",
 "
观察
AI
新
出
题
内容
"],
   
 "
test
_input
":
 "
评分
完成后
点击
重新
讲
",
   
 "
expected
_result
":
 "
AI
从
错
题
库
中
重新
抽取
题目
，
新
题目
与
之前
讲解
的
题目
不同
，
开始
新一轮
交互
流程
",
   
 "
priority
":
 "
P
1
"
 
 },
 
 {
   
 "
id
":
 "
TC
-
09
2
",
   
 "
description
":
 "
修订
版
评分
三
维度
-
思路
准确性
0
-
3
分
步骤
完整性
0
-
3
分
表达
清晰
度
0
-
4
分
总分
10
分
",
   
 "
test
_module
":
 "
评分
",
   
 "
pre
conditions
":
 ["
学员
已
登录
",
 "
学员
已完成
与
AI
的
讲
错
题
交互
"],
   
 "
steps
":
 ["
完成
4
轮
左右
交互
",
 "
查看
AI
评分
结果
",
 "
核对
各
维度
得分
和
总分
"],
   
 "
test
_input
":
 "
完成
讲
错
题
交互
后
查看
评分
",
   
 "
expected
_result
":
 "
评分
展示
思路
准确性
（
0
-
3
分
）、
步骤
完整性
（
0
-
3
分
）、
表达
清晰
度
（
0
-
4
分
）
三个
维度
各自
得分
，
三
维度
得分
之和
为
综合
评分
，
满分
10
分
",
   
 "
priority
":
 "
P
1
"
 
 },
 
 {
   
 "
id
":
 "
TC
-
09
3
",
   
 "
description
":
 "
修订
版
纠
错
有效性
-
后续
提问
中
因
解释
不清
再次
出现
概念
错误
每次
扣
5
分
",
   
 "
test
_module
":
 "
评分
",
   
 "
pre
conditions
":
 ["
学员
已
登录
",
 "
学员
正在
与
AI
进行
讲
错
题
交互
"],
   
 "
steps
":
 ["
学员
在
第一
轮
回答
中出现
概念
错误
",
 "
AI
纠正
后
学员
在
后续
提问
中
再次
出现
同一
概念
错误
",
 "
完成
交互
查看
评分
",
 "
核对
纠
错
有效性
扣
分
"],
   
 "
test
_input
":
 "
学员
在
AI
纠正
后
再次
出现
概念
错误的
回答
",
   
 "
expected
_result
":
 "
评分
中
纠
错
有效性
扣
分
项
生效
，
每次
因
解释
不清
导致
再次
出现
概念
错误
扣
5
分
，
扣
完
为止
",
   
 "
priority
":
 "
P
1
"
 
 },
 
 {
   
 "
id
":
 "
TC
-
09
4
",
   
 "
description
":
 "
综合
评分
低于
8
分
时
联系
督导
按钮
视觉
突出
展示
",
   
 "
test
_module
":
 "
评分
",
   
 "
pre
conditions
":
 ["
学员
已
登录
",
 "
学员
讲
错
题
综合
评分
低于
8
分
"],
   
 "
steps
":
 ["
完成
讲
错
题
交互
获得
低于
8
分的
评分
",
 "
观察
结果
页面
按钮
展示
"],
   
 "
test
_input
":
 "
综合
评
分为
6
分
",
   
 "
expected
_result
":
 "
页面
展示
太
遗憾
了
提示
文案
，
联系
督导
按钮
相比
去
日
清
按钮
在
视觉
上
更加
突出
展示
（
如
颜色
更
醒
目
、
尺寸
更大
或
位置
更
靠
前
）
",
   
 "
priority
":
 "
P
2
"
 
 },
 
 {
   
 "
id
":
 "
TC
-
09
5
",
   
 "
description
":
 "
修订
版
四
轮
对话
框架
-
第一
轮
暴露
认知
误区
第二轮
检验
原理
第三
轮
验证
迁移
第四
轮
结构
化
总结
",
   
 "
test
_module
":
 "
AI
提问
逻辑
",
   
 "
pre
conditions
":
 ["
学员
已
登录
",
 "
学员
进入
讲
错
题
页面
开始
交互
"],
   
 "
steps
":
 ["
第一
轮
学员
陈述
错误
答案
及
推理
过程
",
 "
第二轮
学员
提出
验证
性问题
检验
原理
理解
",
 "
第三
轮
学员
提出
相似
情境
新
问题
验证
方法
迁移
",
 "
第四
轮
学员
请求
结构
化
总结
解题
思路
",
 "
观察
四
轮
交互
流程
完整性
"],
   
 "
test
_input
":
 "
按
四
轮
对话
框架
完成
完整
交互
",
   
 "
expected
_result
":
 "
第一
轮
AI
引导
暴露
认知
误区
，
第二轮
AI
回应
检验
原理
理解的
验证
性问题
，
第三
轮
AI
回应
方法
迁移
的新
问题
，
第四
轮
AI
提供
结构
化
总结
如
三
步
法
固定
解题
思路
，
四
轮
后
触发
评分
",
   
 "
priority
":
 "
P
1
"
 
 },
 
 {
   
 "
id
":
 "
TC
-
09
6
",
   
 "
description
":
 "
语音
识别
失败
时
提示
用户
重新
录制
",
   
 "
test
_module
":
 "
交互
流程
-
异常
",
   
 "
pre
conditions
":
 ["
学员
已
登录
",
 "
AI
已
展示
问题
",
 "
录音
权限
已
授权
"],
   
 "
steps
":
 ["
点击
对话
按钮
开始
录音
",
 "
说出
回答
内容
",
 "
模拟
语音
识别
服务
异常
",
 "
观察
页面
提示
"],
   
 "
test
_input
":
 "
语音
识别
服务
异常
导致
转
文字
失败
",
   
 "
expected
_result
":
 "
页面
展示
语音
识别
失败的
提示
信息
，
引导
用户
重新
点击
对话
按钮
进行
录制
",
   
 "
priority
":
 "
P
1
"
 
 }
]
```
GEN_DIAG:{"kind": "stream_batch_token_usage", "project_id": 8, "request_id": "bdc834c529b049a0bc1c5c356701d160", "current_biz_key": "unknown", "multi_pass": true, "generation_mode": "full_functional_regression", "batch_index": 4, "total_batches": 4, "attempt": 1, "requested_count": 25, "input_tokens": null, "output_tokens": null, "total_tokens": null, "token_source": "unavailable", "token_unavailable_reason": "provider_usage_estimated", "estimate_method": "chars_div_4", "model": "glm-5.1"}

GEN_DIAG:{"kind": "stream_batch_quality", "project_id": 8, "request_id": "bdc834c529b049a0bc1c5c356701d160", "current_biz_key": "unknown", "multi_pass": true, "generation_mode": "full_functional_regression", "batch_index": 4, "new_valid_cases_count": 21, "duplicate_rate": 0.0, "non_assertable_count": 0, "low_quality_filtered_count": 0, "coverage_gain_count": 21, "low_gain_detected": false, "low_gain_streak": 0}
@@STATUS@@:[multi-pass] Stage 2/3 gap supplement started...
@@STATUS@@:Gap supplement attempt #1...
```
json

[
 
 {
   
 "
id
":
 "
TC
-
09
7
",
   
 "
description
":
 "
学员
第
5
轮
复
述
逻辑
错误
时
AI
返回
阶段
4
重新
梳理
不
触发
打
分
",
   
 "
test
_module
":
 "
AI
提问
逻辑
",
   
 "
pre
conditions
":
 ["
学员
已
进入
第五
步
讲
知识
错
题
页面
",
 "
已完成
前
4
轮
交互
进入
第
5
轮
确认
理解
阶段
"],
   
 "
steps
":
 ["
1
.
 学
员
在第
5
轮
复
述
解题
逻辑
但
存在
关键
错误
",
 "
2
.
 观
察
AI
回复
内容
",
 "
3
.
 验
证
AI
是否
触发
打
分
",
 "
4
.
 观
察
AI
是否
引导
返回
对比
现象
差异
阶段
重新
梳理
"],
   
 "
test
_input
":
 "
学员
第
5
轮
复
述
逻辑
包含
概念
错误
，
如
将
汽
化
说
成
固态
变
气
态
",
   
 "
expected
_result
":
 "
AI
不
触发
打
分
功能
，
回复
内容
引导
学员
返回
对比
现象
差异
阶段
重新
梳理
逻辑
，
指出
复
述
中的
错误
点
并
要求
重新
对比
",
   
 "
priority
":
 "
P
0
"
 
 },
 
 {
   
 "
id
":
 "
TC
-
09
8
",
   
 "
description
":
 "
讲
错
题
交互
页面
标记
清楚
当前
讲解
的是
哪
道
题
",
   
 "
test
_module
":
 "
AI
提问
逻辑
",
   
 "
pre
conditions
":
 ["
学员
已
进入
第五
步
讲
知识
错
题
页面
",
 "
本
讲
有
2
道
错
题
被
AI
抽取
"],
   
 "
steps
":
 ["
1
.
 观
察
AI
提问
时
页面
是否
标记
当前
讲解
的
题目
",
 "
2
.
 完
成
第一
道
题
讲解
后
AI
切换
到
第二
道
题
",
 "
3
.
 观
察
页面
题目
标记
是否
同步
更新
"],
   
 "
test
_input
":
 "
AI
抽取
2
道
错
题
依次
提问
",
   
 "
expected
_result
":
 "
页面
清晰
标记
当前
正在
讲解
的是
哪
道
题
（
如
题
号
、
题目
摘要
或
视觉
高
亮
），
切换
题目
时
标记
同步
更新
为
当前
讲解
的
题目
",
   
 "
priority
":
 "
P
1
"
 
 },
 
 {
   
 "
id
":
 "
TC
-
09
9
",
   
 "
description
":
 "
AI
初始
提问
话
术
包含
具体
错误
选项
和
正确
选项
内容
变量
填充
",
   
 "
test
_module
":
 "
AI
提问
逻辑
",
   
 "
pre
conditions
":
 ["
学员
已
进入
第五
步
讲
知识
错
题
页面
",
 "
学员
做
错的
题目
选项
为
A
，
正确
答案
为
D
"],
   
 "
steps
":
 ["
1
.
 AI
展示
初始
提问
",
 "
2
.
 检
查
AI
提问
话
术中
是否
包含
具体的
错误
选项
标识
和
正确
选项
标识
",
 "
3
.
 验
证
话
术
是否
引导
学员
说出
个人
判断
理由
"],
   
 "
test
_input
":
 "
学员
错
选
A
，
正确
答案
为
D
的
化学
选择题
",
   
 "
expected
_result
":
 "
AI
初始
提问
话
术中
包含
具体的
错误
选项
（
如
A
）
和
正确
选项
（
如
D
）
的
标识
或
内容
，
并
使用
引导
句
式
如
'
我
选
了
__
因为
__
'
促使
学员
暴露
认知
漏洞
",
   
 "
priority
":
 "
P
1
"
 
 },
 
 {
   
 "
id
":
 "
TC
-
100
",
   
 "
description
":
 "
AI
第
2
轮
追问
自动
提取
正确
选项
关键
信息
并
引导
学员
说出
个人
盲
区
",
   
 "
test
_module
":
 "
AI
提问
逻辑
",
   
 "
pre
conditions
":
 ["
学员
已
进入
第五
步
讲
知识
错
题
页面
",
 "
已完成
第
1
轮
交互
进入
第
2
轮
"],
   
 "
steps
":
 ["
1
.
 学
员
完成
第
1
轮
回答
后
AI
生成
第
2
轮
追问
",
 "
2
.
 检
查
AI
追问
是否
引用
正确
选项
的具体
描述
内容
",
 "
3
.
 验
证
AI
是否
引导
学员
说出
未
注意
的
细节
"],
   
 "
test
_input
":
 "
正确
选项
内容
为
'
游泳
后
出来
感觉
冷
'
的
化学
题
",
   
 "
expected
_result
":
 "
AI
第
2
轮
追问
中
引用
正确
选项
的关键
信息
（
如
游泳
后
冷
），
并
使用
引导
句
式
如
'
我
之前
只
觉得
__
没
注意
__
'
引导
学员
聚焦
未
注意
的
细节
",
   
 "
priority
":
 "
P
1
"
 
 },
 
 {
   
 "
id
":
 "
TC
-
101
",
   
 "
description
":
 "
AI
第
3
轮
追问
自动
识别
核心
概念
并
引导
学员
举例
说明
误解
",
   
 "
test
_module
":
 "
AI
提问
逻辑
",
   
 "
pre
conditions
":
 ["
学员
已
进入
第五
步
讲
知识
错
题
页面
",
 "
已完成
前
2
轮
交互
进入
第
3
轮
"],
   
 "
steps
":
 ["
1
.
 学
员
完成
第
2
轮
回答
后
AI
生成
第
3
轮
追问
",
 "
2
.
 检
查
AI
追问
是否
识别
并
提及
题目
核心
概念
名称
",
 "
3
.
 验
证
AI
是否
引导
学员
举例
说明
对
概念的
误解
"],
   
 "
test
_input
":
 "
题目
涉及
汽
化
与
液化
概念
混淆
",
   
 "
expected
_result
":
 "
AI
第
3
轮
追问
中
识别
并
提及
核心
概念
名称
（
如
液化
、
汽
化
），
并
使用
引导
句
式
如
'
我觉得
__
是因为
__
比如
__
'
促使
学员
举例
说明
自身
对
概念的
误解
",
   
 "
priority
":
 "
P
1
"
 
 },
 
 {
   
 "
id
":
 "
TC
-
102
",
   
 "
description
":
 "
AI
第
4
轮
引导
对比
时
引用
题目
选项
的具体
现象
描述
",
   
 "
test
_module
":
 "
AI
提问
逻辑
",
   
 "
pre
conditions
":
 ["
学员
已
进入
第五
步
讲
知识
错
题
页面
",
 "
已完成
前
3
轮
交互
进入
第
4
轮
"],
   
 "
steps
":
 ["
1
.
 学
员
完成
第
3
轮
回答
后
AI
生成
第
4
轮
追问
",
 "
2
.
 检
查
AI
追问
是否
关联
错误
选项
和
正确
选项
的具体
现象
描述
",
 "
3
.
 验
证
AI
是否
引导
学员
对比
两种
现象
差异
并
推导
逻辑
"],
   
 "
test
_input
":
 "
错误
选项
现象
为
冰
块
变小
，
正确
选项
现象
为
游泳
后
身上的
水
变
没
",
   
 "
expected
_result
":
 "
AI
第
4
轮
追问
中
引用
错误
现象
（
如
冰
块
变小
）
和
正确
现象
（
如
身上的
水
变
没
）
的具体
描述
，
并
引导
学员
对比
差异
推导
正确
逻辑
如
'
是不是
__
得
是
__
'",
   
 "
priority
":
 "
P
1
"
 
 },
 
 {
   
 "
id
":
 "
TC
-
103
",
   
 "
description
":
 "
学员
正确
复
述
解题
逻辑
后
AI
自动
触发
打
分
功能
并
输出
正向
反馈
",
   
 "
test
_module
":
 "
AI
提问
逻辑
",
   
 "
pre
conditions
":
 ["
学员
已
进入
第五
步
讲
知识
错
题
页面
",
 "
已完成
前
4
轮
交互
进入
第
5
轮
确认
理解
阶段
"],
   
 "
steps
":
 ["
1
.
 学
员
在第
5
轮
正确
复
述
完整
解题
逻辑
",
 "
2
.
 观
察
AI
是否
自动
触发
打
分
",
 "
3
.
 检
查
AI
是否
输出
正向
反馈
文案
"],
   
 "
test
_input
":
 "
学员
正确
复
述
：
冰
块
变小
是
固态
变
液
态
不是
液化
，
身上的
水
变
气
态
是
汽
化
所以
选
B
",
   
 "
expected
_result
":
 "
AI
判定
学员
复
述
逻辑
正确
后
自动
触发
打
分
功能
，
并
输出
正向
反馈
文案
如
'
后续
遇到
类似
题
记得
看
状态
变化
哦
'
，
不
返回
重新
梳理
",
   
 "
priority
":
 "
P
1
"
 
 }
]
```
@@STATUS@@:Gap supplement attempt #2...
```
json

[
 
 {
   
 "
id
":
 "
TC
-
09
7
",
   
 "
description
":
 "
第五
阶段
学生
复
述
逻辑
错误
时
AI
不
触发
打
分
返回
阶段
4
重新
梳理
",
   
 "
test
_module
":
 "
AI
提问
逻辑
",
   
 "
pre
conditions
":
 ["
学员
已
进入
第五
步
讲
知识
错
题
页面
",
 "
交互
已
进行
到
第
5
轮
确认
理解
阶段
"],
   
 "
steps
":
 ["
1
.
 学
员
在第
5
轮
复
述
解题
逻辑
但
存在
关键
错误
",
 "
2
.
 观
察
AI
是否
触发
打
分
",
 "
3
.
 观
察
AI
后续
提问
方向
"],
   
 "
test
_input
":
 "
学员
第
5
轮
回答
中
复
述
的逻辑
存在
概念
错误
，
如
将
汽
化
说
成
固态
变
气
态
",
   
 "
expected
_result
":
 "
AI
不
触发
打
分
功能
，
返回
阶段
4
重新
梳理
逻辑
，
AI
追问
内容
针对
学员
复
述
中的
错误
点
进行
纠正
引导
",
   
 "
priority
":
 "
P
0
"
 
 },
 
 {
   
 "
id
":
 "
TC
-
09
8
",
   
 "
description
":
 "
AI
第一
轮
提问
内容
需
包含
具体
错误
选项
和
正确
选项
信息
而非
空
泛
提问
",
   
 "
test
_module
":
 "
AI
提问
逻辑
",
   
 "
pre
conditions
":
 ["
学员
已
进入
第五
步
讲
知识
错
题
页面
",
 "
本
讲
有
错
题
记录
",
 "
已完成
使用
引导
"],
   
 "
steps
":
 ["
1
.
 AI
展示
第一
轮
初始
问题
",
 "
2
.
 检
查
提问
内容
是否
包含
学员
的错误
选项
信息
",
 "
3
.
 检
查
提问
内容
是否
包含
正确
选项
信息
"],
   
 "
test
_input
":
 "
学员
错
题为
化学
选择题
，
选
了
A
但
正确
答案是
D
",
   
 "
expected
_result
":
 "
AI
第一
轮
提问
内容
中
包含
具体的
错误
选项
（
如
A
选项
内容
）
和
正确
选项
（
如
D
选项
内容
）
的
变量
填充
，
提问
具有
针对性
而非
空
泛
的
'
为什么
错了
'",
   
 "
priority
":
 "
P
1
"
 
 },
 
 {
   
 "
id
":
 "
TC
-
09
9
",
   
 "
description
":
 "
AI
第二轮
提问
需
自动
提取
正确
选项
关键
信息
聚焦
学生
盲
区
",
   
 "
test
_module
":
 "
AI
提问
逻辑
",
   
 "
pre
conditions
":
 ["
学员
已
进入
第五
步
讲
知识
错
题
页面
",
 "
已完成
第一
轮
交互
"],
   
 "
steps
":
 ["
1
.
 学
员
完成
第一
轮
回答
",
 "
2
.
 观
察
AI
第二轮
提问
内容
",
 "
3
.
 验
证
提问
是否
针对
正确
选项
的具体
关键
信息
"],
   
 "
test
_input
":
 "
正确
选项
B
涉及
'
游泳
后
出来
感觉
冷
'
，
学员
第一
轮
仅
解释
了
错误
选项
原因
",
   
 "
expected
_result
":
 "
AI
第二轮
提问
自动
提取
正确
选项
的关键
信息
（
如
游泳
后
冷
），
引导学生
关注
自己
未
注意
的
细节
，
提问
包含
'
我
之前
只
觉得
__
，
没
注意
__
'
类
引导
句
式
",
   
 "
priority
":
 "
P
1
"
 
 },
 
 {
   
 "
id
":
 "
TC
-
100
",
   
 "
description
":
 "
AI
第三
轮
提问
需
自动
识别
题目
核心
概念
作为
混淆
概念
变量
",
   
 "
test
_module
":
 "
AI
提问
逻辑
",
   
 "
pre
conditions
":
 ["
学员
已
进入
第五
步
讲
知识
错
题
页面
",
 "
已完成
前
两
轮
交互
"],
   
 "
steps
":
 ["
1
.
 学
员
完成
第二轮
回答
",
 "
2
.
 观
察
AI
第三
轮
提问
内容
",
 "
3
.
 验
证
提问
是否
识别
并
针对
核心
概念
混淆
"],
   
 "
test
_input
":
 "
题目
涉及
汽
化和
液化
概念
，
学员
前
两
轮
暴露
了对
液化
概念的
误解
",
   
 "
expected
_result
":
 "
AI
第三
轮
提问
自动
识别
题目
核心
概念
（
如
液化
、
汽
化
），
将其
作为
混淆
概念
变量
，
引导学生
举例
说明
自己对
概念的
误解
，
如
'
我觉得
__
是因为
__
，
比如
__
'
类
句
式
",
   
 "
priority
":
 "
P
1
"
 
 },
 
 {
   
 "
id
":
 "
TC
-
101
",
   
 "
description
":
 "
AI
第四
轮
提问
需
关联
错误
现象
和
正确
现象
引导学生
对比
推导
",
   
 "
test
_module
":
 "
AI
提问
逻辑
",
   
 "
pre
conditions
":
 ["
学员
已
进入
第五
步
讲
知识
错
题
页面
",
 "
已完成
前三
轮
交互
"],
   
 "
steps
":
 ["
1
.
 学
员
完成
第三
轮
回答
",
 "
2
.
 观
察
AI
第四
轮
提问
内容
",
 "
3
.
 验
证
提问
是否
关联
错误
现象
和
正确
现象
进行
对比
"],
   
 "
test
_input
":
 "
错误
现象
为
冰
块
变小
，
正确
现象
为
游泳
后
身上的
水
变
没
",
   
 "
expected
_result
":
 "
AI
第四
轮
提问
自动
关联
错误
现象
（
冰
块
变小
）
和
正确
现象
（
身上的
水
变
没
），
引导学生
对比
两者
状态
变化
差异
并
自主
推导
正确
逻辑
，
如
'
是不是
__
得
是
__
，
所以
__
才
对
呀
？
'
类
句
式
",
   
 "
priority
":
 "
P
1
"
 
 },
 
 {
   
 "
id
":
 "
TC
-
102
",
   
 "
description
":
 "
AI
提问
时
需
清晰
标记
当前
提问
对应
的是
哪
道
题目
",
   
 "
test
_module
":
 "
AI
提问
逻辑
",
   
 "
pre
conditions
":
 ["
学员
已
进入
第五
步
讲
知识
错
题
页面
",
 "
本
讲
有
2
道
错
题
被
抽取
"],
   
 "
steps
":
 ["
1
.
 AI
展示
第一
道
题
目的
提问
",
 "
2
.
 观
察
提问
区域
是否有
题
目标
记
",
 "
3
.
 切
换
到
第二
道
题目
提问
时
观察
标记
变化
"],
   
 "
test
_input
":
 "
AI
抽取
了
2
道
错
题
进行
提问
",
   
 "
expected
_result
":
 "
AI
提问
区域
清晰
标记
当前
提问
对应
的是
哪
道
题目
（
如
题
号
、
题目
摘要
等
UI
标识
），
学员
能
明确
区分
不同
题
目的
提问
上下
文
",
   
 "
priority
":
 "
P
1
"
 
 },
 
 {
   
 "
id
":
 "
TC
-
103
",
   
 "
description
":
 "
学员
之前
答
对的
题目
AI
提问
时
直接
复
述
正确
答案
作为
提问
基础
",
   
 "
test
_module
":
 "
AI
提问
逻辑
",
   
 "
pre
conditions
":
 ["
学员
已
进入
第五
步
讲
知识
错
题
页面
",
 "
本
讲
全部
做
对
，
AI
随机
抽取
正确
题目
提问
"],
   
 "
steps
":
 ["
1
.
 AI
抽取
学员
答
对的
题目
",
 "
2
.
 观
察
AI
初始
提问
内容
",
 "
3
.
 验
证
AI
是否
直接
复
述
正确
答案
"],
   
 "
test
_input
":
 "
学员
该
题
回答
正确
，
AI
抽取
该
题
进行
追问
",
   
 "
expected
_result
":
 "
AI
提问
时
直接
复
述
一遍
正确
答案
作为
提问
的基础
内容
，
而非
以
错误
答案
为
切入点
提问
",
   
 "
priority
":
 "
P
1
"
 
 },
 
 {
   
 "
id
":
 "
TC
-
104
",
   
 "
description
":
 "
AI
提问
以
学生
困惑
视角
直接
问
不
进行
知识点
引导
式
提问
",
   
 "
test
_module
":
 "
AI
提问
逻辑
",
   
 "
pre
conditions
":
 ["
学员
已
进入
第五
步
讲
知识
错
题
页面
",
 "
AI
正在
与
学员
交互
"],
   
 "
steps
":
 ["
1
.
 观
察
AI
所有
轮
次的
提问
内容
",
 "
2
.
 检
查
提问
是否
以
学生
身份
的
困惑
表达
",
 "
3
.
 验
证
提问
是否
减少了
知识点
引导
直接
问
"],
   
 "
test
_input
":
 "
学员
正常
进行
多
轮
交互
",
   
 "
expected
_result
":
 "
AI
提问
包装
成
学生
身份
，
使用
'
老师
这
题
我不会
'
类
文案
，
减少
知识
点的
引导
性
提示
，
直接
以
困惑
点
提问
，
不
出现
'
你知道
XX
知识点
吗
'
类
引导
式
提问
",
   
 "
priority
":
 "
P
1
"
 
 },
 
 {
   
 "
id
":
 "
TC
-
105
",
   
 "
description
":
 "
第五
阶段
学生
复
述
逻辑
完全
正确
时
AI
自动
触发
打
分
并
输出
正向
反馈
",
   
 "
test
_module
":
 "
AI
提问
逻辑
",
   
 "
pre
conditions
":
 ["
学员
已
进入
第五
步
讲
知识
错
题
页面
",
 "
交互
已
进行
到
第
5
轮
确认
理解
阶段
"],
   
 "
steps
":
 ["
1
.
 学
员
在第
5
轮
复
述
解题
逻辑
完全
正确
",
 "
2
.
 观
察
AI
是否
自动
触发
打
分
",
 "
3
.
 观
察
AI
是否
输出
正向
反馈
"],
   
 "
test
_input
":
 "
学员
第
5
轮
正确
复
述
：
冰
块
变小
是
固态
变
液
态
不是
液化
，
身上的
水
变
气
态
就是
汽
化
所以
选
B
",
   
 "
expected
_result
":
 "
AI
判断
学生
复
述
逻辑
正确
后
自动
触发
打
分
功能
，
并
输出
正向
反馈
如
'
后续
遇到
类似
题
，
记得
看
状态
变化
哦
'
类
鼓励
文案
",
   
 "
priority
":
 "
P
0
"
 
 },
 
 {
   
 "
id
":
 "
TC
-
106
",
   
 "
description
":
 "
AI
提问
中
具
象
化
关联
日常
可
感知
事物
避免
抽象
概念
讨论
",
   
 "
test
_module
":
 "
AI
提问
逻辑
",
   
 "
pre
conditions
":
 ["
学员
已
进入
第五
步
讲
知识
错
题
页面
",
 "
题目
涉及
物理
或
化学
状态
变化
"],
   
 "
steps
":
 ["
1
.
 观
察
AI
所有
轮
次的
提问
内容
",
 "
2
.
 检
查
提问
是否
关联
日常
具
象
事物
",
 "
3
.
 验
证
是否
避免
纯
抽象
概念
表述
"],
   
 "
test
_input
":
 "
题目
涉及
物
态
变化
（
汽
化
、
液化
、
熔
化
）
",
   
 "
expected
_result
":
 "
AI
提问
关联
学生
日常
可
感知
的
具
象
事物
（
如
水
、
冰
块
、
游泳
等
），
使用
'
冰
块
在
饮料
里
慢慢
化
掉
变成
水
'
而非
'
固态
变
液
态
'
类
抽象
表述
，
降低
理解
门槛
",
   
 "
priority
":
 "
P
2
"
 
 }
]
```
@@STATUS@@:Gap supplement attempt #3...
```
json

[
 
 {
   
 "
id
":
 "
TC
-
09
7
",
   
 "
description
":
 "
AI
初始
提问
包含
学员
所选
错误
选项
和
正确
选项
的具体
内容
变量
填充
",
   
 "
test
_module
":
 "
AI
提问
逻辑
",
   
 "
pre
conditions
":
 ["
学员
已
进入
第五
步
讲
知识
错
题
页面
",
 "
本
讲
存在
错
题
",
 "
已完成
使用
引导
"],
   
 "
steps
":
 ["
1
.
 AI
展示
第一
道
初始
问题
",
 "
2
.
 检
查
AI
提问
内容
是否
包含
学员
所选
的错误
选项
具体
内容
",
 "
3
.
 检
查
AI
提问
内容
是否
包含
正确
选项
的具体
内容
",
 "
4
.
 验
证
变量
填充
是否
准确
对接
题目
数据库
"],
   
 "
test
_input
":
 "
错
题为
化学
选择题
，
学员
选
了
A
（
错误
），
正确
答案
为
D
",
   
 "
expected
_result
":
 "
AI
初始
提问
中
包含
具体的
错误
选项
A
的内容
和
正确
选项
D
的内容
，
如
'
我
之前
选
了
A
（
XX
内容
），
但
正确
答案是
D
（
XX
内容
）
'
，
变量
填充
准确
无
遗漏
",
   
 "
priority
":
 "
P
1
"
 
 },
 
 {
   
 "
id
":
 "
TC
-
09
8
",
   
 "
description
":
 "
AI
追问
自动
识别
题目
核心
概念
作为
混淆
概念
变量
使用
",
   
 "
test
_module
":
 "
AI
提问
逻辑
",
   
 "
pre
conditions
":
 ["
学员
已
进入
第五
步
讲
知识
错
题
页面
",
 "
交互
进行
到
概念
澄清
阶段
",
 "
题目
涉及
可
识别
的核心
概念
"],
   
 "
steps
":
 ["
1
.
 学
员
完成
前
两
轮
交互
",
 "
2
.
 观
察
AI
第三
轮
左右
追问
内容
",
 "
3
.
 验
证
AI
是否
自动
识别
题目
核心
概念
",
 "
4
.
 验
证
AI
是否
将
核心
概念
作为
混淆
概念
变量
在
提问
中使用
"],
   
 "
test
_input
":
 "
错
题
涉及
汽
化和
液化
两个
核心
概念
",
   
 "
expected
_result
":
 "
AI
追问
中
自动
识别
并
使用
'
汽
化
''
液化
'
等
核心
概念
作为
混淆
概念
变量
，
如
'
还有
液化
这个词
，
我
之前
一直
觉得
……
'
，
概念
识别
准确
且
与
题目
相关
",
   
 "
priority
":
 "
P
1
"
 
 },
 
 {
   
 "
id
":
 "
TC
-
09
9
",
   
 "
description
":
 "
AI
追问
自动
关联
错误
现象
和
正确
现象
的
描述
进行
对比
提问
",
   
 "
test
_module
":
 "
AI
提问
逻辑
",
   
 "
pre
conditions
":
 ["
学员
已
进入
第五
步
讲
知识
错
题
页面
",
 "
交互
进行
到
对比
差异
阶段
",
 "
题目
选项
包含
可
对比
的现象
描述
"],
   
 "
steps
":
 ["
1
.
 学
员
完成
前三
轮
交互
",
 "
2
.
 观
察
AI
第四
轮
左右
追问
内容
",
 "
3
.
 验
证
AI
是否
自动
关联
错误
选项
现象
和
正确
选项
现象
",
 "
4
.
 验
证
AI
是否
引导
学员
对比
两种
现象
差异
"],
   
 "
test
_input
":
 "
错误
选项
A
描述
冰
块
变化
，
正确
选项
B
描述
游泳
后
水
的变化
",
   
 "
expected
_result
":
 "
AI
追问
中
自动
关联
错误
现象
（
如
冰
块
变小
）
和
正确
现象
（
如
身上的
水
变
没
）
的
描述
，
引导
学员
对比
差异
并
尝试
推导
正确
逻辑
",
   
 "
priority
":
 "
P
1
"
 
 },
 
 {
   
 "
id
":
 "
TC
-
100
",
   
 "
description
":
 "
学员
最终
复
述
逻辑
正确
时
自动
触发
打
分
功能
并
输出
正向
反馈
",
   
 "
test
_module
":
 "
AI
提问
逻辑
",
   
 "
pre
conditions
":
 ["
学员
已
进入
第五
步
讲
知识
错
题
页面
",
 "
交互
进行
到
理解
确认
阶段
",
 "
学员
即将
复
述
正确
逻辑
"],
   
 "
steps
":
 ["
1
.
 学
员
在
最后一
轮
复
述
正确的
解题
逻辑
",
 "
2
.
 观
察
AI
是否
判断
复
述
逻辑
正确
",
 "
3
.
 验
证
是否
自动
触发
打
分
功能
",
 "
4
.
 验
证
是否
输出
正向
反馈
文案
"],
   
 "
test
_input
":
 "
学员
复
述
'
冰
块
变小
是
固态
变
液
态
不是
液化
，
身上的
水
变
气
态
就是
汽
化
，
所以
选
B
'",
   
 "
expected
_result
":
 "
AI
判断
学员
复
述
逻辑
正确
，
自动
触发
打
分
功能
显示
评分
结果
，
并
输出
正向
反馈
如
'
后续
遇到
类似
题
，
记得
看
状态
变化
哦
'
等
鼓励
文案
",
   
 "
priority
":
 "
P
0
"
 
 },
 
 {
   
 "
id
":
 "
TC
-
101
",
   
 "
description
":
 "
学员
最终
复
述
逻辑
错误
时
返回
上一
阶段
重新
梳理
不
触发
打
分
",
   
 "
test
_module
":
 "
AI
提问
逻辑
",
   
 "
pre
conditions
":
 ["
学员
已
进入
第五
步
讲
知识
错
题
页面
",
 "
交互
进行
到
理解
确认
阶段
",
 "
学员
复
述
的逻辑
存在
错误
"],
   
 "
steps
":
 ["
1
.
 学
员
在
最后一
轮
复
述
的
解题
逻辑
仍
存在
错误
",
 "
2
.
 观
察
AI
是否
判断
复
述
逻辑
错误
",
 "
3
.
 验
证
是否
不
触发
打
分
功能
",
 "
4
.
 验
证
AI
是否
引导
返回
上一
阶段
重新
梳理
"],
   
 "
test
_input
":
 "
学员
复
述
'
冰
块
变
水
是
液化
，
水
变
没了
也是
液化
，
所以
选
B
'",
   
 "
expected
_result
":
 "
AI
判断
学员
复
述
逻辑
仍然
错误
，
不
触发
打
分
功能
，
引导
返回
对比
差异
阶段
重新
梳理
错误
认知
，
继续
交互
而非
直接
结束
评分
",
   
 "
priority
":
 "
P
0
"
 
 },
 
 {
   
 "
id
":
 "
TC
-
102
",
   
 "
description
":
 "
AI
提问
使用
具
象
化
日常
可
感知
事物
表述
而非
抽象
概念
",
   
 "
test
_module
":
 "
AI
提问
逻辑
",
   
 "
pre
conditions
":
 ["
学员
已
进入
第五
步
讲
知识
错
题
页面
",
 "
题目
涉及
可
具
象
化的
物理
或
化学
概念
"],
   
 "
steps
":
 ["
1
.
 查
看
AI
所有
轮
次的
提问
内容
",
 "
2
.
 检
查
AI
是否
使用
日常
可
感知
的
具
象
事物
描述
",
 "
3
.
 验
证
AI
是否
避免
使用
纯
抽象
概念
表述
"],
   
 "
test
_input
":
 "
题目
涉及
物
态
变化
（
固态
变
液
态
、
液
态
变
气
态
）
",
   
 "
expected
_result
":
 "
AI
提问
中使用
'
冰
块
在
饮料
里
慢慢
化
掉
变成
水
'
而非
'
固态
变
液
态
'
，
使用
'
身上的
水
慢慢
变
没了
'
而非
'
液
态
变
气
态
'
等
具
象
化
日常
事物
表述
，
降低
理解
门槛
",
   
 "
priority
":
 "
P
1
"
 
 },
 
 {
   
 "
id
":
 "
TC
-
103
",
   
 "
description
":
 "
学员
讲解
回答
正确的
题目
时
AI
直接
复
述
正确
答案
而非
追问
错
因
",
   
 "
test
_module
":
 "
AI
提问
逻辑
",
   
 "
pre
conditions
":
 ["
学员
已
进入
第五
步
讲
知识
错
题
页面
",
 "
AI
抽取
的
题目
中
包含
学员
回答
正确的
题目
",
 "
错
题
不够
需要
补充
正确
题目
"],
   
 "
steps
":
 ["
1
.
 AI
抽取
到
学员
回答
正确的
题目
进行
提问
",
 "
2
.
 学
员
讲解
该
题
",
 "
3
.
 观
察
AI
对该
正确
题目
提问
的
交互
方式
",
 "
4
.
 验
证
AI
是否
直接
复
述
正确
答案
"],
   
 "
test
_input
":
 "
AI
抽取
的
补充
题目
为
学员
回答
正确的
题目
",
   
 "
expected
_result
":
 "
AI
对该
正确
题
目的
提问
方式
为
直接
复
述
一遍
正确
答案
，
而非
按
错
题
追问
逻辑
进行
错误
原因
分析
，
交互
流程
相对
简化
",
   
 "
priority
":
 "
P
1
"
 
 },
 
 {
   
 "
id
":
 "
TC
-
104
",
   
 "
description
":
 "
学员
最终
复
述
逻辑
部分
正确
时
AI
继续
引导
补充
完善
而非
直接
触发
打
分
",
   
 "
test
_module
":
 "
AI
提问
逻辑
",
   
 "
pre
conditions
":
 ["
学员
已
进入
第五
步
讲
知识
错
题
页面
",
 "
交互
进行
到
理解
确认
阶段
",
 "
学员
复
述
逻辑
部分
正确
但
有关
键
遗漏
"],
   
 "
steps
":
 ["
1
.
 学
员
复
述
的
解题
逻辑
大
方向
正确
但
遗漏
关键
细节
",
 "
2
.
 观
察
AI
判断
结果
",
 "
3
.
 验
证
AI
是否
继续
引导
而非
直接
打
分
",
 "
4
.
 验
证
AI
引导
的
针对性
"],
   
 "
test
_input
":
 "
学员
复
述
'
汽
化
是
液
态
变
气
态
所以
选
B
'
但
未
说明
为何
冰
块
变
水
不是
液化
",
   
 "
expected
_result
":
 "
AI
判断
学员
复
述
逻辑
部分
正确
但
不够
完整
，
不
直接
触发
打
分
，
而是
针对
遗漏
的关键
点
继续
引导
补充
，
如
'
那
冰
块
变
水
那个
呢
？
'
确保
理解
闭环
完整
",
   
 "
priority
":
 "
P
1
"
 
 }
]
```
@@STATUS@@:[multi-pass] Stage 3/3 review selection started...
@@STATUS@@:Full regression shortfall supplement started...
@@STATUS@@:Full regression shortfall supplement added 4 cases.
GEN_DIAG:{"kind": "persistence_gate", "passed": false, "gate_mode": "enforce", "blocked": true, "failure_code": "LOW_QUALITY_GENERATED_CASES", "quality_would_block": true, "execution_plan_would_block": false, "quality_gate": {"passed": false, "failed_checks": ["persistable_reasoning_leakage_count=6"], "priority_final_null_count": 0, "invalid_priority_final_count": 0, "invalid_priority_final_case_ids": [], "non_assertable_expected_result_count": 0, "truncated_text_count": 0, "non_assertable_case_ids": [], "truncated_case_ids": [], "metrics": {"persistable_case_count": 96, "persistable_required_field_missing_count": 0, "persistable_priority_final_invalid_count": 0, "persistable_reasoning_leakage_count": 6, "final_count": 96, "min_acceptable_final": 85, "judge_rejected_count": 2, "final_scenario_duplicate_case_count": 0, "final_flow_misordered_count": 0, "reasoning_leak_count": 0, "role_mismatch_count": 0}, "persistable_required_field_missing_case_ids": [], "persistable_priority_final_invalid_case_ids": [], "persistable_reasoning_leakage_case_ids": ["TC-021", "TC-022", "TC-026", "TC-033", "TC-054", "TC-071"]}, "execution_plan_validation": {"passed": true, "failure_code": "", "failure_reasons": [], "generation_mode": "full_functional_regression", "metrics": {"final_case_count": 96, "main_smoke_count": 9, "p0_count": 12, "state_field_coverage": 1.0, "workflow_id_missing_count": 0, "workflow_id_missing_rate": 0.0, "state_conflict_count": 0, "semantic_conflict_count": 0, "linear_executable": true, "workflow_blueprint_count": 1, "trusted_workflow_contract_count": 1, "untrusted_workflow_blueprint_count": 0, "workflow_contract_source_types": ["human_reviewed"], "workflow_blueprint_source": "feedback_control_state", "main_chain_stage_kinds": ["entry", "configure", "configure", "preview", "commit", "downstream_visibility", "downstream_visibility", "consume", "completion_sync"], "commit_step_count": 1, "downstream_or_completion_step_count": 4, "commit_downstream_completion_closed": true}, "state_conflicts": [], "semantic_conflicts": []}, "request_id": "bdc834c529b049a0bc1c5c356701d160", "project_id": 8}
GEN_DIAG:{"kind": "generation_summary", "recommended_range": "80-120", "generation_coverage_mode": "full_functional_regression", "expected_count": 100, "expected_count_explicit": true, "recommended_min": 80, "recommended_max": 120, "target_final_count": 100, "soft_min_count": 80, "hard_min_count": 85, "min_acceptable_final": 85, "target_satisfaction_ratio": 0.96, "underfilled": false, "underfill_level": "", "underfill_reason": "", "underfill_root_cause": "", "final_count": 96, "status": "completed_with_quality_stop", "stop_reason": ["stopped_due_to_diminishing_returns"], "quality_assessment": "low", "needs_priority_review": false, "priority_conflict_count": 0, "priority_undetermined_count": 0, "priority_optional_count": 0, "final_priority_breakdown": {"P0": 12, "P1": 46, "P2": 38}, "final_execution_group_breakdown": {"main_smoke": 9, "display": 32, "independent_functional": 47, "permission": 1, "exception": 4, "boundary": 3}, "final_module_breakdown_top": {"AI提问逻辑": 29, "交互流程": 8, "AI提问逻辑-追问方向": 6, "业务主链路": 6, "使用引导": 4, "督导端-学员列表": 4, "AI提问逻辑-异常场景": 3, "页面入口与导航": 3, "学生端主链路": 2, "讲错题-使用引导": 2, "讲错题-入口导航": 2, "评分": 2, "评分结果与跳转": 2, "课程信息区": 2, "AI提问展示": 1, "AI提问逻辑-执行禁令": 1, "AI提问逻辑-沟通策略": 1, "AI提问逻辑-角色约束": 1, "AI提问逻辑-语气约束": 1, "AI提问逻辑-闭环约束": 1}, "final_display_case_count": 15, "final_display_ratio": 0.1562, "final_high_priority_ratio": 0.6042, "request_id": "bdc834c529b049a0bc1c5c356701d160", "project_id": 8, "multi_pass": true, "generation_mode": "full_functional_regression"}
GEN_DIAG:{"kind": "generation_convergence", "suggested_count": 100, "final_count": 96, "reference_gap": 4, "converged": false, "duplication_rate_estimate": 0.11926605504587157, "primary_count": 96, "gap_count": 25, "review_count": 109, "candidate_count_before_review": 121, "review_selected_count": 109, "post_review_dedup_drop": 13, "judge_reject_count": 2, "judge_pending_count": 1, "judge_pass_count": 106, "final_input_count": 106, "final_output_count": 96, "final_non_judge_drop_count": 10, "scenario_duplicate_pruned_count": 0, "post_review_dedup_reorder_drop_count": 10, "final_description_dedup_drop_count": 0, "total_dedup_drop_count": 13, "gap_attempts": 3, "gap_remaining_after_attempts": 7, "missing_rules_count": 6, "missing_types_exists": true, "low_quality_dropped_count": 4, "low_quality_dropped_examples": [{"stage": "post_judge_quality_filter", "reason": "non_assertable_expected_result", "case_id": "TC-057", "test_module": "督导端-操作按钮状态", "priority": "P2", "description": "已完成讲错题环节时查看按钮正常展示且可点击", "expected_result": "按钮正常展示且可点击，点击后弹出学员讲错题详情窗口"}, {"stage": "post_judge_quality_filter", "reason": "non_assertable_expected_result", "case_id": "TC-063", "test_module": "页面入口与导航", "priority": "P2", "description": "打印按钮点击后弹窗选择打印内容", "expected_result": "弹出打印内容选择弹窗，弹窗中包含可选择的打印内容选项"}, {"stage": "post_judge_quality_filter", "reason": "non_assertable_expected_result", "case_id": "TC-103", "test_module": "课程信息区", "priority": "P2", "description": "点击打印按钮弹出打印内容选择弹窗", "expected_result": "弹出打印内容选择弹窗，用户可选择需要打印的内容进行打印操作"}, {"stage": "post_judge_quality_filter", "reason": "non_assertable_expected_result", "case_id": "TC-104", "test_module": "AI提问逻辑-内容格式约束", "priority": "P2", "description": "AI提问内容不包含公式LaTeX和Markdown格式", "expected_result": "AI所有提问内容中不出现公式符号、LaTeX格式（如$xx$）和Markdown格式（如**加粗**、#标题等），全部使用纯文字描述"}], "postprocess_filter_drop_total": 4, "semantic_dedup_dropped_count": 0, "governance_hard_drop_count": 0, "duplicate_pruned_count": 13, "invalid_pruned_count": 4, "quality_rejected_count": 6, "review_selector_pruned_count": 0, "valid_unique_candidate_count": 121, "expected_count": 100, "expected_count_explicit": true, "recommended_min": 80, "recommended_max": 120, "target_final_count": 100, "soft_min_count": 80, "hard_min_count": 85, "min_acceptable_final": 85, "target_satisfaction_ratio": 0.96, "underfilled": false, "underfill_level": "", "underfill_reason": "", "underfill_root_cause": "", "append_target_count": 0, "append_final_cap_count": 0, "append_cap_drop_count": 0, "flow_governance": {"applied": true, "reason": "", "scenario_policy_registry_version": 1, "scenario_policy_registered_count": 93, "scenario_policy_candidate_count": 0, "scenario_policy_pending_candidate_count": 0, "domain_policy_registered_count": 4, "scenario_policy_domains": {"ai_wrong_question_teaching": 10, "recent_course_scheduling": 7, "essay_writing": 23, "course_access": 2, "general": 51}, "scenario_policy_sources": {"manual_seed": 1, "registry": 16, "legacy_duplicate_policy": 19, "legacy_coverage_pattern": 28, "legacy_judge_duplicate_policy": 29}, "scenario_policy_documents": ["讲错题接入AI.pdf"], "flow_reordered": true, "flow_order": ["stage:页面入口与导航", "stage:课程信息区", "stage:讲错题", "stage:界面展示", "stage:交互", "stage:评分", "stage:督导端", "stage:使用引导", "stage:ai提问逻辑", "stage:ai提问展示", "stage:评分结果与跳转", "stage:评分逻辑"], "cross_cutting_order": [], "scenario_duplicate_pruned_count": 0, "scenario_duplicate_pruned_indices": [], "scenario_cap_policy": {}, "scenario_duplicate_cluster_count": 11, "flow_misordered_count_before": 3, "missing_flow_stage_count": 0, "registry_impact": {"registry_version": 1, "total_policies_available": 93, "candidate_policies_active": 0, "candidate_policies_pending": 0, "scenario_kinds_seen": {"": 1, "quiz_result_action_navigation": 3, "title_format": 3, "workflow_navigation": 20, "initial_popup": 2, "ai_supervisor_detail_button_state": 7, "ai_score_popup_threshold": 3, "manual_correction": 2, "feedback": 4, "ai_recording_input_state": 5, "report_comment_voice": 1, "network_error": 1, "permission": 1, "ai_teacher_score_conversion": 1, "ai_completed_reentry_readonly": 1, "semantic": 8, "print_export": 1, "sorting_limit": 5, "source_consistency": 5, "report_wrong_analysis": 2, "generation_trigger": 2, "ai_direct_answer_guard": 4, "statistics": 3, "workbook_scope": 1, "ai_short_answer_score_boundary": 1, "ai_answer_irrelevant_score_zero": 1}, "policies_matched": [{"key": "quiz_result_action_navigation", "domain": "ai_wrong_question_teaching", "source": "registry", "specific": true, "default_cap": 2, "mode_cap": null, "cross_module": true, "judge_duplicate": false, "judge_threshold": {"score": 0.2, "overlap": 5}, "status": "active"}, {"key": "title_format", "domain": "general", "source": "legacy_coverage_pattern", "specific": false, "default_cap": 1, "mode_cap": null, "cross_module": false, "judge_duplicate": false, "judge_threshold": {"score": 0.2, "overlap": 5}, "status": "active"}, {"key": "workflow_navigation", "domain": "general", "source": "legacy_coverage_pattern", "specific": false, "default_cap": 2, "mode_cap": null, "cross_module": false, "judge_duplicate": false, "judge_threshold": {"score": 0.2, "overlap": 5}, "status": "active"}, {"key": "initial_popup", "domain": "general", "source": "legacy_judge_duplicate_policy", "specific": false, "default_cap": 1, "mode_cap": null, "cross_module": false, "judge_duplicate": true, "judge_threshold": {"score": 0.2, "overlap": 5}, "status": "active"}, {"key": "ai_supervisor_detail_button_state", "domain": "ai_wrong_question_teaching", "source": "registry", "specific": true, "default_cap": 1, "mode_cap": null, "cross_module": true, "judge_duplicate": false, "judge_threshold": {"score": 0.2, "overlap": 5}, "status": "active"}, {"key": "ai_score_popup_threshold", "domain": "ai_wrong_question_teaching", "source": "registry", "specific": true, "default_cap": 2, "mode_cap": null, "cross_module": true, "judge_duplicate": false, "judge_threshold": {"score": 0.2, "overlap": 5}, "status": "active"}, {"key": "manual_correction", "domain": "general", "source": "legacy_coverage_pattern", "specific": false, "default_cap": 2, "mode_cap": null, "cross_module": false, "judge_duplicate": false, "judge_threshold": {"score": 0.2, "overlap": 5}, "status": "active"}, {"key": "feedback", "domain": "general", "source": "legacy_coverage_pattern", "specific": false, "default_cap": 1, "mode_cap": null, "cross_module": false, "judge_duplicate": false, "judge_threshold": {"score": 0.2, "overlap": 5}, "status": "active"}, {"key": "ai_recording_input_state", "domain": "ai_wrong_question_teaching", "source": "registry", "specific": true, "default_cap": 2, "mode_cap": null, "cross_module": true, "judge_duplicate": false, "judge_threshold": {"score": 0.2, "overlap": 5}, "status": "active"}, {"key": "report_comment_voice", "domain": "general", "source": "legacy_judge_duplicate_policy", "specific": false, "default_cap": 1, "mode_cap": null, "cross_module": false, "judge_duplicate": true, "judge_threshold": {"score": 0.2, "overlap": 5}, "status": "active"}, {"key": "network_error", "domain": "general", "source": "legacy_coverage_pattern", "specific": false, "default_cap": 1, "mode_cap": null, "cross_module": false, "judge_duplicate": false, "judge_threshold": {"score": 0.2, "overlap": 5}, "status": "active"}, {"key": "permission", "domain": "general", "source": "legacy_coverage_pattern", "specific": false, "default_cap": 1, "mode_cap": null, "cross_module": false, "judge_duplicate": false, "judge_threshold": {"score": 0.2, "overlap": 5}, "status": "active"}, {"key": "ai_teacher_score_conversion", "domain": "ai_wrong_question_teaching", "source": "registry", "specific": true, "default_cap": 2, "mode_cap": null, "cross_module": true, "judge_duplicate": false, "judge_threshold": {"score": 0.2, "overlap": 5}, "status": "active"}, {"key": "ai_completed_reentry_readonly", "domain": "ai_wrong_question_teaching", "source": "registry", "specific": true, "default_cap": 1, "mode_cap": null, "cross_module": true, "judge_duplicate": false, "judge_threshold": {"score": 0.2, "overlap": 5}, "status": "active"}, {"key": "print_export", "domain": "general", "source": "legacy_coverage_pattern", "specific": false, "default_cap": 1, "mode_cap": null, "cross_module": false, "judge_duplicate": false, "judge_threshold": {"score": 0.2, "overlap": 5}, "status": "active"}, {"key": "sorting_limit", "domain": "general", "source": "legacy_coverage_pattern", "specific": false, "default_cap": 1, "mode_cap": null, "cross_module": false, "judge_duplicate": false, "judge_threshold": {"score": 0.2, "overlap": 5}, "status": "active"}, {"key": "source_consistency", "domain": "general", "source": "legacy_coverage_pattern", "specific": false, "default_cap": 1, "mode_cap": null, "cross_module": false, "judge_duplicate": false, "judge_threshold": {"score": 0.2, "overlap": 5}, "status": "active"}, {"key": "report_wrong_analysis", "domain": "general", "source": "legacy_judge_duplicate_policy", "specific": false, "default_cap": 1, "mode_cap": null, "cross_module": false, "judge_duplicate": true, "judge_threshold": {"score": 0.2, "overlap": 5}, "status": "active"}, {"key": "generation_trigger", "domain": "general", "source": "legacy_coverage_pattern", "specific": false, "default_cap": 1, "mode_cap": null, "cross_module": false, "judge_duplicate": false, "judge_threshold": {"score": 0.2, "overlap": 5}, "status": "active"}, {"key": "ai_direct_answer_guard", "domain": "ai_wrong_question_teaching", "source": "registry", "specific": true, "default_cap": 1, "mode_cap": null, "cross_module": true, "judge_duplicate": false, "judge_threshold": {"score": 0.2, "overlap": 5}, "status": "active"}, {"key": "statistics", "domain": "general", "source": "legacy_coverage_pattern", "specific": false, "default_cap": 2, "mode_cap": null, "cross_module": false, "judge_duplicate": false, "judge_threshold": {"score": 0.2, "overlap": 5}, "status": "active"}, {"key": "workbook_scope", "domain": "general", "source": "legacy_judge_duplicate_policy", "specific": false, "default_cap": 1, "mode_cap": null, "cross_module": false, "judge_duplicate": true, "judge_threshold": {"score": 0.2, "overlap": 5}, "status": "active"}, {"key": "ai_short_answer_score_boundary", "domain": "ai_wrong_question_teaching", "source": "registry", "specific": true, "default_cap": 2, "mode_cap": null, "cross_module": true, "judge_duplicate": false, "judge_threshold": {"score": 0.2, "overlap": 5}, "status": "active"}, {"key": "ai_answer_irrelevant_score_zero", "domain": "ai_wrong_question_teaching", "source": "manual_seed", "specific": true, "default_cap": 1, "mode_cap": null, "cross_module": true, "judge_duplicate": true, "judge_threshold": {"score": 0.2, "overlap": 5}, "status": "active"}], "caps_applied": {"quiz_result_action_navigation": 2, "title_format": 1, "workflow_navigation": 2, "initial_popup": 1, "ai_supervisor_detail_button_state": 1, "ai_score_popup_threshold": 2, "manual_correction": 2, "feedback": 1, "ai_recording_input_state": 2, "report_comment_voice": 1, "network_error": 1, "permission": 1, "ai_teacher_score_conversion": 2, "ai_completed_reentry_readonly": 1, "print_export": 1, "sorting_limit": 1, "source_consistency": 1, "report_wrong_analysis": 1, "generation_trigger": 1, "ai_direct_answer_guard": 1, "statistics": 2, "workbook_scope": 1, "ai_short_answer_score_boundary": 2, "ai_answer_irrelevant_score_zero": 1}, "judge_thresholds_used": {}, "cross_module_policies_in_effect": ["ai_answer_irrelevant_score_zero", "ai_completed_reentry_readonly", "ai_direct_answer_guard", "ai_print_dialog", "ai_recording_input_state", "ai_score_popup_threshold", "ai_short_answer_score_boundary", "ai_supervisor_detail_button_state", "ai_teacher_score_conversion", "delete_restore_unsubmitted", "essay_empty_state", "essay_submission_success_state", "featured_sorting", "free_first_lesson", "my_essay_limit", "nonlinear_course_unlock", "pdf_download_content", "quiz_result_action_navigation", "schedule_analytics_event", "schedule_auto_course_selection", "schedule_fast_forward_answer_control", "schedule_lesson_time_shift", "schedule_plan_edit_lifecycle", "schedule_task_card_display", "schedule_week_progress_empty", "secret_overlay"]}, "relaxed_for_floor_backfill": true}, "needs_priority_review": false, "priority_conflict_count": 0, "priority_undetermined_count": 0, "priority_optional_count": 0, "reasons": ["coverage_gap_still_exists", "gap_attempt_limit_reached", "coverage_missing_rules", "coverage_missing_types", "dedup_reduced_count_stop", "no_backfill_after_dedup", "low_quality_filtered", "flow_structure_reordered"], "generation_coverage_mode": "full_functional_regression", "generation_target_case_range": {"min": 80, "max": 120}, "request_id": "bdc834c529b049a0bc1c5c356701d160", "project_id": 8, "multi_pass": true, "generation_mode": "full_functional_regression"}
GEN_DIAG:{"kind": "review_decision_summary", "candidate_total": 121, "retained_total": 84, "dropped_total": 37, "flow_order": ["stage:页面入口与导航", "stage:课程信息区", "stage:讲错题", "stage:界面展示", "stage:交互", "stage:评分", "stage:督导端", "stage:使用引导", "stage:ai提问逻辑", "stage:评分逻辑", "stage:评分结果与跳转", "stage:评分系统", "stage:ai提问展示"], "flow_labels": {"stage:讲错题": "讲错题", "stage:界面展示": "界面展示", "stage:课程信息区": "课程信息区", "stage:交互": "交互", "stage:评分": "评分", "stage:督导端": "督导端", "stage:使用引导": "使用引导", "stage:ai提问逻辑": "AI提问逻辑", "stage:评分逻辑": "评分逻辑", "stage:评分结果与跳转": "评分结果与跳转", "stage:评分系统": "评分系统", "stage:页面入口与导航": "页面入口与导航", "stage:ai提问展示": "AI提问展示"}, "flow_stage_breakdown": {"stage:ai提问逻辑": 50, "stage:评分": 5, "stage:评分逻辑": 3, "stage:交互": 14, "stage:评分结果与跳转": 3, "stage:督导端": 15, "stage:讲错题": 11, "stage:评分系统": 5, "stage:使用引导": 5, "stage:课程信息区": 3, "stage:界面展示": 1, "stage:页面入口与导航": 5, "stage:ai提问展示": 1}, "flow_missing_stages": [], "flow_missing_stage_count": 0, "flow_misordered_count": 111, "scenario_duplicate_cluster_count": 21, "scenario_duplicate_case_count": 52, "scenario_duplicate_clusters": [{"cluster_id": "SC-001", "scenario_key": "stage:评分:intent:open:评分_修订_订版:content", "group_type": "intent", "size": 2, "first_case_id": "TC-093", "candidate_indices": [2, 6]}, {"cluster_id": "SC-002", "scenario_key": "global:ai_short_answer_score_boundary", "group_type": "scenario", "size": 2, "first_case_id": "TC-074", "candidate_indices": [3, 19]}, {"cluster_id": "SC-003", "scenario_key": "global:ai_supervisor_detail_button_state", "group_type": "scenario", "size": 19, "first_case_id": "TC-086", "candidate_indices": [4, 11, 13, 14, 18, 20, 41, 48, 77, 84, 91, 92, 93, 101, 104, 107, 108, 109, 119]}, {"cluster_id": "SC-004", "scenario_key": "global:ai_answer_irrelevant_score_zero", "group_type": "scenario", "size": 4, "first_case_id": "TC-090", "candidate_indices": [5, 6, 23, 24]}, {"cluster_id": "SC-005", "scenario_key": "global:ai_score_popup_threshold", "group_type": "scenario", "size": 6, "first_case_id": "TC-024", "candidate_indices": [7, 8, 10, 21, 90, 110]}, {"cluster_id": "SC-006", "scenario_key": "stage:评分结果与跳转:intent:open:评分_分结_结果:toast", "group_type": "intent", "size": 2, "first_case_id": "TC-024", "candidate_indices": [7, 8]}, {"cluster_id": "SC-007", "scenario_key": "stage:ai提问逻辑:workflow_navigation:obj:提问逻辑_轮追_追问", "group_type": "scenario", "size": 2, "first_case_id": "TC-100", "candidate_indices": [9, 12]}, {"cluster_id": "SC-008", "scenario_key": "stage:督导端:intent:open:督导端_督导_导端:content", "group_type": "intent", "size": 3, "first_case_id": "TC-031", "candidate_indices": [13, 112, 113]}, {"cluster_id": "SC-009", "scenario_key": "global:ai_completed_reentry_readonly", "group_type": "scenario", "size": 2, "first_case_id": "TC-027", "candidate_indices": [16, 103]}, {"cluster_id": "SC-010", "scenario_key": "stage:讲错题:intent:open:讲错题_综合评分_分点:navigate", "group_type": "intent", "size": 2, "first_case_id": "TC-028", "candidate_indices": [21, 110]}, {"cluster_id": "SC-011", "scenario_key": "global:ai_recording_input_state", "group_type": "scenario", "size": 5, "first_case_id": "TC-087", "candidate_indices": [32, 36, 42, 87, 89]}, {"cluster_id": "SC-012", "scenario_key": "global:ai_direct_answer_guard", "group_type": "scenario", "size": 4, "first_case_id": "TC-104", "candidate_indices": [33, 54, 75, 80]}, {"cluster_id": "SC-013", "scenario_key": "stage:使用引导:intent:open:使用引导_使用_用引:navigate", "group_type": "intent", "size": 3, "first_case_id": "TC-083", "candidate_indices": [36, 87, 94]}, {"cluster_id": "SC-014", "scenario_key": "stage:ai提问逻辑:workflow_navigation:obj:提问逻辑_追问_问自", "group_type": "scenario", "size": 2, "first_case_id": "TC-099", "candidate_indices": [37, 39]}, {"cluster_id": "SC-015", "scenario_key": "stage:讲错题:workflow_navigation:obj:讲错题_使用_用引", "group_type": "scenario", "size": 2, "first_case_id": "TC-047", "candidate_indices": [65, 71]}, {"cluster_id": "SC-016", "scenario_key": "global:quiz_result_action_navigation", "group_type": "scenario", "size": 3, "first_case_id": "TC-076", "candidate_indices": [83, 85, 106]}, {"cluster_id": "SC-017", "scenario_key": "stage:页面入口与导航:title_format:obj:面入_入口_口与", "group_type": "scenario", "size": 2, "first_case_id": "TC-005", "candidate_indices": [96, 118]}, {"cluster_id": "SC-018", "scenario_key": "stage:页面入口与导航:intent:open:面入_入口_口与:navigate", "group_type": "intent", "size": 2, "first_case_id": "TC-005", "candidate_indices": [96, 115]}, {"cluster_id": "SC-019", "scenario_key": "global:ai_print_dialog", "group_type": "scenario", "size": 2, "first_case_id": "TC-077", "candidate_indices": [100, 120]}, {"cluster_id": "SC-020", "scenario_key": "stage:督导端:intent:open:督导端_弹窗_窗中:dialog", "group_type": "intent", "size": 2, "first_case_id": "TC-043", "candidate_indices": [104, 108]}], "final_flow_stage_breakdown": {"stage:页面入口与导航": 2, "stage:课程信息区": 2, "stage:讲错题": 7, "stage:界面展示": 1, "stage:交互": 11, "stage:评分": 2, "stage:督导端": 7, "stage:使用引导": 4, "stage:ai提问逻辑": 45, "stage:评分逻辑": 3, "stage:评分结果与跳转": 2, "stage:ai提问展示": 1}, "final_flow_missing_stages": [], "final_flow_missing_stage_count": 0, "final_flow_misordered_count": 0, "final_scenario_duplicate_cluster_count": 0, "final_scenario_duplicate_case_count": 0, "final_scenario_duplicate_clusters": [], "final_scenario_duplicate_raw_cluster_count": 15, "final_scenario_duplicate_raw_case_count": 28, "final_reasoning_leakage_case_count": 0, "final_order_flow_governance": {"applied": true, "reason": "", "scenario_policy_registry_version": 1, "scenario_policy_registered_count": 93, "scenario_policy_candidate_count": 0, "scenario_policy_pending_candidate_count": 0, "domain_policy_registered_count": 4, "scenario_policy_domains": {"ai_wrong_question_teaching": 10, "recent_course_scheduling": 7, "essay_writing": 23, "course_access": 2, "general": 51}, "scenario_policy_sources": {"manual_seed": 1, "registry": 16, "legacy_duplicate_policy": 19, "legacy_coverage_pattern": 28, "legacy_judge_duplicate_policy": 29}, "scenario_policy_documents": ["讲错题接入AI.pdf"], "flow_reordered": true, "flow_order": ["stage:页面入口与导航", "stage:课程信息区", "stage:讲错题", "stage:界面展示", "stage:交互", "stage:评分", "stage:督导端", "stage:使用引导", "stage:ai提问逻辑", "stage:评分逻辑", "stage:评分结果与跳转", "stage:ai提问展示"], "cross_cutting_order": [], "scenario_duplicate_pruned_count": 0, "scenario_duplicate_pruned_indices": [], "scenario_cap_policy": {}, "scenario_duplicate_cluster_count": 11, "flow_misordered_count_before": 0, "missing_flow_stage_count": 0, "registry_impact": {"registry_version": 1, "total_policies_available": 93, "candidate_policies_active": 0, "candidate_policies_pending": 0, "scenario_kinds_seen": {"": 1, "permission": 1, "workflow_navigation": 20, "semantic": 8, "sorting_limit": 5, "network_error": 1, "statistics": 3, "ai_short_answer_score_boundary": 1, "title_format": 2, "initial_popup": 3, "ai_direct_answer_guard": 4, "report_wrong_analysis": 2, "source_consistency": 5, "ai_recording_input_state": 5, "ai_supervisor_detail_button_state": 7, "ai_completed_reentry_readonly": 1, "ai_score_popup_threshold": 3, "ai_teacher_score_conversion": 1, "feedback": 4, "generation_trigger": 2, "manual_correction": 2, "workbook_scope": 1, "report_comment_voice": 1, "ai_answer_irrelevant_score_zero": 1, "quiz_result_action_navigation": 2, "print_export": 1}, "policies_matched": [{"key": "permission", "domain": "general", "source": "legacy_coverage_pattern", "specific": false, "default_cap": 1, "mode_cap": null, "cross_module": false, "judge_duplicate": false, "judge_threshold": {"score": 0.2, "overlap": 5}, "status": "active"}, {"key": "workflow_navigation", "domain": "general", "source": "legacy_coverage_pattern", "specific": false, "default_cap": 2, "mode_cap": null, "cross_module": false, "judge_duplicate": false, "judge_threshold": {"score": 0.2, "overlap": 5}, "status": "active"}, {"key": "sorting_limit", "domain": "general", "source": "legacy_coverage_pattern", "specific": false, "default_cap": 1, "mode_cap": null, "cross_module": false, "judge_duplicate": false, "judge_threshold": {"score": 0.2, "overlap": 5}, "status": "active"}, {"key": "network_error", "domain": "general", "source": "legacy_coverage_pattern", "specific": false, "default_cap": 1, "mode_cap": null, "cross_module": false, "judge_duplicate": false, "judge_threshold": {"score": 0.2, "overlap": 5}, "status": "active"}, {"key": "statistics", "domain": "general", "source": "legacy_coverage_pattern", "specific": false, "default_cap": 2, "mode_cap": null, "cross_module": false, "judge_duplicate": false, "judge_threshold": {"score": 0.2, "overlap": 5}, "status": "active"}, {"key": "ai_short_answer_score_boundary", "domain": "ai_wrong_question_teaching", "source": "registry", "specific": true, "default_cap": 2, "mode_cap": null, "cross_module": true, "judge_duplicate": false, "judge_threshold": {"score": 0.2, "overlap": 5}, "status": "active"}, {"key": "title_format", "domain": "general", "source": "legacy_coverage_pattern", "specific": false, "default_cap": 1, "mode_cap": null, "cross_module": false, "judge_duplicate": false, "judge_threshold": {"score": 0.2, "overlap": 5}, "status": "active"}, {"key": "initial_popup", "domain": "general", "source": "legacy_judge_duplicate_policy", "specific": false, "default_cap": 1, "mode_cap": null, "cross_module": false, "judge_duplicate": true, "judge_threshold": {"score": 0.2, "overlap": 5}, "status": "active"}, {"key": "ai_direct_answer_guard", "domain": "ai_wrong_question_teaching", "source": "registry", "specific": true, "default_cap": 1, "mode_cap": null, "cross_module": true, "judge_duplicate": false, "judge_threshold": {"score": 0.2, "overlap": 5}, "status": "active"}, {"key": "report_wrong_analysis", "domain": "general", "source": "legacy_judge_duplicate_policy", "specific": false, "default_cap": 1, "mode_cap": null, "cross_module": false, "judge_duplicate": true, "judge_threshold": {"score": 0.2, "overlap": 5}, "status": "active"}, {"key": "source_consistency", "domain": "general", "source": "legacy_coverage_pattern", "specific": false, "default_cap": 1, "mode_cap": null, "cross_module": false, "judge_duplicate": false, "judge_threshold": {"score": 0.2, "overlap": 5}, "status": "active"}, {"key": "ai_recording_input_state", "domain": "ai_wrong_question_teaching", "source": "registry", "specific": true, "default_cap": 2, "mode_cap": null, "cross_module": true, "judge_duplicate": false, "judge_threshold": {"score": 0.2, "overlap": 5}, "status": "active"}, {"key": "ai_supervisor_detail_button_state", "domain": "ai_wrong_question_teaching", "source": "registry", "specific": true, "default_cap": 1, "mode_cap": null, "cross_module": true, "judge_duplicate": false, "judge_threshold": {"score": 0.2, "overlap": 5}, "status": "active"}, {"key": "ai_completed_reentry_readonly", "domain": "ai_wrong_question_teaching", "source": "registry", "specific": true, "default_cap": 1, "mode_cap": null, "cross_module": true, "judge_duplicate": false, "judge_threshold": {"score": 0.2, "overlap": 5}, "status": "active"}, {"key": "ai_score_popup_threshold", "domain": "ai_wrong_question_teaching", "source": "registry", "specific": true, "default_cap": 2, "mode_cap": null, "cross_module": true, "judge_duplicate": false, "judge_threshold": {"score": 0.2, "overlap": 5}, "status": "active"}, {"key": "ai_teacher_score_conversion", "domain": "ai_wrong_question_teaching", "source": "registry", "specific": true, "default_cap": 2, "mode_cap": null, "cross_module": true, "judge_duplicate": false, "judge_threshold": {"score": 0.2, "overlap": 5}, "status": "active"}, {"key": "feedback", "domain": "general", "source": "legacy_coverage_pattern", "specific": false, "default_cap": 1, "mode_cap": null, "cross_module": false, "judge_duplicate": false, "judge_threshold": {"score": 0.2, "overlap": 5}, "status": "active"}, {"key": "generation_trigger", "domain": "general", "source": "legacy_coverage_pattern", "specific": false, "default_cap": 1, "mode_cap": null, "cross_module": false, "judge_duplicate": false, "judge_threshold": {"score": 0.2, "overlap": 5}, "status": "active"}, {"key": "manual_correction", "domain": "general", "source": "legacy_coverage_pattern", "specific": false, "default_cap": 2, "mode_cap": null, "cross_module": false, "judge_duplicate": false, "judge_threshold": {"score": 0.2, "overlap": 5}, "status": "active"}, {"key": "workbook_scope", "domain": "general", "source": "legacy_judge_duplicate_policy", "specific": false, "default_cap": 1, "mode_cap": null, "cross_module": false, "judge_duplicate": true, "judge_threshold": {"score": 0.2, "overlap": 5}, "status": "active"}, {"key": "report_comment_voice", "domain": "general", "source": "legacy_judge_duplicate_policy", "specific": false, "default_cap": 1, "mode_cap": null, "cross_module": false, "judge_duplicate": true, "judge_threshold": {"score": 0.2, "overlap": 5}, "status": "active"}, {"key": "ai_answer_irrelevant_score_zero", "domain": "ai_wrong_question_teaching", "source": "manual_seed", "specific": true, "default_cap": 1, "mode_cap": null, "cross_module": true, "judge_duplicate": true, "judge_threshold": {"score": 0.2, "overlap": 5}, "status": "active"}, {"key": "quiz_result_action_navigation", "domain": "ai_wrong_question_teaching", "source": "registry", "specific": true, "default_cap": 2, "mode_cap": null, "cross_module": true, "judge_duplicate": false, "judge_threshold": {"score": 0.2, "overlap": 5}, "status": "active"}, {"key": "print_export", "domain": "general", "source": "legacy_coverage_pattern", "specific": false, "default_cap": 1, "mode_cap": null, "cross_module": false, "judge_duplicate": false, "judge_threshold": {"score": 0.2, "overlap": 5}, "status": "active"}], "caps_applied": {"permission": 1, "workflow_navigation": 2, "sorting_limit": 1, "network_error": 1, "statistics": 2, "ai_short_answer_score_boundary": 2, "title_format": 1, "initial_popup": 1, "ai_direct_answer_guard": 1, "report_wrong_analysis": 1, "source_consistency": 1, "ai_recording_input_state": 2, "ai_supervisor_detail_button_state": 1, "ai_completed_reentry_readonly": 1, "ai_score_popup_threshold": 2, "ai_teacher_score_conversion": 2, "feedback": 1, "generation_trigger": 1, "manual_correction": 2, "workbook_scope": 1, "report_comment_voice": 1, "ai_answer_irrelevant_score_zero": 1, "quiz_result_action_navigation": 2, "print_export": 1}, "judge_thresholds_used": {}, "cross_module_policies_in_effect": ["ai_answer_irrelevant_score_zero", "ai_completed_reentry_readonly", "ai_direct_answer_guard", "ai_print_dialog", "ai_recording_input_state", "ai_score_popup_threshold", "ai_short_answer_score_boundary", "ai_supervisor_detail_button_state", "ai_teacher_score_conversion", "delete_restore_unsubmitted", "essay_empty_state", "essay_submission_success_state", "featured_sorting", "free_first_lesson", "my_essay_limit", "nonlinear_course_unlock", "pdf_download_content", "quiz_result_action_navigation", "schedule_analytics_event", "schedule_auto_course_selection", "schedule_fast_forward_answer_control", "schedule_lesson_time_shift", "schedule_plan_edit_lifecycle", "schedule_task_card_display", "schedule_week_progress_empty", "secret_overlay"]}}, "fact_profile_source": "requirement_semantics", "fact_profile_confidence": 0.0, "fact_profile_confirmed_count": 8, "fact_profile_forbidden_count": 0, "fact_profile_pending_count": 0, "project_profile_source": "document_extracted", "project_profile_confidence": 0.0, "flow_governance_applied": true, "flow_reordered": true, "flow_governance_reason": "", "scenario_duplicate_pruned_count": 0, "scenario_duplicate_pruned_indices": [], "execution_plan": {"applied": true, "coverage_mode": "full_functional_regression", "workflow_blueprint_count": 1, "trusted_workflow_contract_count": 1, "plan_workflow_blueprint_count": 1, "workflow_blueprint_source": "feedback_control_state", "linear_executable": true, "linear_scope": "main_smoke_chain_only", "main_chain_case_count": 9, "main_chain_stage_order": ["schedule_create_started", "courses_selected", "schedule_time_configured", "schedule_preview_ready", "schedule_plan_saved", "student_home_weekly_task_visible", "student_learning_plan_visible", "student_enters_course", "progress_updated"], "main_chain_stage_kinds": ["entry", "configure", "configure", "preview", "commit", "downstream_visibility", "downstream_visibility", "consume", "completion_sync"], "main_chain_incomplete_reason": "", "derived_workflow_debug": {"candidate_total": 88, "action_state_candidate_count": 0, "primary_candidate_count": 0, "fallback_candidate_count": 0, "selected_candidate_count": 0, "closure_reason": ""}, "main_chain_excluded_candidates": [{"case_id": "TC-028", "description": "督导端学员信息列表以表格形式展示学员姓名学习进度状态等列", "stage_key": "student_learning_plan_visible", "reason": "student_role_with_management_surface_text"}, {"case_id": "TC-030", "description": "近期学习计划为教材最后课程时不展示内容", "stage_key": "student_learning_plan_visible", "reason": "display_only"}, {"case_id": "TC-029", "description": "学员未开始学习时学习进度列不展示内容", "stage_key": "student_enters_course", "reason": "display_only"}], "independent_case_count": 87, "isolation_case_count": 87, "role_switch_count": 1, "broken_dependency_count": 0, "state_conflict_count": 0, "state_conflicts": [], "selected_stage_state_conflicts": [], "semantic_conflict_count": 0, "semantic_conflicts": [], "execution_group_breakdown": {"boundary": 3, "display": 32, "exception": 4, "independent_functional": 47, "main_smoke": 9, "permission": 1}, "generated_bridge_case_count": 0, "workflow_contract_materialized_case_count": 8, "group_setup": {"boundary": "seed_boundary_dataset()", "display": "seed_display_ready_dataset()", "exception": "enable_fault_injection_for_case()", "independent_functional": "seed_functional_dataset()", "main_smoke": "seed_workflow_blueprint_dataset()", "permission": "seed_permission_state_dataset()"}, "group_teardown": {"boundary": "delete_boundary_dataset()", "display": "delete_display_ready_dataset()", "exception": "disable_fault_injection()", "independent_functional": "cleanup_functional_dataset()", "main_smoke": "cleanup_workflow_blueprint_dataset()", "permission": "reset_permission_state_dataset()"}, "fixture_keys": ["boundary_dataset", "browser_permission_state", "display_ready_dataset", "fault_injection_case", "independent_functional_dataset", "workflow_blueprint_chain_seed"]}, "linear_executable": true, "linear_scope": "main_smoke_chain_only", "main_chain_case_count": 9, "independent_case_count": 87, "isolation_case_count": 87, "broken_dependency_count": 0, "state_conflict_count": 0, "role_switch_count": 1, "priority_decision_state_breakdown": {"decided": 121, "conflict": 0, "undetermined": 0, "optional": 0, "invalid": 0}, "priority_final_breakdown": {"P0": 3, "P1": 71, "P2": 47, "null": 0}, "legacy_priority_breakdown": {"P0": 84, "P1": 12, "P2": 25, "UNKNOWN": 0}, "priority_conflict_count": 0, "priority_undetermined_count": 0, "priority_optional_count": 0, "priority_invalid_count": 0, "priority_quality_gate_failed": false, "invalid_case_count": 0, "reasoning_leakage_case_count": 0, "needs_priority_review": false, "review_llm_filter_applied": false, "review_input_size": 109, "review_output_size": 109, "review_target_min_count": 78, "review_target_max_count": 108, "review_shortfall_detected": false, "review_shortfall_before_count": 109, "review_shortfall_recovered_count": 0, "review_post_rerank_floor_count": 35, "review_post_rerank_recovered_count": 0, "final_target_floor_count": 85, "final_floor_recovery_attempted": true, "final_floor_recovery_applied": true, "final_floor_recovered_count": 12, "final_floor_recovery_reason": "full_shortfall_supplement_generated", "final_confirmed_conflict_drop_count": 0, "final_shortfall_supplement_attempted": true, "final_shortfall_supplement_applied": true, "final_shortfall_supplement_count": 4, "final_shortfall_supplement_reason": "", "review_fill_source": "none", "review_llm_selected_count": 0, "review_llm_runtime_debug": {"invoked": true, "pool_non_empty": true, "pool_size": 120, "primary_model": "glm-5.1", "primary_invalid_reason": "error_response", "primary_reason_incomplete": false, "primary_dropped_reason_count": 0, "primary_dropped_reason_payload_count": 0, "primary_reason_coverage_ratio": 0.0, "response_len": 177, "response_preview": "Error: HTTP 504 - <html>\r\n<head><title>504 Gateway Time-out</title></head>\r\n<body>\r\n<center><h1>504 Gateway Time-out</h1></center>\r\n<hr><center>stgw</center>\r\n</body>\r\n</html>\r\n", "primary_response_metadata": {"model": "glm-5.1", "wire_api": "chat_completions", "max_tokens": 10000, "http_status": 504, "url_path": "/chat/completions", "error_preview": "<html>\r\n<head><title>504 Gateway Time-out</title></head>\r\n<body>\r\n<center><h1>504 Gateway Time-out</h1></center>\r\n<hr><center>stgw</center>\r\n</body>\r\n</html>\r\n", "input_tokens_estimated": 13680, "output_tokens_estimated": 44, "token_estimate_method": "chars_div_4"}, "primary_compact_retry_invoked": false, "primary_compact_retry_model": "", "primary_compact_retry_invalid_reason": "", "primary_compact_retry_response_len": 0, "primary_compact_retry_response_metadata": {}, "retry_invoked": true, "retry_reason": "error_response", "retry_model": "", "retry_attempts": [{"model": "glm-5.1", "response_len": 177, "is_error": true, "invalid_reason": "error_response", "parsed_type": "dict", "mapped_count": 0, "dropped_reason_count": 0, "dropped_reason_payload_count": 0, "dropped_reason_unmapped_count": 0, "payload_has_selection_signal": false}, {"model": "kimi-k2.5", "response_len": 177, "is_error": true, "invalid_reason": "error_response", "parsed_type": "dict", "mapped_count": 0, "dropped_reason_count": 0, "dropped_reason_payload_count": 0, "dropped_reason_unmapped_count": 0, "payload_has_selection_signal": false}], "retry_response_len": 177, "retry_parse_success": false, "retry_mapped_count": 0, "retry_payload_has_selection_signal": false, "parsed_type": "dict", "parsed_len": 2, "mapped_count": 0, "mapped_signature_count": 0, "dropped_reason_count": 0, "dropped_reason_payload_count": 0, "dropped_reason_unmapped_count": 0, "payload_has_selection_signal": false, "final_selected_and_dropped_overlap_count": 0, "final_selected_and_dropped_overlap_case_ids": [], "final_payload_consistent": true, "reason_repair_invoked": false, "reason_repair_model": "", "reason_repair_candidate_count": 0, "reason_repair_response_len": 0, "reason_repair_mapped_count": 0, "reason_repair_invalid_reason": "", "reason_repair_response_metadata": {}, "final_source": "review_selector", "applied": false, "applied_reason": "error_response", "exception": "", "forced_reset_by_fallback": false, "fallback_reason_incomplete": false, "final_reason_incomplete": false, "final_reason_coverage_ratio": 1.0, "prompt_chars": 46719, "prompt_est_tokens": 11680, "candidate_count": 120, "append_target_count": 0, "append_final_cap_count": 0, "retry_dropped_reason_count": 0, "retry_dropped_reason_payload_count": 0, "retry_dropped_reason_unmapped_count": 0}, "review_constraint_selected_count": 0, "review_llm_drop_reason_breakdown": {}, "review_llm_drop_reason_raw_breakdown": {}, "review_llm_drop_reason_source_breakdown": {}, "fallback_reason_incomplete": false, "final_reason_incomplete": false, "final_reason_coverage_ratio": 1.0, "fallback_dropped_reason_count": 0, "fallback_dropped_reason_mapped_count": 0, "fallback_dropped_reason_unmapped_count": 0, "fallback_reason_coverage_ratio": 0.0, "llm_reason_coverage_ratio": 0.0, "deterministic_backfill_ratio": 0.0, "reason_source_breakdown": {"primary": 0, "fallback": 0, "backfill": 0}, "primary_reason_incomplete": false, "primary_dropped_reason_count": 0, "primary_dropped_reason_payload_count": 0, "primary_reason_coverage_ratio": 0.0, "fallback_with_positive_evidence_count": 0, "fallback_without_positive_evidence_count": 0, "review_llm_pool_count": 120, "candidate_by_pass": {"primary": 96, "gap": 25}, "must_keep_candidate_count": 1, "must_keep_retained_count": 1, "must_keep_dropped_count": 0, "drop_by_review_llm_count": 0, "drop_by_review_selector_count": 12, "drop_by_review_gate_count": 0, "drop_by_pre_gate_dedup_count": 0, "drop_by_post_review_dedup_count": 25, "drop_no_new_signal_count": 0, "drop_rule_cap_count": 0, "drop_ui_like_redundant_count": 0, "drop_ui_like_ratio_cap_count": 0, "drop_outside_target_window_count": 12, "drop_by_rerank_low_signal_count": 0, "dropped_model_priority_p0_p1_count": 34, "dropped_core_rule_hit_count": 0, "dropped_missing_rule_hit_count": 0, "dropped_high_signal_count": 26, "dropped_has_coverage_value_count": 25, "retained_due_to_coverage_value_count": 62, "must_cover_rule_hit_count": 0, "forbidden_pattern_violation_count": 0, "soft_constraint_hit_count": 0, "quality_hint_satisfied_count": 0, "drop_ui_like_ratio_postprocess_count": 0, "drop_final_description_duplicate_count": 0, "request_id": "bdc834c529b049a0bc1c5c356701d160", "project_id": 8, "multi_pass": true, "generation_mode": "full_functional_regression"}
GEN_DIAG:{"kind": "feedback_control_state", "control_state_applied": true, "generation_coverage_mode": "full_functional_regression", "generation_target_case_range": {"min": 80, "max": 120}, "fact_profile_source": "requirement_semantics", "fact_profile_confidence": 0.0, "fact_profile_confirmed_count": 8, "fact_profile_pending_count": 0, "fact_profile_forbidden_count": 0, "project_profile_source": "document_extracted", "project_profile_confidence": 0.0, "project_profile_flow_count": 15, "manual_quality_profile_source": "priority_sample_pool_manual_verified", "manual_quality_profile_version": "d7ad8a659c760415", "manual_quality_profile_trusted_count": 51, "manual_quality_profile_high_priority_ratio": 0.9375, "manual_quality_profile_display_ratio_cap": 0.45, "must_cover_rules_count": 0, "rule_quota_keys": [], "soft_constraints_count": 1, "quality_fix_hints_count": 14, "preferred_patterns_count": 0, "forbidden_patterns_count": 0, "source_meta": {"sources": ["workflow_blueprint_repository", "priority_sample_pool_manual_profile", "anomaly_pool", "evaluation_report", "generation_coverage_profile", "fact_profile", "project_profile"], "workflow_blueprint_repository_count": 1, "trusted_workflow_contract_count": 1, "priority_pool_sample_count": 93, "manual_quality_profile": {"kind": "manual_quality_profile", "profile_source": "priority_sample_pool_manual_verified", "profile_version": "d7ad8a659c760415", "sample_set_hash": "d7ad8a659c760415208704efa039ec49bbc0b20a8b1e9d6a814e8f2ec8538cc7", "locked": true, "project_id": 8, "user_id": 1, "active_sample_count": 93, "trusted_sample_count": 51, "profile_case_count": 32, "positive_sample_count": 32, "negative_sample_count": 19, "priority_distribution": {"P1": 28, "P0": 2}, "priority_ratios": {"P1": 0.875, "P0": 0.0625}, "high_priority_count": 30, "high_priority_ratio": 0.9375, "module_distribution_top": {}, "module_ratios_top": {}, "pattern_category_distribution": {"recall_gap_missing_business_coverage": 15, "quality_fix_hint": 10, "hallucination_or_redundant_case": 6, "core_flow_closure": 2, "critical_path_coverage": 1, "cross_page_flow": 1, "multi_step_interaction": 1}, "reason_category_distribution": {"recall_gap": 15, "quality_fix_hint": 10, "hallucination_or_redundant_case": 6, "redundant_case": 6, "core_flow": 3, "display_issue": 3, "exception_path": 1, "state_transition": 1}, "source_type_distribution": {"quality_evaluation_defect": 31, "priority_debug_manual_add": 20}, "execution_lifecycle_fields": [], "execution_lifecycle_field_count": 0, "execution_status_distribution": {}, "display_signal_count": 22, "display_signal_ratio": 0.4314, "display_ratio_cap": 0.45}, "manual_quality_profile_version": "d7ad8a659c760415", "manual_quality_profile_trusted_count": 51, "manual_quality_profile_case_count": 32, "manual_quality_profile_high_priority_ratio": 0.9375, "manual_quality_profile_display_ratio_cap": 0.45, "generation_id": null, "retrieval_query_used": true, "retrieval_top_k": 5, "retrieval_hit_count": 0, "retrieval_selected_count": 0, "retrieval_fallback": "domain_no_match", "retrieval_selected_weight_avg": 0.0, "retrieval_selected_quality_avg": 0.0, "retrieval_diversity_cluster_cap": 2, "retrieval_diversity_skipped_count": 0, "retrieval_lexical_fallback_used": false, "retrieval_active_sample_count": 73, "retrieval_disabled_sample_count": 0, "retrieval_low_confidence_sample_count": 20, "retrieval_min_pattern_confidence": 0.6, "retrieval_signal_quota_applied": false, "retrieval_signal_quota_relaxed": false, "retrieval_positive_min_quota": 2, "retrieval_negative_max_quota": 3, "retrieval_selected_positive_count": 0, "retrieval_selected_negative_count": 0, "retrieval_pool_positive_count": 66, "retrieval_pool_negative_count": 7, "retrieval_raw_positive_count": 0, "retrieval_raw_negative_count": 0, "retrieval_after_diversity_positive_count": 0, "retrieval_after_diversity_negative_count": 0, "retrieval_after_quota_merge_positive_count": 0, "retrieval_after_quota_merge_negative_count": 0, "retrieval_final_selected_positive_count": 0, "retrieval_final_selected_negative_count": 0, "retrieval_query_domain_tags": ["ai_wrong_question_teaching"], "retrieval_domain_filter_applied": true, "retrieval_domain_matched_sample_count": 0, "retrieval_domain_skipped_sample_count": 73, "retrieval_domain_no_match": true, "retrieval_sample_id_hit_count": 0, "retrieval_index_mismatch_count": 0, "retrieval_query_primary_domain": "ai_wrong_question_teaching", "workflow_blueprint_direct_candidate_count": 0, "workflow_blueprint_direct_selected_count": 0, "retrieval_index_resync_attempted": false, "retrieval_index_resync_success": false, "retrieval_index_resync_error": "", "sample_count": 0, "challenge_sample_count": 0, "regression_sample_count": 0, "rule_frequency": {}, "doc_count": 3, "doc_types": {"evaluation_report": 3}, "generation_coverage_profile": {"coverage_mode": "full_functional_regression", "case_density": "high", "target_case_range": {"min": 80, "max": 120}, "activation_evidence": {"expected_count": 100, "linked_final_case_count": 0, "full_regression_token_hit": false, "expanded_regression_token_hit": false, "standard_regression_token_hit": true}, "coverage_layers": ["入口与导航：覆盖入口展示、跳转、返回、空状态和旧入口残留。", "核心流程：按主业务流程拆分步骤级用例，不把多功能点合并为一条。", "状态矩阵：覆盖未开始、进行中、已完成、已下架、已删除、无数据等状态。", "配置与权限：覆盖开关配置、版本兼容、角色/端差异和不可操作状态。", "边界异常：覆盖数量不足、时间冲突、无数据、失败提示、不可删除/不可编辑等异常。", "跨模块回归：覆盖首页、详情页、管理页、历史记录、报告等关联页面的数据流转。"]}, "fact_profile": {"profile_version": "fact-profile-v1", "profile_source": "requirement_semantics", "confidence": 0, "confirmed_facts": ["ii.“返回”\u0001按钮⽤于返回上⼀级", "iii.打印”\u0001按钮弹窗选择打印内", "iv.“切换课程”\u0001按钮", "展⽰区。以对话框样式展⽰\u0001AI\u0001提出", "题中抽取，优先抽取错题，1-2道题", "⽬，错题不够可以讲回答正确的题", "钮吗？点击按钮再调⽤AI⽣成", "AI\u0001提问的题⽬在本讲错题中抽取，优先抽…"], "scoped_rules": [], "forbidden_facts": [], "pending_items": [], "reuse_declarations": [], "hard_flow_constraints": ["ii.“返回”\u0001按钮⽤于返回上⼀级", "题中抽取，优先抽取错题，1-2道题", "钮吗？点击按钮再调⽤AI⽣成", "AI\u0001提问的题⽬在本讲错题中抽取，优先抽…"], "reuse_risks": [], "source_priority": ["current_requirement", "rag_requirement", "supplement_boundary", "testcase_style_only", "historical_feedback"], "conflict_policy": "current_requirement_wins", "strategy_only": 0}, "project_profile": {"profile_version": "project-profile-v1", "profile_source": "document_extracted", "confidence": 0, "flow_outline": {"source": "requirement_keyword_positions", "flow_order": ["stage:确认错误表象_追问方向", "stage:课程信息区", "stage:ai提问提问", "stage:biz", "stage:原型", "stage:ai讲错题打分", "stage:界面展示", "stage:左侧设置垂直排列的学习步骤导航", "stage:标题_读取讲的名称", "stage:点击对话", "stage:ai_提问逻辑", "stage:一道题没做的逻辑补一下", "stage:题目来源", "stage:追问逻辑", "stage:做了全对"], "document_flow_order": ["stage:biz", "stage:原型", "stage:ai讲错题打分", "stage:界面展示", "stage:左侧设置垂直排列的学习步骤导航", "stage:课程信息区", "stage:标题_读取讲的名称", "stage:ai提问提问", "stage:点击对话", "stage:ai_提问逻辑", "stage:一道题没做的逻辑补一下", "stage:题目来源", "stage:追问逻辑", "stage:做了全对", "stage:确认错误表象_追问方向"], "flow_labels": {"stage:biz": "biz_key: unknown (当前业务)", "stage:原型": "原型", "stage:ai讲错题打分": "AI讲错题打分", "stage:界面展示": "界面展示", "stage:左侧设置垂直排列的学习步骤导航": "左侧设置垂直排列的学习步骤导航", "stage:课程信息区": "课程信息区", "stage:标题_读取讲的名称": "标题,读取讲的名称", "stage:ai提问提问": "AI提问提问:在课程信息区下方,", "stage:点击对话": "点击对话:点击开始录音", "stage:ai_提问逻辑": "AI 提问逻辑", "stage:一道题没做的逻辑补一下": "一道题没做的逻辑补一下", "stage:题目来源": "题目来源:AI 提问的题目在本讲错", "stage:追问逻辑": "追问逻辑", "stage:做了全对": "做了全对/一道没做 b.随机抽", "stage:确认错误表象_追问方向": "确认错误表象,追问方向:明"}, "flow_stage_positions": {"stage:biz": 2, "stage:原型": 5, "stage:ai讲错题打分": 6, "stage:界面展示": 13, "stage:左侧设置垂直排列的学习步骤导航": 14, "stage:课程信息区": 21, "stage:标题_读取讲的名称": 22, "stage:ai提问提问": 32, "stage:点击对话": 37, "stage:ai_提问逻辑": 38, "stage:一道题没做的逻辑补一下": 39, "stage:题目来源": 40, "stage:追问逻辑": 45, "stage:做了全对": 54, "stage:确认错误表象_追问方向": 58}, "cross_cutting": [], "cross_cutting_labels": {}, "data_flow_edges": [{"from": "stage:确认错误表象_追问方向", "to": "stage:课程信息区", "from_label": "确认错误表象,追问方向:明", "to_label": "课程信息区"}, {"from": "stage:课程信息区", "to": "stage:ai提问提问", "from_label": "课程信息区", "to_label": "AI提问提问:在课程信息区下方,"}, {"from": "stage:ai提问提问", "to": "stage:biz", "from_label": "AI提问提问:在课程信息区下方,", "to_label": "biz_key: unknown (当前业务)"}, {"from": "stage:biz", "to": "stage:原型", "from_label": "biz_key: unknown (当前业务)", "to_label": "原型"}, {"from": "stage:原型", "to": "stage:ai讲错题打分", "from_label": "原型", "to_label": "AI讲错题打分"}, {"from": "stage:ai讲错题打分", "to": "stage:界面展示", "from_label": "AI讲错题打分", "to_label": "界面展示"}, {"from": "stage:界面展示", "to": "stage:左侧设置垂直排列的学习步骤导航", "from_label": "界面展示", "to_label": "左侧设置垂直排列的学习步骤导航"}, {"from": "stage:左侧设置垂直排列的学习步骤导航", "to": "stage:标题_读取讲的名称", "from_label": "左侧设置垂直排列的学习步骤导航", "to_label": "标题,读取讲的名称"}, {"from": "stage:标题_读取讲的名称", "to": "stage:点击对话", "from_label": "标题,读取讲的名称", "to_label": "点击对话:点击开始录音"}, {"from": "stage:点击对话", "to": "stage:ai_提问逻辑", "from_label": "点击对话:点击开始录音", "to_label": "AI 提问逻辑"}, {"from": "stage:ai_提问逻辑", "to": "stage:一道题没做的逻辑补一下", "from_label": "AI 提问逻辑", "to_label": "一道题没做的逻辑补一下"}, {"from": "stage:一道题没做的逻辑补一下", "to": "stage:题目来源", "from_label": "一道题没做的逻辑补一下", "to_label": "题目来源:AI 提问的题目在本讲错"}, {"from": "stage:题目来源", "to": "stage:追问逻辑", "from_label": "题目来源:AI 提问的题目在本讲错", "to_label": "追问逻辑"}, {"from": "stage:追问逻辑", "to": "stage:做了全对", "from_label": "追问逻辑", "to_label": "做了全对/一道没做 b.随机抽"}], "data_flow_phase_rank": {"stage:确认错误表象_追问方向": "review_confirm", "stage:课程信息区": "learning_plan", "stage:ai提问提问": "learning_plan"}, "data_flow_order_applied": false}, "ordering_policy": "flow_first_then_cross_cutting", "scenario_cluster_policy": {"default_max_per_scenario": 2}, "profile_constraints": ["strategy_only_not_fact_source"], "strategy_only": 1}}, "request_id": "bdc834c529b049a0bc1c5c356701d160", "project_id": 8, "multi_pass": true, "generation_mode": "full_functional_regression"}
GEN_DIAG:{"kind": "judge_summary", "pass_count": 106, "repairable_count": 1, "raw_repairable_count": 1, "remaining_repairable_count": 0, "unrepaired_repairable_count": 1, "reject_count": 2, "pending_count": 1, "repaired_case_count": 0, "appended_case_count": 0, "confirmed_pass_out_count": 106, "repaired_pass_out_count": 0, "rejected_out_count": 2, "pending_out_count": 1, "fact_violation_count": 0, "core_flow_covered": false, "reuse_risk_covered": true, "fact_profile_source": "requirement_semantics", "fact_profile_confidence": 0.0, "fact_profile_confirmed_count": 8, "fact_profile_forbidden_count": 0, "fact_profile_pending_count": 0, "generation_id": 0, "request_id": "bdc834c529b049a0bc1c5c356701d160", "project_id": 8, "multi_pass": true, "generation_mode": "full_functional_regression"}
GEN_DIAG:{"kind": "judge_decision_table", "generation_id": 0, "rows": [{"generation_id": 0, "request_id": "bdc834c529b049a0bc1c5c356701d160", "case_id": "TC-011", "judge_status": "PENDING", "reject_reason": "", "pending_reason": "contains_pending_logic", "signals": {"violates_confirmed_fact": false, "missing_core_flow": false, "missing_reuse_risk": false, "contains_pending_logic": true, "confirmed_fact_hits": [], "confirmed_fact_violations": [], "reuse_risk_hits": [], "pending_hits": ["pending"], "vague_or_unconfirmed_hits": []}, "violates_confirmed_fact": false, "missing_core_flow": false, "missing_reuse_risk": false, "contains_pending_logic": true, "confirmed_fact_hits": [], "confirmed_fact_violations": [], "reuse_risk_hits": [], "pending_hits": ["pending"], "vague_or_unconfirmed_hits": [], "before_case_snapshot": {"id": "TC-011", "description": "本讲一道题没做时展示淡白色提示文案引导做题[Pending Confirmation]", "test_module": "AI提问逻辑", "preconditions": ["学员已登录", "本讲一道题都没有做过"], "steps": ["1. 进入第五步讲知识错题页面", "2. 观察页面展示内容"], "test_input": "本讲一道题没做的学员进入讲错题", "expected_result": "页面展示淡白色文案提示：当前您还没有做过题，快去做题来检测一下自己的知识掌握程度吧[Pending Confirmation-一道没做的完整逻辑待需求确认]", "priority": "P2", "model_priority_current": "P1", "model_priority": "P1", "legacy_priority": "P1", "priority_final": "P2", "priority_decision_state": "decided", "priority_decision_source": "p2_cap_guard", "priority_confidence": "high", "priority_conflict_reason": "", "priority_resolution_reason": ""}, "after_case_snapshot": {}}, {"generation_id": 0, "request_id": "bdc834c529b049a0bc1c5c356701d160", "case_id": "TC-052", "judge_status": "REJECT", "reject_reason": "semantic_duplicate:TC-005", "pending_reason": "", "signals": {"violates_confirmed_fact": false, "missing_core_flow": false, "missing_reuse_risk": false, "contains_pending_logic": false, "confirmed_fact_hits": [], "confirmed_fact_violations": [], "reuse_risk_hits": [], "pending_hits": [], "vague_or_unconfirmed_hits": []}, "violates_confirmed_fact": false, "missing_core_flow": false, "missing_reuse_risk": false, "contains_pending_logic": false, "confirmed_fact_hits": [], "confirmed_fact_violations": [], "reuse_risk_hits": [], "pending_hits": [], "vague_or_unconfirmed_hits": [], "before_case_snapshot": {"id": "TC-052", "description": "语音识别失败时提示用户重新录制", "test_module": "交互流程-异常", "preconditions": ["学员已登录", "AI已展示问题", "录音权限已授权"], "steps": ["1. 点击对话按钮开始录音", "2. 说出回答内容", "3. 模拟语音识别服务异常", "4. 观察页面提示"], "test_input": "语音识别服务异常导致转文字失败", "expected_result": "页面展示语音识别失败的提示信息，引导用户重新点击对话按钮进行录制", "priority": "P2", "model_priority_current": "P2", "model_priority": "P2", "legacy_priority": "P2", "priority_final": "P2", "priority_decision_state": "decided", "priority_decision_source": "p2_cap_guard", "priority_confidence": "high", "priority_conflict_reason": "", "priority_resolution_reason": ""}, "after_case_snapshot": {"id": "TC-052", "description": "语音识别失败时提示用户重新录制", "test_module": "交互流程-异常", "preconditions": ["学员已登录", "AI已展示问题", "录音权限已授权"], "steps": ["1. 点击对话按钮开始录音", "2. 说出回答内容", "3. 模拟语音识别服务异常", "4. 观察页面提示"], "test_input": "语音识别服务异常导致转文字失败", "expected_result": "页面展示语音识别失败的提示信息，引导用户重新点击对话按钮进行录制", "priority": "P2", "model_priority_current": "P2", "model_priority": "P2", "legacy_priority": "P2", "priority_final": "P2", "priority_decision_state": "decided", "priority_decision_source": "p2_cap_guard", "priority_confidence": "high", "priority_conflict_reason": "", "priority_resolution_reason": ""}}, {"generation_id": 0, "request_id": "bdc834c529b049a0bc1c5c356701d160", "case_id": "TC-093", "judge_status": "REJECT", "reject_reason": "semantic_duplicate:TC-094", "pending_reason": "", "signals": {"violates_confirmed_fact": false, "missing_core_flow": false, "missing_reuse_risk": false, "contains_pending_logic": false, "confirmed_fact_hits": [], "confirmed_fact_violations": [], "reuse_risk_hits": [], "pending_hits": [], "vague_or_unconfirmed_hits": []}, "violates_confirmed_fact": false, "missing_core_flow": false, "missing_reuse_risk": false, "contains_pending_logic": false, "confirmed_fact_hits": [], "confirmed_fact_violations": [], "reuse_risk_hits": [], "pending_hits": [], "vague_or_unconfirmed_hits": [], "before_case_snapshot": {"id": "TC-093", "description": "综合评分<8分点击去日清按钮跳转至日清页面", "test_module": "讲错题-评分结果导航", "preconditions": ["学员讲错题综合评分<8分", "页面展示太遗憾了提示"], "steps": ["1. 在太遗憾了提示页面点击去日清按钮"], "test_input": "点击去日清按钮", "expected_result": "页面跳转至第六步日清页面", "priority": "P0", "model_priority_current": "P1", "model_priority": "P1", "legacy_priority": "P1", "priority_final": "P0", "priority_decision_state": "decided", "priority_decision_source": "hard_guard_promotion", "priority_confidence": "high", "priority_conflict_reason": "", "priority_resolution_reason": ""}, "after_case_snapshot": {"id": "TC-093", "description": "综合评分<8分点击去日清按钮跳转至日清页面", "test_module": "讲错题-评分结果导航", "preconditions": ["学员讲错题综合评分<8分", "页面展示太遗憾了提示"], "steps": ["1. 在太遗憾了提示页面点击去日清按钮"], "test_input": "点击去日清按钮", "expected_result": "页面跳转至第六步日清页面", "priority": "P0", "model_priority_current": "P1", "model_priority": "P1", "legacy_priority": "P1", "priority_final": "P0", "priority_decision_state": "decided", "priority_decision_source": "hard_guard_promotion", "priority_confidence": "high", "priority_conflict_reason": "", "priority_resolution_reason": ""}}], "row_count": 3, "row_count_total": 110, "row_count_reject_pending": 3, "rows_scope": "reject_pending_only", "row_evidence_incomplete": false, "request_id": "bdc834c529b049a0bc1c5c356701d160", "project_id": 8, "multi_pass": true, "generation_mode": "full_functional_regression"}
GEN_DIAG:{"kind": "review_decision_table", "generation_id": 0, "rows": [{"candidate_index": 1, "signature": "ai提问逻辑|修订版四轮对话框架-第一轮暴露认知误区第二轮检验原理第三轮验证迁移第四轮结构化总结|第一轮ai引导暴露认知误区，第二轮ai回应检验原理理解的验证性问题，第三轮ai回应方法迁移的新问题，第四轮ai提供结构化总结如三步法固定解题思路，四轮后触发评分|按四轮对话框架完成完整交互", "case_id": "TC-095", "description": "修订版四轮对话框架-第一轮暴露认知误区第二轮检验原理第三轮验证迁移第四轮结构化总结", "test_module": "AI提问逻辑", "expected_result": "第一轮AI引导暴露认知误区，第二轮AI回应检验原理理解的验证性问题，第三轮AI回应方法迁移的新问题，第四轮AI提供结构化总结如三步法固定解题思路，四轮后触发评分", "flow_stage": "stage:ai提问逻辑", "flow_stage_label": "AI提问逻辑", "flow_rank": 8, "cross_cutting": [], "scenario_key": "stage:ai提问逻辑:workflow_navigation:obj:提问逻辑_修订_订版", "is_scenario_duplicate": false, "duplicate_cluster_id": "", "duplicate_cluster_size": 0, "duplicate_of_case_id": "", "misordered_against_requirement_flow": false, "expected_result_quality": "assertable", "expected_result_quality_reason": "contains_concrete_assertion", "expected_result_alignment_warning": true, "truncated_text_detected": false, "case_quality": "valid_case", "invalid_case_reason": "", "invalid_case_signals": [], "model_priority_current": "P0", "model_priority": "P0", "legacy_priority": "P0", "priority_final": "P1", "priority_decision_state": "decided", "priority_decision_source": "conflict_resolved_by_core_business_rule", "priority_confidence": "medium", "priority_conflict_reason": "model=P0,suggested=P2", "priority_resolution_reason": "core_business_evidence", "priority_score": 25, "suggested_priority": "P2", "priority_reasons": ["main_workflow_hit", "no_release_blocking_guard"], "selected_by_review_llm": true, "selected_by_review_must_keep": false, "selected_by_review_constraints": false, "review_constraint_reason": "dropped_by_target_max", "review_llm_drop_reason_raw": "", "review_llm_drop_reason": "high_signal_omitted", "review_llm_drop_reason_resolved": "high_signal_omitted", "review_llm_drop_reason_source": "deterministic_backfill", "review_llm_drop_reason_evidence": {"bucket": "ai提问逻辑|exception", "priority": "P1", "focus_score": 2, "coverage_gain_score": 0, "selected_case_ids": ["TC-102", "TC-097", "TC-101"], "selected_count_in_bucket": 12, "has_positive_evidence": true, "has_coverage_signal": false, "has_high_signal": true, "has_competition_signal": true, "missing_rule_hits": [], "core_rule_hits": [], "unique_coverage_hits": [], "reuse_risk_hit": false}, "has_positive_evidence": true, "has_coverage_signal": false, "has_high_signal": true, "has_competition_signal": true, "review_llm_filter_applied": false, "must_keep_candidate": false, "must_keep_reasons": [], "selected_by_review_gate": false, "retained_final": false, "dropped_stage": "review_selector", "dropped_reason": "drop_outside_target_window", "rule_keys": [], "bucket": "ai提问逻辑|exception", "adds_rule": false, "adds_bucket": false, "high_signal": true, "has_coverage_value": false, "retained_reason": "", "rerank_rank": 0, "focus_score": 2, "covered_rule_ids": [], "missing_rule_hits": [], "core_rule_hits": [], "coverage_gain_score": 0, "reuse_risk_hit": false, "hit_must_cover_rule": false, "violates_forbidden_pattern": false, "hits_soft_constraint": false, "satisfies_quality_hint": false}, {"candidate_index": 2, "signature": "评分|修订版纠错有效性-后续提问中因解释不清再次出现概念错误每次扣5分|评分中纠错有效性扣分项生效，每次因解释不清导致再次出现概念错误扣5分，扣完为止|学员在ai纠正后再次出现概念错误的回答", "case_id": "TC-093", "description": "修订版纠错有效性-后续提问中因解释不清再次出现概念错误每次扣5分", "test_module": "评分", "expected_result": "评分中纠错有效性扣分项生效，每次因解释不清导致再次出现概念错误扣5分，扣完为止", "flow_stage": "stage:评分", "flow_stage_label": "评分", "flow_rank": 5, "cross_cutting": [], "scenario_key": "global:ai_teacher_score_conversion", "is_scenario_duplicate": false, "duplicate_cluster_id": "SC-001", "duplicate_cluster_size": 2, "duplicate_of_case_id": "", "misordered_against_requirement_flow": true, "expected_result_quality": "assertable", "expected_result_quality_reason": "contains_concrete_assertion", "expected_result_alignment_warning": true, "truncated_text_detected": false, "case_quality": "valid_case", "invalid_case_reason": "", "invalid_case_signals": [], "model_priority_current": "P0", "model_priority": "P0", "legacy_priority": "P0", "priority_final": "P1", "priority_decision_state": "decided", "priority_decision_source": "conflict_resolved_by_conservative_middle_priority", "priority_confidence": "medium", "priority_conflict_reason": "model=P0,suggested=P2", "priority_resolution_reason": "conservative_middle_priority", "priority_score": 11, "suggested_priority": "P2", "priority_reasons": ["main_workflow_hit", "coverage_gain_non_positive", "low_risk_only_covered_rules_penalty", "no_release_blocking_guard"], "selected_by_review_llm": true, "selected_by_review_must_keep": false, "selected_by_review_constraints": false, "review_constraint_reason": "", "review_llm_drop_reason_raw": "", "review_llm_drop_reason": "", "review_llm_drop_reason_resolved": "", "review_llm_drop_reason_source": "", "review_llm_drop_reason_evidence": {}, "has_positive_evidence": false, "has_coverage_signal": false, "has_high_signal": false, "has_competition_signal": false, "review_llm_filter_applied": false, "must_keep_candidate": false, "must_keep_reasons": [], "selected_by_review_gate": true, "retained_final": true, "dropped_stage": "retained", "dropped_reason": "retained", "rule_keys": [], "bucket": "评分|exception", "adds_rule": false, "adds_bucket": true, "high_signal": true, "has_coverage_value": true, "retained_reason": "retained_default", "rerank_rank": 4, "focus_score": 2, "covered_rule_ids": ["RULE-053"], "missing_rule_hits": [], "core_rule_hits": [], "coverage_gain_score": -8, "reuse_risk_hit": false, "hit_must_cover_rule": false, "violates_forbidden_pattern": false, "hits_soft_constraint": false, "satisfies_quality_hint": false}, {"candidate_index": 3, "signature": "评分逻辑-边界值|学员回答字数恰好50字时完整性和清晰度不扣50%分数|完整性和清晰度维度按正常评分细则计分，不触发50%扣分规则（50%扣分仅在不足50字时触发）|学员回答内容恰好50字且质量中等", "case_id": "TC-074", "description": "学员回答字数恰好50字时完整性和清晰度不扣50%分数", "test_module": "评分逻辑-边界值", "expected_result": "完整性和清晰度维度按正常评分细则计分，不触发50%扣分规则（50%扣分仅在不足50字时触发）", "flow_stage": "stage:评分逻辑", "flow_stage_label": "评分逻辑", "flow_rank": 9, "cross_cutting": [], "scenario_key": "global:ai_short_answer_score_boundary", "is_scenario_duplicate": false, "duplicate_cluster_id": "SC-002", "duplicate_cluster_size": 2, "duplicate_of_case_id": "", "misordered_against_requirement_flow": false, "expected_result_quality": "assertable", "expected_result_quality_reason": "contains_concrete_assertion", "expected_result_alignment_warning": false, "truncated_text_detected": false, "case_quality": "valid_case", "invalid_case_reason": "", "invalid_case_signals": [], "model_priority_current": "P0", "model_priority": "P0", "legacy_priority": "P0", "priority_final": "P2", "priority_decision_state": "decided", "priority_decision_source": "conflict_resolved_by_non_blocking_experience_rule", "priority_confidence": "medium", "priority_conflict_reason": "model=P0,suggested=P2", "priority_resolution_reason": "explicit_low_value_or_experience_case", "priority_score": 0, "suggested_priority": "P2", "priority_reasons": ["boundary_or_low_risk_validation", "low_risk_supplemental_rule_only", "coverage_gain_non_positive", "low_risk_only_covered_rules_penalty", "no_release_blocking_guard"], "selected_by_review_llm": true, "selected_by_review_must_keep": false, "selected_by_review_constraints": false, "review_constraint_reason": "", "review_llm_drop_reason_raw": "", "review_llm_drop_reason": "", "review_llm_drop_reason_resolved": "", "review_llm_drop_reason_source": "", "review_llm_drop_reason_evidence": {}, "has_positive_evidence": false, "has_coverage_signal": false, "has_high_signal": false, "has_competition_signal": false, "review_llm_filter_applied": false, "must_keep_candidate": false, "must_keep_reasons": [], "selected_by_review_gate": true, "retained_final": true, "dropped_stage": "retained", "dropped_reason": "retained", "rule_keys": [], "bucket": "评分逻辑-边界值|happy", "adds_rule": false, "adds_bucket": true, "high_signal": true, "has_coverage_value": true, "retained_reason": "retained_default", "rerank_rank": 42, "focus_score": 0, "covered_rule_ids": ["RULE-007"], "missing_rule_hits": [], "core_rule_hits": [], "coverage_gain_score": -16, "reuse_risk_hit": false, "hit_must_cover_rule": false, "violates_forbidden_pattern": false, "hits_soft_constraint": false, "satisfies_quality_hint": false}, {"candidate_index": 4, "signature": "交互流程|学员语音录制完成后点击提交发送转文字内容至对话框|语音内容被转换为文字并以学员对话气泡形式展示在提问展示区，ai随后生成追问内容|语音录制一段回答内容后提交", "case_id": "TC-086", "description": "学员语音录制完成后点击提交发送转文字内容至对话框", "test_module": "交互流程", "expected_result": "语音内容被转换为文字并以学员对话气泡形式展示在提问展示区，AI随后生成追问内容", "flow_stage": "stage:交互", "flow_stage_label": "交互", "flow_rank": 4, "cross_cutting": [], "scenario_key": "global:ai_supervisor_detail_button_state", "is_scenario_duplicate": false, "duplicate_cluster_id": "SC-003", "duplicate_cluster_size": 19, "duplicate_of_case_id": "", "misordered_against_requirement_flow": true, "expected_result_quality": "assertable", "expected_result_quality_reason": "contains_concrete_assertion", "expected_result_alignment_warning": true, "truncated_text_detected": false, "case_quality": "valid_case", "invalid_case_reason": "", "invalid_case_signals": [], "model_priority_current": "P0", "model_priority": "P0", "legacy_priority": "P0", "priority_final": "P1", "priority_decision_state": "decided", "priority_decision_source": "conflict_resolved_by_core_business_rule", "priority_confidence": "medium", "priority_conflict_reason": "model=P0,suggested=P2", "priority_resolution_reason": "core_business_evidence", "priority_score": 11, "suggested_priority": "P2", "priority_reasons": ["main_workflow_hit", "coverage_gain_non_positive", "low_risk_only_covered_rules_penalty", "no_release_blocking_guard"], "selected_by_review_llm": true, "selected_by_review_must_keep": false, "selected_by_review_constraints": false, "review_constraint_reason": "", "review_llm_drop_reason_raw": "", "review_llm_drop_reason": "", "review_llm_drop_reason_resolved": "", "review_llm_drop_reason_source": "", "review_llm_drop_reason_evidence": {}, "has_positive_evidence": false, "has_coverage_signal": false, "has_high_signal": false, "has_competition_signal": false, "review_llm_filter_applied": false, "must_keep_candidate": false, "must_keep_reasons": [], "selected_by_review_gate": true, "retained_final": true, "dropped_stage": "retained", "dropped_reason": "retained", "rule_keys": [], "bucket": "交互流程|happy", "adds_rule": false, "adds_bucket": false, "high_signal": true, "has_coverage_value": true, "retained_reason": "retained_due_to_coverage_value", "rerank_rank": 72, "focus_score": 0, "covered_rule_ids": ["RULE-002", "RULE-020", "RULE-043", "RULE-048"], "missing_rule_hits": [], "core_rule_hits": [], "coverage_gain_score": -8, "reuse_risk_hit": false, "hit_must_cover_rule": false, "violates_forbidden_pattern": false, "hits_soft_constraint": false, "satisfies_quality_hint": false}, {"candidate_index": 5, "signature": "评分|学员回答答非所问时准确性维度直接计0分|评分结果中准确性维度得分为0分，综合评分显著降低|回答内容与问题无关的答非所问内容", "case_id": "TC-090", "description": "学员回答答非所问时准确性维度直接计0分", "test_module": "评分", "expected_result": "评分结果中准确性维度得分为0分，综合评分显著降低", "flow_stage": "stage:评分", "flow_stage_label": "评分", "flow_rank": 5, "cross_cutting": [], "scenario_key": "global:ai_answer_irrelevant_score_zero", "is_scenario_duplicate": false, "duplicate_cluster_id": "SC-004", "duplicate_cluster_size": 4, "duplicate_of_case_id": "", "misordered_against_requirement_flow": true, "expected_result_quality": "assertable", "expected_result_quality_reason": "contains_concrete_assertion", "expected_result_alignment_warning": true, "truncated_text_detected": false, "case_quality": "valid_case", "invalid_case_reason": "", "invalid_case_signals": [], "model_priority_current": "P0", "model_priority": "P0", "legacy_priority": "P0", "priority_final": "P1", "priority_decision_state": "decided", "priority_decision_source": "conflict_resolved_by_core_business_rule", "priority_confidence": "medium", "priority_conflict_reason": "model=P0,suggested=P2", "priority_resolution_reason": "core_business_evidence", "priority_score": 25, "suggested_priority": "P2", "priority_reasons": ["main_workflow_hit", "no_release_blocking_guard"], "selected_by_review_llm": true, "selected_by_review_must_keep": false, "selected_by_review_constraints": false, "review_constraint_reason": "dropped_by_target_max", "review_llm_drop_reason_raw": "", "review_llm_drop_reason": "selection_tradeoff_omitted", "review_llm_drop_reason_resolved": "selection_tradeoff_omitted", "review_llm_drop_reason_source": "deterministic_backfill", "review_llm_drop_reason_evidence": {"bucket": "评分|happy", "priority": "P1", "focus_score": 0, "coverage_gain_score": 0, "selected_case_ids": ["TC-091", "TC-094"], "selected_count_in_bucket": 2, "has_positive_evidence": true, "has_coverage_signal": false, "has_high_signal": false, "has_competition_signal": true, "missing_rule_hits": [], "core_rule_hits": [], "unique_coverage_hits": [], "reuse_risk_hit": false}, "has_positive_evidence": true, "has_coverage_signal": false, "has_high_signal": false, "has_competition_signal": true, "review_llm_filter_applied": false, "must_keep_candidate": false, "must_keep_reasons": [], "selected_by_review_gate": false, "retained_final": false, "dropped_stage": "review_selector", "dropped_reason": "drop_outside_target_window", "rule_keys": [], "bucket": "评分|happy", "adds_rule": false, "adds_bucket": false, "high_signal": false, "has_coverage_value": false, "retained_reason": "", "rerank_rank": 0, "focus_score": 0, "covered_rule_ids": [], "missing_rule_hits": [], "core_rule_hits": [], "coverage_gain_score": 0, "reuse_risk_hit": false, "hit_must_cover_rule": false, "violates_forbidden_pattern": false, "hits_soft_constraint": false, "satisfies_quality_hint": false}, {"candidate_index": 6, "signature": "评分|修订版评分三维度-思路准确性0-3分步骤完整性0-3分表达清晰度0-4分总分10分|评分展示思路准确性（0-3分）、步骤完整性（0-3分）、表达清晰度（0-4分）三个维度各自得分，三维度得分之和为综合评分，满分10分|完成讲错题交互后查看评分", "case_id": "TC-092", "description": "修订版评分三维度-思路准确性0-3分步骤完整性0-3分表达清晰度0-4分总分10分", "test_module": "评分", "expected_result": "评分展示思路准确性（0-3分）、步骤完整性（0-3分）、表达清晰度（0-4分）三个维度各自得分，三维度得分之和为综合评分，满分10分", "flow_stage": "stage:评分", "flow_stage_label": "评分", "flow_rank": 5, "cross_cutting": [], "scenario_key": "global:ai_answer_irrelevant_score_zero", "is_scenario_duplicate": true, "duplicate_cluster_id": "SC-004", "duplicate_cluster_size": 4, "duplicate_of_case_id": "TC-090", "misordered_against_requirement_flow": true, "expected_result_quality": "assertable", "expected_result_quality_reason": "contains_concrete_assertion", "expected_result_alignment_warning": true, "truncated_text_detected": false, "case_quality": "valid_case", "invalid_case_reason": "", "invalid_case_signals": [], "model_priority_current": "P0", "model_priority": "P0", "legacy_priority": "P0", "priority_final": "P1", "priority_decision_state": "decided", "priority_decision_source": "conflict_resolved_by_core_business_rule", "priority_confidence": "medium", "priority_conflict_reason": "model=P0,suggested=P2", "priority_resolution_reason": "core_business_evidence", "priority_score": 25, "suggested_priority": "P2", "priority_reasons": ["main_workflow_hit", "no_release_blocking_guard"], "selected_by_review_llm": true, "selected_by_review_must_keep": false, "selected_by_review_constraints": false, "review_constraint_reason": "dropped_by_target_max", "review_llm_drop_reason_raw": "", "review_llm_drop_reason": "selection_tradeoff_omitted", "review_llm_drop_reason_resolved": "selection_tradeoff_omitted", "review_llm_drop_reason_source": "deterministic_backfill", "review_llm_drop_reason_evidence": {"bucket": "评分|happy", "priority": "P1", "focus_score": 0, "coverage_gain_score": 0, "selected_case_ids": ["TC-091", "TC-094"], "selected_count_in_bucket": 2, "has_positive_evidence": true, "has_coverage_signal": false, "has_high_signal": false, "has_competition_signal": true, "missing_rule_hits": [], "core_rule_hits": [], "unique_coverage_hits": [], "reuse_risk_hit": false}, "has_positive_evidence": true, "has_coverage_signal": false, "has_high_signal": false, "has_competition_signal": true, "review_llm_filter_applied": false, "must_keep_candidate": false, "must_keep_reasons": [], "selected_by_review_gate": false, "retained_final": false, "dropped_stage": "review_selector", "dropped_reason": "drop_outside_target_window", "rule_keys": [], "bucket": "评分|happy", "adds_rule": false, "adds_bucket": false, "high_signal": false, "has_coverage_value": false, "retained_reason": "", "rerank_rank": 0, "focus_score": 0, "covered_rule_ids": [], "missing_rule_hits": [], "core_rule_hits": [], "coverage_gain_score": 0, "reuse_risk_hit": false, "hit_must_cover_rule": false, "violates_forbidden_pattern": false, "hits_soft_constraint": false, "satisfies_quality_hint": false}, {"candidate_index": 7, "signature": "评分结果与跳转|综合评分<8分展示太遗憾了提示，联系督导按钮突出，也有去日清按钮|页面显示'太遗憾了，您对知识点理解还需要加深，快去联系督导老师吧'提示文案；'联系督导'按钮视觉突出展示；同时存在'去日清'按钮；点击'联系督导'后督导端收到提示消息|综合评分5.0分", "case_id": "TC-024", "description": "综合评分<8分展示太遗憾了提示，联系督导按钮突出，也有去日清按钮", "test_module": "评分结果与跳转", "expected_result": "页面显示'太遗憾了，您对知识点理解还需要加深，快去联系督导老师吧'提示文案；'联系督导'按钮视觉突出展示；同时存在'去日清'按钮；点击'联系督导'后督导端收到提示消息", "flow_stage": "stage:评分结果与跳转", "flow_stage_label": "评分结果与跳转", "flow_rank": 10, "cross_cutting": [], "scenario_key": "global:ai_score_popup_threshold", "is_scenario_duplicate": false, "duplicate_cluster_id": "SC-006", "duplicate_cluster_size": 2, "duplicate_of_case_id": "", "misordered_against_requirement_flow": false, "expected_result_quality": "assertable", "expected_result_quality_reason": "contains_concrete_assertion", "expected_result_alignment_warning": true, "truncated_text_detected": false, "case_quality": "valid_case", "invalid_case_reason": "", "invalid_case_signals": [], "model_priority_current": "P0", "model_priority": "P0", "legacy_priority": "P0", "priority_final": "P1", "priority_decision_state": "decided", "priority_decision_source": "conflict_resolved_by_core_business_rule", "priority_confidence": "medium", "priority_conflict_reason": "model=P0,suggested=P2", "priority_resolution_reason": "core_business_evidence", "priority_score": 0, "suggested_priority": "P2", "priority_reasons": ["cross_page_flow_hit", "boundary_or_low_risk_validation", "low_risk_supplemental_rule_only", "coverage_gain_non_positive", "low_risk_only_covered_rules_penalty", "no_release_blocking_guard"], "selected_by_review_llm": true, "selected_by_review_must_keep": false, "selected_by_review_constraints": false, "review_constraint_reason": "", "review_llm_drop_reason_raw": "", "review_llm_drop_reason": "", "review_llm_drop_reason_resolved": "", "review_llm_drop_reason_source": "", "review_llm_drop_reason_evidence": {}, "has_positive_evidence": false, "has_coverage_signal": false, "has_high_signal": false, "has_competition_signal": false, "review_llm_filter_applied": false, "must_keep_candidate": false, "must_keep_reasons": [], "selected_by_review_gate": true, "retained_final": false, "dropped_stage": "post_review_dedup_or_reorder", "dropped_reason": "drop_post_review_dedup_or_reorder", "rule_keys": [], "bucket": "评分结果与跳转|happy", "adds_rule": false, "adds_bucket": false, "high_signal": true, "has_coverage_value": true, "retained_reason": "retained_due_to_coverage_value", "rerank_rank": 107, "focus_score": 0, "covered_rule_ids": ["RULE-002", "RULE-009", "RULE-019", "RULE-020", "RULE-048"], "missing_rule_hits": [], "core_rule_hits": [], "coverage_gain_score": -16, "reuse_risk_hit": false, "hit_must_cover_rule": false, "violates_forbidden_pattern": false, "hits_soft_constraint": false, "satisfies_quality_hint": false}, {"candidate_index": 8, "signature": "评分结果与跳转|综合评分>=8分展示太棒啦提示并自动停留5秒后出现去日清按钮|页面显示'太棒啦，您对知识点的理解非常棒'提示文案；自动停留5秒后出现'去日清'按钮；点击'去日清'后跳转至日清页面|综合评分8.5分", "case_id": "TC-023", "description": "综合评分>=8分展示太棒啦提示并自动停留5秒后出现去日清按钮", "test_module": "评分结果与跳转", "expected_result": "页面显示'太棒啦，您对知识点的理解非常棒'提示文案；自动停留5秒后出现'去日清'按钮；点击'去日清'后跳转至日清页面", "flow_stage": "stage:评分结果与跳转", "flow_stage_label": "评分结果与跳转", "flow_rank": 10, "cross_cutting": [], "scenario_key": "global:ai_score_popup_threshold", "is_scenario_duplicate": true, "duplicate_cluster_id": "SC-006", "duplicate_cluster_size": 2, "duplicate_of_case_id": "TC-024", "misordered_against_requirement_flow": false, "expected_result_quality": "assertable", "expected_result_quality_reason": "contains_concrete_assertion", "expected_result_alignment_warning": true, "truncated_text_detected": false, "case_quality": "valid_case", "invalid_case_reason": "", "invalid_case_signals": [], "model_priority_current": "P0", "model_priority": "P0", "legacy_priority": "P0", "priority_final": "P1", "priority_decision_state": "decided", "priority_decision_source": "conflict_resolved_by_core_business_rule", "priority_confidence": "medium", "priority_conflict_reason": "model=P0,suggested=P2", "priority_resolution_reason": "core_business_evidence", "priority_score": 0, "suggested_priority": "P2", "priority_reasons": ["cross_page_flow_hit", "boundary_or_low_risk_validation", "low_risk_supplemental_rule_only", "coverage_gain_non_positive", "low_risk_only_covered_rules_penalty", "no_release_blocking_guard"], "selected_by_review_llm": true, "selected_by_review_must_keep": false, "selected_by_review_constraints": false, "review_constraint_reason": "", "review_llm_drop_reason_raw": "", "review_llm_drop_reason": "", "review_llm_drop_reason_resolved": "", "review_llm_drop_reason_source": "", "review_llm_drop_reason_evidence": {}, "has_positive_evidence": false, "has_coverage_signal": false, "has_high_signal": false, "has_competition_signal": false, "review_llm_filter_applied": false, "must_keep_candidate": false, "must_keep_reasons": [], "selected_by_review_gate": true, "retained_final": true, "dropped_stage": "retained", "dropped_reason": "retained", "rule_keys": [], "bucket": "评分结果与跳转|happy", "adds_rule": false, "adds_bucket": true, "high_signal": true, "has_coverage_value": true, "retained_reason": "retained_default", "rerank_rank": 33, "focus_score": 0, "covered_rule_ids": ["RULE-002", "RULE-009", "RULE-020", "RULE-048"], "missing_rule_hits": [], "core_rule_hits": [], "coverage_gain_score": -16, "reuse_risk_hit": false, "hit_must_cover_rule": false, "violates_forbidden_pattern": false, "hits_soft_constraint": false, "satisfies_quality_hint": false}, {"candidate_index": 9, "signature": "ai提问逻辑|ai第2轮追问自动提取正确选项关键信息并引导学员说出个人盲区|ai第2轮追问中引用正确选项的关键信息（如游泳后冷），并使用引导句式如'我之前只觉得__没注意__'引导学员聚焦未注意的细节|正确选项内容为'游泳后出来感觉冷'的化学题", "case_id": "TC-100", "description": "AI第2轮追问自动提取正确选项关键信息并引导学员说出个人盲区", "test_module": "AI提问逻辑", "expected_result": "AI第2轮追问中引用正确选项的关键信息（如游泳后冷），并使用引导句式如'我之前只觉得__没注意__'引导学员聚焦未注意的细节", "flow_stage": "stage:ai提问逻辑", "flow_stage_label": "AI提问逻辑", "flow_rank": 8, "cross_cutting": [], "scenario_key": "stage:ai提问逻辑:workflow_navigation:obj:提问逻辑_轮追_追问", "is_scenario_duplicate": false, "duplicate_cluster_id": "SC-007", "duplicate_cluster_size": 2, "duplicate_of_case_id": "", "misordered_against_requirement_flow": true, "expected_result_quality": "assertable", "expected_result_quality_reason": "contains_concrete_assertion", "expected_result_alignment_warning": false, "truncated_text_detected": false, "case_quality": "valid_case", "invalid_case_reason": "", "invalid_case_signals": [], "model_priority_current": "P0", "model_priority": "P0", "legacy_priority": "P0", "priority_final": "P2", "priority_decision_state": "decided", "priority_decision_source": "conflict_resolved_by_non_blocking_experience_rule", "priority_confidence": "medium", "priority_conflict_reason": "model=P0,suggested=P2", "priority_resolution_reason": "explicit_low_value_or_experience_case", "priority_score": 0, "suggested_priority": "P2", "priority_reasons": ["coverage_gain_non_positive", "low_risk_only_covered_rules_penalty", "no_release_blocking_guard"], "selected_by_review_llm": true, "selected_by_review_must_keep": false, "selected_by_review_constraints": false, "review_constraint_reason": "", "review_llm_drop_reason_raw": "", "review_llm_drop_reason": "", "review_llm_drop_reason_resolved": "", "review_llm_drop_reason_source": "", "review_llm_drop_reason_evidence": {}, "has_positive_evidence": false, "has_coverage_signal": false, "has_high_signal": false, "has_competition_signal": false, "review_llm_filter_applied": false, "must_keep_candidate": false, "must_keep_reasons": [], "selected_by_review_gate": true, "retained_final": true, "dropped_stage": "retained", "dropped_reason": "retained", "rule_keys": [], "bucket": "ai提问逻辑|happy", "adds_rule": false, "adds_bucket": false, "high_signal": true, "has_coverage_value": true, "retained_reason": "retained_due_to_coverage_value", "rerank_rank": 92, "focus_score": 0, "covered_rule_ids": ["RULE-007"], "missing_rule_hits": [], "core_rule_hits": [], "coverage_gain_score": -8, "reuse_risk_hit": false, "hit_must_cover_rule": false, "violates_forbidden_pattern": false, "hits_soft_constraint": false, "satisfies_quality_hint": false}, {"candidate_index": 10, "signature": "评分逻辑-边界值|综合评分恰好8分时展示太棒啦提示并5秒后出现去日清按钮|页面展示'太棒啦，您对知识点的理解非常棒'提示，自动停留5秒后出现'去日清'按钮，不展示'联系督导'按钮|学员回答使综合评分为8.0分", "case_id": "TC-073", "description": "综合评分恰好8分时展示太棒啦提示并5秒后出现去日清按钮", "test_module": "评分逻辑-边界值", "expected_result": "页面展示'太棒啦，您对知识点的理解非常棒'提示，自动停留5秒后出现'去日清'按钮，不展示'联系督导'按钮", "flow_stage": "stage:评分逻辑", "flow_stage_label": "评分逻辑", "flow_rank": 9, "cross_cutting": [], "scenario_key": "global:ai_score_popup_threshold", "is_scenario_duplicate": true, "duplicate_cluster_id": "SC-005", "duplicate_cluster_size": 6, "duplicate_of_case_id": "TC-024", "misordered_against_requirement_flow": true, "expected_result_quality": "assertable", "expected_result_quality_reason": "contains_concrete_assertion", "expected_result_alignment_warning": true, "truncated_text_detected": false, "case_quality": "valid_case", "invalid_case_reason": "", "invalid_case_signals": [], "model_priority_current": "P0", "model_priority": "P0", "legacy_priority": "P0", "priority_final": "P2", "priority_decision_state": "decided", "priority_decision_source": "conflict_resolved_by_non_blocking_experience_rule", "priority_confidence": "medium", "priority_conflict_reason": "model=P0,suggested=P2", "priority_resolution_reason": "explicit_low_value_or_experience_case", "priority_score": 0, "suggested_priority": "P2", "priority_reasons": ["boundary_or_low_risk_validation", "low_risk_supplemental_rule_only", "coverage_gain_non_positive", "low_risk_only_covered_rules_penalty", "no_release_blocking_guard"], "selected_by_review_llm": true, "selected_by_review_must_keep": false, "selected_by_review_constraints": false, "review_constraint_reason": "", "review_llm_drop_reason_raw": "", "review_llm_drop_reason": "", "review_llm_drop_reason_resolved": "", "review_llm_drop_reason_source": "", "review_llm_drop_reason_evidence": {}, "has_positive_evidence": false, "has_coverage_signal": false, "has_high_signal": false, "has_competition_signal": false, "review_llm_filter_applied": false, "must_keep_candidate": false, "must_keep_reasons": [], "selected_by_review_gate": true, "retained_final": false, "dropped_stage": "post_review_dedup_or_reorder", "dropped_reason": "drop_post_review_dedup_or_reorder", "rule_keys": [], "bucket": "评分逻辑-边界值|happy", "adds_rule": false, "adds_bucket": false, "high_signal": true, "has_coverage_value": true, "retained_reason": "retained_due_to_coverage_value", "rerank_rank": 100, "focus_score": 0, "covered_rule_ids": ["RULE-002", "RULE-007", "RULE-009", "RULE-019"], "missing_rule_hits": [], "core_rule_hits": [], "coverage_gain_score": -16, "reuse_risk_hit": false, "hit_must_cover_rule": false, "violates_forbidden_pattern": false, "hits_soft_constraint": false, "satisfies_quality_hint": false}, {"candidate_index": 11, "signature": "评分|点击重新讲按钮后ai从错题库重新出题且题目与之前不同|ai从错题库中重新抽取题目，新题目与之前讲解的题目不同，开始新一轮交互流程|评分完成后点击重新讲", "case_id": "TC-091", "description": "点击重新讲按钮后AI从错题库重新出题且题目与之前不同", "test_module": "评分", "expected_result": "AI从错题库中重新抽取题目，新题目与之前讲解的题目不同，开始新一轮交互流程", "flow_stage": "stage:评分", "flow_stage_label": "评分", "flow_rank": 5, "cross_cutting": [], "scenario_key": "global:ai_supervisor_detail_button_state", "is_scenario_duplicate": true, "duplicate_cluster_id": "SC-003", "duplicate_cluster_size": 19, "duplicate_of_case_id": "TC-086", "misordered_against_requirement_flow": true, "expected_result_quality": "assertable", "expected_result_quality_reason": "contains_concrete_assertion", "expected_result_alignment_warning": false, "truncated_text_detected": false, "case_quality": "valid_case", "invalid_case_reason": "", "invalid_case_signals": [], "model_priority_current": "P0", "model_priority": "P0", "legacy_priority": "P0", "priority_final": "P1", "priority_decision_state": "decided", "priority_decision_source": "conflict_resolved_by_core_business_rule", "priority_confidence": "medium", "priority_conflict_reason": "model=P0,suggested=P2", "priority_resolution_reason": "core_business_evidence", "priority_score": 11, "suggested_priority": "P2", "priority_reasons": ["main_workflow_hit", "coverage_gain_non_positive", "low_risk_only_covered_rules_penalty", "no_release_blocking_guard"], "selected_by_review_llm": true, "selected_by_review_must_keep": false, "selected_by_review_constraints": false, "review_constraint_reason": "", "review_llm_drop_reason_raw": "", "review_llm_drop_reason": "", "review_llm_drop_reason_resolved": "", "review_llm_drop_reason_source": "", "review_llm_drop_reason_evidence": {}, "has_positive_evidence": false, "has_coverage_signal": false, "has_high_signal": false, "has_competition_signal": false, "review_llm_filter_applied": false, "must_keep_candidate": false, "must_keep_reasons": [], "selected_by_review_gate": true, "retained_final": false, "dropped_stage": "post_review_dedup_or_reorder", "dropped_reason": "drop_post_review_dedup_or_reorder", "rule_keys": [], "bucket": "评分|happy", "adds_rule": false, "adds_bucket": true, "high_signal": true, "has_coverage_value": true, "retained_reason": "retained_default", "rerank_rank": 32, "focus_score": 0, "covered_rule_ids": ["RULE-002", "RULE-020", "RULE-048"], "missing_rule_hits": [], "core_rule_hits": [], "coverage_gain_score": -8, "reuse_risk_hit": false, "hit_must_cover_rule": false, "violates_forbidden_pattern": false, "hits_soft_constraint": false, "satisfies_quality_hint": false}, {"candidate_index": 12, "signature": "ai提问逻辑|ai第3轮追问自动识别核心概念并引导学员举例说明误解|ai第3轮追问中识别并提及核心概念名称（如液化、汽化），并使用引导句式如'我觉得__是因为__比如__'促使学员举例说明自身对概念的误解|题目涉及汽化与液化概念混淆", "case_id": "TC-101", "description": "AI第3轮追问自动识别核心概念并引导学员举例说明误解", "test_module": "AI提问逻辑", "expected_result": "AI第3轮追问中识别并提及核心概念名称（如液化、汽化），并使用引导句式如'我觉得__是因为__比如__'促使学员举例说明自身对概念的误解", "flow_stage": "stage:ai提问逻辑", "flow_stage_label": "AI提问逻辑", "flow_rank": 8, "cross_cutting": [], "scenario_key": "stage:ai提问逻辑:workflow_navigation:obj:提问逻辑_轮追_追问", "is_scenario_duplicate": true, "duplicate_cluster_id": "SC-007", "duplicate_cluster_size": 2, "duplicate_of_case_id": "TC-100", "misordered_against_requirement_flow": true, "expected_result_quality": "assertable", "expected_result_quality_reason": "contains_concrete_assertion", "expected_result_alignment_warning": false, "truncated_text_detected": false, "case_quality": "valid_case", "invalid_case_reason": "", "invalid_case_signals": [], "model_priority_current": "P0", "model_priority": "P0", "legacy_priority": "P0", "priority_final": "P2", "priority_decision_state": "decided", "priority_decision_source": "conflict_resolved_by_non_blocking_experience_rule", "priority_confidence": "medium", "priority_conflict_reason": "model=P0,suggested=P2", "priority_resolution_reason": "explicit_low_value_or_experience_case", "priority_score": 0, "suggested_priority": "P2", "priority_reasons": ["coverage_gain_non_positive", "low_risk_only_covered_rules_penalty", "no_release_blocking_guard"], "selected_by_review_llm": true, "selected_by_review_must_keep": false, "selected_by_review_constraints": false, "review_constraint_reason": "", "review_llm_drop_reason_raw": "", "review_llm_drop_reason": "", "review_llm_drop_reason_resolved": "", "review_llm_drop_reason_source": "", "review_llm_drop_reason_evidence": {}, "has_positive_evidence": false, "has_coverage_signal": false, "has_high_signal": false, "has_competition_signal": false, "review_llm_filter_applied": false, "must_keep_candidate": false, "must_keep_reasons": [], "selected_by_review_gate": true, "retained_final": true, "dropped_stage": "retained", "dropped_reason": "retained", "rule_keys": [], "bucket": "ai提问逻辑|happy", "adds_rule": false, "adds_bucket": false, "high_signal": true, "has_coverage_value": true, "retained_reason": "retained_due_to_coverage_value", "rerank_rank": 93, "focus_score": 0, "covered_rule_ids": ["RULE-007"], "missing_rule_hits": [], "core_rule_hits": [], "coverage_gain_score": -8, "reuse_risk_hit": false, "hit_must_cover_rule": false, "violates_forbidden_pattern": false, "hits_soft_constraint": false, "satisfies_quality_hint": false}, {"candidate_index": 13, "signature": "督导端-消息提醒|督导端学员完成讲错题后自动弹出通过或未通过提醒|督导端自动弹出提醒，根据评分结果显示讲错题通过或未通过|学员完成讲错题打分", "case_id": "TC-031", "description": "督导端学员完成讲错题后自动弹出通过或未通过提醒", "test_module": "督导端-消息提醒", "expected_result": "督导端自动弹出提醒，根据评分结果显示讲错题通过或未通过", "flow_stage": "stage:督导端", "flow_stage_label": "督导端", "flow_rank": 6, "cross_cutting": [], "scenario_key": "global:ai_supervisor_detail_button_state", "is_scenario_duplicate": false, "duplicate_cluster_id": "SC-008", "duplicate_cluster_size": 3, "duplicate_of_case_id": "", "misordered_against_requirement_flow": true, "expected_result_quality": "assertable", "expected_result_quality_reason": "contains_concrete_assertion", "expected_result_alignment_warning": true, "truncated_text_detected": false, "case_quality": "valid_case", "invalid_case_reason": "", "invalid_case_signals": [], "model_priority_current": "P0", "model_priority": "P0", "legacy_priority": "P0", "priority_final": "P1", "priority_decision_state": "decided", "priority_decision_source": "conflict_resolved_by_core_business_rule", "priority_confidence": "medium", "priority_conflict_reason": "model=P0,suggested=P2", "priority_resolution_reason": "core_business_evidence", "priority_score": 11, "suggested_priority": "P2", "priority_reasons": ["main_workflow_hit", "coverage_gain_non_positive", "low_risk_only_covered_rules_penalty", "no_release_blocking_guard"], "selected_by_review_llm": true, "selected_by_review_must_keep": false, "selected_by_review_constraints": false, "review_constraint_reason": "", "review_llm_drop_reason_raw": "", "review_llm_drop_reason": "", "review_llm_drop_reason_resolved": "", "review_llm_drop_reason_source": "", "review_llm_drop_reason_evidence": {}, "has_positive_evidence": false, "has_coverage_signal": false, "has_high_signal": false, "has_competition_signal": false, "review_llm_filter_applied": false, "must_keep_candidate": false, "must_keep_reasons": [], "selected_by_review_gate": true, "retained_final": false, "dropped_stage": "post_review_dedup_or_reorder", "dropped_reason": "drop_post_review_dedup_or_reorder", "rule_keys": [], "bucket": "督导端-消息提醒|happy", "adds_rule": false, "adds_bucket": true, "high_signal": true, "has_coverage_value": true, "retained_reason": "retained_default", "rerank_rank": 26, "focus_score": 0, "covered_rule_ids": ["RULE-019"], "missing_rule_hits": [], "core_rule_hits": [], "coverage_gain_score": -8, "reuse_risk_hit": false, "hit_must_cover_rule": false, "violates_forbidden_pattern": false, "hits_soft_constraint": false, "satisfies_quality_hint": false}, {"candidate_index": 14, "signature": "跨模块-状态流转一致性|讲错题评分完成后左侧导航第五步标记为已完成状态|左侧导航栏'第五步 讲知识错题'显示已完成状态标识（如勾选或变色），与未完成状态视觉区分明显|学员完成讲错题并获得评分8分", "case_id": "TC-070", "description": "讲错题评分完成后左侧导航第五步标记为已完成状态", "test_module": "跨模块-状态流转一致性", "expected_result": "左侧导航栏'第五步 讲知识错题'显示已完成状态标识（如勾选或变色），与未完成状态视觉区分明显", "flow_stage": "stage:讲错题", "flow_stage_label": "讲错题", "flow_rank": 2, "cross_cutting": [], "scenario_key": "global:ai_supervisor_detail_button_state", "is_scenario_duplicate": true, "duplicate_cluster_id": "SC-003", "duplicate_cluster_size": 19, "duplicate_of_case_id": "TC-086", "misordered_against_requirement_flow": true, "expected_result_quality": "assertable", "expected_result_quality_reason": "contains_concrete_assertion", "expected_result_alignment_warning": true, "truncated_text_detected": false, "case_quality": "valid_case", "invalid_case_reason": "", "invalid_case_signals": [], "model_priority_current": "P0", "model_priority": "P0", "legacy_priority": "P0", "priority_final": "P1", "priority_decision_state": "decided", "priority_decision_source": "conflict_resolved_by_core_business_rule", "priority_confidence": "medium", "priority_conflict_reason": "model=P0,suggested=P2", "priority_resolution_reason": "core_business_evidence", "priority_score": 0, "suggested_priority": "P2", "priority_reasons": ["cross_page_flow_hit", "state_transition_hit", "preferred_pattern_hit", "coverage_gain_non_positive", "low_risk_only_covered_rules_penalty", "no_release_blocking_guard"], "selected_by_review_llm": true, "selected_by_review_must_keep": false, "selected_by_review_constraints": false, "review_constraint_reason": "", "review_llm_drop_reason_raw": "", "review_llm_drop_reason": "", "review_llm_drop_reason_resolved": "", "review_llm_drop_reason_source": "", "review_llm_drop_reason_evidence": {}, "has_positive_evidence": false, "has_coverage_signal": false, "has_high_signal": false, "has_competition_signal": false, "review_llm_filter_applied": false, "must_keep_candidate": false, "must_keep_reasons": [], "selected_by_review_gate": true, "retained_final": true, "dropped_stage": "retained", "dropped_reason": "retained", "rule_keys": [], "bucket": "跨模块-状态流转一致性|state", "adds_rule": false, "adds_bucket": true, "high_signal": true, "has_coverage_value": true, "retained_reason": "retained_default", "rerank_rank": 14, "focus_score": 1, "covered_rule_ids": ["RULE-007"], "missing_rule_hits": [], "core_rule_hits": [], "coverage_gain_score": -8, "reuse_risk_hit": false, "hit_must_cover_rule": false, "violates_forbidden_pattern": false, "hits_soft_constraint": false, "satisfies_quality_hint": false}, {"candidate_index": 15, "signature": "ai提问逻辑|ai第4轮引导对比时引用题目选项的具体现象描述|ai第4轮追问中引用错误现象（如冰块变小）和正确现象（如身上的水变没）的具体描述，并引导学员对比差异推导正确逻辑如'是不是__得是__'|错误选项现象为冰块变小，正确选项现象为游泳后身上的水变没", "case_id": "TC-102", "description": "AI第4轮引导对比时引用题目选项的具体现象描述", "test_module": "AI提问逻辑", "expected_result": "AI第4轮追问中引用错误现象（如冰块变小）和正确现象（如身上的水变没）的具体描述，并引导学员对比差异推导正确逻辑如'是不是__得是__'", "flow_stage": "stage:ai提问逻辑", "flow_stage_label": "AI提问逻辑", "flow_rank": 8, "cross_cutting": [], "scenario_key": "stage:ai提问逻辑:workflow_navigation:obj:提问逻辑_轮引_引导", "is_scenario_duplicate": false, "duplicate_cluster_id": "", "duplicate_cluster_size": 0, "duplicate_of_case_id": "", "misordered_against_requirement_flow": true, "expected_result_quality": "assertable", "expected_result_quality_reason": "contains_concrete_assertion", "expected_result_alignment_warning": false, "truncated_text_detected": false, "case_quality": "valid_case", "invalid_case_reason": "", "invalid_case_signals": [], "model_priority_current": "P0", "model_priority": "P0", "legacy_priority": "P0", "priority_final": "P2", "priority_decision_state": "decided", "priority_decision_source": "conflict_resolved_by_non_blocking_experience_rule", "priority_confidence": "medium", "priority_conflict_reason": "model=P0,suggested=P2", "priority_resolution_reason": "explicit_low_value_or_experience_case", "priority_score": 0, "suggested_priority": "P2", "priority_reasons": ["coverage_gain_non_positive", "low_risk_only_covered_rules_penalty", "no_release_blocking_guard"], "selected_by_review_llm": true, "selected_by_review_must_keep": false, "selected_by_review_constraints": false, "review_constraint_reason": "", "review_llm_drop_reason_raw": "", "review_llm_drop_reason": "", "review_llm_drop_reason_resolved": "", "review_llm_drop_reason_source": "", "review_llm_drop_reason_evidence": {}, "has_positive_evidence": false, "has_coverage_signal": false, "has_high_signal": false, "has_competition_signal": false, "review_llm_filter_applied": false, "must_keep_candidate": false, "must_keep_reasons": [], "selected_by_review_gate": true, "retained_final": true, "dropped_stage": "retained", "dropped_reason": "retained", "rule_keys": [], "bucket": "ai提问逻辑|exception", "adds_rule": false, "adds_bucket": false, "high_signal": true, "has_coverage_value": true, "retained_reason": "retained_due_to_coverage_value", "rerank_rank": 55, "focus_score": 2, "covered_rule_ids": ["RULE-007", "RULE-036"], "missing_rule_hits": [], "core_rule_hits": [], "coverage_gain_score": -8, "reuse_risk_hit": false, "hit_must_cover_rule": false, "violates_forbidden_pattern": false, "hits_soft_constraint": false, "satisfies_quality_hint": false}], "row_count": 15, "row_count_total": 121, "rows_scope": "sampled_due_to_size", "request_id": "bdc834c529b049a0bc1c5c356701d160", "project_id": 8, "multi_pass": true, "generation_mode": "full_functional_regression"}
GEN_DIAG:{"kind": "generation_quality_ledger", "generation_id": 0, "request_id": "bdc834c529b049a0bc1c5c356701d160", "generation_mode": "full_functional_regression", "final_count": 96, "quality_assessment": "low", "initial_quality_score": 43, "quality_score": 43, "quality_score_grade": "critical", "quality_score_source": "backend_diagnostic_v1", "quality_score_basis": "coverage+review+judge+funnel+context+manual_profile", "quality_score_confidence": "high", "quality_score_deductions": [{"key": "coverage_gap", "label": "规则覆盖缺口", "count": 0.1304, "points": 4.56}, {"key": "missing_rules", "label": "未覆盖阻断规则", "count": 6, "points": 30.0}, {"key": "judge_rejected", "label": "判定拒绝", "count": 2, "points": 6.0}, {"key": "judge_pending", "label": "待确认逻辑", "count": 1, "points": 1.5}, {"key": "low_quality_dropped", "label": "低质量用例被过滤", "count": 4, "points": 12.0}, {"key": "semantic_dedup", "label": "语义去重压力", "count": 3, "points": 1.5}, {"key": "manual_priority_distribution_drift", "label": "人工画像优先级分布偏移", "count": 0.085, "points": 1.02}], "quality_score_inputs": {"coverage_rate": 0.8696, "total_rules": 46, "missing_rules_count": 6, "final_count": 96, "candidate_total": 121, "retained_total": 84, "judge_total": 110, "rejected_count": 2, "pending_count": 1, "repairable_count": 0, "raw_repairable_count": 1, "repaired_pass_count": 0, "unrepaired_repairable_count": 1, "fact_profile_forbidden_count": 0, "fact_violation_count": 0, "flow_missing_count": 0, "flow_misordered_count": 0, "scenario_duplicate_cluster_count": 0, "scenario_duplicate_case_count": 0, "low_quality_dropped_count": 4, "semantic_dedup_dropped_count": 0, "semantic_dedup_pressure_count": 13, "semantic_dedup_penalty_count": 3, "structure_metric_scope": "final_cases", "manual_quality_profile_applied": true, "manual_quality_profile_version": "d7ad8a659c760415", "manual_high_priority_ratio_shortfall": 0.0, "manual_display_ratio_excess": 0.0, "manual_priority_distribution_drift": 0.085, "manual_module_distribution_drift": 0.0}, "manual_delivery": {"applied": true, "profile_source": "priority_sample_pool_manual_verified", "profile_version": "d7ad8a659c760415", "profile_trusted_sample_count": 51, "raw_target_high_priority_ratio": 0.9375, "target_high_priority_ratio": 0.6, "high_priority_target_calibrated": true, "high_priority_target_calibration_reason": "full_functional_regression_suite_mix_cap", "final_high_priority_ratio": 0.6042, "high_priority_ratio_shortfall": 0.0, "effective_priority_distribution_target": {"P0": 0.04, "P1": 0.56, "P2": 0.4}, "target_display_ratio_cap": 0.45, "final_display_ratio": 0.1562, "display_ratio_excess": 0.0, "priority_distribution_drift": 0.085, "module_distribution_drift": 0.0}, "stop_reason": ["stopped_due_to_diminishing_returns"], "coverage": {"coverage_rate": 0.8696, "total_rules": 46, "total_extracted_rules": 54, "missing_rules_count": 6, "missing_boundary_count": 0, "missing_exception_count": 0, "non_blocking_rules_count": 8}, "funnel": {"primary_count": 96, "gap_count": 25, "review_count": 109, "candidate_count_before_review": 121, "review_selected_count": 109, "post_review_dedup_drop": 13, "final_description_dedup_drop_count": 0, "total_dedup_drop_count": 13, "low_quality_dropped_count": 4, "low_quality_dropped_examples": [{"stage": "post_judge_quality_filter", "reason": "non_assertable_expected_result", "case_id": "TC-057", "test_module": "督导端-操作按钮状态", "priority": "P2", "description": "已完成讲错题环节时查看按钮正常展示且可点击", "expected_result": "按钮正常展示且可点击，点击后弹出学员讲错题详情窗口"}, {"stage": "post_judge_quality_filter", "reason": "non_assertable_expected_result", "case_id": "TC-063", "test_module": "页面入口与导航", "priority": "P2", "description": "打印按钮点击后弹窗选择打印内容", "expected_result": "弹出打印内容选择弹窗，弹窗中包含可选择的打印内容选项"}, {"stage": "post_judge_quality_filter", "reason": "non_assertable_expected_result", "case_id": "TC-103", "test_module": "课程信息区", "priority": "P2", "description": "点击打印按钮弹出打印内容选择弹窗", "expected_result": "弹出打印内容选择弹窗，用户可选择需要打印的内容进行打印操作"}, {"stage": "post_judge_quality_filter", "reason": "non_assertable_expected_result", "case_id": "TC-104", "test_module": "AI提问逻辑-内容格式约束", "priority": "P2", "description": "AI提问内容不包含公式LaTeX和Markdown格式", "expected_result": "AI所有提问内容中不出现公式符号、LaTeX格式（如$xx$）和Markdown格式（如**加粗**、#标题等），全部使用纯文字描述"}], "semantic_dedup_dropped_count": 0}, "review": {"candidate_total": 121, "retained_total": 84, "drop_by_review_llm_count": 0, "drop_by_review_gate_count": 0, "drop_by_post_review_dedup_count": 25, "drop_final_description_duplicate_count": 0, "flow_missing_stage_count": 0, "flow_misordered_count": 111, "final_flow_missing_stage_count": 0, "final_flow_misordered_count": 0, "scenario_duplicate_cluster_count": 21, "scenario_duplicate_case_count": 52, "final_scenario_duplicate_cluster_count": 0, "final_scenario_duplicate_case_count": 0, "fact_profile_forbidden_count": 0, "fact_profile_pending_count": 0}, "judge": {"total": 110, "rejected_out_count": 2, "pending_out_count": 1, "repairable_count": 0, "raw_repairable_count": 1, "repaired_pass_out_count": 0, "unrepaired_repairable_count": 1, "fact_violation_count": 0, "rejected_total": 2, "reason_clusters": {"semantic_duplicate": 2}, "dominant_reason": "semantic_duplicate"}, "context": {"snapshot_status": "success", "snapshot_used": true, "realtime_rag_used": true, "current_document_used": true, "fusion_mode": "snapshot+rag", "compression_ratio": 0.2839, "retained_chunk_count": 1}, "control": {"control_state_applied": true, "generation_coverage_mode": "full_functional_regression", "must_cover_rules_count": 0, "quality_fix_hints_count": 14}, "case_quality_gate": {"kind": "case_quality_gate", "mode": "shadow", "passed": false, "blocked": false, "failure_reasons": ["quality_score_critical"], "metrics": {"final_count": 96, "min_acceptable_final": 85, "quality_score": 43, "quality_score_grade": "critical", "final_scenario_duplicate_case_count": 0, "final_flow_misordered_count": 0, "judge_rejected_count": 2, "reasoning_leak_count": 0, "role_mismatch_count": 0}}, "project_id": 8, "multi_pass": true}
GEN_DIAG:{"kind": "case_quality_gate", "mode": "shadow", "passed": false, "blocked": false, "failure_reasons": ["quality_score_critical"], "metrics": {"final_count": 96, "min_acceptable_final": 85, "quality_score": 43, "quality_score_grade": "critical", "final_scenario_duplicate_case_count": 0, "final_flow_misordered_count": 0, "judge_rejected_count": 2, "reasoning_leak_count": 0, "role_mismatch_count": 0}, "generation_id": 0, "request_id": "bdc834c529b049a0bc1c5c356701d160", "project_id": 8, "multi_pass": true, "generation_mode": "full_functional_regression"}
GEN_DIAG:{"kind": "coverage_check", "total_rules": 46, "total_extracted_rules": 54, "non_blocking_rules": ["RULE-005", "RULE-014", "RULE-018", "RULE-035", "RULE-037", "RULE-038", "RULE-039", "RULE-040"], "covered_rules": ["RULE-001", "RULE-002", "RULE-003", "RULE-004", "RULE-006", "RULE-007", "RULE-008", "RULE-009", "RULE-010", "RULE-011", "RULE-012", "RULE-013", "RULE-015", "RULE-016", "RULE-017", "RULE-019", "RULE-020", "RULE-021", "RULE-022", "RULE-023", "RULE-024", "RULE-025", "RULE-026", "RULE-027", "RULE-028", "RULE-029", "RULE-031", "RULE-032", "RULE-033", "RULE-036", "RULE-042", "RULE-043", "RULE-044", "RULE-045", "RULE-046", "RULE-047", "RULE-048", "RULE-049", "RULE-051", "RULE-053"], "missing_rules": ["RULE-030", "RULE-034", "RULE-041", "RULE-050", "RULE-052", "RULE-054"], "rule_diagnostics": [{"rule_id": "RULE-001", "rule_text": "ii.“返回” 按钮用于返回上一级", "biz_key": "unknown", "rule_level": "hard", "confidence": "high", "source_type": "confirmed_requirement", "blocking": true, "non_blocking_reason": "", "covered": true, "coverage_types": ["exception", "happy"], "missing_types": []}, {"rule_id": "RULE-002", "rule_text": "iv.“切换课程” 按钮", "biz_key": "unknown", "rule_level": "hard", "confidence": "high", "source_type": "confirmed_requirement", "blocking": true, "non_blocking_reason": "", "covered": true, "coverage_types": ["boundary", "exception", "happy", "risk"], "missing_types": []}, {"rule_id": "RULE-003", "rule_text": "能’‘’‘’‘让学员切换到", "biz_key": "unknown", "rule_level": "hard", "confidence": "high", "source_type": "confirmed_requirement", "blocking": true, "non_blocking_reason": "", "covered": true, "coverage_types": ["happy"], "missing_types": []}, {"rule_id": "RULE-004", "rule_text": "展示区。以对话框样式展示 AI 提出", "biz_key": "unknown", "rule_level": "hard", "confidence": "high", "source_type": "confirmed_requirement", "blocking": true, "non_blocking_reason": "", "covered": true, "coverage_types": ["exception", "happy", "risk"], "missing_types": []}, {"rule_id": "RULE-005", "rule_text": "界面展示", "biz_key": "unknown", "rule_level": "soft", "confidence": "low", "source_type": "short_fragment", "blocking": false, "non_blocking_reason": "short_fragment", "covered": true, "coverage_types": ["happy"], "missing_types": []}, {"rule_id": "RULE-006", "rule_text": "3.重复进入:保留对话内容,未完成可以", "biz_key": "unknown", "rule_level": "hard", "confidence": "high", "source_type": "confirmed_requirement", "blocking": true, "non_blocking_reason": "", "covered": true, "coverage_types": ["boundary", "exception", "happy", "risk"], "missing_types": []}, {"rule_id": "RULE-007", "rule_text": "识错题” 页面,AI 自动展示一道问", "biz_key": "unknown", "rule_level": "hard", "confidence": "high", "source_type": "confirmed_requirement", "blocking": true, "non_blocking_reason": "", "covered": true, "coverage_types": ["boundary", "exception", "happy"], "missing_types": []}, {"rule_id": "RULE-008", "rule_text": "内容下方以新的对话框形式展示追", "biz_key": "unknown", "rule_level": "hard", "confidence": "high", "source_type": "confirmed_requirement", "blocking": true, "non_blocking_reason": "", "covered": true, "coverage_types": ["boundary", "exception", "happy", "risk"], "missing_types": []}, {"rule_id": "RULE-009", "rule_text": "去日清,点击后进入日清页面;", "biz_key": "unknown", "rule_level": "hard", "confidence": "high", "source_type": "confirmed_requirement", "blocking": true, "non_blocking_reason": "", "covered": true, "coverage_types": ["boundary", "exception", "happy", "risk"], "missing_types": []}, {"rule_id": "RULE-010", "rule_text": "按钮提示:联系督导,点击之后督", "biz_key": "unknown", "rule_level": "hard", "confidence": "high", "source_type": "confirmed_requirement", "blocking": true, "non_blocking_reason": "", "covered": true, "coverage_types": ["exception", "happy", "risk"], "missing_types": []}, {"rule_id": "RULE-011", "rule_text": "a.顶部信息栏:页面顶部显示机构名", "biz_key": "unknown", "rule_level": "hard", "confidence": "high", "source_type": "confirmed_requirement", "blocking": true, "non_blocking_reason": "", "covered": true, "coverage_types": ["happy"], "missing_types": []}, {"rule_id": "RULE-012", "rule_text": "b.学员信息列表:以表格形式展示学", "biz_key": "unknown", "rule_level": "hard", "confidence": "high", "source_type": "confirmed_requirement", "blocking": true, "non_blocking_reason": "", "covered": true, "coverage_types": ["boundary", "exception", "happy", "risk"], "missing_types": []}, {"rule_id": "RULE-013", "rule_text": "i. 学员姓名:显示学员真实姓", "biz_key": "unknown", "rule_level": "hard", "confidence": "high", "source_type": "confirmed_requirement", "blocking": true, "non_blocking_reason": "", "covered": true, "coverage_types": ["happy"], "missing_types": []}, {"rule_id": "RULE-014", "rule_text": "就不展示;", "biz_key": "unknown", "rule_level": "soft", "confidence": "low", "source_type": "short_fragment", "blocking": false, "non_blocking_reason": "short_fragment", "covered": false, "coverage_types": [], "missing_types": []}, {"rule_id": "RULE-015", "rule_text": "员点击了完成(包括对答案", "biz_key": "unknown", "rule_level": "hard", "confidence": "high", "source_type": "confirmed_requirement", "blocking": true, "non_blocking_reason": "", "covered": true, "coverage_types": ["exception", "happy", "risk"], "missing_types": []}, {"rule_id": "RULE-016", "rule_text": "v.近期学习计划:展示学员接下", "biz_key": "unknown", "rule_level": "hard", "confidence": "high", "source_type": "confirmed_requirement", "blocking": true, "non_blocking_reason": "", "covered": true, "coverage_types": ["boundary", "exception", "happy", "risk"], "missing_types": []}, {"rule_id": "RULE-017", "rule_text": "该教材的最后课程,则不展示", "biz_key": "unknown", "rule_level": "hard", "confidence": "high", "source_type": "confirmed_requirement", "blocking": true, "non_blocking_reason": "", "covered": true, "coverage_types": ["happy"], "missing_types": []}, {"rule_id": "RULE-018", "rule_text": "材,也不展示;", "biz_key": "unknown", "rule_level": "soft", "confidence": "low", "source_type": "short_fragment", "blocking": false, "non_blocking_reason": "short_fragment", "covered": false, "coverage_types": [], "missing_types": []}, {"rule_id": "RULE-019", "rule_text": "vi.督导:显示负责该学员的督导", "biz_key": "unknown", "rule_level": "hard", "confidence": "high", "source_type": "confirmed_requirement", "blocking": true, "non_blocking_reason": "", "covered": true, "coverage_types": ["boundary", "exception", "happy"], "missing_types": []}, {"rule_id": "RULE-020", "rule_text": "1.查看讲错题讲知识点:点击", "biz_key": "unknown", "rule_level": "hard", "confidence": "high", "source_type": "confirmed_requirement", "blocking": true, "non_blocking_reason": "", "covered": true, "coverage_types": ["boundary", "exception", "happy", "risk"], "missing_types": []}, {"rule_id": "RULE-021", "rule_text": "弹窗展示当节课详情,其他", "biz_key": "unknown", "rule_level": "hard", "confidence": "high", "source_type": "confirmed_requirement", "blocking": true, "non_blocking_reason": "", "covered": true, "coverage_types": ["happy"], "missing_types": []}, {"rule_id": "RULE-022", "rule_text": "页面以模态框形式展示学员讲错题", "biz_key": "unknown", "rule_level": "hard", "confidence": "high", "source_type": "confirmed_requirement", "blocking": true, "non_blocking_reason": "", "covered": true, "coverage_types": ["boundary", "exception", "happy", "risk"], "missing_types": []}, {"rule_id": "RULE-023", "rule_text": "1.弹出窗口:当督导点击 “查看讲错题讲", "biz_key": "unknown", "rule_level": "hard", "confidence": "high", "source_type": "confirmed_requirement", "blocking": true, "non_blocking_reason": "", "covered": true, "coverage_types": ["boundary", "exception", "happy", "risk"], "missing_types": []}, {"rule_id": "RULE-024", "rule_text": "通过,显示文字 “学生知识点讲错题通", "biz_key": "unknown", "rule_level": "hard", "confidence": "high", "source_type": "confirmed_requirement", "blocking": true, "non_blocking_reason": "", "covered": true, "coverage_types": ["boundary", "exception", "happy", "risk"], "missing_types": []}, {"rule_id": "RULE-025", "rule_text": "显示文字 “学生知识点讲错题未通", "biz_key": "unknown", "rule_level": "hard", "confidence": "high", "source_type": "confirmed_requirement", "blocking": true, "non_blocking_reason": "", "covered": true, "coverage_types": ["boundary", "exception", "happy", "risk"], "missing_types": []}, {"rule_id": "RULE-026", "rule_text": "a.展示章节:就是最近一节课的", "biz_key": "unknown", "rule_level": "hard", "confidence": "high", "source_type": "confirmed_requirement", "blocking": true, "non_blocking_reason": "", "covered": true, "coverage_types": ["happy"], "missing_types": []}, {"rule_id": "RULE-027", "rule_text": "什么情况下展示这个按钮", "biz_key": "unknown", "rule_level": "hard", "confidence": "high", "source_type": "confirmed_requirement", "blocking": true, "non_blocking_reason": "", "covered": true, "coverage_types": ["boundary", "exception", "happy", "risk"], "missing_types": []}, {"rule_id": "RULE-028", "rule_text": "AI给最终得分了,就展示", "biz_key": "unknown", "rule_level": "hard", "confidence": "high", "source_type": "confirmed_requirement", "blocking": true, "non_blocking_reason": "", "covered": true, "coverage_types": ["happy"], "missing_types": []}, {"rule_id": "RULE-029", "rule_text": "场景)中,点击该按钮。", "biz_key": "unknown", "rule_level": "hard", "confidence": "high", "source_type": "confirmed_requirement", "blocking": true, "non_blocking_reason": "", "covered": true, "coverage_types": ["exception", "happy", "risk"], "missing_types": []}, {"rule_id": "RULE-030", "rule_text": "2.跳转逻辑:点击后,停留在当前页面。学", "biz_key": "unknown", "rule_level": "hard", "confidence": "high", "source_type": "confirmed_requirement", "blocking": true, "non_blocking_reason": "", "covered": false, "coverage_types": [], "missing_types": ["happy"]}, {"rule_id": "RULE-031", "rule_text": "点击该按钮。", "biz_key": "unknown", "rule_level": "hard", "confidence": "high", "source_type": "confirmed_requirement", "blocking": true, "non_blocking_reason": "", "covered": true, "coverage_types": ["exception", "happy", "risk"], "missing_types": []}, {"rule_id": "RULE-032", "rule_text": "2.跳转逻辑:点击后,直接跳转至本次随堂", "biz_key": "unknown", "rule_level": "hard", "confidence": "high", "source_type": "confirmed_requirement", "blocking": true, "non_blocking_reason": "", "covered": true, "coverage_types": ["exception", "happy", "risk"], "missing_types": []}, {"rule_id": "RULE-033", "rule_text": "2.跳转逻辑:点击后,跳转至讲讲题页面。", "biz_key": "unknown", "rule_level": "hard", "confidence": "high", "source_type": "confirmed_requirement", "blocking": true, "non_blocking_reason": "", "covered": true, "coverage_types": ["exception", "happy", "risk"], "missing_types": []}, {"rule_id": "RULE-034", "rule_text": "式调整一下,", "biz_key": "unknown", "rule_level": "hard", "confidence": "high", "source_type": "confirmed_requirement", "blocking": true, "non_blocking_reason": "", "covered": false, "coverage_types": [], "missing_types": ["happy"]}, {"rule_id": "RULE-035", "rule_text": "开发适配点:", "biz_key": "unknown", "rule_level": "soft", "confidence": "low", "source_type": "label_fragment", "blocking": false, "non_blocking_reason": "label_fragment", "covered": false, "coverage_types": [], "missing_types": []}, {"rule_id": "RULE-036", "rule_text": "a.需支持 “错误选项”“正确选项”", "biz_key": "unknown", "rule_level": "hard", "confidence": "high", "source_type": "confirmed_requirement", "blocking": true, "non_blocking_reason": "", "covered": true, "coverage_types": ["exception", "happy"], "missing_types": []}, {"rule_id": "RULE-037", "rule_text": "开发适配点:", "biz_key": "unknown", "rule_level": "soft", "confidence": "low", "source_type": "label_fragment", "blocking": false, "non_blocking_reason": "label_fragment", "covered": false, "coverage_types": [], "missing_types": []}, {"rule_id": "RULE-038", "rule_text": "开发适配点:", "biz_key": "unknown", "rule_level": "soft", "confidence": "low", "source_type": "label_fragment", "blocking": false, "non_blocking_reason": "label_fragment", "covered": false, "coverage_types": [], "missing_types": []}, {"rule_id": "RULE-039", "rule_text": "开发适配点:", "biz_key": "unknown", "rule_level": "soft", "confidence": "low", "source_type": "label_fragment", "blocking": false, "non_blocking_reason": "label_fragment", "covered": false, "coverage_types": [], "missing_types": []}, {"rule_id": "RULE-040", "rule_text": "开发适配点:", "biz_key": "unknown", "rule_level": "soft", "confidence": "low", "source_type": "label_fragment", "blocking": false, "non_blocking_reason": "label_fragment", "covered": false, "coverage_types": [], "missing_types": []}, {"rule_id": "RULE-041", "rule_text": "能”(如显示 “满分”),并输出", "biz_key": "unknown", "rule_level": "hard", "confidence": "high", "source_type": "confirmed_requirement", "blocking": true, "non_blocking_reason": "", "covered": false, "coverage_types": [], "missing_types": ["happy"]}, {"rule_id": "RULE-042", "rule_text": "误,返回阶段 4 重新梳理,不触发打", "biz_key": "unknown", "rule_level": "hard", "confidence": "high", "source_type": "confirmed_requirement", "blocking": true, "non_blocking_reason": "", "covered": true, "coverage_types": ["exception", "happy"], "missing_types": []}, {"rule_id": "RULE-043", "rule_text": "◦ 界面底部有 **“点击对话”** ⻨克", "biz_key": "unknown", "rule_level": "hard", "confidence": "high", "source_type": "confirmed_requirement", "blocking": true, "non_blocking_reason": "", "covered": true, "coverage_types": ["happy"], "missing_types": []}, {"rule_id": "RULE-044", "rule_text": "戶参与互动;用戶点击 “好的,接受挑", "biz_key": "unknown", "rule_level": "hard", "confidence": "high", "source_type": "confirmed_requirement", "blocking": true, "non_blocking_reason": "", "covered": true, "coverage_types": ["happy"], "missing_types": []}, {"rule_id": "RULE-045", "rule_text": "题提问、用戶逐步讲解);用戶点击", "biz_key": "unknown", "rule_level": "hard", "confidence": "high", "source_type": "confirmed_requirement", "blocking": true, "non_blocking_reason": "", "covered": true, "coverage_types": ["happy"], "missing_types": []}, {"rule_id": "RULE-046", "rule_text": "◦ 弹出对话框,内容为:“你点击对话", "biz_key": "unknown", "rule_level": "hard", "confidence": "high", "source_type": "confirmed_requirement", "blocking": true, "non_blocking_reason": "", "covered": true, "coverage_types": ["exception", "happy", "risk"], "missing_types": []}, {"rule_id": "RULE-047", "rule_text": "击 “点击对话” 后表达思路);用戶点", "biz_key": "unknown", "rule_level": "hard", "confidence": "high", "source_type": "confirmed_requirement", "blocking": true, "non_blocking_reason": "", "covered": true, "coverage_types": ["happy"], "missing_types": []}, {"rule_id": "RULE-048", "rule_text": "点击 “完成”;如果还有补充的思", "biz_key": "unknown", "rule_level": "hard", "confidence": "high", "source_type": "confirmed_requirement", "blocking": true, "non_blocking_reason": "", "covered": true, "coverage_types": ["happy", "risk"], "missing_types": []}, {"rule_id": "RULE-049", "rule_text": "路或细节,点击 “继续录音” 就能", "biz_key": "unknown", "rule_level": "hard", "confidence": "high", "source_type": "confirmed_requirement", "blocking": true, "non_blocking_reason": "", "covered": true, "coverage_types": ["happy"], "missing_types": []}, {"rule_id": "RULE-050", "rule_text": "选择(收尾 / 补充讲解);用戶点击", "biz_key": "unknown", "rule_level": "hard", "confidence": "high", "source_type": "confirmed_requirement", "blocking": true, "non_blocking_reason": "", "covered": false, "coverage_types": [], "missing_types": ["happy"]}, {"rule_id": "RULE-051", "rule_text": "节,可通过 “点击对话” 开始表达,并", "biz_key": "unknown", "rule_level": "hard", "confidence": "high", "source_type": "confirmed_requirement", "blocking": true, "non_blocking_reason": "", "covered": true, "coverage_types": ["happy"], "missing_types": []}, {"rule_id": "RULE-052", "rule_text": "2.新增了高中数理化之后,需要各科老师,评估数理化英语各科目的效果之后,决定是", "biz_key": "unknown", "rule_level": "hard", "confidence": "high", "source_type": "confirmed_requirement", "blocking": true, "non_blocking_reason": "", "covered": false, "coverage_types": [], "missing_types": ["happy"]}, {"rule_id": "RULE-053", "rule_text": "◦ 【新增】纠错有效性 (扣分项):若学生在后续提问中因教师解释不清而再次出现", "biz_key": "unknown", "rule_level": "hard", "confidence": "high", "source_type": "confirmed_requirement", "blocking": true, "non_blocking_reason": "", "covered": true, "coverage_types": ["exception", "happy"], "missing_types": []}, {"rule_id": "RULE-054", "rule_text": "用得超棒〜 保持这份严谨,成绩一定稳步攀升!", "biz_key": "unknown", "rule_level": "hard", "confidence": "high", "source_type": "confirmed_requirement", "blocking": true, "non_blocking_reason": "", "covered": false, "coverage_types": [], "missing_types": ["happy"]}], "coverage_rate": 0.8696, "missing_types": {"boundary": [], "exception": []}, "request_id": "bdc834c529b049a0bc1c5c356701d160", "project_id": 8, "multi_pass": true, "generation_mode": "full_functional_regression"}

@@STATUS@@:生成结果未通过落库门禁: persistable_reasoning_leakage_count=6
Error: LOW_QUALITY_GENERATED_CASES: persistable_reasoning_leakage_count=6
{"event": "finish", "stream_generation_id": 0, "latest_generation_id": 473, "new_generation_created": false, "result_len": 86662, "requirement_len": 13634}
