Successfully connected to MySQL database: ai_test_platform
Redis connection failed, fallback to local L1 only: Timeout connecting to server
Local L1 cache backend: memory
{"event": "start", "doc_id": 230, "filename": "讲错题接入AI.pdf", "content_len": 11258, "before_latest_generation_id": 474, "expected_count": 100}
snapshot readiness gate: enabled=False before=success after=success poll=0 elapsed_ms=0 result=gate_disabled_proceed queue=none/none
@@CONTEXT_DEBUG@@:{"snapshot_status": "success", "snapshot_ready": true, "snapshot_used": true, "snapshot_fallback_reason": "", "realtime_rag_used": true, "current_document_used": true, "snapshot_rebuild_triggered": false, "snapshot_rebuild_reason": "none"}
@@STATUS@@:snapshot gate result: gate_disabled_proceed (poll=0, elapsed_ms=0)
@@STATUS@@:preparing project snapshot context...
@@STATUS@@:snapshot ready and reusable -> using snapshot (reason=snapshot_success_and_hash_matched)
@@STATUS@@:precision retrieval enabled (explicit_precision_mode,generation_default_precision)
@@STATUS@@:hybrid fusion done: mode=snapshot+rag rag_chunks=1 tokens~2314
@@STATUS@@:[multi-pass] 阶段1/3 主生成开始...
@@STATUS@@:正在进行需求元分析 (Meta-Analysis)，识别系统类型与测试策略...
@@STATUS@@:分析完成 - 系统类型: Tablet + Web, 复杂度: High, 策略: {"functional": 0.65, "regression": 0.15, "non_functional": 0.2}...
@@STATUS@@:正在生成第 1/4 批次 (25 条) - 第 1 次尝试...
```
json

[
 
 {
   
 "
id
":
 "
TC
-
001
",
   
 "
description
":
 "
验证
学员
进入
第五
步
讲
知识
错
题
页面
时
，
AI
是否
自动
展示
一道
问题
",
   
 "
test
_module
":
 "
AI
提问
交互
流程
",
   
 "
pre
conditions
":
 [
     
 "
学员
已
登录
",
     
 "
学员
当前
课程
有
错
题
记录
",
     
 "
学员
进入
第五
步
讲
知识
错
题
页面
"
   
 ],
   
 "
steps
":
 [
     
 "
学员
从
第四
步
随
堂
测
完成
并
进入
第五
步
",
     
 "
观察
页面
加载
后的
初始
状态
"
   
 ],
   
 "
test
_input
":
 "
正常
进入
页面
",
   
 "
expected
_result
":
 "
页面
加载
完成后
，
AI
自动
在
对话框
中
展示
一道
从
错
题
库
抽取
的问题
，
无需
学员
手动
触发
",
   
 "
priority
":
 "
P
1
"
 
 },
 
 {
   
 "
id
":
 "
TC
-
002
",
   
 "
description
":
 "
验证
学员
点击
'
返回
'
按钮
的
跳
转
逻辑
",
   
 "
test
_module
":
 "
入口
与
导航
",
   
 "
pre
conditions
":
 [
     
 "
学员
在
第五
步
讲
知识
错
题
页面
",
     
 "
从
第四
步
随
堂
测
页面
进入
"
   
 ],
   
 "
steps
":
 [
     
 "
点击
页面
左
上
角
'
返回
'
按钮
",
     
 "
观察
页面
跳
转
目标
"
   
 ],
   
 "
test
_input
":
 "
点击
'
返回
'
按钮
",
   
 "
expected
_result
":
 "
页面
返回
至
上一
级
页面
（
即
第四
步
随
堂
测
页面
），
符合
'
从
哪
来回
哪
去
'
的逻辑
",
   
 "
priority
":
 "
P
1
"
 
 },
 
 {
   
 "
id
":
 "
TC
-
00
3
",
   
 "
description
":
 "
验证
学员
点击
'
切换
课程
'
按钮
的功能
",
   
 "
test
_module
":
 "
入口
与
导航
",
   
 "
pre
conditions
":
 [
     
 "
学员
在
第五
步
讲
知识
错
题
页面
",
     
 "
学员
有
其他
可选
课程
"
   
 ],
   
 "
steps
":
 [
     
 "
点击
'
切换
课程
'
按钮
",
     
 "
在
弹
出的
课程
列表
中选择
另一
门
课程
",
     
 "
观察
页面
变化
"
   
 ],
   
 "
test
_input
":
 "
切换
至
数学
课程
",
   
 "
expected
_result
":
 "
页面
成功
跳
转
至
所选
数学
课程
的学习
页面
，
课程
信息
区
标题
更新
为
数学
课程
名称
",
   
 "
priority
":
 "
P
2
"
 
 },
 
 {
   
 "
id
":
 "
TC
-
00
4
",
   
 "
description
":
 "
验证
AI
提问
题目
来源
优先
抽取
错
题
的逻辑
",
   
 "
test
_module
":
 "
AI
提问
逻辑
",
   
 "
pre
conditions
":
 [
     
 "
学员
本
讲
有
3
道
错
题
",
     
 "
学员
本
讲
有
2
道
答
对的
题
"
   
 ],
   
 "
steps
":
 [
     
 "
学员
进入
第五
步
讲
知识
错
题
页面
",
     
 "
观察
AI
首次
提问
的
题目
来源
"
   
 ],
   
 "
test
_input
":
 "
本
讲
错
题
数
大于
1
",
   
 "
expected
_result
":
 "
AI
提问
的
题目
从
本
讲
错
题
中
抽取
，
不
抽取
答
对的
题目
",
   
 "
priority
":
 "
P
1
"
 
 },
 
 {
   
 "
id
":
 "
TC
-
00
5
",
   
 "
description
":
 "
验证
AI
提问
题目
来源
在
错
题
不够
时
抽取
答
对
题
目的
逻辑
",
   
 "
test
_module
":
 "
AI
提问
逻辑
",
   
 "
pre
conditions
":
 [
     
 "
学员
本
讲
只有
1
道
错
题
",
     
 "
学员
本
讲
有
2
道
答
对的
题
"
   
 ],
   
 "
steps
":
 [
     
 "
学员
进入
第五
步
讲
知识
错
题
页面
",
     
 "
观察
AI
提问
的
题目
组合
"
   
 ],
   
 "
test
_input
":
 "
本
讲
错
题
数为
1
",
   
 "
expected
_result
":
 "
AI
提问
包含
1
道
错
题
和
1
道
答
对的
题目
，
凑
够
1
-
2
道
题目
进行
提问
",
   
 "
priority
":
 "
P
1
"
 
 },
 
 {
   
 "
id
":
 "
TC
-
00
6
",
   
 "
description
":
 "
验证
学员
一道
题
都没
做
时
AI
的
提示
逻辑
",
   
 "
test
_module
":
 "
AI
提问
逻辑
",
   
 "
pre
conditions
":
 [
     
 "
学员
本
讲
未
做
任何
题目
"
   
 ],
   
 "
steps
":
 [
     
 "
学员
进入
第五
步
讲
知识
错
题
页面
",
     
 "
观察
页面
提示
信息
"
   
 ],
   
 "
test
_input
":
 "
本
讲
做题
数为
0
",
   
 "
expected
_result
":
 "
页面
给出
淡
白色
文案
提示
：
'
当前
您
还没有
做过
题
，
快
去做
题
来
检测
一下
自己的
知识
掌握
程度
吧
'",
   
 "
priority
":
 "
P
1
"
 
 },
 
 {
   
 "
id
":
 "
TC
-
007
",
   
 "
description
":
 "
验证
学员
做了
全
对
时
AI
的
提问
逻辑
",
   
 "
test
_module
":
 "
AI
提问
逻辑
",
   
 "
pre
conditions
":
 [
     
 "
学员
本
讲
所有
题目
均
答
对
"
   
 ],
   
 "
steps
":
 [
     
 "
学员
进入
第五
步
讲
知识
错
题
页面
",
     
 "
观察
AI
提问
的
题目
来源
"
   
 ],
   
 "
test
_input
":
 "
本
讲
全
对
",
   
 "
expected
_result
":
 "
AI
随机
抽取
任意
两
道
答
对的
题目
进行
追问
",
   
 "
priority
":
 "
P
1
"
 
 },
 
 {
   
 "
id
":
 "
TC
-
00
8
",
   
 "
description
":
 "
验证
学员
通过
语音
录制
回答
AI
问题的
完整
交互
流程
",
   
 "
test
_module
":
 "
AI
提问
交互
流程
",
   
 "
pre
conditions
":
 [
     
 "
AI
已
展示
一道
问题
",
     
 "
设备
麦克风
权限
已
开启
"
   
 ],
   
 "
steps
":
 [
     
 "
点击
'
点击
对话
'
按钮
",
     
 "
开始
语音
录制
回答
内容
",
     
 "
点击
'
完成
'
提交
录音
",
     
 "
观察
页面
反馈
"
   
 ],
   
 "
test
_input
":
 "
语音
输入
：
'
这道
题
我
选
A
是因为
...
'",
   
 "
expected
_result
":
 "
语音
成功
转为
文字
并发
送
，
页面
在
原
反馈
内容
下方
以
新的
对话框
形式
展示
AI
的
追问
问题
",
   
 "
priority
":
 "
P
1
"
 
 },
 
 {
   
 "
id
":
 "
TC
-
00
9
",
   
 "
description
":
 "
验证
AI
追问
交互
中
'
继续
录音
'
按钮
的功能
",
   
 "
test
_module
":
 "
AI
提问
交互
流程
",
   
 "
pre
conditions
":
 [
     
 "
学员
已
提交
一次
语音
回答
",
     
 "
AI
已
展示
追问
问题
"
   
 ],
   
 "
steps
":
 [
     
 "
点击
'
点击
对话
'
按钮
开始
录音
",
     
 "
暂停
或
录制
一段
后
点击
'
继续
录音
'",
     
 "
继续
录制
补充
内容
",
     
 "
点击
'
完成
'
提交
"
   
 ],
   
 "
test
_input
":
 "
分段
录制
语音
内容
",
   
 "
expected
_result
":
 "
系
统能
将
多
段
录音
内容
整合
转换
为一
整
段
文字
内容
并发
送给
AI
",
   
 "
priority
":
 "
P
2
"
 
 },
 
 {
   
 "
id
":
 "
TC
-
010
",
   
 "
description
":
 "
验证
综合
评分
达到
8
分
及
以上的
结果
展示
与
跳
转
",
   
 "
test
_module
":
 "
评分
与
结果
反馈
",
   
 "
pre
conditions
":
 [
     
 "
学员
完成
所有
追问
交互
",
     
 "
AI
计算
综合
评分
>=
8
.
0
分
"
   
 ],
   
 "
steps
":
 [
     
 "
学员
提交
最后一
轮
回答
",
     
 "
观察
页面
弹
窗
提示
",
     
 "
等待
5
秒
或
点击
'
去
日
清
'
按钮
"
   
 ],
   
 "
test
_input
":
 "
综合
评分
9
.
5
分
",
   
 "
expected
_result
":
 "
页面
提示
'
太
棒
啦
，
您
对
知识
点的
理解
非常
棒
'
，
自动
停留
5
秒
后
显示
'
去
日
清
'
按钮
，
点击
后
进入
日
清
页面
",
   
 "
priority
":
 "
P
1
"
 
 },
 
 {
   
 "
id
":
 "
TC
-
0
11
",
   
 "
description
":
 "
验证
综合
评分
在
8
分
以下
的结果
展示
与
按钮
逻辑
",
   
 "
test
_module
":
 "
评分
与
结果
反馈
",
   
 "
pre
conditions
":
 [
     
 "
学员
完成
所有
追问
交互
",
     
 "
AI
计算
综合
评分
<
8
.
0
分
"
   
 ],
   
 "
steps
":
 [
     
 "
学员
提交
最后一
轮
回答
",
     
 "
观察
页面
弹
窗
提示
及
按钮
",
     
 "
点击
'
联系
督导
'
按钮
",
     
 "
点击
'
去
日
清
'
按钮
"
   
 ],
   
 "
test
_input
":
 "
综合
评分
5
.
0
分
",
   
 "
expected
_result
":
 "
页面
提示
'
太
遗憾
了
，
您
对
知识点
理解
还需要
加深
，
快
去
联系
督导
老师
吧
'
，
突出
显示
'
联系
督导
'
按钮
且
督导
端
收到
消息
提示
；
'
去
日
清
'
按钮
可
正常
点击
进入
日
清
页面
",
   
 "
priority
":
 "
P
1
"
 
 },
 
 {
   
 "
id
":
 "
TC
-
0
12
",
   
 "
description
":
 "
验证
学员
重复
进入
未
完成的
讲
错
题
环节
时
对话
内容的
保留
",
   
 "
test
_module
":
 "
状态
流转
一致性
",
   
 "
pre
conditions
":
 [
     
 "
学员
在
讲
错
题
环节
中途
退出
",
     
 "
对话
未
完成
且
未
打
分
"
   
 ],
   
 "
steps
":
 [
     
 "
学员
重新
进入
第五
步
讲
知识
错
题
页面
",
     
 "
观察
历史
对话
记录
和
状态
"
   
 ],
   
 "
test
_input
":
 "
中途
退出
后
重新
进入
",
   
 "
expected
_result
":
 "
页面
保留
之前的
所有
对话
内容
，
学员
可以
继续
进行
后续
的
录音
回答
交互
",
   
 "
priority
":
 "
P
1
"
 
 },
 
 {
   
 "
id
":
 "
TC
-
0
13
",
   
 "
description
":
 "
验证
学员
重复
进入
已
完成的
讲
错
题
环节
时
不可
重复
打
分
",
   
 "
test
_module
":
 "
状态
流转
一致性
",
   
 "
pre
conditions
":
 [
     
 "
学员
已完成
讲
错
题
交互
并获得
AI
最终
评分
"
   
 ],
   
 "
steps
":
 [
     
 "
学员
再次
进入
第五
步
讲
知识
错
题
页面
",
     
 "
尝试
重新
录音
或
提交
回答
"
   
 ],
   
 "
test
_input
":
 "
已
完成后
重新
进入
",
   
 "
expected
_result
":
 "
页面
展示
历史
对话
和
最终
评分
结果
，
'
点击
对话
'
等
交互
按钮
不可
操作
，
无法
重新
进行
打
分
流程
",
   
 "
priority
":
 "
P
1
"
 
 },
 
 {
   
 "
id
":
 "
TC
-
0
14
",
   
 "
description
":
 "
验证
回答
字
数
不足
50
字
时的
扣
分
逻辑
",
   
 "
test
_module
":
 "
评分
逻辑
边界
",
   
 "
pre
conditions
":
 [
     
 "
学员
正在进行
讲
错
题
交互
"
   
 ],
   
 "
steps
":
 [
     
 "
学员
录入
少于
50
字的
回答
",
     
 "
提交
回答
并
等待
AI
评分
"
   
 ],
   
 "
test
_input
":
 "
回答
内容
为
'
选
A
'
（
少于
50
字
）
",
   
 "
expected
_result
":
 "
AI
评分
时
，
完整
性和
清晰
度
维度
直接
扣
50
%
分数
，
最终
得分
显著
降低
",
   
 "
priority
":
 "
P
1
"
 
 },
 
 {
   
 "
id
":
 "
TC
-
0
15
",
   
 "
description
":
 "
验证
回答
答
非
所
问
时的
扣
分
逻辑
",
   
 "
test
_module
":
 "
评分
逻辑
边界
",
   
 "
pre
conditions
":
 [
     
 "
学员
正在进行
讲
错
题
交互
"
   
 ],
   
 "
steps
":
 [
     
 "
学员
录入
与
问题
无关
的内容
",
     
 "
提交
回答
并
等待
AI
评分
"
   
 ],
   
 "
test
_input
":
 "
回答
内容
为
'
今天
天气
真好
'",
   
 "
expected
_result
":
 "
AI
评分
时
，
准确性
维度
直接
计
0
分
，
最终
得分
显著
降低
",
   
 "
priority
":
 "
P
1
"
 
 },
 
 {
   
 "
id
":
 "
TC
-
0
16
",
   
 "
description
":
 "
验证
督导
端
收到
学员
讲
错
题
通过
/
未
通过的
提醒
",
   
 "
test
_module
":
 "
督导
端
跨
模块
联动
",
   
 "
pre
conditions
":
 [
     
 "
学员
完成
讲
错
题
交互
并
生成
最终
评分
"
   
 ],
   
 "
steps
":
 [
     
 "
学员
端
完成
交互
",
     
 "
督导
端
查看
通知
消息
"
   
 ],
   
 "
test
_input
":
 "
学员
评分
结果
：
8
.
5
分
（
通过
）
",
   
 "
expected
_result
":
 "
督导
端
收到
讲
错
题
通过的
提醒
消息
；
若
学员
评
分为
5
分
，
则
督导
端
收到
未
通过
提醒
",
   
 "
priority
":
 "
P
1
"
 
 },
 
 {
   
 "
id
":
 "
TC
-
0
17
",
   
 "
description
":
 "
验证
督导
端
学员
列表
中
'
查看
讲
错
题
讲
知识点
'
按钮
在
未
完成
时的
置
灰
状态
",
   
 "
test
_module
":
 "
督导
端
状态
矩阵
",
   
 "
pre
conditions
":
 [
     
 "
学员
正在进行
讲
错
题
交互
但
未
完成
AI
最终
打
分
"
   
 ],
   
 "
steps
":
 [
     
 "
督导
端
进入
学员
列表
页
",
     
 "
找到
该
学员
的操作
列
",
     
 "
观察
'
查看
讲
错
题
讲
知识点
'
按钮
状态
"
   
 ],
   
 "
test
_input
":
 "
学员
状态
：
未
完成
",
   
 "
expected
_result
":
 "'
查看
讲
错
题
讲
知识点
'
按钮
显示
为
置
灰
不可
点击
状态
",
   
 "
priority
":
 "
P
1
"
 
 },
 
 {
   
 "
id
":
 "
TC
-
0
18
",
   
 "
description
":
 "
验证
督导
端
学员
列表
中
'
查看
讲
错
题
讲
知识点
'
按钮
在没有
讲
错
题
环节
时的
隐藏
逻辑
",
   
 "
test
_module
":
 "
督导
端
状态
矩阵
",
   
 "
pre
conditions
":
 [
     
 "
学员
该
课程
没有
讲
错
题
环节
（
如
全
对
且
无
追问
）
"
   
 ],
   
 "
steps
":
 [
     
 "
督导
端
进入
学员
列表
页
",
     
 "
找到
该
学员
的操作
列
",
     
 "
观察
按钮
展示
情况
"
   
 ],
   
 "
test
_input
":
 "
学员
无
讲
错
题
环节
",
   
 "
expected
_result
":
 "
操作
列
中
不
展示
'
查看
讲
错
题
讲
知识点
'
按钮
",
   
 "
priority
":
 "
P
1
"
 
 },
 
 {
   
 "
id
":
 "
TC
-
0
19
",
   
 "
description
":
 "
验证
督导
点击
'
查看
讲
错
题
讲
知识点
'
按钮
查看
详情
的
展示
内容
",
   
 "
test
_module
":
 "
督导
端
核心
流程
",
   
 "
pre
conditions
":
 [
     
 "
学员
已完成
讲
错
题
交互
并获得
评分
"
   
 ],
   
 "
steps
":
 [
     
 "
督导
点击
'
查看
讲
错
题
讲
知识点
'
按钮
",
     
 "
观察
弹出
窗口
内容
"
   
 ],
   
 "
test
_input
":
 "
点击
查看
按钮
",
   
 "
expected
_result
":
 "
弹
窗
展示
章节
信息
、
是否
通过
标识
、
AI
问题
、
学生
回答
、
AI
追问
、
最终
评价
结果
及
得分
等
详细信息
",
   
 "
priority
":
 "
P
1
"
 
 },
 
 {
   
 "
id
":
 "
TC
-
0
20
",
   
 "
description
":
 "
验证
AI
提问
内容
是否符合
'
学生
视角
'
包装
要求
",
   
 "
test
_module
":
 "
AI
提问
逻辑
",
   
 "
pre
conditions
":
 [
     
 "
学员
进入
讲
错
题
环节
"
   
 ],
   
 "
steps
":
 [
     
 "
观察
AI
提出的
第一个
问题
",
     
 "
检查
话
术
是否
包含
'
老师
，
这
题
我不会
'
等
学生
身份
文案
"
   
 ],
   
 "
test
_input
":
 "
正常
进入
提问
流程
",
   
 "
expected
_result
":
 "
AI
提问
以
学生
身份
包装
，
包含
'
老师
，
这
题
我不会
'
类似
文案
，
减少
知识点
直接
引导
，
直接
提问
",
   
 "
priority
":
 "
P
2
"
 
 },
 
 {
   
 "
id
":
 "
TC
-
0
21
",
   
 "
description
":
 "
验证
AI
提问
是否
避免了
公式
和
La
TeX
格式
",
   
 "
test
_module
":
 "
AI
提问
逻辑
",
   
 "
pre
conditions
":
 [
     
 "
学员
进入
讲
错
题
环节
，
且
题目
涉及
数学
公式
"
   
 ],
   
 "
steps
":
 [
     
 "
观察
AI
提出的
所有
问题
及
追问
",
     
 "
检查
是否
出现
公式
或
La
TeX
格式
"
   
 ],
   
 "
test
_input
":
 "
数
学科
目
错
题
",
   
 "
expected
_result
":
 "
AI
提问
内容
中
不
出现
公式
、
La
TeX
格式
及
Markdown
格式
，
全部
使用
文字
描述
",
   
 "
priority
":
 "
P
2
"
 
 },
 
 {
   
 "
id
":
 "
TC
-
0
22
",
   
 "
description
":
 "
验证
首次
使用
AI
讲
题
功能的
引导
流程
",
   
 "
test
_module
":
 "
入口
与
导航
",
   
 "
pre
conditions
":
 [
     
 "
学员
首次
进入
第五
步
讲
知识
错
题
页面
"
   
 ],
   
 "
steps
":
 [
     
 "
观察
页面
弹
出的
引导
对话框
",
     
 "
依次
点击
'
好的
，
接受
挑战
'
、
'
知道了
'
等
按钮
",
     
 "
观察
引导
步骤
是否
完整
"
   
 ],
   
 "
test
_input
":
 "
首次
进入
页面
",
   
 "
expected
_result
":
 "
依次
弹出
4
个
引导
步骤
对话框
，
说明
费
曼
学习
法
、
互动
规则
、
表达
引导
和
回答
后
操作
，
点击
完成后
进入
正式
提问
环节
",
   
 "
priority
":
 "
P
2
"
 
 },
 
 {
   
 "
id
":
 "
TC
-
0
23
",
   
 "
description
":
 "
验证
学员
重新
讲
错
题
时
出
题
不
重复
的逻辑
",
   
 "
test
_module
":
 "
AI
提问
逻辑
",
   
 "
pre
conditions
":
 [
     
 "
学员
已完成
一次
讲
错
题
评分
（
<
8
分
）
",
     
 "
学员
点击
'
重新
讲
'
按钮
"
   
 ],
   
 "
steps
":
 [
     
 "
学员
点击
'
重新
讲
'
按钮
",
     
 "
观察
AI
重新
出的
题目
"
   
 ],
   
 "
test
_input
":
 "
点击
重新
讲
",
   
 "
expected
_result
":
 "
AI
重新
从
错
题
库
中
抽取
题目
，
且
新
题目
与
上
一次
讲解
的
题目
不一样
",
   
 "
priority
":
 "
P
1
"
 
 },
 
 {
   
 "
id
":
 "
TC
-
0
24
",
   
 "
description
":
 "
验证
督导
端
学员
列表
'
状态
'
列
的
完成
标记
逻辑
",
   
 "
test
_module
":
 "
督导
端
状态
矩阵
",
   
 "
pre
conditions
":
 [
     
 "
学员
点击
了
完成
（
包括
对
答案
完成
和
跟
督导
沟通
跳
过的
完成
）
"
   
 ],
   
 "
steps
":
 [
     
 "
督导
端
查看
该
学员
信息
列表
",
     
 "
观察
'
状态
'
列
显示
"
   
 ],
   
 "
test
_input
":
 "
学员
状态
：
已完成
",
   
 "
expected
_result
":
 "
学员
状态
列
显示
为
'
完成
'",
   
 "
priority
":
 "
P
2
"
 
 },
 
 {
   
 "
id
":
 "
TC
-
0
25
",
   
 "
description
":
 "
验证
学员
回答
创新
性
答案
且
正确
时的
加分
逻辑
",
   
 "
test
_module
":
 "
评分
逻辑
边界
",
   
 "
pre
conditions
":
 [
     
 "
学员
正在进行
讲
错
题
交互
"
   
 ],
   
 "
steps
":
 [
     
 "
学员
采用
创新
性
思路
且
正确
回答
问题
",
     
 "
提交
回答
并
等待
AI
评分
"
   
 ],
   
 "
test
_input
":
 "
创新
性
正确
回答
",
   
 "
expected
_result
":
 "
AI
评分
时
，
准确
性和
逻辑
性
维度
各
额外
加
5
分
，
总分
可能
超过
基准
分
",
   
 "
priority
":
 "
P
2
"
 
 }
]
```
GEN_DIAG:{"kind": "stream_batch_token_usage", "project_id": 8, "request_id": "ce50b4223f544067b22d494b031b2d66", "current_biz_key": "unknown", "multi_pass": true, "generation_mode": "full_functional_regression", "batch_index": 1, "total_batches": 4, "attempt": 1, "requested_count": 25, "input_tokens": null, "output_tokens": null, "total_tokens": null, "token_source": "unavailable", "token_unavailable_reason": "provider_usage_estimated", "estimate_method": "chars_div_4", "model": "glm-5.1"}

GEN_DIAG:{"kind": "stream_batch_quality", "project_id": 8, "request_id": "ce50b4223f544067b22d494b031b2d66", "current_biz_key": "unknown", "multi_pass": true, "generation_mode": "full_functional_regression", "batch_index": 1, "new_valid_cases_count": 25, "duplicate_rate": 0.0, "non_assertable_count": 0, "low_quality_filtered_count": 0, "coverage_gain_count": 25, "low_gain_detected": false, "low_gain_streak": 0}
@@STATUS@@:正在生成第 2/4 批次 (25 条) - 第 1 次尝试...
[
  {
    "id": "TC
-026",
    "description
": "验证左侧学习步骤导航栏
的展示与当前步骤高亮状态
",
    "test_module": "
界面展示",
    "pre
conditions": [
      "
学员已登录并进入某
讲的第五步讲知识
错题页面"
   
 ],
    "steps": [
      "
观察页面左侧导航栏的
展示内容",
      "检查
当前步骤的高亮状态"
   
 ],
    "test_input": "
无",
    "expected_result
": "左侧垂直排列显示第一步
复习、第二+三
步学&练、第四步随
堂测、第五步讲
知识错题、第六步日
清，且'第五步讲知识
错题'处于高亮或
选中状态",
    "priority":
 "P2"
  },
  {
    "id": "TC
-027",
    "description":
 "验证'打印'按钮弹
窗选择打印内容的功能",
   
 "test_module": "课程
信息区",
    "preconditions":
 [
      "学员处于
第五步讲知识错
题页面"
    ],
    "
steps": [
      "点击课程
信息区的'打印'
按钮",
      "观察
弹窗内容并选择打印项
"
    ],
    "test_input":
 "点击'打印'按钮
",
    "expected_result": "
弹出打印内容选择弹窗
，学员可勾选需要打印
的内容项并确认打印
",
    "priority": "P
2"
  },
  {
    "
id": "TC-028",
    "description": "验证AI
追问问题在界面上的展示样式",
    "test_module": "AI
提问交互",
    "
preconditions": [
      "学员已
提交第一轮回答",
      "AI判定需要
追问"
    ],
    "
steps": [
      "观察
AI追问问题的展示位置
和样式"
    ],
    "
test_input": "无",
    "
expected_result": "AI追问的问题在
学员原反馈内容的下方以
新的对话框形式展示",
    "priority": "P1
"
  },
  {
    "id
": "TC-029",
   
 "description": "验证综合
评分的计算逻辑（基于修订版维度
）",
    "test_module": "
评分逻辑",
    "pre
conditions": [
      "学员完成所有
轮次回答",
      "
AI触发最终打分
"
    ],
    "steps
": [
      "查看
AI给出的各维度得分及
综合评分",
      "
核对得分计算逻辑"
    ],
    "test_input": "
学员回答内容",
    "expected
_result": "系统按思路准确性(
0-3分)、步骤完整性(
0-3分)、表达清晰度
(0-4分)计算
各维度得分，加总得出综合
评分，满分10.0
分",
    "priority": "P
1"
  },
  {
   
 "id": "TC-0
30",
    "description": "验证
综合评分8分及以上页面的
自动停留与跳转逻辑",
   
 "test_module": "评分结果展示
",
    "preconditions": [
     
 "学员综合评分达到8分
及以上"
    ],
    "
steps": [
      "观察
评分结果页面的提示文案
",
      "等待5
秒观察页面行为",
      "点击
'去日清'
按钮"
    ],
    "test_input
": "无",
    "expected
_result": "页面提示'
太棒啦，您对知识
点的理解非常棒'，自动停留
5秒后出现'去
日清'按钮，点击后跳
转至日清页面
",
    "priority": "P
2"
  },
  {
   
 "id": "TC-03
1",
    "description": "
验证学员点击'联系督导'按钮
后督导端的消息提醒",
    "
test_module": "跨
模块交互",
    "preconditions":
 [
      "学员综合评分在
8分以下",
      "
督导端已登录"
    ],
    "steps": [
     
 "学员在结果页面
点击'联系督导'按钮",
      "督导端查看消息
提醒"
    ],
    "test_input
": "点击'联系督导'",
    "expected_result": "学员
点击后，督导端收到对应的提示
消息，提醒该学员讲
错题未通过需
联系督导",
    "priority": "
P1"
  },
  {
    "id": "TC
-032",
    "description":
 "验证督导端查看详情中的通过
/未通过标识展示
",
    "test_module": "督导
端查看",
    "pre
conditions": [
      "学员已完成
讲错题打分",
      "
督导端学员列表中'查看
讲错题讲知识点'按钮可
点击"
    ],
    "
steps": [
      "督导点击
'查看讲错题讲
知识点'按钮",
      "观察
弹窗顶部的标识
文字"
    ],
    "test_input
": "学员通过/未
通过的不同状态",
    "
expected_result": "若学员通过，
弹窗显示文字'学生知识点讲
错题通过'；若学员
未通过，显示'
学生知识点讲错题未通过'",
    "priority": "P1"
  },
  {
    "id":
 "TC-033",
   
 "description": "验证督导端查看
详情中的题目与答案展示内容",
    "test_module": "
督导端查看",
    "pre
conditions": [
      "学员已完成
讲错题打分",
      "
督导点击'查看讲错题讲
知识点'按钮"
    ],
   
 "steps": [
      "
观察弹窗内展示的详细
内容字段"
    ],
   
 "test_input": "无
",
    "expected_result": "弹
窗展示最近一节课的章节、
AI问题、学生回答、AI追问
、学生回答、最终评价
结果、得分等信息",
    "priority
": "P1"
  },
  {
    "id":
 "TC-034",
   
 "description": "验证系统对学员
与AI交互历史记录的自动存储
",
    "test_module": "
数据存储",
    "
preconditions": [
      "学员完成
一轮完整的讲错题交互
流程"
    ],
   
 "steps": [
      "检查
系统数据库或后台记录
",
      "核对存储内容
与交互内容的一致性"
    ],
    "test_input": "无
",
    "expected_result": "系统
自动存储了该学员与AI提问
交互的所有历史记录，包括提问题
目、学员回答内容、AI
反馈及追问内容、交互时间等信息
",
    "priority": "P1
"
  },
  {
    "
id": "TC-0
35",
    "description": "
验证首次使用引导流程步骤1的
交互逻辑",
    "test_module
": "引导流程",
    "
preconditions": [
      "学员本
节课首次使用AI讲题
功能"
    ],
    "
steps": [
      "进入第五
步讲知识错题页面",
     
 "观察弹出的引导对话框内容
",
      "点击'好的，接受
挑战'按钮"
    ],
    "
test_input": "无",
    "
expected_result": "主界面弹出引导
对话框，内容包含费曼学习法
说明及角色扮演提示
，下方有'好的，接受
挑战'按钮，点击后进入步骤
2规则说明",
    "
priority": "P1"
  },
  {
    "id":
 "TC-036",
   
 "description": "验证首次使用引导
流程步骤2的交互逻辑",
   
 "test_module": "引导流程",
    "preconditions": [
      "
学员已完成引导步骤1"
   
 ],
    "steps": [
      "
观察弹出的规则说明对话框内容
",
      "点击'知道了'按钮
"
    ],
    "test_input":
 "无",
    "expected_result":
 "弹出规则说明对话框，内容
包含系统抽1-
2道题提问及
学员逐步讲解的规则
，下方有'知道了'按钮，
点击后进入步骤3表达
引导",
    "priority": "P
1"
  },
  {
   
 "id": "TC-03
7",
    "description": "验证
首次使用引导流程步骤3的交互
逻辑",
    "test_module": "
引导流程",
    "preconditions
": [
      "学员已完成
引导步骤2"
    ],
    "
steps": [
      "观察弹出的
表达引导对话框内容",
      "点击
'知道了'按钮"
    ],
   
 "test_input": "无",
   
 "expected_result": "弹出表达
引导对话框，内容包含点击对话
后表达思路的操作说明，下方有
'知道了'按钮，点击后进入
步骤4回答后操作引导",
    "priority": "P1"
  },
  {
    "id":
 "TC-038",
   
 "description": "验证首次使用引导
流程步骤4的交互逻辑",
   
 "test_module": "引导流程",
    "preconditions": [
      "
学员已完成引导步骤3"
    ],
    "steps": [
      "观察
弹出的回答后操作引导对话框内容
",
      "点击'知道了'按钮
"
    ],
    "test_input":
 "无",
    "expected_result":
 "弹出操作引导对话框，内容
包含'继续录音'补充
思路和'完成'收
尾的说明，下方有'
知道了'按钮，点击后正式
进入互动环节",
    "priority
": "P1"
  },
  {
    "id": "TC
-039",
    "description":
 "验证AI提问是否符合'学生
角色'的'我以为...因为
...'句式约束",
    "
test_module": "AI
提问逻辑",
    "
preconditions": [
      "学员进入
讲错题互动环节",
      "AI生成初始
提问"
    ],
    "steps":
 [
      "观察AI生成的
第一轮提问话术格式
"
    ],
    "
test_input": "无
",
    "expected_result": "
AI生成的提问话术以
'我以为...，因为...'
的句式开始，清晰暴露原始
错误思路，符合学生角色设定
",
    "priority": "P
1"
  },
  {
    "id": "TC
-040",
    "description":
 "验证AI回复是否符合'先
肯定，后纠正'的教师角色约束
",
    "test_module": "
AI提问逻辑",
    "
preconditions": [
      "学员提交
了包含错误的回答",
     
 "AI生成反馈"
    ],
    "steps": [
     
 "观察AI对学员错误
回答的反馈内容顺序
"
    ],
    "test_input":
 "学员回答包含部分错误
",
    "expected_result":
 "AI在指出学员错误前，
先对学员的思考过程或发现
问题的能力给予肯定性语言，
然后再进行纠正和精准打击",
   
 "priority": "P1"
 
 },
  {
    "id":
 "TC-041",
   
 "description": "验证AI交互
是否遵循四轮对话框架流程
",
    "test_module": "
AI提问逻辑",
    "
preconditions": [
      "学员进入
讲错题互动环节"
    ],
    "steps": [
     
 "记录第一轮交互
主题（暴露认知误区
）",
      "记录第二轮交互
主题（检验原理理解）",
      "记录第三轮交互
主题（验证方法迁移）
",
      "记录第四轮交互
主题（要求结构化总结）
"
    ],
    "test_input":
 "学员按正常逻辑逐步
回答",
    "expected_result":
 "AI交互依次经历暴露认知误区
、检验原理理解、验证方法迁移
、要求结构化总结四个阶段
，在4轮左右完成
理解与打分",
   
 "priority": "P1"
  },
  {
    "id":
 "TC-042",
   
 "description": "验证评分维
度的分值范围限制与总分上限
",
    "test_module": "
评分逻辑",
    "preconditions":
 [
      "学员完成
讲错题互动",
      "AI进行最终
评分"
    ],
   
 "steps": [
      "查看
各维度得分及综合
评分",
      "验证得分
是否超出范围限制"
    ],
    "test_input": "学员回答
极为优秀",
    "expected
_result": "思路准确性得分不超过3
.0，步骤完整性得分不超过
3.0，表达清晰度得分
不超过4.0，综合评分加
总不超过10.0",
    "priority": "P1
"
  },
  {
    "
id": "TC-043",
    "description": "验证综合
评分9.0-10.0
分段的鼓励语展示",
    "
test_module": "评分结果展示",
    "preconditions": [
      "
学员综合评分在9.0-
10.0分之间"
   
 ],
    "steps": [
     
 "查看评分结果页面的鼓励
语文案"
    ],
   
 "test_input": "无
",
    "expected_result": "页面
显示鼓励语'太厉害啦！
解题逻辑闭环，步骤完整
无缺，表达精准易懂
，费曼学习法用
得超棒〜保持这份
严谨，成绩一定稳步
攀升！'",
    "priority": "
P2"
  },
  {
   
 "id": "TC-04
4",
    "description": "
验证综合评分7.5-
8.9分段的鼓励语展示
",
    "test_module": "
评分结果展示",
    "preconditions
": [
      "学员综合评分在
7.5-8.9
分之间"
    ],
    "steps
": [
      "查看评分结果页
面的鼓励语文案"
    ],
   
 "test_input": "无",
   
 "expected_result": "页面显示
鼓励语'超优秀！核心思路
与步骤都对，仅
细节可优化〜再
注意步骤衔接的流畅
性，下次就能冲满分
，潜力无限！'",
    "
priority": "P2"
  },
  {
    "id": "TC
-045",
   
 "description": "验证综合评分6
.0-7.4分
段的鼓励语展示",
    "
test_module": "评分结果展示",
    "preconditions": [
      "
学员综合评分在6.0-
7.4分之间"
   
 ],
    "steps": [
     
 "查看评分结果页面的鼓励语
文案"
    ],
    "test_input
": "无",
    "expected
_result": "页面显示鼓励语'
有进步！解题方向没错，关键
步骤不缺〜多
梳理逻辑顺序，把
思路说透，学习
会越来越顺，继续
加油！'",
    "priority":
 "P2"
  },
  {
    "id": "TC-04
6",
    "description": "
验证综合评分4.0-5
.9分段的鼓励语展示
",
    "test_module": "
评分结果展示",
    "preconditions
": [
      "学员综合评分在
4.0-5.9
分之间"
    ],
    "
steps": [
      "查看评分结果
页面的鼓励语文案"
    ],
    "test_input": "无",
    "expected_result": "页面显示
鼓励语'值得点赞！敢主动
拆解题目，已有基础
思路〜慢慢补全
步骤、理清逻辑，
坚持用费曼法
，一定能突破！'",
   
 "priority": "P2"
 
 },
  {
    "id": "
TC-047",
   
 "description": "验证综合评分0
.0-3.9分
段的鼓励语展示",
    "
test_module": "评分结果展示",
    "preconditions": [
      "
学员综合评分在0.0-
3.9分之间"
    ],
    "steps": [
      "查看
评分结果页面的鼓励语文案"
    ],
    "test_input": "
无",
    "expected_result": "
页面显示鼓励语'超勇敢！
愿意尝试就很了不起〜解题
需要循序渐进，多练多
讲，慢慢就能找准思路
、说清步骤，你可以
的！'",
    "priority": "
P2"
  },
  {
    "id": "TC-
048",
    "description": "
验证AI回复是否违反'禁止使用
图形/公式直接解答'的禁
令",
    "test_module":
 "AI提问逻辑",
    "
preconditions": [
      "学员提问
涉及复杂概念或计算
",
      "AI生成回复
"
    ],
    "
steps": [
      "检查
AI回复内容中是否包含图形
或公式的直接解答建议
"
    ],
    "
test_input": "学员提问'
这个公式怎么用'",
    "expected_result": "
AI回复内容中不包含'画
个图/列个公式你就懂
了'之类的语言，而是
使用文字、类比和生活化
例子来解释",
    "
priority": "P1"
  },
  {
    "id": "TC
-049",
   
 "description": "验证AI回复是否
违反'禁止直接给出答案或简单
否定'的禁令",
   
 "test_module": "AI提问逻辑
",
    "preconditions": [
     
 "学员回答错误或
偏离正确方向",
      "AI
生成回复"
    ],
   
 "steps": [
      "检查
AI回复是否直接给出正确
答案或简单否定学员
"
    ],
    "test
_input": "学员回答完全
错误",
    "expected_result": "
AI不直接给出答案或
简单否定学员'你想错了'
，而是通过引导让学员自己
推导正确逻辑",
    "priority
": "P1"
  },
  {
    "id": "TC
-050",
   
 "description": "验证AI提问的
频次与内容约束",
    "
test_module": "AI提问逻辑",
    "preconditions": [
      "
学员进入追问交互环节
"
    ],
    "
steps": [
      "观察
AI每次追问的问题数量和
内容",
      "检查
是否重复已澄清的疑问点"
    ],
    "test_input": "
学员正常回答",
   
 "expected_result": "AI每次只
提出1-2个问题，提问
内容简洁，且不重复已澄清
的疑问点，最后一个
问题帮助学员做知识点总结",
   
 "priority": "P
1"
  }
]
GEN_DIAG:{"kind": "stream_batch_token_usage", "project_id": 8, "request_id": "ce50b4223f544067b22d494b031b2d66", "current_biz_key": "unknown", "multi_pass": true, "generation_mode": "full_functional_regression", "batch_index": 2, "total_batches": 4, "attempt": 1, "requested_count": 25, "input_tokens": null, "output_tokens": null, "total_tokens": null, "token_source": "unavailable", "token_unavailable_reason": "provider_usage_estimated", "estimate_method": "chars_div_4", "model": "glm-5.1"}

GEN_DIAG:{"kind": "stream_batch_quality", "project_id": 8, "request_id": "ce50b4223f544067b22d494b031b2d66", "current_biz_key": "unknown", "multi_pass": true, "generation_mode": "full_functional_regression", "batch_index": 2, "new_valid_cases_count": 25, "duplicate_rate": 0.0, "non_assertable_count": 0, "low_quality_filtered_count": 0, "coverage_gain_count": 25, "low_gain_detected": false, "low_gain_streak": 0}
@@STATUS@@:正在生成第 3/4 批次 (25 条) - 第 1 次尝试...
```
json

[
 
 {
   
 "
id
":
 "
TC
-
05
1
",
   
 "
description
":
 "
验证
AI
追问
逻辑
中
'
确认
错误
表象
'
方向的
提问
内容
是否符合
规范
",
   
 "
test
_module
":
 "
AI
追问
逻辑
",
   
 "
pre
conditions
":
 ["
学员
已完成
随
堂
测
且有
错
题
",
 "
学员
已
进入
第五
步
讲
知识
错
题
页面
"],
   
 "
steps
":
 ["
学员
回答
AI
初始
提问
",
 "
观察
AI
追问
的问题
内容
",
 "
检查
追问
是否
明确
错误
结果
与
正确
答案
的差异
，
定位
矛盾
点
"],
   
 "
test
_input
":
 "
学员
回答
中
包含
部分
错误
信息
",
   
 "
expected
_result
":
 "
AI
追问
内容
包含
类似
'
你的
答案
和
正确
解
在
XX
步骤
结果
不同
，
是
哪里
计算
错了
？
'
的
句
式
，
明确
指向
错误
表象
与
正确
答案
的差异
点
",
   
 "
priority
":
 "
P
1
"
 
 },
 
 {
   
 "
id
":
 "
TC
-
05
2
",
   
 "
description
":
 "
验证
AI
追问
逻辑
中
'
拆
解
知识
链条
'
方向的
提问
内容
是否符合
规范
",
   
 "
test
_module
":
 "
AI
追问
逻辑
",
   
 "
pre
conditions
":
 ["
学员
已完成
随
堂
测
且有
错
题
",
 "
AI
已
进行
初始
提问
且
学员
已
回答
"],
   
 "
steps
":
 ["
学员
回答
AI
初始
提问
",
 "
观察
AI
追问
是否
涉及
基础
概念
、
定理
或
公
式的
追溯
",
 "
检查
追问
是否
确认
学员
对
概念
的理解
是否存在
偏差
"],
   
 "
test
_input
":
 "
学员
回答
中
暴露
了
概念
理解
偏差
",
   
 "
expected
_result
":
 "
AI
追问
内容
包含
类似
'
XX
概念
的定义
是什么
？
和
XX
概念
的区别
在哪里
？
'
的
句
式
，
追溯
基础
概念
或
定理
的
适用
条件
",
   
 "
priority
":
 "
P
1
"
 
 },
 
 {
   
 "
id
":
 "
TC
-
05
3
",
   
 "
description
":
 "
验证
AI
追问
逻辑
中
'
暴露
思维
路径
'
方向的
提问
内容
是否符合
规范
",
   
 "
test
_module
":
 "
AI
追问
逻辑
",
   
 "
pre
conditions
":
 ["
学员
已完成
随
堂
测
且有
错
题
",
 "
AI
已
进行
初始
提问
且
学员
已
回答
"],
   
 "
steps
":
 ["
学员
回答
AI
提问
",
 "
观察
AI
追问
是否
拆
分解
题
步骤
",
 "
检查
追问
是否
逐一
审视
逻辑
漏洞
或
关键
遗漏
"],
   
 "
test
_input
":
 "
学员
回答
中
存在
逻辑
跳跃
",
   
 "
expected
_result
":
 "
AI
追问
内容
包含
类似
'
这一
步
的
推导
依据
是什么
？
是否存在
逻辑
跳跃
？
'
的
句
式
，
拆
解
步骤
并
审视
逻辑
漏洞
",
   
 "
priority
":
 "
P
1
"
 
 },
 
 {
   
 "
id
":
 "
TC
-
05
4
",
   
 "
description
":
 "
验证
AI
追问
逻辑
中
'
类比
迁移
验证
'
方向的
提问
内容
是否符合
规范
",
   
 "
test
_module
":
 "
AI
追问
逻辑
",
   
 "
pre
conditions
":
 ["
学员
已完成
随
堂
测
且有
错
题
",
 "
AI
已
进行
至少
一轮
追问
且
学员
已
回答
"],
   
 "
steps
":
 ["
学员
回答
AI
追问
",
 "
观察
AI
是否
用
相似
案例
或
简化
问题
验证
规则的
普
适
性
",
 "
检查
追问
是否
避免
机械
套
用
"],
   
 "
test
_input
":
 "
学员
回答
中
展示了
某种
解题
方法
",
   
 "
expected
_result
":
 "
AI
追问
内容
包含
类似
'
如果把
题目
中的
XX
条件
换成
YY
，
解
法
会有
什么
变化
？
'
的
句
式
，
用
相似
案例
验证
方法的
普
适
性
",
   
 "
priority
":
 "
P
2
"
 
 },
 
 {
   
 "
id
":
 "
TC
-
05
5
",
   
 "
description
":
 "
验证
AI
追问
逻辑
中
'
质疑
例外
边界
'
方向的
提问
内容
是否符合
规范
",
   
 "
test
_module
":
 "
AI
追问
逻辑
",
   
 "
pre
conditions
":
 ["
学员
已完成
随
堂
测
且有
错
题
",
 "
AI
已
进行
多
轮
追问
"],
   
 "
steps
":
 ["
学员
回答
AI
追问
",
 "
观察
AI
是否
探索
知识的
边界
和
例外
情况
",
 "
检查
追问
是否
深化
对
规则的
完整
理解
"],
   
 "
test
_input
":
 "
学员
回答
中
展示了
正确的
解题
逻辑
",
   
 "
expected
_result
":
 "
AI
追问
内容
包含
类似
'
这个
结论
在
什么
情况下
不
成立
？
是否存在
XX
特殊
情形
？
'
的
句
式
，
探索
知识
边界
和
例外
",
   
 "
priority
":
 "
P
2
"
 
 },
 
 {
   
 "
id
":
 "
TC
-
05
6
",
   
 "
description
":
 "
验证
AI
追问
逻辑
中
'
重构
知识
体系
'
方向的
提问
内容
是否符合
规范
",
   
 "
test
_module
":
 "
AI
追问
逻辑
",
   
 "
pre
conditions
":
 ["
学员
已完成
随
堂
测
且有
错
题
",
 "
AI
已
进行
多
轮
追问
且
学员
理解
基本
正确
"],
   
 "
steps
":
 ["
学员
回答
AI
追问
",
 "
观察
AI
是否
要求
学员
用自己的
语言
复
述
正确
逻辑
",
 "
检查
追问
是否
确保
从
'
理解
'
到
'
能
表达
'
"],
   
 "
test
_input
":
 "
学员
回答
基本
正确
但
表述
不够
系统
",
   
 "
expected
_result
":
 "
AI
追问
内容
包含
类似
'
正确的
解题
逻辑
应该是
XX
，
你
之前
错误
的原因
是
XX
，
现在
理解为
XX
'
的
句
式
，
引导
学员
复
述
正确
逻辑
并
整合
知识
网络
",
   
 "
priority
":
 "
P
2
"
 
 },
 
 {
   
 "
id
":
 "
TC
-
05
7
",
   
 "
description
":
 "
验证
一道
题
都没
做
时
AI
展示
淡
白色
文案
提示
的内容
",
   
 "
test
_module
":
 "
AI
提问
逻辑
",
   
 "
pre
conditions
":
 ["
学员
本
讲
未
做
任何
题目
",
 "
学员
进入
第五
步
讲
知识
错
题
页面
"],
   
 "
steps
":
 ["
学员
进入
第五
步
讲
知识
错
题
页面
",
 "
观察
页面
展示
的
提示
文案
"],
   
 "
test
_input
":
 "
本
讲
0
道
题目
完成
",
   
 "
expected
_result
":
 "
页面
以
淡
白色
文案
展示
'
当前
您
还没有
做过
题
，
快
去做
题
来
检测
一下
自己的
知识
掌握
程度
吧
'
，
不
展示
AI
提问
对话框
",
   
 "
priority
":
 "
P
1
"
 
 },
 
 {
   
 "
id
":
 "
TC
-
05
8
",
   
 "
description
":
 "
验证
做了
全
对
时
AI
直接
复
述
正确
答案
的
提问
逻辑
",
   
 "
test
_module
":
 "
AI
提问
逻辑
",
   
 "
pre
conditions
":
 ["
学员
本
讲
所有
题目
均
回答
正确
",
 "
学员
进入
第五
步
讲
知识
错
题
页面
"],
   
 "
steps
":
 ["
学员
进入
第五
步
讲
知识
错
题
页面
",
 "
观察
AI
展示
的
提问
内容
",
 "
检查
AI
是否
直接
复
述
正确
答案
进行
提问
"],
   
 "
test
_input
":
 "
本
讲
所有
题目
均
答
对
",
   
 "
expected
_result
":
 "
AI
随机
抽取
两
道
题目
进行
追问
，
提问
内容
直接
复
述
正确
答案
，
引导
学员
讲解
正确
答案
的
解题
思路
",
   
 "
priority
":
 "
P
1
"
 
 },
 
 {
   
 "
id
":
 "
TC
-
05
9
",
   
 "
description
":
 "
验证
修订
版
评分
维度
（
思路
准确性
0
-
3
.
0
、
步骤
完整性
0
-
3
.
0
、
表达
清晰
度
0
-
4
.
0
）
的分
值
范围
",
   
 "
test
_module
":
 "
AI
评分
",
   
 "
pre
conditions
":
 ["
学员
已完成
与
AI
的四
轮
对话
交互
"],
   
 "
steps
":
 ["
学员
完成
四
轮
对话
",
 "
AI
给出
各
维度
评分
",
 "
检查
思路
准确性
得分
范围
",
 "
检查
步骤
完整性
得分
范围
",
 "
检查
表达
清晰
度
得分
范围
",
 "
检查
总分
上限
"],
   
 "
test
_input
":
 "
学员
回答
全部
正确
且
表述
清晰
",
   
 "
expected
_result
":
 "
思路
准确性
得分
在
0
.
0
-
3
.
0
范围内
，
步骤
完整性
得分
在
0
.
0
-
3
.
0
范围内
，
表达
清晰
度
得分
在
0
.
0
-
4
.
0
范围内
，
总分
不超过
10
.
0
分
",
   
 "
priority
":
 "
P
1
"
 
 },
 
 {
   
 "
id
":
 "
TC
-
0
60
",
   
 "
description
":
 "
验证
纠
错
有效性
扣
分
规则
：
学员
因
教师
解释
不清
再次
出现
概念
错误
时
每次
扣
5
分
",
   
 "
test
_module
":
 "
AI
评分
",
   
 "
pre
conditions
":
 ["
学员
正在
与
AI
进行
多
轮
对话
",
 "
AI
（
教师
角色
）
已
给出
解释
"],
   
 "
steps
":
 ["
学员
在
后续
提问
中
因
教师
解释
不清
再次
出现
概念
错误
",
 "
观察
评分
系统
是否
触发
扣
分
",
 "
检查
扣
分
分
值
"],
   
 "
test
_input
":
 "
学员
在
第二轮
回答
中
重复
出现
第一
轮
已
纠正
的概念
错误
",
   
 "
expected
_result
":
 "
评分
系统中
'
漏洞
诊断
与
沟通
艺术
'
维度
扣除
5
分
，
扣
完
为止
",
   
 "
priority
":
 "
P
1
"
 
 },
 
 {
   
 "
id
":
 "
TC
-
06
1
",
   
 "
description
":
 "
验证
异常
场景
：
学员
提问
无
个人
理由
时
AI
的
二次
引导
逻辑
",
   
 "
test
_module
":
 "
AI
交互
异常
处理
",
   
 "
pre
conditions
":
 ["
学员
正在
与
AI
进行
对话
",
 "
AI
已
提出
初始
问题
"],
   
 "
steps
":
 ["
学员
回答
仅
包含
'
我
选
A
错了
，
为啥
呀
？
'
等
无
个人
理由
的内容
",
 "
观察
AI
的
回复
内容
",
 "
检查
AI
是否
进行
二次
引导
"],
   
 "
test
_input
":
 "
学员
回答
：
'
我
选
A
错了
，
为啥
呀
？
'",
   
 "
expected
_result
":
 "
AI
自动
提示
类似
'
你
当时
选
A
是
看到
啥
、
想到
啥
了
呀
？
比如
是不是
觉得
XX
是
YY
呀
？
'
的
二次
引导
，
补充
个人
理由
后再
进入
正常
交互
",
   
 "
priority
":
 "
P
1
"
 
 },
 
 {
   
 "
id
":
 "
TC
-
06
2
",
   
 "
description
":
 "
验证
异常
场景
：
学员
重复
已
澄清
疑问
时
AI
的
引导
逻辑
",
   
 "
test
_module
":
 "
AI
交互
异常
处理
",
   
 "
pre
conditions
":
 ["
学员
与
AI
已完成
至少
一轮
关于
某
知识
点的
澄清
",
 "
疑问
点
记忆
模块
已
记录
已
澄清
内容
"],
   
 "
steps
":
 ["
学员
再次
提出
已
澄清
的
疑问
",
 "
观察
AI
的
回复
内容
",
 "
检查
AI
是否
识别
重复
并
引导
至
未
理
清
的逻辑
"],
   
 "
test
_input
":
 "
学员
再次
询问
已
澄清
的
'
冰
块
变
水
是不是
液化
'",
   
 "
expected
_result
":
 "
AI
识别
重复
疑问
，
回应
类似
'
之前
咱们
聊
过
哦
，
冰
块
变
水
是
固态
变
液
态
，
不是
液化
，
咱们
现在
看看
B
选项
为啥
是
汽
化
吧
'
，
引导
至
未
理
清
的逻辑
",
   
 "
priority
":
 "
P
1
"
 
 },
 
 {
   
 "
id
":
 "
TC
-
06
3
",
   
 "
description
":
 "
验证
异常
场景
：
4
轮
后
学员
仍未
理解
时
AI
的
简化
处理
逻辑
",
   
 "
test
_module
":
 "
AI
交互
异常
处理
",
   
 "
pre
conditions
":
 ["
学员
与
AI
已
进行
4
轮
对话
",
 "
学员
仍
未能
正确
理解
知识点
"],
   
 "
steps
":
 ["
观察
第
5
轮
AI
的
提问
方式
",
 "
检查
AI
是否
简化
为
1
个
核心
对比
问题
",
 "
检查
是否
在
5
轮
内
完成
理解
确认
"],
   
 "
test
_input
":
 "
4
轮
对话
后
学员
仍
存在
概念
混淆
",
   
 "
expected
_result
":
 "
AI
在第
5
轮
简化
交互
至
1
个
核心
对比
问题
（
如
'
水
变
没了
是
液
态
变
气
态
，
这就是
汽
化
，
对
吗
？
'
），
不再
延伸
其他
疑问
，
确保
5
轮
内
完成
",
   
 "
priority
":
 "
P
1
"
 
 },
 
 {
   
 "
id
":
 "
TC
-
06
4
",
   
 "
description
":
 "
验证
AI
提问
的
具
象
化
关联
规则
：
提问
必须
关联
日常
可
感知
的
具
象
事物
",
   
 "
test
_module
":
 "
AI
提问
内容
约束
",
   
 "
pre
conditions
":
 ["
学员
正在
与
AI
进行
对话
",
 "
题目
涉及
物理
或
化学
概念
"],
   
 "
steps
":
 ["
观察
AI
生成的
所有
提问
内容
",
 "
检查
提问
是否
关联
学员
日常
可
感知
的
具
象
事物
",
 "
检查
是否
避免了
抽象
概念
讨论
"],
   
 "
test
_input
":
 "
题目
涉及
物
态
变化
概念
",
   
 "
expected
_result
":
 "
AI
提问
中
关联
水
、
冰
块
、
游泳
等
学员
熟悉的
具
象
事物
，
不
出现
纯
'
固态
变
液
态
'
等
抽象
理论
表述
",
   
 "
priority
":
 "
P
1
"
 
 },
 
 {
   
 "
id
":
 "
TC
-
06
5
",
   
 "
description
":
 "
验证
督导
端
科目
筛选
下拉
菜单
的功能
",
   
 "
test
_module
":
 "
督导
端
",
   
 "
pre
conditions
":
 ["
督导
已
登录
督导
端
",
 "
系统中
存在
多个
科
目的
学员
数据
"],
   
 "
steps
":
 ["
点击
顶部
'
科目
'
筛选
下拉
菜单
",
 "
选择
某一
科目
",
 "
观察
学员
信息
列表
的变化
"],
   
 "
test
_input
":
 "
选择
'
化学
'
科目
",
   
 "
expected
_result
":
 "
学员
信息
列表
仅
展示
化学
科目
相关的
学员
数据
，
切换
科目
后
列表
实时
更新
",
   
 "
priority
":
 "
P
2
"
 
 },
 
 {
   
 "
id
":
 "
TC
-
06
6
",
   
 "
description
":
 "
验证
督导
端
学员
列表
'
学习
进度
'
列
的
展示
逻辑
：
未
开始
学习
的不
展示
",
   
 "
test
_module
":
 "
督导
端
",
   
 "
pre
conditions
":
 ["
督导
已
登录
督导
端
",
 "
存在
未
开始
学习的
学员
"],
   
 "
steps
":
 ["
查看
学员
信息
列表
",
 "
找到
未
开始
学习的
学员
行
",
 "
检查
'
学习
进度
'
列
的
展示
内容
"],
   
 "
test
_input
":
 "
学员
未
开始
任何
课程
学习
",
   
 "
expected
_result
":
 "
该
学员
行的
'
学习
进度
'
列
不
展示
任何
内容
（
为
空
）
",
   
 "
priority
":
 "
P
2
"
 
 },
 
 {
   
 "
id
":
 "
TC
-
06
7
",
   
 "
description
":
 "
验证
督导
端
学员
列表
'
近期
学习
计划
'
列
的
边界
展示
：
最后
课程
不
展示
/
未
定
教材
不
展示
",
   
 "
test
_module
":
 "
督导
端
",
   
 "
pre
conditions
":
 ["
督导
已
登录
督导
端
",
 "
存在
处于
教材
最后
课程的
学员
",
 "
存在
未
定
教材
的
学员
"],
   
 "
steps
":
 ["
查看
处于
教材
最后
课程的
学员
行
",
 "
检查
'
近期
学习
计划
'
列
内容
",
 "
查看
未
定
教材
的
学员
行
",
 "
检查
'
近期
学习
计划
'
列
内容
"],
   
 "
test
_input
":
 "
学员
A
处于
教材
最后
课程
；
学员
B
未
定
教材
",
   
 "
expected
_result
":
 "
学员
A
的
'
近期
学习
计划
'
列
不
展示
内容
；
学员
B
的
'
近期
学习
计划
'
列
不
展示
内容
",
   
 "
priority
":
 "
P
2
"
 
 },
 
 {
   
 "
id
":
 "
TC
-
06
8
",
   
 "
description
":
 "
验证
督导
端
学员
列表
'
状态
'
列
的
完成
标记
包含
'
跟
督导
沟通
跳
过的
完成
'",
   
 "
test
_module
":
 "
督导
端
",
   
 "
pre
conditions
":
 ["
督导
已
登录
督导
端
",
 "
存在
通过
跟
督导
沟通
跳
过
完成
讲
错
题
环节
的
学员
"],
   
 "
steps
":
 ["
查看
通过与
督导
沟通
跳
过
完成
讲
错
题
的
学员
行
",
 "
检查
'
状态
'
列
的
标记
"],
   
 "
test
_input
":
 "
学员
通过与
督导
沟通
跳
过了
讲
错
题
环节
",
   
 "
expected
_result
":
 "
该
学员
的
'
状态
'
列
显示
'
完成
'
标记
，
与
正常
完成
对
答案
的
标记
一致
",
   
 "
priority
":
 "
P
1
"
 
 },
 
 {
   
 "
id
":
 "
TC
-
06
9
",
   
 "
description
":
 "
验证
随
堂
测
结果
反馈
弹
窗
中
'
讲
知识
错
题
'
按钮
仅在
正确
率
超过
50
%
时
出现
",
   
 "
test
_module
":
 "
随
堂
测
结果
反馈
",
   
 "
pre
conditions
":
 ["
学员
已完成
随
堂
测
",
 "
正确
率
超过
50
%
"],
   
 "
steps
":
 ["
学员
完成
随
堂
测
",
 "
查看
结果
反馈
弹
窗
",
 "
检查
'
讲
知识
错
题
'
按钮
是否存在
"],
   
 "
test
_input
":
 "
随
堂
测
正确
率为
60
%",
   
 "
expected
_result
":
 "
结果
反馈
弹
窗
（
'
太
棒
啦
'
场景
）
中
展示
'
讲
知识
错
题
'
按钮
，
点击
后
跳
转
至
讲
错
题
页面
",
   
 "
priority
":
 "
P
1
"
 
 },
 
 {
   
 "
id
":
 "
TC
-
0
70
",
   
 "
description
":
 "
验证
随
堂
测
结果
反馈
弹
窗
中
正确
率
不足
50
%
时不
展示
'
讲
知识
错
题
'
按钮
",
   
 "
test
_module
":
 "
随
堂
测
结果
反馈
",
   
 "
pre
conditions
":
 ["
学员
已完成
随
堂
测
",
 "
正确
率
不足
50
%
"],
   
 "
steps
":
 ["
学员
完成
随
堂
测
",
 "
查看
结果
反馈
弹
窗
",
 "
检查
'
讲
知识
错
题
'
按钮
是否
不存在
"],
   
 "
test
_input
":
 "
随
堂
测
正确
率为
40
%",
   
 "
expected
_result
":
 "
结果
反馈
弹
窗
（
'
太
遗憾
了
'
场景
）
中
不
展示
'
讲
知识
错
题
'
按钮
，
仅
展示
'
查看
解析
'
和
'
重
学
课程
'
按钮
",
   
 "
priority
":
 "
P
1
"
 
 },
 
 {
   
 "
id
":
 "
TC
-
07
1
",
   
 "
description
":
 "
验证
随
堂
测
结果
反馈
弹
窗
中
'
重
学
课程
'
按钮
仅在
正确
率
不足
50
%
时
出现
",
   
 "
test
_module
":
 "
随
堂
测
结果
反馈
",
   
 "
pre
conditions
":
 ["
学员
已完成
随
堂
测
",
 "
正确
率
不足
50
%
"],
   
 "
steps
":
 ["
学员
完成
随
堂
测
",
 "
查看
结果
反馈
弹
窗
",
 "
点击
'
重
学
课程
'
按钮
",
 "
检查
跳
转
位置
"],
   
 "
test
_input
":
 "
随
堂
测
正确
率为
30
%",
   
 "
expected
_result
":
 "
结果
反馈
弹
窗
中
展示
'
重
学
课程
'
按钮
，
点击
后
跳
转
至
本次
随
堂
测
对应的
课程
学习
页面
，
并
自动
定位
到
与
随
堂
测
知识点
高度
相关的
课程
内容
起始
处
",
   
 "
priority
":
 "
P
1
"
 
 },
 
 {
   
 "
id
":
 "
TC
-
07
2
",
   
 "
description
":
 "
验证
随
堂
测
结果
反馈
弹
窗
中
'
查看
解析
'
按钮
点击
后
停留在
当前
页面
",
   
 "
test
_module
":
 "
随
堂
测
结果
反馈
",
   
 "
pre
conditions
":
 ["
学员
已完成
随
堂
测
",
 "
结果
反馈
弹
窗
已
展示
"],
   
 "
steps
":
 ["
点击
'
查看
解析
'
按钮
",
 "
检查
页面
是否
停留在
当前
页面
",
 "
检查
是否
可以
逐
题
查看
解析
"],
   
 "
test
_input
":
 "
点击
'
查看
解析
'
按钮
",
   
 "
expected
_result
":
 "
页面
停留在
当前
页面
，
学员
可在
该
页面
逐
题
查看
解析
，
深入
理解
题目
所
涉
知识点
与
解题
思路
",
   
 "
priority
":
 "
P
1
"
 
 },
 
 {
   
 "
id
":
 "
TC
-
07
3
",
   
 "
description
":
 "
验证
学员
点击
'
完成
'
按钮
提交
回答
的
交互
逻辑
",
   
 "
test
_module
":
 "
AI
交互
流程
",
   
 "
pre
conditions
":
 ["
学员
正在
与
AI
进行
对话
",
 "
学员
已
通过
语音
录制
完成
回答
"],
   
 "
steps
":
 ["
学员
完成
语音
录制
",
 "
点击
'
完成
'
按钮
",
 "
检查
回答
是否
提交
成功
",
 "
检查
AI
是否
进入
下一
轮
追问
或
评分
"],
   
 "
test
_input
":
 "
学员
录制
回答
后
点击
'
完成
'
按钮
",
   
 "
expected
_result
":
 "
回答
内容
提交
成功
，
AI
根据
回答
内容
进行
追问
或
进入
评分
环节
",
   
 "
priority
":
 "
P
1
"
 
 },
 
 {
   
 "
id
":
 "
TC
-
07
4
",
   
 "
description
":
 "
验证
综合
评分
8
分
以下
页面
'
联系
督导
'
按钮
的
突出
显示
",
   
 "
test
_module
":
 "
AI
评分
结果
",
   
 "
pre
conditions
":
 ["
学员
完成
与
AI
的
对话
",
 "
综合
评
分为
8
分
以下
"],
   
 "
steps
":
 ["
查看
评分
结果
页面
",
 "
检查
'
联系
督导
'
按钮
的
视觉
样式
",
 "
检查
'
去
日
清
'
按钮
的
视觉
样式
",
 "
对比
两个
按钮
的
突出
程度
"],
   
 "
test
_input
":
 "
综合
评
分为
6
.
5
分
",
   
 "
expected
_result
":
 "'
联系
督导
'
按钮
在
视觉
上
比
'
去
日
清
'
按钮
更
突出
（
如
颜色
更
醒
目
、
尺寸
更大
或
位置
更
靠
前
），
页面
提示
'
太
遗憾
了
，
您
对
知识点
理解
还需要
加深
，
快
去
联系
督导
老师
吧
'",
   
 "
priority
":
 "
P
1
"
 
 },
 
 {
   
 "
id
":
 "
TC
-
07
5
",
   
 "
description
":
 "
验证
'
返回
'
按钮
从
不同
入口
进入
时的
'
从
哪
来回
哪
去
'
跳
转
逻辑
",
   
 "
test
_module
":
 "
导航
与
跳
转
",
   
 "
pre
conditions
":
 ["
学员
从
随
堂
测
结果
页面
进入
讲
知识
错
题
页面
",
 "
学员
从
课程
学习
页面
直接
进入
讲
知识
错
题
页面
"],
   
 "
steps
":
 ["
从
随
堂
测
结果
页面
点击
'
讲
知识
错
题
'
进入
",
 "
点击
'
返回
'
按钮
",
 "
记录
跳
转
目标
页面
",
 "
从
课程
学习
页面
进入
讲
知识
错
题
页面
",
 "
点击
'
返回
'
按钮
",
 "
记录
跳
转
目标
页面
"],
   
 "
test
_input
":
 "
分别
从
两个
不同
入口
进入
讲
知识
错
题
页面
",
   
 "
expected
_result
":
 "
从
随
堂
测
结果
页面
进入
时
，
点击
'
返回
'
跳
转
回
随
堂
测
结果
页面
；
从
课程
学习
页面
进入
时
，
点击
'
返回
'
跳
转
回
课程
学习
页面
，
实现
'
从
哪
来回
哪
去
'",
   
 "
priority
":
 "
P
1
"
 
 }
]
```
GEN_DIAG:{"kind": "stream_batch_token_usage", "project_id": 8, "request_id": "ce50b4223f544067b22d494b031b2d66", "current_biz_key": "unknown", "multi_pass": true, "generation_mode": "full_functional_regression", "batch_index": 3, "total_batches": 4, "attempt": 1, "requested_count": 25, "input_tokens": null, "output_tokens": null, "total_tokens": null, "token_source": "unavailable", "token_unavailable_reason": "provider_usage_estimated", "estimate_method": "chars_div_4", "model": "glm-5.1"}

GEN_DIAG:{"kind": "stream_batch_quality", "project_id": 8, "request_id": "ce50b4223f544067b22d494b031b2d66", "current_biz_key": "unknown", "multi_pass": true, "generation_mode": "full_functional_regression", "batch_index": 3, "new_valid_cases_count": 25, "duplicate_rate": 0.0, "non_assertable_count": 0, "low_quality_filtered_count": 0, "coverage_gain_count": 25, "low_gain_detected": false, "low_gain_streak": 0}
@@STATUS@@:正在生成第 4/4 批次 (25 条) - 第 1 次尝试...
```
json

[
 
 {
   
 "
id
":
 "
TC
-
07
6
",
   
 "
description
":
 "
验证
点击
'
切换
课程
'
按钮
能
跳
转
至
其他
课程
的学习
页面
",
   
 "
test
_module
":
 "
课程
信息
区
交互
",
   
 "
pre
conditions
":
 [
     
 "
学员
已
登录
并
进入
'
第五
步
 讲
知识
错
题
'
页面
",
     
 "
学员
存在
其他
可
切换
的课程
"
   
 ],
   
 "
steps
":
 [
     
 "
点击
课程
信息
区的
'
切换
课程
'
按钮
",
     
 "
在
弹
出的
课程
选择
列表
中选择
另一
门
课程
",
     
 "
观察
页面
跳
转
情况
"
   
 ],
   
 "
test
_input
":
 "
选择
另一
门
有效
课程
",
   
 "
expected
_result
":
 "
页面
成功
跳
转
至
所选
课程
的学习
页面
，
页面
内容
更新
为新
课程的
对应
信息
",
   
 "
priority
":
 "
P
1
"
 
 },
 
 {
   
 "
id
":
 "
TC
-
07
7
",
   
 "
description
":
 "
验证
AI
提问
题目
优先
抽取
本
讲
错
题
的逻辑
",
   
 "
test
_module
":
 "
AI
提问
逻辑
",
   
 "
pre
conditions
":
 [
     
 "
学员
已完成
随
堂
测
，
且
存在
错
题
",
     
 "
进入
'
第五
步
 讲
知识
错
题
'
页面
"
   
 ],
   
 "
steps
":
 [
     
 "
观察
AI
自动
展示
的第一
道
问题
",
     
 "
核对
问题
对应的
题目
是否
为本
讲
错
题
"
   
 ],
   
 "
test
_input
":
 "
存在
错
题
的本
讲
课程
",
   
 "
expected
_result
":
 "
AI
展示
的问题
来源于
本
讲
错
题
库
中的
题目
",
   
 "
priority
":
 "
P
1
"
 
 },
 
 {
   
 "
id
":
 "
TC
-
07
8
",
   
 "
description
":
 "
验证
本
讲
错
题
不足
时
AI
抽取
正确
题目
进行
提问
的
降
级
逻辑
",
   
 "
test
_module
":
 "
AI
提问
逻辑
",
   
 "
pre
conditions
":
 [
     
 "
学员
已完成
随
堂
测
，
且
错
题
数量
少于
1
道
",
     
 "
存在
回答
正确的
题目
"
   
 ],
   
 "
steps
":
 [
     
 "
观察
AI
自动
展示
的问题
",
     
 "
核对
问题
对应的
题目
是否
为
回答
正确的
题目
"
   
 ],
   
 "
test
_input
":
 "
错
题
数量
不足
但有
正确
题
目的
课程
",
   
 "
expected
_result
":
 "
AI
展示
的问题
来源于
本
讲
回答
正确的
题目
",
   
 "
priority
":
 "
P
1
"
 
 },
 
 {
   
 "
id
":
 "
TC
-
07
9
",
   
 "
description
":
 "
验证
AI
抽取
题
目的
数量
边界
为
1
-
2
道
",
   
 "
test
_module
":
 "
AI
提问
逻辑
",
   
 "
pre
conditions
":
 [
     
 "
学员
本
讲
存在
多
道
错
题
或
正确
题目
"
   
 ],
   
 "
steps
":
 [
     
 "
进入
'
第五
步
 讲
知识
错
题
'
页面
",
     
 "
记录
AI
初始
提问
及
追问
涉及的
题目
总数
",
     
 "
多次
进入
不同
课程
验证
抽取
数量
"
   
 ],
   
 "
test
_input
":
 "
拥有
3
道
以上
题
目的
课程
",
   
 "
expected
_result
":
 "
AI
抽取
的
题目
总数
始终
为
1
道
或
2
道
，
不超过
此
范围
",
   
 "
priority
":
 "
P
1
"
 
 },
 
 {
   
 "
id
":
 "
TC
-
0
80
",
   
 "
description
":
 "
验证
未
完成
时
重复
进入
页面
保留
历史
对话
内容
",
   
 "
test
_module
":
 "
重复
进入
与
状态
流转
",
   
 "
pre
conditions
":
 [
     
 "
学员
已
进入
'
讲
知识
错
题
'
并
进行了
部分
对话
（
未
点击
完成
/
未
打
分
）
",
     
 "
学员
退出
页面
"
   
 ],
   
 "
steps
":
 [
     
 "
重新
进入
该
课程的
'
第五
步
 讲
知识
错
题
'
页面
",
     
 "
观察
页面
是否
展示
之前的
对话
记录
"
   
 ],
   
 "
test
_input
":
 "
存在
未
完成
对话
记录
的课程
",
   
 "
expected
_result
":
 "
页面
成功
加载
并
完整
展示
之前的
AI
提问
与
学员
回答
记录
，
可
继续
后续
交互
",
   
 "
priority
":
 "
P
1
"
 
 },
 
 {
   
 "
id
":
 "
TC
-
08
1
",
   
 "
description
":
 "
验证
已完成
讲
错
题
后
重复
进入
不可
重复
打
分
",
   
 "
test
_module
":
 "
重复
进入
与
状态
流转
",
   
 "
pre
conditions
":
 [
     
 "
学员
已完成
一次
讲
错
题
流程
并获得
AI
综合
评分
"
   
 ],
   
 "
steps
":
 [
     
 "
退出
后
再次
进入
'
第五
步
 讲
知识
错
题
'
页面
",
     
 "
尝试
寻找
重新
打
分
或
重新
开始的
入口
"
   
 ],
   
 "
test
_input
":
 "
已完成
讲
错
题
的课程
",
   
 "
expected
_result
":
 "
页面
展示
已
完成的
评分
结果
，
无
重新
打
分
入口
，
无法
触发
二次
打
分
流程
",
   
 "
priority
":
 "
P
1
"
 
 },
 
 {
   
 "
id
":
 "
TC
-
08
2
",
   
 "
description
":
 "
验证
未
完成
讲
错
题
时
重复
进入
可
继续
交互
",
   
 "
test
_module
":
 "
重复
进入
与
状态
流转
",
   
 "
pre
conditions
":
 [
     
 "
学员
进行
到
第
2
轮
对话
后
中断
退出
，
未
完成
全部
流程
"
   
 ],
   
 "
steps
":
 [
     
 "
重新
进入
该
课程
'
第五
步
 讲
知识
错
题
'
页面
",
     
 "
点击
'
点击
对话
'
继续
回答
AI
追问
"
   
 ],
   
 "
test
_input
":
 "
存在
未
完成
对话
的课程
",
   
 "
expected
_result
":
 "
学员
可
正常
通过
录音
或
输入
继续
回答
，
AI
能
基于
历史
上下
文
进行
后续
追问
",
   
 "
priority
":
 "
P
1
"
 
 },
 
 {
   
 "
id
":
 "
TC
-
08
3
",
   
 "
description
":
 "
验证
点击
'
点击
对话
'
按钮
启动
语音
录
制的
交互
",
   
 "
test
_module
":
 "
交互
流程
",
   
 "
pre
conditions
":
 [
     
 "
学员
已
进入
'
讲
知识
错
题
'
页面
并
展示
AI
问题
"
   
 ],
   
 "
steps
":
 [
     
 "
点击
'
点击
对话
'
按钮
",
     
 "
观察
界面
录音
状态
变化
"
   
 ],
   
 "
test
_input
":
 "
点击
'
点击
对话
'
按钮
",
   
 "
expected
_result
":
 "
弹出
输入
框
和
语音
录制
按钮
，
系统
开始
录音
，
界面
有
录音
中的
视觉
反馈
",
   
 "
priority
":
 "
P
1
"
 
 },
 
 {
   
 "
id
":
 "
TC
-
08
4
",
   
 "
description
":
 "
验证
语音
录制
完成后
转
文字
并发
送
的逻辑
",
   
 "
test
_module
":
 "
交互
流程
",
   
 "
pre
conditions
":
 [
     
 "
学员
已
点击
'
点击
对话
'
处于
录音
状态
"
   
 ],
   
 "
steps
":
 [
     
 "
对
麦克风
说出
回答
内容
",
     
 "
点击
提交
/
完成
录音
",
     
 "
观察
提问
展示
区的
变化
"
   
 ],
   
 "
test
_input
":
 "
清晰的
语音
输入
",
   
 "
expected
_result
":
 "
语音
被
转为
文字
，
以
学员
对话
气泡
的形式
展示
在
提问
展示
区
，
AI
随后
给出
追问
或
评价
",
   
 "
priority
":
 "
P
1
"
 
 },
 
 {
   
 "
id
":
 "
TC
-
08
5
",
   
 "
description
":
 "
验证
督导
端
对
未
做过
讲
错
题
环节
的
学员
不
展示
'
查看
讲
错
题
讲
知识点
'
按钮
",
   
 "
test
_module
":
 "
督导
端
-
学员
列表
",
   
 "
pre
conditions
":
 [
     
 "
督导
端
已
登录
",
     
 "
存在
未
进行
过
讲
错
题
环节
的
学员
"
   
 ],
   
 "
steps
":
 [
     
 "
在
学员
信息
列表
中
找到
未
做过
讲
错
题
的
学员
",
     
 "
观察
其
'
操作
'
列
"
   
 ],
   
 "
test
_input
":
 "
未
做过
讲
错
题
的
学员
数据
",
   
 "
expected
_result
":
 "
该
学员
行的
'
操作
'
列
中
不
展示
'
查看
讲
错
题
讲
知识点
'
按钮
",
   
 "
priority
":
 "
P
1
"
 
 },
 
 {
   
 "
id
":
 "
TC
-
08
6
",
   
 "
description
":
 "
验证
督导
端
对
未
完成
讲
错
题
环节
的
学员
将
'
查看
讲
错
题
讲
知识点
'
按钮
置
灰
",
   
 "
test
_module
":
 "
督导
端
-
学员
列表
",
   
 "
pre
conditions
":
 [
     
 "
督导
端
已
登录
",
     
 "
存在
已
开始
但
未
完成
讲
错
题
环节
（
未
出
分
）
的
学员
"
   
 ],
   
 "
steps
":
 [
     
 "
在
学员
信息
列表
中
找到
未
完成
讲
错
题
的
学员
",
     
 "
观察
其
'
操作
'
列
的
按钮
状态
"
   
 ],
   
 "
test
_input
":
 "
未
完成
讲
错
题
的
学员
数据
",
   
 "
expected
_result
":
 "
该
学员
行的
'
查看
讲
错
题
讲
知识点
'
按钮
显示
为
置
灰
不可
点击
状态
",
   
 "
priority
":
 "
P
1
"
 
 },
 
 {
   
 "
id
":
 "
TC
-
08
7
",
   
 "
description
":
 "
验证
督导
端
对
已完成
讲
错
题
环节
的
学员
'
查看
讲
错
题
讲
知识点
'
按钮
高
亮
可
点
",
   
 "
test
_module
":
 "
督导
端
-
学员
列表
",
   
 "
pre
conditions
":
 [
     
 "
督导
端
已
登录
",
     
 "
存在
已完成
讲
错
题
环节
（
已
出
分
）
的
学员
"
   
 ],
   
 "
steps
":
 [
     
 "
在
学员
信息
列表
中
找到
已完成
讲
错
题
的
学员
",
     
 "
观察
其
'
操作
'
列
的
按钮
状态
"
   
 ],
   
 "
test
_input
":
 "
已完成
讲
错
题
的
学员
数据
",
   
 "
expected
_result
":
 "
该
学员
行的
'
查看
讲
错
题
讲
知识点
'
按钮
正常
高
亮
显示
，
可
点击
打开
详情
弹
窗
",
   
 "
priority
":
 "
P
1
"
 
 },
 
 {
   
 "
id
":
 "
TC
-
08
8
",
   
 "
description
":
 "
验证
回答
字
数
不足
50
字
时
完整
性和
清晰
度
扣
50
%
分数
的
评分
规则
",
   
 "
test
_module
":
 "
评分
逻辑
",
   
 "
pre
conditions
":
 [
     
 "
学员
进入
AI
讲
错
题
交互
流程
"
   
 ],
   
 "
steps
":
 [
     
 "
在
回答
AI
提问
时
，
输入
少于
50
个
字
的有效
回答
并
提交
",
     
 "
等待
AI
给出
最终
评分
",
     
 "
核对
评分
结果
"
   
 ],
   
 "
test
_input
":
 "
字
数为
49
字的
回答
",
   
 "
expected
_result
":
 "
最终
评分
中
，
完整性
（
25
分
制
）
和
讲解
清晰
度
（
15
分
制
）
的
得分
直接
按
应
得
分的
50
%
计算
",
   
 "
priority
":
 "
P
1
"
 
 },
 
 {
   
 "
id
":
 "
TC
-
08
9
",
   
 "
description
":
 "
验证
答
非
所
问
时
准确性
直接
计
0
分的
评分
规则
",
   
 "
test
_module
":
 "
评分
逻辑
",
   
 "
pre
conditions
":
 [
     
 "
学员
进入
AI
讲
错
题
交互
流程
"
   
 ],
   
 "
steps
":
 [
     
 "
在
回答
AI
提问
时
，
输入
与
问题
完全
无关
的内容
并
提交
",
     
 "
等待
AI
给出
最终
评分
",
     
 "
核对
评分
结果
"
   
 ],
   
 "
test
_input
":
 "
与
问题
无关
的回答
内容
",
   
 "
expected
_result
":
 "
最终
评分
中
，
回答
准确性
（
40
分
制
）
得
分为
0
分
",
   
 "
priority
":
 "
P
1
"
 
 },
 
 {
   
 "
id
":
 "
TC
-
0
90
",
   
 "
description
":
 "
验证
创新
性
正确
答案
触发
准确
性和
逻辑
性
额外
加
5
分的
规则
",
   
 "
test
_module
":
 "
评分
逻辑
",
   
 "
pre
conditions
":
 [
     
 "
学员
进入
AI
讲
错
题
交互
流程
"
   
 ],
   
 "
steps
":
 [
     
 "
在
回答
AI
提问
时
，
采用
创新
性
思路
且
结论
正确
的方式进行
回答
",
     
 "
等待
AI
给出
最终
评分
",
     
 "
核对
评分
结果
"
   
 ],
   
 "
test
_input
":
 "
采用
创新
性
正确
思路
的回答
",
   
 "
expected
_result
":
 "
最终
评分
中
，
准确性
（
40
分
制
）
和
逻辑
性
（
20
分
制
）
的
得分
在
常规
计算
基础上
各
加
5
分
，
加
满
上限
为止
",
   
 "
priority
":
 "
P
2
"
 
 },
 
 {
   
 "
id
":
 "
TC
-
09
1
",
   
 "
description
":
 "
验证
综合
评分
8
分
及以上
点击
'
去
日
清
'
按钮
的
跳
转
逻辑
",
   
 "
test
_module
":
 "
评分
结果
交互
",
   
 "
pre
conditions
":
 [
     
 "
学员
完成
讲
错
题
，
综合
评分
达到
8
分
及以上
"
   
 ],
   
 "
steps
":
 [
     
 "
在
结果
页面
点击
'
去
日
清
'
按钮
",
     
 "
观察
页面
跳
转
"
   
 ],
   
 "
test
_input
":
 "
点击
'
去
日
清
'
按钮
",
   
 "
expected
_result
":
 "
页面
成功
跳
转
至
'
第六
步
 日
清
'
页面
",
   
 "
priority
":
 "
P
1
"
 
 },
 
 {
   
 "
id
":
 "
TC
-
09
2
",
   
 "
description
":
 "
验证
督导
端
查看
详情
弹
窗
展示
最近
一
节课
的
章节
信息
",
   
 "
test
_module
":
 "
督导
端
-
查看
详情
",
   
 "
pre
conditions
":
 [
     
 "
督导
端
打开
学员
的
讲
错
题
详情
弹
窗
"
   
 ],
   
 "
steps
":
 [
     
 "
观察
弹
窗
内的
章节
展示
信息
",
     
 "
与
学员
最近
学习
记录
核对
"
   
 ],
   
 "
test
_input
":
 "
存在
讲
错
题
记录
的
学员
",
   
 "
expected
_result
":
 "
弹
窗
顶部
展示
的
章节
信息
与
学员
最近
一
节课
的
章节
一致
",
   
 "
priority
":
 "
P
2
"
 
 },
 
 {
   
 "
id
":
 "
TC
-
09
3
",
   
 "
description
":
 "
验证
督导
端
详情
弹
窗
展示
完整的
AI
交互
记录
与
评价
得分
",
   
 "
test
_module
":
 "
督导
端
-
查看
详情
",
   
 "
pre
conditions
":
 [
     
 "
督导
端
打开
学员
的
讲
错
题
详情
弹
窗
"
   
 ],
   
 "
steps
":
 [
     
 "
观察
弹
窗
详细
内容
区域
",
     
 "
核对
展示
的
交互
轮
次
与
内容
"
   
 ],
   
 "
test
_input
":
 "
存在
完整
交互
记录
的
学员
",
   
 "
expected
_result
":
 "
弹
窗
按
顺序
展示
AI
问题
、
学生
回答
、
AI
追问
、
最终
评价
结果
及
得分
，
内容
完整
无
遗漏
",
   
 "
priority
":
 "
P
1
"
 
 },
 
 {
   
 "
id
":
 "
TC
-
09
4
",
   
 "
description
":
 "
验证
学员
首次
进入
'
讲
知识
错
题
'
页面
AI
自动
展示
第一
道
问题
",
   
 "
test
_module
":
 "
交互
流程
",
   
 "
pre
conditions
":
 [
     
 "
学员
首次
进入
当前
课程的
'
第五
步
 讲
知识
错
题
'
页面
",
     
 "
学员
存在
错
题
或
正确
题目
"
   
 ],
   
 "
steps
":
 [
     
 "
进入
'
第五
步
 讲
知识
错
题
'
页面
",
     
 "
观察
提问
展示
区
内容
"
   
 ],
   
 "
test
_input
":
 "
首次
进入
页面
",
   
 "
expected
_result
":
 "
无需
学员
手动
触发
，
AI
自动
在
对话框
中
展示
第一
道
问题
",
   
 "
priority
":
 "
P
1
"
 
 }
]
```
GEN_DIAG:{"kind": "stream_batch_token_usage", "project_id": 8, "request_id": "ce50b4223f544067b22d494b031b2d66", "current_biz_key": "unknown", "multi_pass": true, "generation_mode": "full_functional_regression", "batch_index": 4, "total_batches": 4, "attempt": 1, "requested_count": 25, "input_tokens": null, "output_tokens": null, "total_tokens": null, "token_source": "unavailable", "token_unavailable_reason": "provider_usage_estimated", "estimate_method": "chars_div_4", "model": "glm-5.1"}

GEN_DIAG:{"kind": "stream_batch_quality", "project_id": 8, "request_id": "ce50b4223f544067b22d494b031b2d66", "current_biz_key": "unknown", "multi_pass": true, "generation_mode": "full_functional_regression", "batch_index": 4, "new_valid_cases_count": 19, "duplicate_rate": 0.0, "non_assertable_count": 0, "low_quality_filtered_count": 0, "coverage_gain_count": 19, "low_gain_detected": false, "low_gain_streak": 0}
@@STATUS@@:[multi-pass] Stage 2/3 gap supplement started...
@@STATUS@@:Gap supplement attempt #1...
```json
[
 
 {
    "id": "
TC-095",
    "description
": "验证综合评分恰好为8
.0分时属于'8分
或以上'区间并
触发'太棒啦'
结果展示",
    "test
_module": "AI评分",
   
 "preconditions": ["
学员完成所有追问交互", "
AI计算综合评分恰好为8.
0分"],
    "steps": ["
1. 学员提交最后一轮回答
", "2. AI计算综合
评分恰好为8.0分
", "3. 观察
页面弹窗提示文案", "4
. 检查按钮展示"],
    "test_input": "综合
评分8.0分
",
    "expected_result":
 "页面提示'太棒啦，
您对知识点的理解非常棒'
，自动停留5秒后显示
'去日清'按钮，8
.0分明确属于'8分
或以上'区间而非
'8分以下'
区间",
    "priority": "P
0"
  },
  {
    "
id": "TC-096
",
    "description": "验证综合
评分略低于8.0分（
如7.9分）时属于
'8分以下'区间
并触发'太遗憾了'
结果展示",
    "test_module":
 "AI评分",
    "pre
conditions": ["学员完成所有追问
交互", "AI计算综合评分略
低于8.0分"],
    "
steps": ["1. 学员
提交最后一轮回答", "2.
 AI计算综合评分7.9
分", "3. 观察
页面弹窗提示文案", "4
. 检查'
联系督导'与'
去日清'按钮展示及突出
程度"],
    "test_input": "
综合评分7.9
分",
    "expected_result": "
页面提示'太遗憾了，
您对知识点理解还需要加深，快
去联系督导老师吧'，'
联系督导'按钮在视觉上比
'去日清'
按钮更突出，7
.9分属于'
8分以下'区间",
    "
priority": "P0"
  },
  {
    "id": "
TC-097",
    "
description": "验证学员在第5轮
确认理解时复述逻辑仍错误
，不触发打分并返回
阶段4重新梳理",
    "test
_module": "AI评分",
    "preconditions": ["
学员与AI已完成4轮对话",
 "进入第5轮确认理解阶段
"],
    "steps": ["
1. 学员在第5轮复
述的解题逻辑仍存在错误",
 "2. 观察
AI是否触发打分功能", "
3. 观察AI的
回复引导方向", "4
. 检查
是否返回阶段4重新
梳理"],
    "test
_input": "学员第5轮回答
中复述的逻辑与题目正确解题
逻辑不符（如仍
混淆概念）",
   
 "expected_result": "
AI不触发打分功能，不
显示评分结果，引导学员返回阶段
4重新梳理逻辑差异，不
出现'满分'或任何
评分展示",
    "priority
": "P1"
  },
  {
    "id": "TC
-098",
    "description":
 "验证学员在第5轮确认理解
时复述逻辑正确，自动触发
打分功能并输出正向反馈",
    "test_module": "
AI评分",
    "preconditions":
 ["学员与AI已完成4轮对话
", "进入第5轮确认
理解阶段"],
    "steps
": ["1. 学员
在第5轮正确复述解题
逻辑并请求确认", "2
. 观察AI是否触发打
分功能", "3.
 检查评分结果展示
", "4.
 检查正向反馈文案输出
"],
    "test_input": "
学员第5轮回答正确复述
解题逻辑（如'汽化
是液态变气态，所以
选B——我这次
理解得没错吧？'
）",
    "expected
_result": "AI自动触发打分
功能，显示综合评分及各维度
得分，并输出正向反馈文案（
如'后续遇到类似题，
记得看状态变化哦〜
'），评分结果页面
正常展示",
    "priority
": "P1"
  }
]
```
@@STATUS@@:Gap supplement attempt #2...
```
json

[
 
 {
   
 "
id
":
 "
TC
-
09
5
",
   
 "
description
":
 "
验证
综合
评分
恰好
为
8
.
0
分
时
触发
'
太
棒
啦
'
通过
逻辑
的
边界
判定
",
   
 "
test
_module
":
 "
AI
评分
",
   
 "
pre
conditions
":
 ["
学员
完成
与
AI
的四
轮
对话
交互
",
 "
AI
计算
综合
评分
恰好
为
8
.
0
分
"],
   
 "
steps
":
 ["
1
.
 学
员
提交
最后一
轮
回答
",
 "
2
.
 AI
计算
综合
评
分为
8
.
0
分
",
 "
3
.
 观
察
页面
弹
窗
提示
及
按钮
",
 "
4
.
 确
认
是否
触发
'
太
棒
啦
'
通过
流程
"],
   
 "
test
_input
":
 "
综合
评分
恰好
8
.
0
分
",
   
 "
expected
_result
":
 "
页面
提示
'
太
棒
啦
，
您
对
知识
点的
理解
非常
棒
'
，
自动
停留
5
秒
后
出现
'
去
日
清
'
按钮
，
按
>=
8
.
0
分
通过
逻辑
处理
，
而非
'
太
遗憾
了
'
流程
",
   
 "
priority
":
 "
P
0
"
 
 },
 
 {
   
 "
id
":
 "
TC
-
09
6
",
   
 "
description
":
 "
验证
AI
评分
服务
异常
或
超
时
时的
错误
处理
与
用户
提示
",
   
 "
test
_module
":
 "
AI
评分
",
   
 "
pre
conditions
":
 ["
学员
已完成
与
AI
的四
轮
对话
交互
",
 "
AI
评分
服务
不可
用
或
响应
超
时
"],
   
 "
steps
":
 ["
1
.
 学
员
提交
最后一
轮
回答
",
 "
2
.
 模
拟
AI
评分
服务
异常
（
网络
中断
或
服务
超
时
）
",
 "
3
.
 观
察
页面
反馈
",
 "
4
.
 检
查
是否有
重
试
机制
或
错误
提示
"],
   
 "
test
_input
":
 "
AI
评分
服务
返回
异常
或
超
时
",
   
 "
expected
_result
":
 "
页面
给出
友
好的
错误
提示
（
如
'
评分
服务
暂时
不可
用
，
请
稍
后
重
试
'
），
不
显示
空白
或
无
响应
状态
，
学员
可
重新
触发
评分
或
保留
对话
内容
待
后续
重
试
",
   
 "
priority
":
 "
P
0
"
 
 },
 
 {
   
 "
id
":
 "
TC
-
09
7
",
   
 "
description
":
 "
验证
AI
评分
仅
使用
修订
版
三
维度
（
思路
准确性
/
步骤
完整性
/
表达
清晰
度
），
不
使用
旧
版
四
维度
",
   
 "
test
_module
":
 "
AI
评分
",
   
 "
pre
conditions
":
 ["
学员
完成
与
AI
的
对话
交互
",
 "
AI
触发
最终
评分
"],
   
 "
steps
":
 ["
1
.
 查
看
AI
评分
结果的
维度
展示
",
 "
2
.
 检
查
是否
包含
'
思路
准确性
'
维度
",
 "
3
.
 检
查
是否
包含
'
步骤
完整性
'
维度
",
 "
4
.
 检
查
是否
包含
'
表达
清晰
度
'
维度
",
 "
5
.
 检
查
是否
不存在
旧
版
'
回答
准确性
（
40
%）
'
维度
",
 "
6
.
 检
查
是否
不存在
旧
版
'
回答
完整性
（
25
分
）
'
维度
",
 "
7
.
 检
查
是否
不存在
旧
版
'
逻辑
性
（
20
分
）
'
维度
",
 "
8
.
 检
查
是否
不存在
旧
版
'
讲解
清晰
度
（
15
分
）
'
维度
"],
   
 "
test
_input
":
 "
学员
完成
正常
对话
交互
",
   
 "
expected
_result
":
 "
评分
结果
仅
展示
思路
准确性
（
0
.
0
-
3
.
0
）、
步骤
完整性
（
0
.
0
-
3
.
0
）、
表达
清晰
度
（
0
.
0
-
4
.
0
）
三个
维度
，
不
出现
旧
版
四
维度
（
回答
准确性
/
回答
完整性
/
逻辑
性
/
讲解
清晰
度
）
的
名称
或
分
值
",
   
 "
priority
":
 "
P
0
"
 
 },
 
 {
   
 "
id
":
 "
TC
-
09
8
",
   
 "
description
":
 "
验证
学员
正确
复
述
逻辑
后
AI
自动
触发
打
分
功能
并
显示
正向
反馈
（
RULE
-
04
1
）
",
   
 "
test
_module
":
 "
AI
评分
",
   
 "
pre
conditions
":
 ["
学员
与
AI
进行
到
第
5
轮
交互
（
确认
理解
阶段
）
",
 "
学员
主动
复
述
正确
逻辑
"],
   
 "
steps
":
 ["
1
.
 学
员
在
对话
中
正确
复
述
解题
逻辑
",
 "
2
.
 观
察
AI
是否
自动
触发
打
分
功能
",
 "
3
.
 检
查
是否
显示
评分
结果
",
 "
4
.
 检
查
是否
输出
正向
反馈
文案
"],
   
 "
test
_input
":
 "
学员
复
述
正确
逻辑
：
'
冰
块
变小
是
固态
变
液
态
不是
液化
，
身上的
水
变
气
态
就是
汽
化
，
所以
选
B
'",
   
 "
expected
_result
":
 "
AI
自动
触发
打
分
功能
，
显示
评分
结果
（
如
满分
或
对应
分数
），
并
输出
正向
反馈
（
如
'
后续
遇到
类似
题
，
记得
看
状态
变化
哦
〜
'
），
无需
学员
额外
操作
触发
评分
",
   
 "
priority
":
 "
P
1
"
 
 },
 
 {
   
 "
id
":
 "
TC
-
09
9
",
   
 "
description
":
 "
验证
学员
复
述
逻辑
错误
时不
触发
打
分
，
返回
上一
阶段
重新
梳理
（
RULE
-
04
1
边界
）
",
   
 "
test
_module
":
 "
AI
评分
",
   
 "
pre
conditions
":
 ["
学员
与
AI
进行
到
第
5
轮
交互
（
确认
理解
阶段
）
",
 "
学员
复
述
的逻辑
仍
存在
错误
"],
   
 "
steps
":
 ["
1
.
 学
员
在
对话
中
复
述
包含
错误的
逻辑
",
 "
2
.
 观
察
AI
是否
触发
打
分
功能
",
 "
3
.
 检
查
AI
是否
引导
返回
上一
阶段
重新
梳理
"],
   
 "
test
_input
":
 "
学员
复
述
错误
逻辑
：
'
冰
块
变小
是
液化
，
所以
选
A
'",
   
 "
expected
_result
":
 "
AI
不
触发
打
分
功能
，
而是
返回
阶段
4
重新
梳理
逻辑
，
继续
通过
追问
引导
学员
纠正
错误
理解
，
直到
逻辑
正确
才
触发
打
分
",
   
 "
priority
":
 "
P
1
"
 
 },
 
 {
   
 "
id
":
 "
TC
-
100
",
   
 "
description
":
 "
验证
综合
评分
小
数
精度
格式
（
保留
一位
小
数
）
的
输出
一致性
",
   
 "
test
_module
":
 "
AI
评分
",
   
 "
pre
conditions
":
 ["
学员
完成
与
AI
的四
轮
对话
交互
",
 "
AI
计算
综合
评分
"],
   
 "
steps
":
 ["
1
.
 学
员
提交
最后一
轮
回答
",
 "
2
.
 查
看
AI
给出的
各
维度
得分
",
 "
3
.
 查
看
综合
评分
的小
数
精度
",
 "
4
.
 验
证
维度
得分
与
综合
评分
的
格式
一致性
"],
   
 "
test
_input
":
 "
学员
回答
部分
正确
，
各
维度
得分
非
整数
",
   
 "
expected
_result
":
 "
各
维度
得分
及
综合
评分
均
保留
一位
小
数
格式
（
如
2
.
5
、
1
.
8
、
3
.
2
，
总分
7
.
5
），
不
出现
多位
小
数
（
如
2
.
53
）
或
整数
无
小
数
位
（
如
3
）
的
格式
不一致
情况
",
   
 "
priority
":
 "
P
1
"
 
 },
 
 {
   
 "
id
":
 "
TC
-
101
",
   
 "
description
":
 "
验证
旧
版
特殊
扣
分
规则
（
字
数
不足
/
答
非
所
问
/
创新
性
加分
）
与
修订
版
三
维度
评分
体系的
兼容
性
",
   
 "
test
_module
":
 "
AI
评分
",
   
 "
pre
conditions
":
 ["
学员
完成
与
AI
的
对话
交互
",
 "
AI
使用
修订
版
三
维度
评分
体系
进行
评分
"],
   
 "
steps
":
 ["
1
.
 学
员
回答
字
数
不足
50
字
",
 "
2
.
 查
看
AI
评分
结果
",
 "
3
.
 检
查
完整
性和
清晰
度
是否
按
扣
50
%
规则
执行
",
 "
4
.
 验
证
扣
分
基准
是否
基于
修订
版
维度
分
值
（
步骤
完整性
3
.
0
分
制
、
表达
清晰
度
4
.
0
分
制
）
"],
   
 "
test
_input
":
 "
学员
回答
字
数为
40
字
但
内容
正确
",
   
 "
expected
_result
":
 "
步骤
完整
性和
表达
清晰
度
维度
按
应
得
分的
50
%
计算
（
如
步骤
完整性
应
得
2
.
0
则
实
得
1
.
0
，
表达
清晰
度
应
得
3
.
0
则
实
得
1
.
5
），
扣
分
基准
为
修订
版
三
维度
分
值
而非
旧
版
四
维度
分
值
",
   
 "
priority
":
 "
P
0
"
 
 },
 
 {
   
 "
id
":
 "
TC
-
102
",
   
 "
description
":
 "
验证
三个
维度
均为
0
.
0
分
时
综合
评
分为
0
.
0
且
触发
最低
分段
鼓励
语
",
   
 "
test
_module
":
 "
AI
评分
",
   
 "
pre
conditions
":
 ["
学员
完成
与
AI
的
对话
交互
",
 "
学员
回答
完全
错误
或
答
非
所
问
"],
   
 "
steps
":
 ["
1
.
 学
员
提交
完全
错误
或
无关
的回答
",
 "
2
.
 查
看
AI
各
维度
评分
",
 "
3
.
 检
查
综合
评分
是否
为
0
.
0
",
 "
4
.
 检
查
是否
触发
0
.
0
-
3
.
9
分
段的
鼓励
语
"],
   
 "
test
_input
":
 "
学员
回答
与
问题
完全
无关
且
字
数
不足
50
字
",
   
 "
expected
_result
":
 "
思路
准确性
0
.
0
分
、
步骤
完整性
0
.
0
分
、
表达
清晰
度
0
.
0
分
，
综合
评分
0
.
0
分
，
页面
显示
'
超
勇敢
！
愿意
尝试
就很
了不起
〜
'
鼓励
语
，
并
触发
'
太
遗憾
了
'
流程
及
'
联系
督导
'
按钮
",
   
 "
priority
":
 "
P
1
"
 
 }
]
```
@@STATUS@@:Gap supplement attempt #3...
```json
[
  {
    "id
": "TC-09
5",
    "description": "
验证综合评分恰好为
8.0分时
属于'通过'阈值
，展示'太棒啦'
主提示与'超优秀
'鼓励语",
   
 "test_module": "
AI评分结果",
    "
preconditions": [
     
 "学员完成所有追问
交互",
      "AI计算
综合评分恰好为8.0
分"
    ],
    "
steps": [
      "1. 学
员提交最后一轮回答，
AI给出综合评分8
.0",
      "2.
 观察页面主提示
文案",
      "3.
 观察页面鼓励语文
案",
      "4.
 检查按钮展示
（'去日清'是否
出现，'联系督导'
是否不出现）",
     
 "5. 等
待5秒观察自动
停留行为"
    ],
    "test
_input": "综合评分8
.0分",
   
 "expected_result": "页面
主提示为'太
棒啦，您对知识
点的理解非常棒'
，鼓励语为'超
优秀！核心思路与步骤
都对，仅细节可
优化〜再注意步骤衔接
的流畅性，下次
就能冲满分，潜力无限
！'，仅展示'去
日清'按钮，不
展示'联系督导'按钮
，页面自动停留5秒",
    "priority": "P
0"
  },
  {
   
 "id": "TC-09
6",
    "description": "
验证综合评分在7.5-
7.9范围时'
太遗憾了'主提示与'
超优秀'鼓励语的
组合展示",
    "
test_module": "AI评分结果",
    "preconditions": [
     
 "学员完成所有追问交互",
     
 "AI计算综合评分在7
.5-7.9
之间（低于8分
但落在'超优秀'
鼓励段）"
   
 ],
    "steps": [
     
 "1. 学员提交最后一
轮回答，AI给出综合评分7
.6分",
     
 "2. 观
察页面主提示文案",
      "3. 观
察页面鼓励语文案",
      "4.
 检查按钮展示
（'联系督导'与
'去日清'
）",
      "5
. 验证'联系
督导'按钮是否比
'去日清'
更突出"
    ],
    "
test_input": "综合评分7
.6分",
   
 "expected_result": "
页面主提示为'太
遗憾了，您对知识点
理解还需要加深，快去
联系督导老师吧'，鼓励
语为'超优秀！
核心思路与步骤都对，仅
细节可优化〜再注意
步骤衔接的流畅性，
下次就能冲满分，潜力
无限！'，同时
展示'联系督导'（
突出）和'去日清
'按钮",
    "
priority": "P1
"
  },
  {
   
 "id": "TC-09
7",
    "description": "
验证AI评分服务异常
（超时/错误
）时结果页面的容
错处理",
    "test_module":
 "AI评分结果",
    "
preconditions": [
     
 "学员完成所有追问交互
",
      "学员点击
'完成'触发AI
评分请求",
      "AI评分
服务出现超时或返回
错误"
    ],
    "steps
": [
      "1
. 学员提交最后一轮
回答",
      "2. AI
评分服务响应超时
或返回错误",
     
 "3. 观察
页面展示的容错提示
",
      "4.
 检查是否有重试
或替代操作入口"
   
 ],
    "test_input": "
AI评分服务超时/错误
",
    "expected_result": "
页面展示友好的错误提示
（如'评分暂时
无法完成，请稍后再试
'），提供重试按钮
或允许学员暂时退出并在
重新进入时继续评分
流程，不出现空白
页或无响应状态
（具体容错文案待
确认）",
    "priority
": "P1"
 
 },
  {
    "id": "
TC-098",
    "
description": "验证综合评分在
8分以下时'
重新讲'按钮的
展示与交互逻辑",
   
 "test_module": "AI评分结果
",
    "preconditions": [
      "学员完成讲
错题交互",
     
 "综合评分低于8分
",
      "结果页面已
展示"
    ],
    "
steps": [
      "1
. 观察结果
页面是否展示'重新
讲'按钮",
      "
2. 点击'重新
讲'按钮",
     
 "3. 观
察是否重新从错题库
抽取不同题目",
     
 "4. 验证
新一轮交互是否正常启动
"
    ],
    "
test_input": "综合
评分5.0分
，点击'重新讲'",
    "expected_result": "
结果页面展示'重新
讲'按钮，点击
后AI重新从错题
库抽取与上次不同的题目，
启动新一轮费曼学习法
交互流程，历史对话记录
保留但新一轮独立计分
",
    "priority": "
P1"
  }
]
```
@@STATUS@@:[multi-pass] Stage 3/3 review selection started...
@@STATUS@@:Full regression shortfall supplement started...
GEN_DIAG:{"kind": "persistence_gate", "passed": false, "gate_mode": "enforce", "blocked": true, "failure_code": "execution_plan_failed", "quality_would_block": false, "execution_plan_would_block": true, "quality_gate": {"passed": true, "failed_checks": [], "priority_final_null_count": 0, "invalid_priority_final_count": 0, "invalid_priority_final_case_ids": [], "non_assertable_expected_result_count": 0, "truncated_text_count": 0, "non_assertable_case_ids": [], "truncated_case_ids": [], "metrics": {"persistable_case_count": 85, "persistable_required_field_missing_count": 0, "persistable_priority_final_invalid_count": 0, "persistable_reasoning_leakage_count": 0, "final_count": 85, "min_acceptable_final": 85, "judge_rejected_count": 2, "final_scenario_duplicate_case_count": 0, "final_flow_misordered_count": 0, "reasoning_leak_count": 0, "role_mismatch_count": 0}, "persistable_required_field_missing_case_ids": [], "persistable_priority_final_invalid_case_ids": [], "persistable_reasoning_leakage_case_ids": []}, "execution_plan_validation": {"passed": false, "failure_code": "execution_plan_failed", "failure_reasons": ["main_smoke_semantic_conflict"], "generation_mode": "full_functional_regression", "metrics": {"final_case_count": 85, "main_smoke_count": 10, "p0_count": 14, "state_field_coverage": 1.0, "workflow_id_missing_count": 0, "workflow_id_missing_rate": 0.0, "state_conflict_count": 0, "semantic_conflict_count": 4, "linear_executable": false, "workflow_blueprint_count": 0, "trusted_workflow_contract_count": 0, "untrusted_workflow_blueprint_count": 0, "workflow_contract_source_types": [], "workflow_blueprint_source": "current_generation_cases", "candidate_blueprint_without_contract_allowed": true, "main_chain_stage_kinds": ["entry", "consume", "entry", "commit", "commit", "commit", "downstream_visibility", "downstream_visibility", "consume", "downstream_visibility"], "commit_step_count": 3, "downstream_or_completion_step_count": 5, "commit_downstream_completion_closed": true}, "state_conflicts": [], "semantic_conflicts": [{"case_id": "TC-007", "reason": "stage_text_lacks_downstream_propagation", "stage_kind": "downstream_visibility", "description": "验证随堂测结果反馈弹窗中'讲知识错题'按钮仅在正确率超过50%时出现"}, {"case_id": "TC-008", "reason": "stage_text_lacks_downstream_propagation", "stage_kind": "downstream_visibility", "description": "验证随堂测结果反馈弹窗中'重学课程'按钮仅在正确率不足50%时出现"}, {"case_id": "TC-010", "reason": "reset_or_abort_case_in_main_smoke", "stage_kind": "downstream_visibility", "description": "验证未完成时重复进入页面保留历史对话内容"}, {"case_id": "TC-010", "reason": "stage_text_lacks_downstream_propagation", "stage_kind": "downstream_visibility", "description": "验证未完成时重复进入页面保留历史对话内容"}]}, "request_id": "ce50b4223f544067b22d494b031b2d66", "project_id": 8}
GEN_DIAG:{"kind": "generation_summary", "recommended_range": "80-120", "generation_coverage_mode": "full_functional_regression", "expected_count": 100, "expected_count_explicit": true, "recommended_min": 80, "recommended_max": 120, "target_final_count": 100, "soft_min_count": 80, "hard_min_count": 85, "min_acceptable_final": 85, "target_satisfaction_ratio": 0.85, "underfilled": false, "underfill_level": "", "underfill_reason": "", "underfill_root_cause": "", "final_count": 85, "status": "completed_with_quality_stop", "stop_reason": ["stopped_due_to_diminishing_returns"], "quality_assessment": "medium", "needs_priority_review": false, "priority_conflict_count": 0, "priority_undetermined_count": 0, "priority_optional_count": 0, "final_priority_breakdown": {"P0": 14, "P1": 44, "P2": 27}, "final_execution_group_breakdown": {"main_smoke": 10, "display": 41, "independent_functional": 22, "boundary": 7, "exception": 5}, "final_module_breakdown_top": {"AI提问逻辑": 12, "AI评分": 11, "AI评分结果": 4, "引导流程": 4, "督导端": 4, "随堂测结果反馈": 4, "AI交互异常处理": 3, "AI提问交互流程": 3, "交互流程": 3, "入口与导航": 3, "督导端-学员列表": 3, "督导端状态矩阵": 3, "评分结果展示": 3, "重复进入与状态流转": 3, "AI追问逻辑": 2, "状态流转一致性": 2, "督导端查看": 2, "评分与结果反馈": 2, "评分逻辑": 2, "AI提问交互": 1}, "final_display_case_count": 17, "final_display_ratio": 0.2, "final_high_priority_ratio": 0.6824, "request_id": "ce50b4223f544067b22d494b031b2d66", "project_id": 8, "multi_pass": true, "generation_mode": "full_functional_regression"}
GEN_DIAG:{"kind": "generation_convergence", "suggested_count": 100, "final_count": 85, "reference_gap": 15, "converged": false, "duplication_rate_estimate": 0.1414141414141414, "primary_count": 94, "gap_count": 16, "review_count": 99, "candidate_count_before_review": 110, "review_selected_count": 99, "post_review_dedup_drop": 14, "judge_reject_count": 2, "judge_pending_count": 1, "judge_pass_count": 96, "final_input_count": 96, "final_output_count": 85, "final_non_judge_drop_count": 11, "scenario_duplicate_pruned_count": 0, "post_review_dedup_reorder_drop_count": 11, "final_description_dedup_drop_count": 0, "total_dedup_drop_count": 14, "gap_attempts": 3, "gap_remaining_after_attempts": 6, "missing_rules_count": 5, "missing_types_exists": true, "low_quality_dropped_count": 2, "low_quality_dropped_examples": [{"stage": "post_judge_quality_filter", "reason": "non_assertable_expected_result", "case_id": "TC-043", "test_module": "AI评分结果", "priority": "P0", "description": "验证AI评分服务异常（超时/错误）时结果页面的容错处理", "expected_result": "执行检查是否有重试或替代操作入口后，应成功完成AI评分服务异常（超时/错误）时结果页面的容错处理，且后续查询可验证结果"}, {"stage": "post_judge_quality_filter", "reason": "non_assertable_expected_result", "case_id": "TC-071", "test_module": "AI交互流程", "priority": "P0", "description": "验证学员点击'完成'按钮提交回答的交互逻辑", "expected_result": "回答内容提交成功，AI根据回答内容进行追问或进入评分环节"}], "postprocess_filter_drop_total": 2, "semantic_dedup_dropped_count": 0, "governance_hard_drop_count": 0, "duplicate_pruned_count": 14, "invalid_pruned_count": 2, "quality_rejected_count": 4, "review_selector_pruned_count": 0, "valid_unique_candidate_count": 110, "expected_count": 100, "expected_count_explicit": true, "recommended_min": 80, "recommended_max": 120, "target_final_count": 100, "soft_min_count": 80, "hard_min_count": 85, "min_acceptable_final": 85, "target_satisfaction_ratio": 0.85, "underfilled": false, "underfill_level": "", "underfill_reason": "", "underfill_root_cause": "", "append_target_count": 0, "append_final_cap_count": 0, "append_cap_drop_count": 0, "flow_governance": {"applied": true, "reason": "", "scenario_policy_registry_version": 1, "scenario_policy_registered_count": 93, "scenario_policy_candidate_count": 0, "scenario_policy_pending_candidate_count": 0, "domain_policy_registered_count": 4, "scenario_policy_domains": {"ai_wrong_question_teaching": 10, "recent_course_scheduling": 7, "essay_writing": 23, "course_access": 2, "general": 51}, "scenario_policy_sources": {"manual_seed": 1, "registry": 16, "legacy_duplicate_policy": 19, "legacy_coverage_pattern": 28, "legacy_judge_duplicate_policy": 29}, "scenario_policy_documents": ["讲错题接入AI.pdf"], "flow_reordered": false, "flow_order": ["stage:入口与导航", "stage:课程信息区", "stage:课程信息区交互", "stage:界面展示", "stage:交互", "stage:督导端", "stage:随堂测结果反馈", "stage:引导", "stage:ai评分", "stage:ai提问交互", "stage:ai提问内容约束", "stage:ai提问逻辑", "stage:评分逻辑", "stage:评分逻辑边界", "stage:ai追问逻辑", "stage:评分结果展示", "stage:ai评分结果", "stage:状态流转一致性", "stage:评分与结果反馈", "stage:评分结果交互", "stage:跨模块交互", "stage:督导端状态矩阵", "stage:督导端查看", "stage:督导端跨模块联动", "stage:重复进入与状态流转", "stage:导航与跳转", "stage:督导端核心"], "cross_cutting_order": ["stage:ai交互异常处理"], "scenario_duplicate_pruned_count": 0, "scenario_duplicate_pruned_indices": [], "scenario_cap_policy": {}, "scenario_duplicate_cluster_count": 30, "flow_misordered_count_before": 3, "missing_flow_stage_count": 0, "registry_impact": {"registry_version": 1, "total_policies_available": 93, "candidate_policies_active": 0, "candidate_policies_pending": 0, "scenario_kinds_seen": {"": 1, "title_format": 3, "ai_supervisor_detail_button_state": 21, "workflow_navigation": 11, "ai_print_dialog": 1, "semantic": 2, "quiz_result_action_navigation": 4, "feedback": 5, "manual_correction": 2, "print_export": 1, "filter_toggle": 1, "ai_recording_input_state": 2, "ai_score_popup_threshold": 9, "load_failure": 1, "ai_teacher_score_conversion": 1, "ai_answer_irrelevant_score_zero": 2, "generation_trigger": 3, "statistics": 2, "source_consistency": 4, "ai_direct_answer_guard": 1, "sorting_limit": 1, "ai_short_answer_score_boundary": 2, "network_error": 1, "report_comment_ai": 2, "ai_completed_reentry_readonly": 2}, "policies_matched": [{"key": "title_format", "domain": "general", "source": "legacy_coverage_pattern", "specific": false, "default_cap": 1, "mode_cap": null, "cross_module": false, "judge_duplicate": false, "judge_threshold": {"score": 0.2, "overlap": 5}, "status": "active"}, {"key": "ai_supervisor_detail_button_state", "domain": "ai_wrong_question_teaching", "source": "registry", "specific": true, "default_cap": 1, "mode_cap": null, "cross_module": true, "judge_duplicate": false, "judge_threshold": {"score": 0.2, "overlap": 5}, "status": "active"}, {"key": "workflow_navigation", "domain": "general", "source": "legacy_coverage_pattern", "specific": false, "default_cap": 2, "mode_cap": null, "cross_module": false, "judge_duplicate": false, "judge_threshold": {"score": 0.2, "overlap": 5}, "status": "active"}, {"key": "ai_print_dialog", "domain": "ai_wrong_question_teaching", "source": "registry", "specific": true, "default_cap": 1, "mode_cap": null, "cross_module": true, "judge_duplicate": false, "judge_threshold": {"score": 0.2, "overlap": 5}, "status": "active"}, {"key": "quiz_result_action_navigation", "domain": "ai_wrong_question_teaching", "source": "registry", "specific": true, "default_cap": 2, "mode_cap": null, "cross_module": true, "judge_duplicate": false, "judge_threshold": {"score": 0.2, "overlap": 5}, "status": "active"}, {"key": "feedback", "domain": "general", "source": "legacy_coverage_pattern", "specific": false, "default_cap": 1, "mode_cap": null, "cross_module": false, "judge_duplicate": false, "judge_threshold": {"score": 0.2, "overlap": 5}, "status": "active"}, {"key": "manual_correction", "domain": "general", "source": "legacy_coverage_pattern", "specific": false, "default_cap": 2, "mode_cap": null, "cross_module": false, "judge_duplicate": false, "judge_threshold": {"score": 0.2, "overlap": 5}, "status": "active"}, {"key": "print_export", "domain": "general", "source": "legacy_coverage_pattern", "specific": false, "default_cap": 1, "mode_cap": null, "cross_module": false, "judge_duplicate": false, "judge_threshold": {"score": 0.2, "overlap": 5}, "status": "active"}, {"key": "filter_toggle", "domain": "general", "source": "legacy_coverage_pattern", "specific": false, "default_cap": 1, "mode_cap": null, "cross_module": false, "judge_duplicate": false, "judge_threshold": {"score": 0.2, "overlap": 5}, "status": "active"}, {"key": "ai_recording_input_state", "domain": "ai_wrong_question_teaching", "source": "registry", "specific": true, "default_cap": 2, "mode_cap": null, "cross_module": true, "judge_duplicate": false, "judge_threshold": {"score": 0.2, "overlap": 5}, "status": "active"}, {"key": "ai_score_popup_threshold", "domain": "ai_wrong_question_teaching", "source": "registry", "specific": true, "default_cap": 2, "mode_cap": null, "cross_module": true, "judge_duplicate": false, "judge_threshold": {"score": 0.2, "overlap": 5}, "status": "active"}, {"key": "load_failure", "domain": "general", "source": "legacy_coverage_pattern", "specific": false, "default_cap": 1, "mode_cap": null, "cross_module": false, "judge_duplicate": false, "judge_threshold": {"score": 0.2, "overlap": 5}, "status": "active"}, {"key": "ai_teacher_score_conversion", "domain": "ai_wrong_question_teaching", "source": "registry", "specific": true, "default_cap": 2, "mode_cap": null, "cross_module": true, "judge_duplicate": false, "judge_threshold": {"score": 0.2, "overlap": 5}, "status": "active"}, {"key": "ai_answer_irrelevant_score_zero", "domain": "ai_wrong_question_teaching", "source": "manual_seed", "specific": true, "default_cap": 1, "mode_cap": null, "cross_module": true, "judge_duplicate": true, "judge_threshold": {"score": 0.2, "overlap": 5}, "status": "active"}, {"key": "generation_trigger", "domain": "general", "source": "legacy_coverage_pattern", "specific": false, "default_cap": 1, "mode_cap": null, "cross_module": false, "judge_duplicate": false, "judge_threshold": {"score": 0.2, "overlap": 5}, "status": "active"}, {"key": "statistics", "domain": "general", "source": "legacy_coverage_pattern", "specific": false, "default_cap": 2, "mode_cap": null, "cross_module": false, "judge_duplicate": false, "judge_threshold": {"score": 0.2, "overlap": 5}, "status": "active"}, {"key": "source_consistency", "domain": "general", "source": "legacy_coverage_pattern", "specific": false, "default_cap": 1, "mode_cap": null, "cross_module": false, "judge_duplicate": false, "judge_threshold": {"score": 0.2, "overlap": 5}, "status": "active"}, {"key": "ai_direct_answer_guard", "domain": "ai_wrong_question_teaching", "source": "registry", "specific": true, "default_cap": 1, "mode_cap": null, "cross_module": true, "judge_duplicate": false, "judge_threshold": {"score": 0.2, "overlap": 5}, "status": "active"}, {"key": "sorting_limit", "domain": "general", "source": "legacy_coverage_pattern", "specific": false, "default_cap": 1, "mode_cap": null, "cross_module": false, "judge_duplicate": false, "judge_threshold": {"score": 0.2, "overlap": 5}, "status": "active"}, {"key": "ai_short_answer_score_boundary", "domain": "ai_wrong_question_teaching", "source": "registry", "specific": true, "default_cap": 2, "mode_cap": null, "cross_module": true, "judge_duplicate": false, "judge_threshold": {"score": 0.2, "overlap": 5}, "status": "active"}, {"key": "network_error", "domain": "general", "source": "legacy_coverage_pattern", "specific": false, "default_cap": 1, "mode_cap": null, "cross_module": false, "judge_duplicate": false, "judge_threshold": {"score": 0.2, "overlap": 5}, "status": "active"}, {"key": "report_comment_ai", "domain": "general", "source": "legacy_judge_duplicate_policy", "specific": false, "default_cap": 1, "mode_cap": null, "cross_module": false, "judge_duplicate": true, "judge_threshold": {"score": 0.2, "overlap": 5}, "status": "active"}, {"key": "ai_completed_reentry_readonly", "domain": "ai_wrong_question_teaching", "source": "registry", "specific": true, "default_cap": 1, "mode_cap": null, "cross_module": true, "judge_duplicate": false, "judge_threshold": {"score": 0.2, "overlap": 5}, "status": "active"}], "caps_applied": {"title_format": 1, "ai_supervisor_detail_button_state": 1, "workflow_navigation": 2, "ai_print_dialog": 1, "quiz_result_action_navigation": 2, "feedback": 1, "manual_correction": 2, "print_export": 1, "filter_toggle": 1, "ai_recording_input_state": 2, "ai_score_popup_threshold": 2, "load_failure": 1, "ai_teacher_score_conversion": 2, "ai_answer_irrelevant_score_zero": 1, "generation_trigger": 1, "statistics": 2, "source_consistency": 1, "ai_direct_answer_guard": 1, "sorting_limit": 1, "ai_short_answer_score_boundary": 2, "network_error": 1, "report_comment_ai": 1, "ai_completed_reentry_readonly": 1}, "judge_thresholds_used": {}, "cross_module_policies_in_effect": ["ai_answer_irrelevant_score_zero", "ai_completed_reentry_readonly", "ai_direct_answer_guard", "ai_print_dialog", "ai_recording_input_state", "ai_score_popup_threshold", "ai_short_answer_score_boundary", "ai_supervisor_detail_button_state", "ai_teacher_score_conversion", "delete_restore_unsubmitted", "essay_empty_state", "essay_submission_success_state", "featured_sorting", "free_first_lesson", "my_essay_limit", "nonlinear_course_unlock", "pdf_download_content", "quiz_result_action_navigation", "schedule_analytics_event", "schedule_auto_course_selection", "schedule_fast_forward_answer_control", "schedule_lesson_time_shift", "schedule_plan_edit_lifecycle", "schedule_task_card_display", "schedule_week_progress_empty", "secret_overlay"]}, "relaxed_for_floor_backfill": true}, "needs_priority_review": false, "priority_conflict_count": 0, "priority_undetermined_count": 0, "priority_optional_count": 0, "reasons": ["coverage_gap_still_exists", "gap_attempt_limit_reached", "coverage_missing_rules", "coverage_missing_types", "dedup_reduced_count_stop", "no_backfill_after_dedup", "low_quality_filtered"], "generation_coverage_mode": "full_functional_regression", "generation_target_case_range": {"min": 80, "max": 120}, "request_id": "ce50b4223f544067b22d494b031b2d66", "project_id": 8, "multi_pass": true, "generation_mode": "full_functional_regression"}
GEN_DIAG:{"kind": "review_decision_summary", "candidate_total": 110, "retained_total": 85, "dropped_total": 25, "flow_order": ["stage:入口与导航", "stage:课程信息区", "stage:课程信息区交互", "stage:界面展示", "stage:交互", "stage:督导端", "stage:随堂测结果反馈", "stage:引导", "stage:ai评分", "stage:ai评分结果", "stage:评分与结果反馈", "stage:ai交互", "stage:ai提问内容约束", "stage:评分逻辑", "stage:评分结果展示", "stage:督导端核心", "stage:评分结果交互", "stage:状态流转一致性", "stage:跨模块交互", "stage:督导端跨模块联动", "stage:评分逻辑边界", "stage:重复进入与状态流转", "stage:ai提问逻辑", "stage:ai提问交互", "stage:导航与跳转", "stage:督导端状态矩阵", "stage:ai追问逻辑", "stage:督导端查看", "stage:数据存储"], "flow_labels": {"stage:界面展示": "界面展示", "stage:课程信息区": "课程信息区", "stage:交互": "交互", "stage:督导端": "督导端", "stage:随堂测结果反馈": "随堂测结果反馈", "stage:引导": "引导", "stage:ai评分": "AI评分", "stage:ai评分结果": "AI评分结果", "stage:评分与结果反馈": "评分与结果反馈", "stage:ai交互": "AI交互", "stage:ai提问内容约束": "AI提问内容约束", "stage:评分逻辑": "评分逻辑", "stage:评分结果展示": "评分结果展示", "stage:督导端核心": "督导端核心", "stage:评分结果交互": "评分结果交互", "stage:状态流转一致性": "状态流转一致性", "stage:跨模块交互": "跨模块交互", "stage:督导端跨模块联动": "督导端跨模块联动", "stage:评分逻辑边界": "评分逻辑边界", "stage:重复进入与状态流转": "重复进入与状态流转", "stage:ai提问逻辑": "AI提问逻辑", "stage:ai提问交互": "AI提问交互", "stage:导航与跳转": "导航与跳转", "stage:督导端状态矩阵": "督导端状态矩阵", "stage:ai追问逻辑": "AI追问逻辑", "stage:课程信息区交互": "课程信息区交互", "stage:入口与导航": "入口与导航", "stage:督导端查看": "督导端查看", "stage:数据存储": "数据存储"}, "flow_stage_breakdown": {"stage:ai评分": 14, "stage:ai评分结果": 5, "stage:评分与结果反馈": 2, "stage:ai交互": 4, "stage:ai提问内容约束": 1, "stage:评分逻辑": 5, "stage:评分结果展示": 6, "stage:督导端核心": 1, "stage:评分结果交互": 1, "stage:状态流转一致性": 2, "stage:跨模块交互": 1, "stage:督导端跨模块联动": 1, "stage:评分逻辑边界": 3, "stage:重复进入与状态流转": 3, "stage:ai提问逻辑": 18, "stage:ai提问交互": 4, "stage:导航与跳转": 1, "stage:督导端": 9, "stage:随堂测结果反馈": 4, "stage:督导端状态矩阵": 3, "stage:ai追问逻辑": 6, "stage:课程信息区交互": 1, "stage:交互": 3, "stage:引导": 4, "stage:入口与导航": 3, "stage:界面展示": 1, "stage:督导端查看": 2, "stage:数据存储": 1, "stage:课程信息区": 1}, "flow_missing_stages": [], "flow_missing_stage_count": 0, "flow_misordered_count": 75, "scenario_duplicate_cluster_count": 35, "scenario_duplicate_case_count": 93, "scenario_duplicate_clusters": [{"cluster_id": "SC-001", "scenario_key": "global:ai_answer_irrelevant_score_zero", "group_type": "scenario", "size": 8, "first_case_id": "TC-059", "candidate_indices": [1, 6, 17, 20, 27, 32, 46, 49]}, {"cluster_id": "SC-002", "scenario_key": "global:ai_score_popup_threshold", "group_type": "scenario", "size": 9, "first_case_id": "TC-096", "candidate_indices": [2, 10, 11, 18, 19, 42, 43, 48, 52]}, {"cluster_id": "SC-003", "scenario_key": "stage:ai评分结果:intent:submit:评分结果_验证_证综:toast", "group_type": "intent", "size": 2, "first_case_id": "TC-096", "candidate_indices": [2, 42]}, {"cluster_id": "SC-004", "scenario_key": "stage:ai评分:feedback:obj:评分_验证_证学", "group_type": "scenario", "size": 2, "first_case_id": "TC-098", "candidate_indices": [3, 5]}, {"cluster_id": "SC-005", "scenario_key": "stage:ai评分:intent:observe:评分_验证_证学:navigate", "group_type": "intent", "size": 2, "first_case_id": "TC-097", "candidate_indices": [4, 13]}, {"cluster_id": "SC-006", "scenario_key": "stage:评分与结果反馈:intent:submit:评分_分与_与结:toast", "group_type": "intent", "size": 2, "first_case_id": "TC-011", "candidate_indices": [11, 19]}, {"cluster_id": "SC-007", "scenario_key": "global:ai_supervisor_detail_button_state", "group_type": "scenario", "size": 23, "first_case_id": "TC-073", "candidate_indices": [12, 21, 24, 25, 51, 53, 56, 57, 58, 59, 77, 79, 80, 81, 82, 86, 88, 91, 94, 95, 98, 102, 110]}, {"cluster_id": "SC-008", "scenario_key": "global:ai_short_answer_score_boundary", "group_type": "scenario", "size": 3, "first_case_id": "TC-088", "candidate_indices": [16, 30, 31]}, {"cluster_id": "SC-009", "scenario_key": "global:ai_completed_reentry_readonly", "group_type": "scenario", "size": 2, "first_case_id": "TC-013", "candidate_indices": [23, 28]}, {"cluster_id": "SC-010", "scenario_key": "stage:评分逻辑边界:intent:submit:评分_分逻_逻辑:content", "group_type": "intent", "size": 3, "first_case_id": "TC-025", "candidate_indices": [26, 31, 32]}, {"cluster_id": "SC-011", "scenario_key": "stage:重复进入与状态流转:intent:open:重复_复进_进入:content", "group_type": "intent", "size": 2, "first_case_id": "TC-081", "candidate_indices": [28, 102]}, {"cluster_id": "SC-012", "scenario_key": "stage:ai提问逻辑:intent:open:提问逻辑_验证_证学:content", "group_type": "intent", "size": 2, "first_case_id": "TC-023", "candidate_indices": [29, 108]}, {"cluster_id": "SC-013", "scenario_key": "stage:ai提问逻辑:title_format:obj:提问逻辑_验证_提问", "group_type": "scenario", "size": 2, "first_case_id": "TC-039", "candidate_indices": [33, 93]}, {"cluster_id": "SC-014", "scenario_key": "stage:ai提问逻辑:intent:observe:提问逻辑_验证_提问:content", "group_type": "intent", "size": 5, "first_case_id": "TC-039", "candidate_indices": [33, 92, 93, 101, 109]}, {"cluster_id": "SC-015", "scenario_key": "stage:ai提问逻辑:intent:observe:提问逻辑_验证_回复:content", "group_type": "intent", "size": 3, "first_case_id": "TC-048", "candidate_indices": [34, 35, 36]}, {"cluster_id": "SC-016", "scenario_key": "global:ai_direct_answer_guard", "group_type": "scenario", "size": 2, "first_case_id": "TC-049", "candidate_indices": [35, 72]}, {"cluster_id": "SC-017", "scenario_key": "stage:评分结果展示:report_comment_ai:obj:评分_分结_结果", "group_type": "scenario", "size": 5, "first_case_id": "TC-043", "candidate_indices": [37, 38, 39, 40, 41]}, {"cluster_id": "SC-018", "scenario_key": "stage:ai评分:intent:submit:评分_验证_证综:toast", "group_type": "intent", "size": 3, "first_case_id": "TC-095", "candidate_indices": [43, 48, 52]}, {"cluster_id": "SC-019", "scenario_key": "global:quiz_result_action_navigation", "group_type": "scenario", "size": 4, "first_case_id": "TC-075", "candidate_indices": [47, 67, 83, 89]}, {"cluster_id": "SC-020", "scenario_key": "stage:督导端:intent:open:督导端_验证_证督:content", "group_type": "intent", "size": 3, "first_case_id": "TC-067", "candidate_indices": [50, 60, 81]}], "final_flow_stage_breakdown": {"stage:入口与导航": 2, "stage:课程信息区": 1, "stage:课程信息区交互": 1, "stage:界面展示": 1, "stage:交互": 6, "stage:督导端": 8, "stage:随堂测结果反馈": 2, "stage:引导": 3, "stage:ai评分": 10, "stage:ai追问逻辑": 2, "stage:评分逻辑边界": 1, "stage:ai提问逻辑": 12, "stage:评分逻辑": 2, "stage:ai提问内容约束": 1, "stage:督导端跨模块联动": 1, "stage:ai提问交互": 4, "stage:状态流转一致性": 2, "stage:跨模块交互": 1, "stage:重复进入与状态流转": 2, "stage:ai评分结果": 4, "stage:督导端查看": 2, "stage:督导端状态矩阵": 3, "stage:评分结果展示": 3, "stage:督导端核心": 1}, "final_flow_missing_stages": [], "final_flow_missing_stage_count": 0, "final_flow_misordered_count": 0, "final_scenario_duplicate_cluster_count": 0, "final_scenario_duplicate_case_count": 0, "final_scenario_duplicate_clusters": [], "final_scenario_duplicate_raw_cluster_count": 30, "final_scenario_duplicate_raw_case_count": 63, "final_reasoning_leakage_case_count": 0, "final_order_flow_governance": {"applied": true, "reason": "", "scenario_policy_registry_version": 1, "scenario_policy_registered_count": 93, "scenario_policy_candidate_count": 0, "scenario_policy_pending_candidate_count": 0, "domain_policy_registered_count": 4, "scenario_policy_domains": {"ai_wrong_question_teaching": 10, "recent_course_scheduling": 7, "essay_writing": 23, "course_access": 2, "general": 51}, "scenario_policy_sources": {"manual_seed": 1, "registry": 16, "legacy_duplicate_policy": 19, "legacy_coverage_pattern": 28, "legacy_judge_duplicate_policy": 29}, "scenario_policy_documents": ["讲错题接入AI.pdf"], "flow_reordered": true, "flow_order": ["stage:入口与导航", "stage:课程信息区", "stage:课程信息区交互", "stage:界面展示", "stage:交互", "stage:督导端", "stage:随堂测结果反馈", "stage:引导", "stage:ai评分", "stage:ai追问逻辑", "stage:评分逻辑边界", "stage:ai提问逻辑", "stage:评分逻辑", "stage:ai提问内容约束", "stage:督导端跨模块联动", "stage:ai提问交互", "stage:状态流转一致性", "stage:跨模块交互", "stage:重复进入与状态流转", "stage:ai评分结果", "stage:督导端查看", "stage:督导端状态矩阵", "stage:评分结果展示", "stage:督导端核心"], "cross_cutting_order": ["stage:ai交互异常处理"], "scenario_duplicate_pruned_count": 0, "scenario_duplicate_pruned_indices": [], "scenario_cap_policy": {}, "scenario_duplicate_cluster_count": 27, "flow_misordered_count_before": 0, "missing_flow_stage_count": 0, "registry_impact": {"registry_version": 1, "total_policies_available": 93, "candidate_policies_active": 0, "candidate_policies_pending": 0, "scenario_kinds_seen": {"": 1, "feedback": 6, "load_failure": 1, "network_error": 1, "ai_short_answer_score_boundary": 2, "statistics": 2, "ai_score_popup_threshold": 7, "ai_answer_irrelevant_score_zero": 2, "title_format": 2, "generation_trigger": 3, "print_export": 1, "ai_supervisor_detail_button_state": 17, "ai_recording_input_state": 2, "source_consistency": 4, "sorting_limit": 1, "ai_teacher_score_conversion": 1, "workflow_navigation": 10, "ai_completed_reentry_readonly": 2, "manual_correction": 2, "quiz_result_action_navigation": 2, "ai_direct_answer_guard": 1, "report_comment_ai": 2, "filter_toggle": 1, "ai_print_dialog": 1, "semantic": 1}, "policies_matched": [{"key": "feedback", "domain": "general", "source": "legacy_coverage_pattern", "specific": false, "default_cap": 1, "mode_cap": null, "cross_module": false, "judge_duplicate": false, "judge_threshold": {"score": 0.2, "overlap": 5}, "status": "active"}, {"key": "load_failure", "domain": "general", "source": "legacy_coverage_pattern", "specific": false, "default_cap": 1, "mode_cap": null, "cross_module": false, "judge_duplicate": false, "judge_threshold": {"score": 0.2, "overlap": 5}, "status": "active"}, {"key": "network_error", "domain": "general", "source": "legacy_coverage_pattern", "specific": false, "default_cap": 1, "mode_cap": null, "cross_module": false, "judge_duplicate": false, "judge_threshold": {"score": 0.2, "overlap": 5}, "status": "active"}, {"key": "ai_short_answer_score_boundary", "domain": "ai_wrong_question_teaching", "source": "registry", "specific": true, "default_cap": 2, "mode_cap": null, "cross_module": true, "judge_duplicate": false, "judge_threshold": {"score": 0.2, "overlap": 5}, "status": "active"}, {"key": "statistics", "domain": "general", "source": "legacy_coverage_pattern", "specific": false, "default_cap": 2, "mode_cap": null, "cross_module": false, "judge_duplicate": false, "judge_threshold": {"score": 0.2, "overlap": 5}, "status": "active"}, {"key": "ai_score_popup_threshold", "domain": "ai_wrong_question_teaching", "source": "registry", "specific": true, "default_cap": 2, "mode_cap": null, "cross_module": true, "judge_duplicate": false, "judge_threshold": {"score": 0.2, "overlap": 5}, "status": "active"}, {"key": "ai_answer_irrelevant_score_zero", "domain": "ai_wrong_question_teaching", "source": "manual_seed", "specific": true, "default_cap": 1, "mode_cap": null, "cross_module": true, "judge_duplicate": true, "judge_threshold": {"score": 0.2, "overlap": 5}, "status": "active"}, {"key": "title_format", "domain": "general", "source": "legacy_coverage_pattern", "specific": false, "default_cap": 1, "mode_cap": null, "cross_module": false, "judge_duplicate": false, "judge_threshold": {"score": 0.2, "overlap": 5}, "status": "active"}, {"key": "generation_trigger", "domain": "general", "source": "legacy_coverage_pattern", "specific": false, "default_cap": 1, "mode_cap": null, "cross_module": false, "judge_duplicate": false, "judge_threshold": {"score": 0.2, "overlap": 5}, "status": "active"}, {"key": "print_export", "domain": "general", "source": "legacy_coverage_pattern", "specific": false, "default_cap": 1, "mode_cap": null, "cross_module": false, "judge_duplicate": false, "judge_threshold": {"score": 0.2, "overlap": 5}, "status": "active"}, {"key": "ai_supervisor_detail_button_state", "domain": "ai_wrong_question_teaching", "source": "registry", "specific": true, "default_cap": 1, "mode_cap": null, "cross_module": true, "judge_duplicate": false, "judge_threshold": {"score": 0.2, "overlap": 5}, "status": "active"}, {"key": "ai_recording_input_state", "domain": "ai_wrong_question_teaching", "source": "registry", "specific": true, "default_cap": 2, "mode_cap": null, "cross_module": true, "judge_duplicate": false, "judge_threshold": {"score": 0.2, "overlap": 5}, "status": "active"}, {"key": "source_consistency", "domain": "general", "source": "legacy_coverage_pattern", "specific": false, "default_cap": 1, "mode_cap": null, "cross_module": false, "judge_duplicate": false, "judge_threshold": {"score": 0.2, "overlap": 5}, "status": "active"}, {"key": "sorting_limit", "domain": "general", "source": "legacy_coverage_pattern", "specific": false, "default_cap": 1, "mode_cap": null, "cross_module": false, "judge_duplicate": false, "judge_threshold": {"score": 0.2, "overlap": 5}, "status": "active"}, {"key": "ai_teacher_score_conversion", "domain": "ai_wrong_question_teaching", "source": "registry", "specific": true, "default_cap": 2, "mode_cap": null, "cross_module": true, "judge_duplicate": false, "judge_threshold": {"score": 0.2, "overlap": 5}, "status": "active"}, {"key": "workflow_navigation", "domain": "general", "source": "legacy_coverage_pattern", "specific": false, "default_cap": 2, "mode_cap": null, "cross_module": false, "judge_duplicate": false, "judge_threshold": {"score": 0.2, "overlap": 5}, "status": "active"}, {"key": "ai_completed_reentry_readonly", "domain": "ai_wrong_question_teaching", "source": "registry", "specific": true, "default_cap": 1, "mode_cap": null, "cross_module": true, "judge_duplicate": false, "judge_threshold": {"score": 0.2, "overlap": 5}, "status": "active"}, {"key": "manual_correction", "domain": "general", "source": "legacy_coverage_pattern", "specific": false, "default_cap": 2, "mode_cap": null, "cross_module": false, "judge_duplicate": false, "judge_threshold": {"score": 0.2, "overlap": 5}, "status": "active"}, {"key": "quiz_result_action_navigation", "domain": "ai_wrong_question_teaching", "source": "registry", "specific": true, "default_cap": 2, "mode_cap": null, "cross_module": true, "judge_duplicate": false, "judge_threshold": {"score": 0.2, "overlap": 5}, "status": "active"}, {"key": "ai_direct_answer_guard", "domain": "ai_wrong_question_teaching", "source": "registry", "specific": true, "default_cap": 1, "mode_cap": null, "cross_module": true, "judge_duplicate": false, "judge_threshold": {"score": 0.2, "overlap": 5}, "status": "active"}, {"key": "report_comment_ai", "domain": "general", "source": "legacy_judge_duplicate_policy", "specific": false, "default_cap": 1, "mode_cap": null, "cross_module": false, "judge_duplicate": true, "judge_threshold": {"score": 0.2, "overlap": 5}, "status": "active"}, {"key": "filter_toggle", "domain": "general", "source": "legacy_coverage_pattern", "specific": false, "default_cap": 1, "mode_cap": null, "cross_module": false, "judge_duplicate": false, "judge_threshold": {"score": 0.2, "overlap": 5}, "status": "active"}, {"key": "ai_print_dialog", "domain": "ai_wrong_question_teaching", "source": "registry", "specific": true, "default_cap": 1, "mode_cap": null, "cross_module": true, "judge_duplicate": false, "judge_threshold": {"score": 0.2, "overlap": 5}, "status": "active"}], "caps_applied": {"feedback": 1, "load_failure": 1, "network_error": 1, "ai_short_answer_score_boundary": 2, "statistics": 2, "ai_score_popup_threshold": 2, "ai_answer_irrelevant_score_zero": 1, "title_format": 1, "generation_trigger": 1, "print_export": 1, "ai_supervisor_detail_button_state": 1, "ai_recording_input_state": 2, "source_consistency": 1, "sorting_limit": 1, "ai_teacher_score_conversion": 2, "workflow_navigation": 2, "ai_completed_reentry_readonly": 1, "manual_correction": 2, "quiz_result_action_navigation": 2, "ai_direct_answer_guard": 1, "report_comment_ai": 1, "filter_toggle": 1, "ai_print_dialog": 1}, "judge_thresholds_used": {}, "cross_module_policies_in_effect": ["ai_answer_irrelevant_score_zero", "ai_completed_reentry_readonly", "ai_direct_answer_guard", "ai_print_dialog", "ai_recording_input_state", "ai_score_popup_threshold", "ai_short_answer_score_boundary", "ai_supervisor_detail_button_state", "ai_teacher_score_conversion", "delete_restore_unsubmitted", "essay_empty_state", "essay_submission_success_state", "featured_sorting", "free_first_lesson", "my_essay_limit", "nonlinear_course_unlock", "pdf_download_content", "quiz_result_action_navigation", "schedule_analytics_event", "schedule_auto_course_selection", "schedule_fast_forward_answer_control", "schedule_lesson_time_shift", "schedule_plan_edit_lifecycle", "schedule_task_card_display", "schedule_week_progress_empty", "secret_overlay"]}}, "fact_profile_source": "requirement_semantics", "fact_profile_confidence": 0.0, "fact_profile_confirmed_count": 8, "fact_profile_forbidden_count": 0, "fact_profile_pending_count": 0, "project_profile_source": "document_extracted", "project_profile_confidence": 0.0, "flow_governance_applied": true, "flow_reordered": false, "flow_governance_reason": "", "scenario_duplicate_pruned_count": 0, "scenario_duplicate_pruned_indices": [], "execution_plan": {"applied": true, "coverage_mode": "full_functional_regression", "workflow_blueprint_count": 0, "trusted_workflow_contract_count": 0, "plan_workflow_blueprint_count": 1, "workflow_blueprint_source": "current_generation_cases", "linear_executable": false, "linear_scope": "main_smoke_chain_only", "main_chain_case_count": 10, "main_chain_stage_order": ["derived_step_001", "derived_step_002", "derived_step_003", "derived_step_004", "derived_step_005", "derived_step_006", "derived_step_007", "derived_step_008", "derived_step_009", "derived_step_010"], "main_chain_stage_kinds": ["entry", "consume", "entry", "commit", "commit", "commit", "downstream_visibility", "downstream_visibility", "consume", "downstream_visibility"], "main_chain_incomplete_reason": "", "derived_workflow_debug": {"candidate_total": 85, "action_state_candidate_count": 41, "primary_candidate_count": 32, "fallback_candidate_count": 9, "selected_candidate_count": 10, "closure_reason": ""}, "main_chain_excluded_candidates": [{"case_id": "TC-010", "description": "验证督导端学员列表'状态'列的完成标记包含'跟督导沟通跳过的完成'", "stage_key": "", "reason": "display_only"}, {"case_id": "TC-011", "description": "验证督导端学员列表'近期学习计划'列的边界展示：最后课程不展示/未定教材不展示", "stage_key": "", "reason": "boundary_capacity"}, {"case_id": "TC-013", "description": "验证督导端学员列表'学习进度'列的展示逻辑：未开始学习的不展示", "stage_key": "", "reason": "display_only"}, {"case_id": "TC-014", "description": "验证督导端对已完成讲错题环节的学员'查看讲错题讲知识点'按钮高亮可点", "stage_key": "", "reason": "display_only"}, {"case_id": "TC-015", "description": "验证督导端对未完成讲错题环节的学员将'查看讲错题讲知识点'按钮置灰", "stage_key": "", "reason": "blocking_negative"}, {"case_id": "TC-016", "description": "验证督导端对未做过讲错题环节的学员不展示'查看讲错题讲知识点'按钮", "stage_key": "", "reason": "display_only"}, {"case_id": "TC-017", "description": "验证督导端查看详情弹窗展示最近一节课的章节信息", "stage_key": "", "reason": "display_only"}, {"case_id": "TC-019", "description": "验证随堂测结果反馈弹窗中正确率不足50%时不展示'讲知识错题'按钮", "stage_key": "", "reason": "display_only"}, {"case_id": "TC-021", "description": "验证随堂测结果反馈弹窗中'查看解析'按钮点击后停留在当前页面", "stage_key": "", "reason": "display_only"}, {"case_id": "TC-029", "description": "验证综合评分恰好为8.0分时触发'太棒啦'通过逻辑的边界判定", "stage_key": "", "reason": "boundary_capacity"}, {"case_id": "TC-030", "description": "验证AI评分服务异常或超时时的错误处理与用户提示", "stage_key": "", "reason": "blocking_negative"}, {"case_id": "TC-031", "description": "验证纠错有效性扣分规则：学员因教师解释不清再次出现概念错误时每次扣5分", "stage_key": "", "reason": "blocking_negative"}, {"case_id": "TC-032", "description": "验证三个维度均为0.0分时综合评分为0.0且触发最低分段鼓励语", "stage_key": "", "reason": "blocking_negative"}, {"case_id": "TC-033", "description": "验证学员在第5轮确认理解时复述逻辑仍错误，不触发打分并返回阶段4重新梳理", "stage_key": "", "reason": "blocking_negative"}, {"case_id": "TC-034", "description": "验证学员复述逻辑错误时不触发打分，返回上一阶段重新梳理（RULE-041边界）", "stage_key": "", "reason": "boundary_capacity"}, {"case_id": "TC-036", "description": "验证学员正确复述逻辑后AI自动触发打分功能并显示正向反馈（RULE-041）", "stage_key": "", "reason": "display_only"}, {"case_id": "TC-037", "description": "验证AI追问问题在界面上的展示样式", "stage_key": "", "reason": "display_only"}, {"case_id": "TC-043", "description": "验证AI抽取题目的数量边界为1-2道", "stage_key": "", "reason": "boundary_capacity"}, {"case_id": "TC-044", "description": "验证AI提问是否符合'学生角色'的'我以为...因为...'句式约束", "stage_key": "", "reason": "blocking_negative"}, {"case_id": "TC-055", "description": "验证创新性正确答案触发准确性和逻辑性额外加5分的规则", "stage_key": "", "reason": "boundary_capacity"}, {"case_id": "TC-056", "description": "验证回答字数不足50字时的扣分逻辑", "stage_key": "", "reason": "boundary_capacity"}, {"case_id": "TC-057", "description": "验证AI追问逻辑中'重构知识体系'方向的提问内容是否符合规范", "stage_key": "", "reason": "blocking_negative"}, {"case_id": "TC-058", "description": "验证AI追问逻辑中'确认错误表象'方向的提问内容是否符合规范", "stage_key": "", "reason": "blocking_negative"}, {"case_id": "TC-059", "description": "验证综合评分9.0-10.0分段的鼓励语展示", "stage_key": "", "reason": "display_only"}, {"case_id": "TC-060", "description": "验证综合评分7.5-8.9分段的鼓励语展示", "stage_key": "", "reason": "display_only"}, {"case_id": "TC-063", "description": "验证综合评分8分以下页面'联系督导'按钮的突出显示", "stage_key": "", "reason": "display_only"}, {"case_id": "TC-066", "description": "验证学员重复进入已完成的讲错题环节时不可重复打分", "stage_key": "", "reason": "blocking_negative"}, {"case_id": "TC-072", "description": "验证督导端学员列表中'查看讲错题讲知识点'按钮在未完成时的置灰状态", "stage_key": "", "reason": "blocking_negative"}, {"case_id": "TC-073", "description": "验证督导端学员列表'状态'列的完成标记逻辑", "stage_key": "", "reason": "display_only"}, {"case_id": "TC-075", "description": "验证督导端查看详情中的通过/未通过标识展示", "stage_key": "", "reason": "display_only"}, {"case_id": "TC-076", "description": "验证督导端查看详情中的题目与答案展示内容", "stage_key": "", "reason": "display_only"}, {"case_id": "TC-078", "description": "验证已完成讲错题后重复进入不可重复打分", "stage_key": "", "reason": "blocking_negative"}, {"case_id": "TC-082", "description": "验证督导点击'查看讲错题讲知识点'按钮查看详情的展示内容", "stage_key": "", "reason": "display_only"}, {"case_id": "TC-083", "description": "验证异常场景：4轮后学员仍未理解时AI的简化处理逻辑", "stage_key": "", "reason": "blocking_negative"}, {"case_id": "TC-084", "description": "验证异常场景：学员提问无个人理由时AI的二次引导逻辑", "stage_key": "", "reason": "blocking_negative"}, {"case_id": "TC-085", "description": "验证异常场景：学员重复已澄清疑问时AI的引导逻辑", "stage_key": "", "reason": "blocking_negative"}], "independent_case_count": 75, "isolation_case_count": 75, "role_switch_count": 2, "broken_dependency_count": 0, "state_conflict_count": 0, "state_conflicts": [], "selected_stage_state_conflicts": [], "semantic_conflict_count": 4, "semantic_conflicts": [{"case_id": "TC-007", "reason": "stage_text_lacks_downstream_propagation", "stage_kind": "downstream_visibility", "description": "验证随堂测结果反馈弹窗中'讲知识错题'按钮仅在正确率超过50%时出现"}, {"case_id": "TC-008", "reason": "stage_text_lacks_downstream_propagation", "stage_kind": "downstream_visibility", "description": "验证随堂测结果反馈弹窗中'重学课程'按钮仅在正确率不足50%时出现"}, {"case_id": "TC-010", "reason": "reset_or_abort_case_in_main_smoke", "stage_kind": "downstream_visibility", "description": "验证未完成时重复进入页面保留历史对话内容"}, {"case_id": "TC-010", "reason": "stage_text_lacks_downstream_propagation", "stage_kind": "downstream_visibility", "description": "验证未完成时重复进入页面保留历史对话内容"}], "execution_group_breakdown": {"boundary": 7, "display": 41, "exception": 5, "independent_functional": 22, "main_smoke": 10}, "generated_bridge_case_count": 0, "workflow_contract_materialized_case_count": 0, "group_setup": {"boundary": "seed_boundary_dataset()", "display": "seed_display_ready_dataset()", "exception": "enable_fault_injection_for_case()", "independent_functional": "seed_functional_dataset()", "main_smoke": "seed_workflow_blueprint_dataset()"}, "group_teardown": {"boundary": "delete_boundary_dataset()", "display": "delete_display_ready_dataset()", "exception": "disable_fault_injection()", "independent_functional": "cleanup_functional_dataset()", "main_smoke": "cleanup_workflow_blueprint_dataset()"}, "fixture_keys": ["boundary_dataset", "display_ready_dataset", "fault_injection_case", "independent_functional_dataset", "workflow_blueprint_chain_seed"]}, "linear_executable": false, "linear_scope": "main_smoke_chain_only", "main_chain_case_count": 10, "independent_case_count": 75, "isolation_case_count": 75, "broken_dependency_count": 0, "state_conflict_count": 0, "role_switch_count": 2, "priority_decision_state_breakdown": {"decided": 110, "conflict": 0, "undetermined": 0, "optional": 0, "invalid": 0}, "priority_final_breakdown": {"P0": 14, "P1": 56, "P2": 40, "null": 0}, "legacy_priority_breakdown": {"P0": 85, "P1": 11, "P2": 14, "UNKNOWN": 0}, "priority_conflict_count": 0, "priority_undetermined_count": 0, "priority_optional_count": 0, "priority_invalid_count": 0, "priority_quality_gate_failed": false, "invalid_case_count": 1, "reasoning_leakage_case_count": 1, "needs_priority_review": false, "review_llm_filter_applied": false, "review_input_size": 99, "review_output_size": 99, "review_target_min_count": 71, "review_target_max_count": 98, "review_shortfall_detected": false, "review_shortfall_before_count": 99, "review_shortfall_recovered_count": 0, "review_post_rerank_floor_count": 35, "review_post_rerank_recovered_count": 0, "final_target_floor_count": 85, "final_floor_recovery_attempted": true, "final_floor_recovery_applied": true, "final_floor_recovered_count": 41, "final_floor_recovery_reason": "recovered_after_confirmed_conflict_filter", "final_confirmed_conflict_drop_count": 0, "final_shortfall_supplement_attempted": true, "final_shortfall_supplement_applied": false, "final_shortfall_supplement_count": 0, "final_shortfall_supplement_reason": "supplement_empty_response", "review_fill_source": "none", "review_llm_selected_count": 0, "review_llm_runtime_debug": {"invoked": true, "pool_non_empty": true, "pool_size": 109, "primary_model": "glm-5.1", "primary_invalid_reason": "error_response", "primary_reason_incomplete": false, "primary_dropped_reason_count": 0, "primary_dropped_reason_payload_count": 0, "primary_reason_coverage_ratio": 0.0, "response_len": 177, "response_preview": "Error: HTTP 504 - <html>\r\n<head><title>504 Gateway Time-out</title></head>\r\n<body>\r\n<center><h1>504 Gateway Time-out</h1></center>\r\n<hr><center>stgw</center>\r\n</body>\r\n</html>\r\n", "primary_response_metadata": {"model": "glm-5.1", "wire_api": "chat_completions", "max_tokens": 10000, "http_status": 504, "url_path": "/chat/completions", "error_preview": "<html>\r\n<head><title>504 Gateway Time-out</title></head>\r\n<body>\r\n<center><h1>504 Gateway Time-out</h1></center>\r\n<hr><center>stgw</center>\r\n</body>\r\n</html>\r\n", "input_tokens_estimated": 12866, "output_tokens_estimated": 44, "token_estimate_method": "chars_div_4"}, "primary_compact_retry_invoked": false, "primary_compact_retry_model": "", "primary_compact_retry_invalid_reason": "", "primary_compact_retry_response_len": 0, "primary_compact_retry_response_metadata": {}, "retry_invoked": true, "retry_reason": "error_response", "retry_model": "", "retry_attempts": [{"model": "glm-5.1", "response_len": 177, "is_error": true, "invalid_reason": "error_response", "parsed_type": "dict", "mapped_count": 0, "dropped_reason_count": 0, "dropped_reason_payload_count": 0, "dropped_reason_unmapped_count": 0, "payload_has_selection_signal": false}, {"model": "kimi-k2.5", "response_len": 177, "is_error": true, "invalid_reason": "error_response", "parsed_type": "dict", "mapped_count": 0, "dropped_reason_count": 0, "dropped_reason_payload_count": 0, "dropped_reason_unmapped_count": 0, "payload_has_selection_signal": false}], "retry_response_len": 177, "retry_parse_success": false, "retry_mapped_count": 0, "retry_payload_has_selection_signal": false, "parsed_type": "dict", "parsed_len": 2, "mapped_count": 0, "mapped_signature_count": 0, "dropped_reason_count": 0, "dropped_reason_payload_count": 0, "dropped_reason_unmapped_count": 0, "payload_has_selection_signal": false, "final_selected_and_dropped_overlap_count": 0, "final_selected_and_dropped_overlap_case_ids": [], "final_payload_consistent": true, "reason_repair_invoked": false, "reason_repair_model": "", "reason_repair_candidate_count": 0, "reason_repair_response_len": 0, "reason_repair_mapped_count": 0, "reason_repair_invalid_reason": "", "reason_repair_response_metadata": {}, "final_source": "review_selector", "applied": false, "applied_reason": "error_response", "exception": "", "forced_reset_by_fallback": false, "fallback_reason_incomplete": false, "final_reason_incomplete": false, "final_reason_coverage_ratio": 1.0, "prompt_chars": 43806, "prompt_est_tokens": 10952, "candidate_count": 109, "append_target_count": 0, "append_final_cap_count": 0, "retry_dropped_reason_count": 0, "retry_dropped_reason_payload_count": 0, "retry_dropped_reason_unmapped_count": 0}, "review_constraint_selected_count": 0, "review_llm_drop_reason_breakdown": {}, "review_llm_drop_reason_raw_breakdown": {}, "review_llm_drop_reason_source_breakdown": {}, "fallback_reason_incomplete": false, "final_reason_incomplete": false, "final_reason_coverage_ratio": 1.0, "fallback_dropped_reason_count": 0, "fallback_dropped_reason_mapped_count": 0, "fallback_dropped_reason_unmapped_count": 0, "fallback_reason_coverage_ratio": 0.0, "llm_reason_coverage_ratio": 0.0, "deterministic_backfill_ratio": 0.0, "reason_source_breakdown": {"primary": 0, "fallback": 0, "backfill": 0}, "primary_reason_incomplete": false, "primary_dropped_reason_count": 0, "primary_dropped_reason_payload_count": 0, "primary_reason_coverage_ratio": 0.0, "fallback_with_positive_evidence_count": 0, "fallback_without_positive_evidence_count": 0, "review_llm_pool_count": 109, "candidate_by_pass": {"primary": 94, "gap": 16}, "must_keep_candidate_count": 1, "must_keep_retained_count": 1, "must_keep_dropped_count": 0, "drop_by_review_llm_count": 0, "drop_by_review_selector_count": 11, "drop_by_review_gate_count": 0, "drop_by_pre_gate_dedup_count": 0, "drop_by_post_review_dedup_count": 14, "drop_no_new_signal_count": 0, "drop_rule_cap_count": 0, "drop_ui_like_redundant_count": 0, "drop_ui_like_ratio_cap_count": 0, "drop_outside_target_window_count": 11, "drop_by_rerank_low_signal_count": 0, "dropped_model_priority_p0_p1_count": 19, "dropped_core_rule_hit_count": 0, "dropped_missing_rule_hit_count": 0, "dropped_high_signal_count": 6, "dropped_has_coverage_value_count": 3, "retained_due_to_coverage_value_count": 38, "must_cover_rule_hit_count": 0, "forbidden_pattern_violation_count": 0, "soft_constraint_hit_count": 0, "quality_hint_satisfied_count": 0, "drop_ui_like_ratio_postprocess_count": 0, "drop_final_description_duplicate_count": 0, "request_id": "ce50b4223f544067b22d494b031b2d66", "project_id": 8, "multi_pass": true, "generation_mode": "full_functional_regression"}
GEN_DIAG:{"kind": "feedback_control_state", "control_state_applied": true, "generation_coverage_mode": "full_functional_regression", "generation_target_case_range": {"min": 80, "max": 120}, "fact_profile_source": "requirement_semantics", "fact_profile_confidence": 0.0, "fact_profile_confirmed_count": 8, "fact_profile_pending_count": 0, "fact_profile_forbidden_count": 0, "project_profile_source": "document_extracted", "project_profile_confidence": 0.0, "project_profile_flow_count": 15, "manual_quality_profile_source": "priority_sample_pool_manual_verified", "manual_quality_profile_version": "d7ad8a659c760415", "manual_quality_profile_trusted_count": 51, "manual_quality_profile_high_priority_ratio": 0.9375, "manual_quality_profile_display_ratio_cap": 0.45, "must_cover_rules_count": 0, "rule_quota_keys": [], "soft_constraints_count": 1, "quality_fix_hints_count": 14, "preferred_patterns_count": 0, "forbidden_patterns_count": 0, "source_meta": {"sources": ["priority_sample_pool_manual_profile", "anomaly_pool", "evaluation_report", "generation_coverage_profile", "fact_profile", "project_profile"], "priority_pool_sample_count": 93, "manual_quality_profile": {"kind": "manual_quality_profile", "profile_source": "priority_sample_pool_manual_verified", "profile_version": "d7ad8a659c760415", "sample_set_hash": "d7ad8a659c760415208704efa039ec49bbc0b20a8b1e9d6a814e8f2ec8538cc7", "locked": true, "project_id": 8, "user_id": 1, "active_sample_count": 93, "trusted_sample_count": 51, "profile_case_count": 32, "positive_sample_count": 32, "negative_sample_count": 19, "priority_distribution": {"P1": 28, "P0": 2}, "priority_ratios": {"P1": 0.875, "P0": 0.0625}, "high_priority_count": 30, "high_priority_ratio": 0.9375, "module_distribution_top": {}, "module_ratios_top": {}, "pattern_category_distribution": {"recall_gap_missing_business_coverage": 15, "quality_fix_hint": 10, "hallucination_or_redundant_case": 6, "core_flow_closure": 2, "critical_path_coverage": 1, "cross_page_flow": 1, "multi_step_interaction": 1}, "reason_category_distribution": {"recall_gap": 15, "quality_fix_hint": 10, "hallucination_or_redundant_case": 6, "redundant_case": 6, "core_flow": 3, "display_issue": 3, "exception_path": 1, "state_transition": 1}, "source_type_distribution": {"quality_evaluation_defect": 31, "priority_debug_manual_add": 20}, "execution_lifecycle_fields": [], "execution_lifecycle_field_count": 0, "execution_status_distribution": {}, "display_signal_count": 22, "display_signal_ratio": 0.4314, "display_ratio_cap": 0.45}, "manual_quality_profile_version": "d7ad8a659c760415", "manual_quality_profile_trusted_count": 51, "manual_quality_profile_case_count": 32, "manual_quality_profile_high_priority_ratio": 0.9375, "manual_quality_profile_display_ratio_cap": 0.45, "generation_id": null, "retrieval_query_used": true, "retrieval_top_k": 5, "retrieval_hit_count": 0, "retrieval_selected_count": 0, "retrieval_fallback": "domain_no_match", "retrieval_selected_weight_avg": 0.0, "retrieval_selected_quality_avg": 0.0, "retrieval_diversity_cluster_cap": 2, "retrieval_diversity_skipped_count": 0, "retrieval_lexical_fallback_used": false, "retrieval_active_sample_count": 73, "retrieval_disabled_sample_count": 0, "retrieval_low_confidence_sample_count": 20, "retrieval_min_pattern_confidence": 0.6, "retrieval_signal_quota_applied": false, "retrieval_signal_quota_relaxed": false, "retrieval_positive_min_quota": 2, "retrieval_negative_max_quota": 3, "retrieval_selected_positive_count": 0, "retrieval_selected_negative_count": 0, "retrieval_pool_positive_count": 66, "retrieval_pool_negative_count": 7, "retrieval_raw_positive_count": 0, "retrieval_raw_negative_count": 0, "retrieval_after_diversity_positive_count": 0, "retrieval_after_diversity_negative_count": 0, "retrieval_after_quota_merge_positive_count": 0, "retrieval_after_quota_merge_negative_count": 0, "retrieval_final_selected_positive_count": 0, "retrieval_final_selected_negative_count": 0, "retrieval_query_domain_tags": ["ai_wrong_question_teaching"], "retrieval_domain_filter_applied": true, "retrieval_domain_matched_sample_count": 0, "retrieval_domain_skipped_sample_count": 73, "retrieval_domain_no_match": true, "retrieval_sample_id_hit_count": 0, "retrieval_index_mismatch_count": 0, "retrieval_query_primary_domain": "ai_wrong_question_teaching", "workflow_blueprint_direct_candidate_count": 0, "workflow_blueprint_direct_selected_count": 0, "retrieval_index_resync_attempted": false, "retrieval_index_resync_success": false, "retrieval_index_resync_error": "", "sample_count": 0, "challenge_sample_count": 0, "regression_sample_count": 0, "rule_frequency": {}, "doc_count": 3, "doc_types": {"evaluation_report": 3}, "generation_coverage_profile": {"coverage_mode": "full_functional_regression", "case_density": "high", "target_case_range": {"min": 80, "max": 120}, "activation_evidence": {"expected_count": 100, "linked_final_case_count": 0, "full_regression_token_hit": false, "expanded_regression_token_hit": false, "standard_regression_token_hit": true}, "coverage_layers": ["入口与导航：覆盖入口展示、跳转、返回、空状态和旧入口残留。", "核心流程：按主业务流程拆分步骤级用例，不把多功能点合并为一条。", "状态矩阵：覆盖未开始、进行中、已完成、已下架、已删除、无数据等状态。", "配置与权限：覆盖开关配置、版本兼容、角色/端差异和不可操作状态。", "边界异常：覆盖数量不足、时间冲突、无数据、失败提示、不可删除/不可编辑等异常。", "跨模块回归：覆盖首页、详情页、管理页、历史记录、报告等关联页面的数据流转。"]}, "fact_profile": {"profile_version": "fact-profile-v1", "profile_source": "requirement_semantics", "confidence": 0, "confirmed_facts": ["ii.“返回”\u0001按钮⽤于返回上⼀级", "iii.打印”\u0001按钮弹窗选择打印内", "iv.“切换课程”\u0001按钮", "展⽰区。以对话框样式展⽰\u0001AI\u0001提出", "题中抽取，优先抽取错题，1-2道题", "⽬，错题不够可以讲回答正确的题", "钮吗？点击按钮再调⽤AI⽣成", "AI\u0001提问的题⽬在本讲错题中抽取，优先抽…"], "scoped_rules": [], "forbidden_facts": [], "pending_items": [], "reuse_declarations": [], "hard_flow_constraints": ["ii.“返回”\u0001按钮⽤于返回上⼀级", "题中抽取，优先抽取错题，1-2道题", "钮吗？点击按钮再调⽤AI⽣成", "AI\u0001提问的题⽬在本讲错题中抽取，优先抽…"], "reuse_risks": [], "source_priority": ["current_requirement", "rag_requirement", "supplement_boundary", "testcase_style_only", "historical_feedback"], "conflict_policy": "current_requirement_wins", "strategy_only": 0}, "project_profile": {"profile_version": "project-profile-v1", "profile_source": "document_extracted", "confidence": 0, "flow_outline": {"source": "requirement_keyword_positions", "flow_order": ["stage:确认错误表象_追问方向", "stage:课程信息区", "stage:ai提问提问", "stage:biz", "stage:原型", "stage:ai讲错题打分", "stage:界面展示", "stage:左侧设置垂直排列的学习步骤导航", "stage:标题_读取讲的名称", "stage:点击对话", "stage:ai_提问逻辑", "stage:一道题没做的逻辑补一下", "stage:题目来源", "stage:追问逻辑", "stage:做了全对"], "document_flow_order": ["stage:biz", "stage:原型", "stage:ai讲错题打分", "stage:界面展示", "stage:左侧设置垂直排列的学习步骤导航", "stage:课程信息区", "stage:标题_读取讲的名称", "stage:ai提问提问", "stage:点击对话", "stage:ai_提问逻辑", "stage:一道题没做的逻辑补一下", "stage:题目来源", "stage:追问逻辑", "stage:做了全对", "stage:确认错误表象_追问方向"], "flow_labels": {"stage:biz": "biz_key: unknown (当前业务)", "stage:原型": "原型", "stage:ai讲错题打分": "AI讲错题打分", "stage:界面展示": "界面展示", "stage:左侧设置垂直排列的学习步骤导航": "左侧设置垂直排列的学习步骤导航", "stage:课程信息区": "课程信息区", "stage:标题_读取讲的名称": "标题,读取讲的名称", "stage:ai提问提问": "AI提问提问:在课程信息区下方,", "stage:点击对话": "点击对话:点击开始录音", "stage:ai_提问逻辑": "AI 提问逻辑", "stage:一道题没做的逻辑补一下": "一道题没做的逻辑补一下", "stage:题目来源": "题目来源:AI 提问的题目在本讲错", "stage:追问逻辑": "追问逻辑", "stage:做了全对": "做了全对/一道没做 b.随机抽", "stage:确认错误表象_追问方向": "确认错误表象,追问方向:明"}, "flow_stage_positions": {"stage:biz": 2, "stage:原型": 5, "stage:ai讲错题打分": 6, "stage:界面展示": 13, "stage:左侧设置垂直排列的学习步骤导航": 14, "stage:课程信息区": 21, "stage:标题_读取讲的名称": 22, "stage:ai提问提问": 32, "stage:点击对话": 37, "stage:ai_提问逻辑": 38, "stage:一道题没做的逻辑补一下": 39, "stage:题目来源": 40, "stage:追问逻辑": 45, "stage:做了全对": 54, "stage:确认错误表象_追问方向": 58}, "cross_cutting": [], "cross_cutting_labels": {}, "data_flow_edges": [{"from": "stage:确认错误表象_追问方向", "to": "stage:课程信息区", "from_label": "确认错误表象,追问方向:明", "to_label": "课程信息区"}, {"from": "stage:课程信息区", "to": "stage:ai提问提问", "from_label": "课程信息区", "to_label": "AI提问提问:在课程信息区下方,"}, {"from": "stage:ai提问提问", "to": "stage:biz", "from_label": "AI提问提问:在课程信息区下方,", "to_label": "biz_key: unknown (当前业务)"}, {"from": "stage:biz", "to": "stage:原型", "from_label": "biz_key: unknown (当前业务)", "to_label": "原型"}, {"from": "stage:原型", "to": "stage:ai讲错题打分", "from_label": "原型", "to_label": "AI讲错题打分"}, {"from": "stage:ai讲错题打分", "to": "stage:界面展示", "from_label": "AI讲错题打分", "to_label": "界面展示"}, {"from": "stage:界面展示", "to": "stage:左侧设置垂直排列的学习步骤导航", "from_label": "界面展示", "to_label": "左侧设置垂直排列的学习步骤导航"}, {"from": "stage:左侧设置垂直排列的学习步骤导航", "to": "stage:标题_读取讲的名称", "from_label": "左侧设置垂直排列的学习步骤导航", "to_label": "标题,读取讲的名称"}, {"from": "stage:标题_读取讲的名称", "to": "stage:点击对话", "from_label": "标题,读取讲的名称", "to_label": "点击对话:点击开始录音"}, {"from": "stage:点击对话", "to": "stage:ai_提问逻辑", "from_label": "点击对话:点击开始录音", "to_label": "AI 提问逻辑"}, {"from": "stage:ai_提问逻辑", "to": "stage:一道题没做的逻辑补一下", "from_label": "AI 提问逻辑", "to_label": "一道题没做的逻辑补一下"}, {"from": "stage:一道题没做的逻辑补一下", "to": "stage:题目来源", "from_label": "一道题没做的逻辑补一下", "to_label": "题目来源:AI 提问的题目在本讲错"}, {"from": "stage:题目来源", "to": "stage:追问逻辑", "from_label": "题目来源:AI 提问的题目在本讲错", "to_label": "追问逻辑"}, {"from": "stage:追问逻辑", "to": "stage:做了全对", "from_label": "追问逻辑", "to_label": "做了全对/一道没做 b.随机抽"}], "data_flow_phase_rank": {"stage:确认错误表象_追问方向": "review_confirm", "stage:课程信息区": "learning_plan", "stage:ai提问提问": "learning_plan"}, "data_flow_order_applied": false}, "ordering_policy": "flow_first_then_cross_cutting", "scenario_cluster_policy": {"default_max_per_scenario": 2}, "profile_constraints": ["strategy_only_not_fact_source"], "strategy_only": 1}}, "request_id": "ce50b4223f544067b22d494b031b2d66", "project_id": 8, "multi_pass": true, "generation_mode": "full_functional_regression"}
GEN_DIAG:{"kind": "judge_summary", "pass_count": 96, "repairable_count": 1, "raw_repairable_count": 1, "remaining_repairable_count": 0, "unrepaired_repairable_count": 1, "reject_count": 2, "pending_count": 1, "repaired_case_count": 0, "appended_case_count": 0, "confirmed_pass_out_count": 96, "repaired_pass_out_count": 0, "rejected_out_count": 2, "pending_out_count": 1, "fact_violation_count": 0, "core_flow_covered": false, "reuse_risk_covered": true, "fact_profile_source": "requirement_semantics", "fact_profile_confidence": 0.0, "fact_profile_confirmed_count": 8, "fact_profile_forbidden_count": 0, "fact_profile_pending_count": 0, "generation_id": 0, "request_id": "ce50b4223f544067b22d494b031b2d66", "project_id": 8, "multi_pass": true, "generation_mode": "full_functional_regression"}
GEN_DIAG:{"kind": "judge_decision_table", "generation_id": 0, "rows": [{"generation_id": 0, "request_id": "ce50b4223f544067b22d494b031b2d66", "case_id": "TC-032", "judge_status": "REJECT", "reject_reason": "semantic_duplicate:TC-030", "pending_reason": "", "signals": {"violates_confirmed_fact": false, "missing_core_flow": false, "missing_reuse_risk": false, "contains_pending_logic": false, "confirmed_fact_hits": [], "confirmed_fact_violations": [], "reuse_risk_hits": [], "pending_hits": [], "vague_or_unconfirmed_hits": []}, "violates_confirmed_fact": false, "missing_core_flow": false, "missing_reuse_risk": false, "contains_pending_logic": false, "confirmed_fact_hits": [], "confirmed_fact_violations": [], "reuse_risk_hits": [], "pending_hits": [], "vague_or_unconfirmed_hits": [], "before_case_snapshot": {"id": "TC-032", "description": "验证答非所问时准确性直接计0分的评分规则", "test_module": "评分逻辑", "preconditions": ["学员进入AI讲错题交互流程"], "steps": ["1. 在回答AI提问时，输入与问题完全无关的内容并提交", "2. 等待AI给出最终评分", "3. 核对评分结果"], "test_input": "与问题无关的回答内容", "expected_result": "最终评分中，回答准确性（40分制）得分为0分", "priority": "P0", "model_priority_current": "P1", "model_priority": "P1", "legacy_priority": "P1", "priority_final": "P0", "priority_decision_state": "decided", "priority_decision_source": "hard_guard_promotion", "priority_confidence": "high", "priority_conflict_reason": "", "priority_resolution_reason": ""}, "after_case_snapshot": {"id": "TC-032", "description": "验证答非所问时准确性直接计0分的评分规则", "test_module": "评分逻辑", "preconditions": ["学员进入AI讲错题交互流程"], "steps": ["1. 在回答AI提问时，输入与问题完全无关的内容并提交", "2. 等待AI给出最终评分", "3. 核对评分结果"], "test_input": "与问题无关的回答内容", "expected_result": "最终评分中，回答准确性（40分制）得分为0分", "priority": "P0", "model_priority_current": "P1", "model_priority": "P1", "legacy_priority": "P1", "priority_final": "P0", "priority_decision_state": "decided", "priority_decision_source": "hard_guard_promotion", "priority_confidence": "high", "priority_conflict_reason": "", "priority_resolution_reason": ""}}, {"generation_id": 0, "request_id": "ce50b4223f544067b22d494b031b2d66", "case_id": "TC-035", "judge_status": "PENDING", "reject_reason": "", "pending_reason": "contains_pending_logic", "signals": {"violates_confirmed_fact": false, "missing_core_flow": false, "missing_reuse_risk": false, "contains_pending_logic": true, "confirmed_fact_hits": [], "confirmed_fact_violations": [], "reuse_risk_hits": [], "pending_hits": ["可能"], "vague_or_unconfirmed_hits": ["可能"]}, "violates_confirmed_fact": false, "missing_core_flow": false, "missing_reuse_risk": false, "contains_pending_logic": true, "confirmed_fact_hits": [], "confirmed_fact_violations": [], "reuse_risk_hits": [], "pending_hits": ["可能"], "vague_or_unconfirmed_hits": ["可能"], "before_case_snapshot": {"id": "TC-035", "description": "验证学员回答创新性答案且正确时的加分逻辑", "test_module": "评分逻辑边界", "preconditions": ["学员正在进行讲错题交互"], "steps": ["1. 学员采用创新性思路且正确回答问题", "2. 提交回答并等待AI评分"], "test_input": "创新性正确回答", "expected_result": "AI评分时，准确性和逻辑性维度各额外加5分，总分可能超过基准分", "priority": "P0", "model_priority_current": "P1", "model_priority": "P1", "legacy_priority": "P1", "priority_final": "P0", "priority_decision_state": "decided", "priority_decision_source": "hard_guard_promotion", "priority_confidence": "high", "priority_conflict_reason": "", "priority_resolution_reason": ""}, "after_case_snapshot": {}}, {"generation_id": 0, "request_id": "ce50b4223f544067b22d494b031b2d66", "case_id": "TC-071", "judge_status": "REJECT", "reject_reason": "semantic_duplicate:TC-058", "pending_reason": "", "signals": {"violates_confirmed_fact": false, "missing_core_flow": false, "missing_reuse_risk": false, "contains_pending_logic": false, "confirmed_fact_hits": [], "confirmed_fact_violations": [], "reuse_risk_hits": [], "pending_hits": [], "vague_or_unconfirmed_hits": []}, "violates_confirmed_fact": false, "missing_core_flow": false, "missing_reuse_risk": false, "contains_pending_logic": false, "confirmed_fact_hits": [], "confirmed_fact_violations": [], "reuse_risk_hits": [], "pending_hits": [], "vague_or_unconfirmed_hits": [], "before_case_snapshot": {"id": "TC-071", "description": "验证语音录制完成后转文字并发送的逻辑", "test_module": "交互流程", "preconditions": ["学员已点击'点击对话'处于录音状态"], "steps": ["1. 对麦克风说出回答内容", "2. 点击提交/完成录音", "3. 观察提问展示区的变化"], "test_input": "清晰的语音输入", "expected_result": "语音被转为文字，以学员对话气泡的形式展示在提问展示区，AI随后给出追问或评价", "priority": "P2", "model_priority_current": "P1", "model_priority": "P1", "legacy_priority": "P1", "priority_final": "P2", "priority_decision_state": "decided", "priority_decision_source": "p2_cap_guard", "priority_confidence": "high", "priority_conflict_reason": "", "priority_resolution_reason": ""}, "after_case_snapshot": {"id": "TC-071", "description": "验证语音录制完成后转文字并发送的逻辑", "test_module": "交互流程", "preconditions": ["学员已点击'点击对话'处于录音状态"], "steps": ["1. 对麦克风说出回答内容", "2. 点击提交/完成录音", "3. 观察提问展示区的变化"], "test_input": "清晰的语音输入", "expected_result": "语音被转为文字，以学员对话气泡的形式展示在提问展示区，AI随后给出追问或评价", "priority": "P2", "model_priority_current": "P1", "model_priority": "P1", "legacy_priority": "P1", "priority_final": "P2", "priority_decision_state": "decided", "priority_decision_source": "p2_cap_guard", "priority_confidence": "high", "priority_conflict_reason": "", "priority_resolution_reason": ""}}], "row_count": 3, "row_count_total": 100, "row_count_reject_pending": 3, "rows_scope": "reject_pending_only", "row_evidence_incomplete": false, "request_id": "ce50b4223f544067b22d494b031b2d66", "project_id": 8, "multi_pass": true, "generation_mode": "full_functional_regression"}
GEN_DIAG:{"kind": "review_decision_table", "generation_id": 0, "rows": [{"candidate_index": 1, "signature": "ai评分|验证修订版评分维度（思路准确性0-3.0、步骤完整性0-3.0、表达清晰度0-4.0）的分值范围|思路准确性得分在0.0-3.0范围内，步骤完整性得分在0.0-3.0范围内，表达清晰度得分在0.0-4.0范围内，总分不超过10.0分|学员回答全部正确且表述清晰", "case_id": "TC-059", "description": "验证修订版评分维度（思路准确性0-3.0、步骤完整性0-3.0、表达清晰度0-4.0）的分值范围", "test_module": "AI评分", "expected_result": "思路准确性得分在0.0-3.0范围内，步骤完整性得分在0.0-3.0范围内，表达清晰度得分在0.0-4.0范围内，总分不超过10.0分", "flow_stage": "stage:ai评分", "flow_stage_label": "AI评分", "flow_rank": 8, "cross_cutting": [], "scenario_key": "global:ai_answer_irrelevant_score_zero", "is_scenario_duplicate": false, "duplicate_cluster_id": "SC-001", "duplicate_cluster_size": 8, "duplicate_of_case_id": "", "misordered_against_requirement_flow": false, "expected_result_quality": "assertable", "expected_result_quality_reason": "contains_concrete_assertion", "expected_result_alignment_warning": true, "truncated_text_detected": false, "case_quality": "valid_case", "invalid_case_reason": "", "invalid_case_signals": [], "model_priority_current": "P0", "model_priority": "P0", "legacy_priority": "P0", "priority_final": "P1", "priority_decision_state": "decided", "priority_decision_source": "conflict_resolved_by_conservative_middle_priority", "priority_confidence": "medium", "priority_conflict_reason": "model=P0,suggested=P2", "priority_resolution_reason": "conservative_middle_priority", "priority_score": 0, "suggested_priority": "P2", "priority_reasons": ["no_release_blocking_guard"], "selected_by_review_llm": true, "selected_by_review_must_keep": false, "selected_by_review_constraints": false, "review_constraint_reason": "dropped_by_target_max", "review_llm_drop_reason_raw": "", "review_llm_drop_reason": "selection_tradeoff_omitted", "review_llm_drop_reason_resolved": "selection_tradeoff_omitted", "review_llm_drop_reason_source": "deterministic_backfill", "review_llm_drop_reason_evidence": {"bucket": "ai评分|happy", "priority": "P1", "focus_score": 0, "coverage_gain_score": 0, "selected_case_ids": ["TC-100", "TC-095", "TC-096"], "selected_count_in_bucket": 3, "has_positive_evidence": true, "has_coverage_signal": false, "has_high_signal": false, "has_competition_signal": true, "missing_rule_hits": [], "core_rule_hits": [], "unique_coverage_hits": [], "reuse_risk_hit": false}, "has_positive_evidence": true, "has_coverage_signal": false, "has_high_signal": false, "has_competition_signal": true, "review_llm_filter_applied": false, "must_keep_candidate": false, "must_keep_reasons": [], "selected_by_review_gate": false, "retained_final": false, "dropped_stage": "review_selector", "dropped_reason": "drop_outside_target_window", "rule_keys": [], "bucket": "ai评分|happy", "adds_rule": false, "adds_bucket": false, "high_signal": false, "has_coverage_value": false, "retained_reason": "", "rerank_rank": 0, "focus_score": 0, "covered_rule_ids": [], "missing_rule_hits": [], "core_rule_hits": [], "coverage_gain_score": 0, "reuse_risk_hit": false, "hit_must_cover_rule": false, "violates_forbidden_pattern": false, "hits_soft_constraint": false, "satisfies_quality_hint": false}, {"candidate_index": 2, "signature": "ai评分结果|验证综合评分在7.5-7.9范围时'太遗憾了'主提示与'超优秀'鼓励语的组合展示|页面主提示为'太遗憾了，您对知识点理解还需要加深，快去联系督导老师吧'，鼓励语为'超优秀！核心思路与步骤都对，仅细节可优化〜再注意步骤衔接的流畅性，下次就能冲满分，潜力无限！'，同时展示'联系督导'（突出）和'去日清'按钮|综合评分7.6分", "case_id": "TC-096", "description": "验证综合评分在7.5-7.9范围时'太遗憾了'主提示与'超优秀'鼓励语的组合展示", "test_module": "AI评分结果", "expected_result": "页面主提示为'太遗憾了，您对知识点理解还需要加深，快去联系督导老师吧'，鼓励语为'超优秀！核心思路与步骤都对，仅细节可优化〜再注意步骤衔接的流畅性，下次就能冲满分，潜力无限！'，同时展示'联系督导'（突出）和'去日清'按钮", "flow_stage": "stage:ai评分结果", "flow_stage_label": "AI评分结果", "flow_rank": 9, "cross_cutting": [], "scenario_key": "global:ai_score_popup_threshold", "is_scenario_duplicate": false, "duplicate_cluster_id": "SC-003", "duplicate_cluster_size": 2, "duplicate_of_case_id": "", "misordered_against_requirement_flow": false, "expected_result_quality": "assertable", "expected_result_quality_reason": "contains_concrete_assertion", "expected_result_alignment_warning": true, "truncated_text_detected": false, "case_quality": "valid_case", "invalid_case_reason": "", "invalid_case_signals": [], "model_priority_current": "P0", "model_priority": "P0", "legacy_priority": "P0", "priority_final": "P1", "priority_decision_state": "decided", "priority_decision_source": "conflict_resolved_by_core_business_rule", "priority_confidence": "medium", "priority_conflict_reason": "model=P0,suggested=P2", "priority_resolution_reason": "core_business_evidence", "priority_score": 0, "suggested_priority": "P2", "priority_reasons": ["main_workflow_hit", "boundary_or_low_risk_validation", "low_risk_supplemental_rule_only", "coverage_gain_non_positive", "low_risk_only_covered_rules_penalty", "no_release_blocking_guard"], "selected_by_review_llm": true, "selected_by_review_must_keep": false, "selected_by_review_constraints": false, "review_constraint_reason": "", "review_llm_drop_reason_raw": "", "review_llm_drop_reason": "", "review_llm_drop_reason_resolved": "", "review_llm_drop_reason_source": "", "review_llm_drop_reason_evidence": {}, "has_positive_evidence": false, "has_coverage_signal": false, "has_high_signal": false, "has_competition_signal": false, "review_llm_filter_applied": false, "must_keep_candidate": false, "must_keep_reasons": [], "selected_by_review_gate": true, "retained_final": true, "dropped_stage": "retained", "dropped_reason": "retained", "rule_keys": [], "bucket": "ai评分结果|happy", "adds_rule": false, "adds_bucket": false, "high_signal": true, "has_coverage_value": true, "retained_reason": "retained_due_to_coverage_value", "rerank_rank": 81, "focus_score": 0, "covered_rule_ids": ["RULE-002", "RULE-009", "RULE-019"], "missing_rule_hits": [], "core_rule_hits": [], "coverage_gain_score": -16, "reuse_risk_hit": false, "hit_must_cover_rule": false, "violates_forbidden_pattern": false, "hits_soft_constraint": false, "satisfies_quality_hint": false}, {"candidate_index": 3, "signature": "ai评分|验证学员正确复述逻辑后ai自动触发打分功能并显示正向反馈（rule-041）|ai自动触发打分功能，显示评分结果（如满分或对应分数），并输出正向反馈（如'后续遇到类似题，记得看状态变化哦〜'），无需学员额外操作触发评分|学员复述正确逻辑：'冰块变小是固态变液态不是液化，身上的水变气态就是汽化，所以选b'", "case_id": "TC-098", "description": "验证学员正确复述逻辑后AI自动触发打分功能并显示正向反馈（RULE-041）", "test_module": "AI评分", "expected_result": "AI自动触发打分功能，显示评分结果（如满分或对应分数），并输出正向反馈（如'后续遇到类似题，记得看状态变化哦〜'），无需学员额外操作触发评分", "flow_stage": "stage:ai评分", "flow_stage_label": "AI评分", "flow_rank": 8, "cross_cutting": [], "scenario_key": "stage:ai评分:feedback:obj:评分_验证_证学", "is_scenario_duplicate": false, "duplicate_cluster_id": "SC-004", "duplicate_cluster_size": 2, "duplicate_of_case_id": "", "misordered_against_requirement_flow": true, "expected_result_quality": "assertable", "expected_result_quality_reason": "contains_concrete_assertion", "expected_result_alignment_warning": false, "truncated_text_detected": false, "case_quality": "valid_case", "invalid_case_reason": "", "invalid_case_signals": [], "model_priority_current": "P0", "model_priority": "P0", "legacy_priority": "P0", "priority_final": "P2", "priority_decision_state": "decided", "priority_decision_source": "conflict_resolved_by_non_blocking_experience_rule", "priority_confidence": "medium", "priority_conflict_reason": "model=P0,suggested=P2", "priority_resolution_reason": "explicit_low_value_or_experience_case", "priority_score": 0, "suggested_priority": "P2", "priority_reasons": ["boundary_or_low_risk_validation", "low_risk_supplemental_rule_only", "coverage_gain_non_positive", "low_risk_only_covered_rules_penalty", "no_release_blocking_guard"], "selected_by_review_llm": true, "selected_by_review_must_keep": false, "selected_by_review_constraints": false, "review_constraint_reason": "", "review_llm_drop_reason_raw": "", "review_llm_drop_reason": "", "review_llm_drop_reason_resolved": "", "review_llm_drop_reason_source": "", "review_llm_drop_reason_evidence": {}, "has_positive_evidence": false, "has_coverage_signal": false, "has_high_signal": false, "has_competition_signal": false, "review_llm_filter_applied": false, "must_keep_candidate": false, "must_keep_reasons": [], "selected_by_review_gate": true, "retained_final": true, "dropped_stage": "retained", "dropped_reason": "retained", "rule_keys": [], "bucket": "ai评分|state", "adds_rule": false, "adds_bucket": false, "high_signal": true, "has_coverage_value": true, "retained_reason": "retained_due_to_coverage_value", "rerank_rank": 56, "focus_score": 1, "covered_rule_ids": ["RULE-041"], "missing_rule_hits": [], "core_rule_hits": [], "coverage_gain_score": -16, "reuse_risk_hit": false, "hit_must_cover_rule": false, "violates_forbidden_pattern": false, "hits_soft_constraint": false, "satisfies_quality_hint": false}, {"candidate_index": 4, "signature": "ai评分|验证学员在第5轮确认理解时复述逻辑仍错误，不触发打分并返回阶段4重新梳理|ai不触发打分功能，不显示评分结果，引导学员返回阶段4重新梳理逻辑差异，不出现'满分'或任何评分展示|学员第5轮回答中复述的逻辑与题目正确解题逻辑不符（如仍混淆概念）", "case_id": "TC-097", "description": "验证学员在第5轮确认理解时复述逻辑仍错误，不触发打分并返回阶段4重新梳理", "test_module": "AI评分", "expected_result": "AI不触发打分功能，不显示评分结果，引导学员返回阶段4重新梳理逻辑差异，不出现'满分'或任何评分展示", "flow_stage": "stage:ai评分", "flow_stage_label": "AI评分", "flow_rank": 8, "cross_cutting": [], "scenario_key": "stage:ai评分:workflow_navigation:obj:评分_验证_证学", "is_scenario_duplicate": false, "duplicate_cluster_id": "SC-005", "duplicate_cluster_size": 2, "duplicate_of_case_id": "", "misordered_against_requirement_flow": true, "expected_result_quality": "assertable", "expected_result_quality_reason": "contains_concrete_assertion", "expected_result_alignment_warning": false, "truncated_text_detected": false, "case_quality": "valid_case", "invalid_case_reason": "", "invalid_case_signals": [], "model_priority_current": "P0", "model_priority": "P0", "legacy_priority": "P0", "priority_final": "P2", "priority_decision_state": "decided", "priority_decision_source": "conflict_resolved_by_non_blocking_experience_rule", "priority_confidence": "medium", "priority_conflict_reason": "model=P0,suggested=P2", "priority_resolution_reason": "explicit_low_value_or_experience_case", "priority_score": 0, "suggested_priority": "P2", "priority_reasons": ["coverage_gain_non_positive", "low_risk_only_covered_rules_penalty", "no_release_blocking_guard"], "selected_by_review_llm": true, "selected_by_review_must_keep": false, "selected_by_review_constraints": false, "review_constraint_reason": "", "review_llm_drop_reason_raw": "", "review_llm_drop_reason": "", "review_llm_drop_reason_resolved": "", "review_llm_drop_reason_source": "", "review_llm_drop_reason_evidence": {}, "has_positive_evidence": false, "has_coverage_signal": false, "has_high_signal": false, "has_competition_signal": false, "review_llm_filter_applied": false, "must_keep_candidate": false, "must_keep_reasons": [], "selected_by_review_gate": true, "retained_final": true, "dropped_stage": "retained", "dropped_reason": "retained", "rule_keys": [], "bucket": "ai评分|exception", "adds_rule": false, "adds_bucket": false, "high_signal": true, "has_coverage_value": true, "retained_reason": "retained_due_to_coverage_value", "rerank_rank": 50, "focus_score": 2, "covered_rule_ids": ["RULE-001", "RULE-042"], "missing_rule_hits": [], "core_rule_hits": [], "coverage_gain_score": -8, "reuse_risk_hit": false, "hit_must_cover_rule": false, "violates_forbidden_pattern": false, "hits_soft_constraint": false, "satisfies_quality_hint": false}, {"candidate_index": 5, "signature": "ai评分|验证学员在第5轮确认理解时复述逻辑正确，自动触发打分功能并输出正向反馈|ai自动触发打分功能，显示综合评分及各维度得分，并输出正向反馈文案（如'后续遇到类似题，记得看状态变化哦〜'），评分结果页面正常展示|学员第5轮回答正确复述解题逻辑（如'汽化是液态变气态，所以选b——我这次理解得没错吧？'）", "case_id": "TC-098", "description": "验证学员在第5轮确认理解时复述逻辑正确，自动触发打分功能并输出正向反馈", "test_module": "AI评分", "expected_result": "AI自动触发打分功能，显示综合评分及各维度得分，并输出正向反馈文案（如'后续遇到类似题，记得看状态变化哦〜'），评分结果页面正常展示", "flow_stage": "stage:ai评分", "flow_stage_label": "AI评分", "flow_rank": 8, "cross_cutting": [], "scenario_key": "stage:ai评分:feedback:obj:评分_验证_证学", "is_scenario_duplicate": true, "duplicate_cluster_id": "SC-004", "duplicate_cluster_size": 2, "duplicate_of_case_id": "TC-098", "misordered_against_requirement_flow": true, "expected_result_quality": "assertable", "expected_result_quality_reason": "contains_concrete_assertion", "expected_result_alignment_warning": false, "truncated_text_detected": false, "case_quality": "valid_case", "invalid_case_reason": "", "invalid_case_signals": [], "model_priority_current": "P0", "model_priority": "P0", "legacy_priority": "P0", "priority_final": "P2", "priority_decision_state": "decided", "priority_decision_source": "conflict_resolved_by_non_blocking_experience_rule", "priority_confidence": "medium", "priority_conflict_reason": "model=P0,suggested=P2", "priority_resolution_reason": "explicit_low_value_or_experience_case", "priority_score": 0, "suggested_priority": "P2", "priority_reasons": ["boundary_or_low_risk_validation", "no_release_blocking_guard"], "selected_by_review_llm": true, "selected_by_review_must_keep": false, "selected_by_review_constraints": false, "review_constraint_reason": "", "review_llm_drop_reason_raw": "", "review_llm_drop_reason": "", "review_llm_drop_reason_resolved": "", "review_llm_drop_reason_source": "", "review_llm_drop_reason_evidence": {}, "has_positive_evidence": false, "has_coverage_signal": false, "has_high_signal": false, "has_competition_signal": false, "review_llm_filter_applied": false, "must_keep_candidate": false, "must_keep_reasons": [], "selected_by_review_gate": true, "retained_final": true, "dropped_stage": "retained", "dropped_reason": "retained", "rule_keys": [], "bucket": "ai评分|state", "adds_rule": false, "adds_bucket": true, "high_signal": false, "has_coverage_value": false, "retained_reason": "retained_default", "rerank_rank": 1, "focus_score": 1, "covered_rule_ids": [], "missing_rule_hits": [], "core_rule_hits": [], "coverage_gain_score": 0, "reuse_risk_hit": false, "hit_must_cover_rule": false, "violates_forbidden_pattern": false, "hits_soft_constraint": false, "satisfies_quality_hint": false}, {"candidate_index": 6, "signature": "ai评分|验证三个维度均为0.0分时综合评分为0.0且触发最低分段鼓励语|思路准确性0.0分、步骤完整性0.0分、表达清晰度0.0分，综合评分0.0分，页面显示'超勇敢！愿意尝试就很了不起〜'鼓励语，并触发'太遗憾了'流程及'联系督导'按钮|学员回答与问题完全无关且字数不足50字", "case_id": "TC-102", "description": "验证三个维度均为0.0分时综合评分为0.0且触发最低分段鼓励语", "test_module": "AI评分", "expected_result": "思路准确性0.0分、步骤完整性0.0分、表达清晰度0.0分，综合评分0.0分，页面显示'超勇敢！愿意尝试就很了不起〜'鼓励语，并触发'太遗憾了'流程及'联系督导'按钮", "flow_stage": "stage:ai评分", "flow_stage_label": "AI评分", "flow_rank": 8, "cross_cutting": [], "scenario_key": "global:ai_answer_irrelevant_score_zero", "is_scenario_duplicate": true, "duplicate_cluster_id": "SC-001", "duplicate_cluster_size": 8, "duplicate_of_case_id": "TC-059", "misordered_against_requirement_flow": true, "expected_result_quality": "assertable", "expected_result_quality_reason": "contains_concrete_assertion", "expected_result_alignment_warning": true, "truncated_text_detected": false, "case_quality": "valid_case", "invalid_case_reason": "", "invalid_case_signals": [], "model_priority_current": "P0", "model_priority": "P0", "legacy_priority": "P0", "priority_final": "P1", "priority_decision_state": "decided", "priority_decision_source": "conflict_resolved_by_core_business_rule", "priority_confidence": "medium", "priority_conflict_reason": "model=P0,suggested=P2", "priority_resolution_reason": "core_business_evidence", "priority_score": 11, "suggested_priority": "P2", "priority_reasons": ["main_workflow_hit", "coverage_gain_non_positive", "low_risk_only_covered_rules_penalty", "no_release_blocking_guard"], "selected_by_review_llm": true, "selected_by_review_must_keep": false, "selected_by_review_constraints": false, "review_constraint_reason": "", "review_llm_drop_reason_raw": "", "review_llm_drop_reason": "", "review_llm_drop_reason_resolved": "", "review_llm_drop_reason_source": "", "review_llm_drop_reason_evidence": {}, "has_positive_evidence": false, "has_coverage_signal": false, "has_high_signal": false, "has_competition_signal": false, "review_llm_filter_applied": false, "must_keep_candidate": false, "must_keep_reasons": [], "selected_by_review_gate": true, "retained_final": true, "dropped_stage": "retained", "dropped_reason": "retained", "rule_keys": [], "bucket": "ai评分|exception", "adds_rule": false, "adds_bucket": false, "high_signal": true, "has_coverage_value": true, "retained_reason": "retained_due_to_coverage_value", "rerank_rank": 52, "focus_score": 2, "covered_rule_ids": ["RULE-002", "RULE-019"], "missing_rule_hits": [], "core_rule_hits": [], "coverage_gain_score": -8, "reuse_risk_hit": false, "hit_must_cover_rule": false, "violates_forbidden_pattern": false, "hits_soft_constraint": false, "satisfies_quality_hint": false}, {"candidate_index": 7, "signature": "ai评分结果|验证综合评分在8分以下时'重新讲'按钮的展示与交互逻辑|结果页面展示'重新讲'按钮，点击后ai重新从错题库抽取与上次不同的题目，启动新一轮费曼学习法交互流程，历史对话记录保留但新一轮独立计分|综合评分5.0分，点击'重新讲'", "case_id": "TC-098", "description": "验证综合评分在8分以下时'重新讲'按钮的展示与交互逻辑", "test_module": "AI评分结果", "expected_result": "结果页面展示'重新讲'按钮，点击后AI重新从错题库抽取与上次不同的题目，启动新一轮费曼学习法交互流程，历史对话记录保留但新一轮独立计分", "flow_stage": "stage:ai评分结果", "flow_stage_label": "AI评分结果", "flow_rank": 9, "cross_cutting": [], "scenario_key": "stage:ai评分结果:workflow_navigation:obj:评分结果_验证_证综", "is_scenario_duplicate": false, "duplicate_cluster_id": "", "duplicate_cluster_size": 0, "duplicate_of_case_id": "", "misordered_against_requirement_flow": false, "expected_result_quality": "assertable", "expected_result_quality_reason": "contains_concrete_assertion", "expected_result_alignment_warning": true, "truncated_text_detected": false, "case_quality": "valid_case", "invalid_case_reason": "", "invalid_case_signals": [], "model_priority_current": "P0", "model_priority": "P0", "legacy_priority": "P0", "priority_final": "P2", "priority_decision_state": "decided", "priority_decision_source": "conflict_resolved_by_non_blocking_experience_rule", "priority_confidence": "medium", "priority_conflict_reason": "model=P0,suggested=P2", "priority_resolution_reason": "explicit_low_value_or_experience_case", "priority_score": 0, "suggested_priority": "P2", "priority_reasons": ["coverage_gain_non_positive", "low_risk_only_covered_rules_penalty", "no_release_blocking_guard"], "selected_by_review_llm": true, "selected_by_review_must_keep": false, "selected_by_review_constraints": false, "review_constraint_reason": "", "review_llm_drop_reason_raw": "", "review_llm_drop_reason": "", "review_llm_drop_reason_resolved": "", "review_llm_drop_reason_source": "", "review_llm_drop_reason_evidence": {}, "has_positive_evidence": false, "has_coverage_signal": false, "has_high_signal": false, "has_competition_signal": false, "review_llm_filter_applied": false, "must_keep_candidate": false, "must_keep_reasons": [], "selected_by_review_gate": true, "retained_final": true, "dropped_stage": "retained", "dropped_reason": "retained", "rule_keys": [], "bucket": "ai评分结果|happy", "adds_rule": false, "adds_bucket": true, "high_signal": true, "has_coverage_value": true, "retained_reason": "retained_default", "rerank_rank": 39, "focus_score": 0, "covered_rule_ids": ["RULE-002", "RULE-020", "RULE-048"], "missing_rule_hits": [], "core_rule_hits": [], "coverage_gain_score": -8, "reuse_risk_hit": false, "hit_must_cover_rule": false, "violates_forbidden_pattern": false, "hits_soft_constraint": false, "satisfies_quality_hint": false}, {"candidate_index": 8, "signature": "ai评分结果|验证ai评分服务异常（超时/错误）时结果页面的容错处理|执行检查是否有重试或替代操作入口后，应成功完成ai评分服务异常（超时/错误）时结果页面的容错处理，且后续查询可验证结果|ai评分服务超时/错误", "case_id": "TC-097", "description": "验证AI评分服务异常（超时/错误）时结果页面的容错处理", "test_module": "AI评分结果", "expected_result": "执行检查是否有重试或替代操作入口后，应成功完成AI评分服务异常（超时/错误）时结果页面的容错处理，且后续查询可验证结果", "flow_stage": "stage:ai评分结果", "flow_stage_label": "AI评分结果", "flow_rank": 9, "cross_cutting": [], "scenario_key": "stage:ai评分结果:load_failure:obj:评分结果_验证_评分", "is_scenario_duplicate": false, "duplicate_cluster_id": "", "duplicate_cluster_size": 0, "duplicate_of_case_id": "", "misordered_against_requirement_flow": false, "expected_result_quality": "non_assertable", "expected_result_quality_reason": "template_or_weak_assertion", "expected_result_alignment_warning": true, "truncated_text_detected": false, "case_quality": "valid_case", "invalid_case_reason": "", "invalid_case_signals": [], "model_priority_current": "P0", "model_priority": "P0", "legacy_priority": "P0", "priority_final": "P1", "priority_decision_state": "decided", "priority_decision_source": "conflict_resolved_by_core_business_rule", "priority_confidence": "medium", "priority_conflict_reason": "model=P0,suggested=P2", "priority_resolution_reason": "core_business_evidence", "priority_score": 11, "suggested_priority": "P2", "priority_reasons": ["main_workflow_hit", "coverage_gain_non_positive", "low_risk_only_covered_rules_penalty", "no_release_blocking_guard"], "selected_by_review_llm": true, "selected_by_review_must_keep": false, "selected_by_review_constraints": false, "review_constraint_reason": "", "review_llm_drop_reason_raw": "", "review_llm_drop_reason": "", "review_llm_drop_reason_resolved": "", "review_llm_drop_reason_source": "", "review_llm_drop_reason_evidence": {}, "has_positive_evidence": false, "has_coverage_signal": false, "has_high_signal": false, "has_competition_signal": false, "review_llm_filter_applied": false, "must_keep_candidate": false, "must_keep_reasons": [], "selected_by_review_gate": true, "retained_final": false, "dropped_stage": "post_review_dedup_or_reorder", "dropped_reason": "drop_post_review_dedup_or_reorder", "rule_keys": [], "bucket": "ai评分结果|exception", "adds_rule": false, "adds_bucket": true, "high_signal": true, "has_coverage_value": true, "retained_reason": "retained_default", "rerank_rank": 12, "focus_score": 2, "covered_rule_ids": ["RULE-001", "RULE-020", "RULE-048"], "missing_rule_hits": [], "core_rule_hits": [], "coverage_gain_score": -8, "reuse_risk_hit": false, "hit_must_cover_rule": false, "violates_forbidden_pattern": false, "hits_soft_constraint": false, "satisfies_quality_hint": false}, {"candidate_index": 9, "signature": "ai评分|验证综合评分小数精度格式（保留一位小数）的输出一致性|各维度得分及综合评分均保留一位小数格式（如2.5、1.8、3.2，总分7.5），不出现多位小数（如2.53）或整数无小数位（如3）的格式不一致情况|学员回答部分正确，各维度得分非整数", "case_id": "TC-100", "description": "验证综合评分小数精度格式（保留一位小数）的输出一致性", "test_module": "AI评分", "expected_result": "各维度得分及综合评分均保留一位小数格式（如2.5、1.8、3.2，总分7.5），不出现多位小数（如2.53）或整数无小数位（如3）的格式不一致情况", "flow_stage": "stage:ai评分", "flow_stage_label": "AI评分", "flow_rank": 8, "cross_cutting": [], "scenario_key": "stage:ai评分:title_format:obj:评分_验证_证综", "is_scenario_duplicate": false, "duplicate_cluster_id": "", "duplicate_cluster_size": 0, "duplicate_of_case_id": "", "misordered_against_requirement_flow": true, "expected_result_quality": "assertable", "expected_result_quality_reason": "contains_concrete_assertion", "expected_result_alignment_warning": true, "truncated_text_detected": false, "case_quality": "valid_case", "invalid_case_reason": "", "invalid_case_signals": [], "model_priority_current": "P0", "model_priority": "P0", "legacy_priority": "P0", "priority_final": "P0", "priority_decision_state": "decided", "priority_decision_source": "conflict_resolved_by_core_business_rule", "priority_confidence": "medium", "priority_conflict_reason": "model=P0,suggested=P2", "priority_resolution_reason": "core_business_evidence", "priority_score": 15, "suggested_priority": "P2", "priority_reasons": ["main_workflow_hit", "boundary_or_low_risk_validation", "no_release_blocking_guard"], "selected_by_review_llm": true, "selected_by_review_must_keep": false, "selected_by_review_constraints": false, "review_constraint_reason": "", "review_llm_drop_reason_raw": "", "review_llm_drop_reason": "", "review_llm_drop_reason_resolved": "", "review_llm_drop_reason_source": "", "review_llm_drop_reason_evidence": {}, "has_positive_evidence": false, "has_coverage_signal": false, "has_high_signal": false, "has_competition_signal": false, "review_llm_filter_applied": false, "must_keep_candidate": false, "must_keep_reasons": [], "selected_by_review_gate": true, "retained_final": true, "dropped_stage": "retained", "dropped_reason": "retained", "rule_keys": [], "bucket": "ai评分|happy", "adds_rule": false, "adds_bucket": true, "high_signal": false, "has_coverage_value": false, "retained_reason": "retained_default", "rerank_rank": 9, "focus_score": 0, "covered_rule_ids": [], "missing_rule_hits": [], "core_rule_hits": [], "coverage_gain_score": 0, "reuse_risk_hit": false, "hit_must_cover_rule": false, "violates_forbidden_pattern": false, "hits_soft_constraint": false, "satisfies_quality_hint": false}, {"candidate_index": 10, "signature": "ai评分结果|验证综合评分8分以下页面'联系督导'按钮的突出显示|'联系督导'按钮在视觉上比'去日清'按钮更突出（如颜色更醒目、尺寸更大或位置更靠前），页面提示'太遗憾了，您对知识点理解还需要加深，快去联系督导老师吧'|综合评分为6.5分", "case_id": "TC-074", "description": "验证综合评分8分以下页面'联系督导'按钮的突出显示", "test_module": "AI评分结果", "expected_result": "'联系督导'按钮在视觉上比'去日清'按钮更突出（如颜色更醒目、尺寸更大或位置更靠前），页面提示'太遗憾了，您对知识点理解还需要加深，快去联系督导老师吧'", "flow_stage": "stage:ai评分结果", "flow_stage_label": "AI评分结果", "flow_rank": 9, "cross_cutting": [], "scenario_key": "global:ai_score_popup_threshold", "is_scenario_duplicate": true, "duplicate_cluster_id": "SC-002", "duplicate_cluster_size": 9, "duplicate_of_case_id": "TC-096", "misordered_against_requirement_flow": false, "expected_result_quality": "assertable", "expected_result_quality_reason": "contains_concrete_assertion", "expected_result_alignment_warning": true, "truncated_text_detected": false, "case_quality": "valid_case", "invalid_case_reason": "", "invalid_case_signals": [], "model_priority_current": "P0", "model_priority": "P0", "legacy_priority": "P0", "priority_final": "P2", "priority_decision_state": "decided", "priority_decision_source": "conflict_resolved_by_non_blocking_experience_rule", "priority_confidence": "medium", "priority_conflict_reason": "model=P0,suggested=P2", "priority_resolution_reason": "explicit_low_value_or_experience_case", "priority_score": 0, "suggested_priority": "P2", "priority_reasons": ["coverage_gain_non_positive", "low_risk_only_covered_rules_penalty", "no_release_blocking_guard"], "selected_by_review_llm": true, "selected_by_review_must_keep": false, "selected_by_review_constraints": false, "review_constraint_reason": "", "review_llm_drop_reason_raw": "", "review_llm_drop_reason": "", "review_llm_drop_reason_resolved": "", "review_llm_drop_reason_source": "", "review_llm_drop_reason_evidence": {}, "has_positive_evidence": false, "has_coverage_signal": false, "has_high_signal": false, "has_competition_signal": false, "review_llm_filter_applied": false, "must_keep_candidate": false, "must_keep_reasons": [], "selected_by_review_gate": true, "retained_final": true, "dropped_stage": "retained", "dropped_reason": "retained", "rule_keys": [], "bucket": "ai评分结果|happy", "adds_rule": false, "adds_bucket": false, "high_signal": true, "has_coverage_value": true, "retained_reason": "retained_due_to_coverage_value", "rerank_rank": 85, "focus_score": 0, "covered_rule_ids": ["RULE-002", "RULE-009", "RULE-019"], "missing_rule_hits": [], "core_rule_hits": [], "coverage_gain_score": -8, "reuse_risk_hit": false, "hit_must_cover_rule": false, "violates_forbidden_pattern": false, "hits_soft_constraint": false, "satisfies_quality_hint": false}, {"candidate_index": 11, "signature": "评分与结果反馈|验证综合评分在8分以下的结果展示与按钮逻辑|页面提示'太遗憾了，您对知识点理解还需要加深，快去联系督导老师吧'，突出显示'联系督导'按钮且督导端收到消息提示；'去日清'按钮可正常点击进入日清页面|综合评分5.0分", "case_id": "TC-011", "description": "验证综合评分在8分以下的结果展示与按钮逻辑", "test_module": "评分与结果反馈", "expected_result": "页面提示'太遗憾了，您对知识点理解还需要加深，快去联系督导老师吧'，突出显示'联系督导'按钮且督导端收到消息提示；'去日清'按钮可正常点击进入日清页面", "flow_stage": "stage:评分与结果反馈", "flow_stage_label": "评分与结果反馈", "flow_rank": 10, "cross_cutting": [], "scenario_key": "global:ai_score_popup_threshold", "is_scenario_duplicate": false, "duplicate_cluster_id": "SC-006", "duplicate_cluster_size": 2, "duplicate_of_case_id": "", "misordered_against_requirement_flow": false, "expected_result_quality": "assertable", "expected_result_quality_reason": "contains_concrete_assertion", "expected_result_alignment_warning": true, "truncated_text_detected": false, "case_quality": "valid_case", "invalid_case_reason": "", "invalid_case_signals": [], "model_priority_current": "P0", "model_priority": "P0", "legacy_priority": "P0", "priority_final": "P0", "priority_decision_state": "decided", "priority_decision_source": "conflict_resolved_by_core_business_rule", "priority_confidence": "medium", "priority_conflict_reason": "model=P0,suggested=P2", "priority_resolution_reason": "core_business_evidence", "priority_score": 11, "suggested_priority": "P2", "priority_reasons": ["main_workflow_hit", "coverage_gain_non_positive", "low_risk_only_covered_rules_penalty", "no_release_blocking_guard"], "selected_by_review_llm": true, "selected_by_review_must_keep": false, "selected_by_review_constraints": false, "review_constraint_reason": "", "review_llm_drop_reason_raw": "", "review_llm_drop_reason": "", "review_llm_drop_reason_resolved": "", "review_llm_drop_reason_source": "", "review_llm_drop_reason_evidence": {}, "has_positive_evidence": false, "has_coverage_signal": false, "has_high_signal": false, "has_competition_signal": false, "review_llm_filter_applied": false, "must_keep_candidate": false, "must_keep_reasons": [], "selected_by_review_gate": true, "retained_final": true, "dropped_stage": "retained", "dropped_reason": "retained", "rule_keys": [], "bucket": "评分与结果反馈|happy", "adds_rule": false, "adds_bucket": true, "high_signal": true, "has_coverage_value": true, "retained_reason": "retained_default", "rerank_rank": 34, "focus_score": 0, "covered_rule_ids": ["RULE-002", "RULE-009", "RULE-019", "RULE-020", "RULE-048"], "missing_rule_hits": [], "core_rule_hits": [], "coverage_gain_score": -8, "reuse_risk_hit": false, "hit_must_cover_rule": false, "violates_forbidden_pattern": false, "hits_soft_constraint": false, "satisfies_quality_hint": false}, {"candidate_index": 12, "signature": "ai交互流程|验证学员点击'完成'按钮提交回答的交互逻辑|回答内容提交成功，ai根据回答内容进行追问或进入评分环节|学员录制回答后点击'完成'按钮", "case_id": "TC-073", "description": "验证学员点击'完成'按钮提交回答的交互逻辑", "test_module": "AI交互流程", "expected_result": "回答内容提交成功，AI根据回答内容进行追问或进入评分环节", "flow_stage": "stage:ai交互", "flow_stage_label": "AI交互", "flow_rank": 11, "cross_cutting": [], "scenario_key": "global:ai_supervisor_detail_button_state", "is_scenario_duplicate": false, "duplicate_cluster_id": "SC-007", "duplicate_cluster_size": 23, "duplicate_of_case_id": "", "misordered_against_requirement_flow": false, "expected_result_quality": "non_assertable", "expected_result_quality_reason": "template_or_weak_assertion", "expected_result_alignment_warning": false, "truncated_text_detected": false, "case_quality": "valid_case", "invalid_case_reason": "", "invalid_case_signals": [], "model_priority_current": "P0", "model_priority": "P0", "legacy_priority": "P0", "priority_final": "P1", "priority_decision_state": "decided", "priority_decision_source": "conflict_resolved_by_core_business_rule", "priority_confidence": "medium", "priority_conflict_reason": "model=P0,suggested=P2", "priority_resolution_reason": "core_business_evidence", "priority_score": 11, "suggested_priority": "P2", "priority_reasons": ["main_workflow_hit", "coverage_gain_non_positive", "low_risk_only_covered_rules_penalty", "no_release_blocking_guard"], "selected_by_review_llm": true, "selected_by_review_must_keep": false, "selected_by_review_constraints": false, "review_constraint_reason": "", "review_llm_drop_reason_raw": "", "review_llm_drop_reason": "", "review_llm_drop_reason_resolved": "", "review_llm_drop_reason_source": "", "review_llm_drop_reason_evidence": {}, "has_positive_evidence": false, "has_coverage_signal": false, "has_high_signal": false, "has_competition_signal": false, "review_llm_filter_applied": false, "must_keep_candidate": false, "must_keep_reasons": [], "selected_by_review_gate": true, "retained_final": false, "dropped_stage": "post_review_dedup_or_reorder", "dropped_reason": "drop_post_review_dedup_or_reorder", "rule_keys": [], "bucket": "ai交互流程|happy", "adds_rule": false, "adds_bucket": true, "high_signal": true, "has_coverage_value": true, "retained_reason": "retained_default", "rerank_rank": 25, "focus_score": 0, "covered_rule_ids": ["RULE-002", "RULE-020", "RULE-048"], "missing_rule_hits": [], "core_rule_hits": [], "coverage_gain_score": -8, "reuse_risk_hit": false, "hit_must_cover_rule": false, "violates_forbidden_pattern": false, "hits_soft_constraint": false, "satisfies_quality_hint": false}, {"candidate_index": 13, "signature": "ai评分|验证学员复述逻辑错误时不触发打分，返回上一阶段重新梳理（rule-041边界）|ai不触发打分功能，而是返回阶段4重新梳理逻辑，继续通过追问引导学员纠正错误理解，直到逻辑正确才触发打分|学员复述错误逻辑：'冰块变小是液化，所以选a'", "case_id": "TC-099", "description": "验证学员复述逻辑错误时不触发打分，返回上一阶段重新梳理（RULE-041边界）", "test_module": "AI评分", "expected_result": "AI不触发打分功能，而是返回阶段4重新梳理逻辑，继续通过追问引导学员纠正错误理解，直到逻辑正确才触发打分", "flow_stage": "stage:ai评分", "flow_stage_label": "AI评分", "flow_rank": 8, "cross_cutting": [], "scenario_key": "stage:ai评分:generation_trigger:obj:评分_验证_证学", "is_scenario_duplicate": true, "duplicate_cluster_id": "SC-005", "duplicate_cluster_size": 2, "duplicate_of_case_id": "TC-097", "misordered_against_requirement_flow": true, "expected_result_quality": "assertable", "expected_result_quality_reason": "contains_concrete_assertion", "expected_result_alignment_warning": false, "truncated_text_detected": false, "case_quality": "valid_case", "invalid_case_reason": "", "invalid_case_signals": [], "model_priority_current": "P0", "model_priority": "P0", "legacy_priority": "P0", "priority_final": "P2", "priority_decision_state": "decided", "priority_decision_source": "conflict_resolved_by_non_blocking_experience_rule", "priority_confidence": "medium", "priority_conflict_reason": "model=P0,suggested=P2", "priority_resolution_reason": "explicit_low_value_or_experience_case", "priority_score": 0, "suggested_priority": "P2", "priority_reasons": ["boundary_or_low_risk_validation", "low_risk_supplemental_rule_only", "coverage_gain_non_positive", "low_risk_only_covered_rules_penalty", "no_release_blocking_guard"], "selected_by_review_llm": true, "selected_by_review_must_keep": false, "selected_by_review_constraints": false, "review_constraint_reason": "", "review_llm_drop_reason_raw": "", "review_llm_drop_reason": "", "review_llm_drop_reason_resolved": "", "review_llm_drop_reason_source": "", "review_llm_drop_reason_evidence": {}, "has_positive_evidence": false, "has_coverage_signal": false, "has_high_signal": false, "has_competition_signal": false, "review_llm_filter_applied": false, "must_keep_candidate": false, "must_keep_reasons": [], "selected_by_review_gate": true, "retained_final": true, "dropped_stage": "retained", "dropped_reason": "retained", "rule_keys": [], "bucket": "ai评分|exception", "adds_rule": false, "adds_bucket": true, "high_signal": true, "has_coverage_value": true, "retained_reason": "retained_default", "rerank_rank": 10, "focus_score": 4, "covered_rule_ids": ["RULE-001", "RULE-041", "RULE-042"], "missing_rule_hits": [], "core_rule_hits": [], "coverage_gain_score": -16, "reuse_risk_hit": false, "hit_must_cover_rule": false, "violates_forbidden_pattern": false, "hits_soft_constraint": false, "satisfies_quality_hint": false}], "row_count": 13, "row_count_total": 110, "rows_scope": "sampled_due_to_size", "request_id": "ce50b4223f544067b22d494b031b2d66", "project_id": 8, "multi_pass": true, "generation_mode": "full_functional_regression"}
GEN_DIAG:{"kind": "generation_quality_ledger", "generation_id": 0, "request_id": "ce50b4223f544067b22d494b031b2d66", "generation_mode": "full_functional_regression", "final_count": 85, "quality_assessment": "medium", "initial_quality_score": 47, "quality_score": 47, "quality_score_grade": "critical", "quality_score_source": "backend_diagnostic_v1", "quality_score_basis": "coverage+review+judge+funnel+context+manual_profile", "quality_score_confidence": "high", "quality_score_deductions": [{"key": "coverage_gap", "label": "规则覆盖缺口", "count": 0.1087, "points": 3.8}, {"key": "missing_rules", "label": "未覆盖阻断规则", "count": 5, "points": 30.0}, {"key": "missing_exception", "label": "缺少异常覆盖", "count": 1, "points": 2.0}, {"key": "judge_rejected", "label": "判定拒绝", "count": 2, "points": 6.0}, {"key": "judge_pending", "label": "待确认逻辑", "count": 1, "points": 1.5}, {"key": "low_quality_dropped", "label": "低质量用例被过滤", "count": 2, "points": 6.0}, {"key": "semantic_dedup", "label": "语义去重压力", "count": 5, "points": 2.5}, {"key": "manual_priority_distribution_drift", "label": "人工画像优先级分布偏移", "count": 0.1247, "points": 1.5}], "quality_score_inputs": {"coverage_rate": 0.8913, "total_rules": 46, "missing_rules_count": 5, "final_count": 85, "candidate_total": 110, "retained_total": 85, "judge_total": 100, "rejected_count": 2, "pending_count": 1, "repairable_count": 0, "raw_repairable_count": 1, "repaired_pass_count": 0, "unrepaired_repairable_count": 1, "fact_profile_forbidden_count": 0, "fact_violation_count": 0, "flow_missing_count": 0, "flow_misordered_count": 0, "scenario_duplicate_cluster_count": 0, "scenario_duplicate_case_count": 0, "low_quality_dropped_count": 2, "semantic_dedup_dropped_count": 0, "semantic_dedup_pressure_count": 14, "semantic_dedup_penalty_count": 5, "structure_metric_scope": "final_cases", "manual_quality_profile_applied": true, "manual_quality_profile_version": "d7ad8a659c760415", "manual_high_priority_ratio_shortfall": 0.0, "manual_display_ratio_excess": 0.0, "manual_priority_distribution_drift": 0.1247, "manual_module_distribution_drift": 0.0}, "manual_delivery": {"applied": true, "profile_source": "priority_sample_pool_manual_verified", "profile_version": "d7ad8a659c760415", "profile_trusted_sample_count": 51, "raw_target_high_priority_ratio": 0.9375, "target_high_priority_ratio": 0.6, "high_priority_target_calibrated": true, "high_priority_target_calibration_reason": "full_functional_regression_suite_mix_cap", "final_high_priority_ratio": 0.6824, "high_priority_ratio_shortfall": 0.0, "effective_priority_distribution_target": {"P0": 0.04, "P1": 0.56, "P2": 0.4}, "target_display_ratio_cap": 0.45, "final_display_ratio": 0.2, "display_ratio_excess": 0.0, "priority_distribution_drift": 0.1247, "module_distribution_drift": 0.0}, "stop_reason": ["stopped_due_to_diminishing_returns"], "coverage": {"coverage_rate": 0.8913, "total_rules": 46, "total_extracted_rules": 54, "missing_rules_count": 5, "missing_boundary_count": 0, "missing_exception_count": 1, "non_blocking_rules_count": 8}, "funnel": {"primary_count": 94, "gap_count": 16, "review_count": 99, "candidate_count_before_review": 110, "review_selected_count": 99, "post_review_dedup_drop": 14, "final_description_dedup_drop_count": 0, "total_dedup_drop_count": 14, "low_quality_dropped_count": 2, "low_quality_dropped_examples": [{"stage": "post_judge_quality_filter", "reason": "non_assertable_expected_result", "case_id": "TC-043", "test_module": "AI评分结果", "priority": "P0", "description": "验证AI评分服务异常（超时/错误）时结果页面的容错处理", "expected_result": "执行检查是否有重试或替代操作入口后，应成功完成AI评分服务异常（超时/错误）时结果页面的容错处理，且后续查询可验证结果"}, {"stage": "post_judge_quality_filter", "reason": "non_assertable_expected_result", "case_id": "TC-071", "test_module": "AI交互流程", "priority": "P0", "description": "验证学员点击'完成'按钮提交回答的交互逻辑", "expected_result": "回答内容提交成功，AI根据回答内容进行追问或进入评分环节"}], "semantic_dedup_dropped_count": 0}, "review": {"candidate_total": 110, "retained_total": 85, "drop_by_review_llm_count": 0, "drop_by_review_gate_count": 0, "drop_by_post_review_dedup_count": 14, "drop_final_description_duplicate_count": 0, "flow_missing_stage_count": 0, "flow_misordered_count": 75, "final_flow_missing_stage_count": 0, "final_flow_misordered_count": 0, "scenario_duplicate_cluster_count": 35, "scenario_duplicate_case_count": 93, "final_scenario_duplicate_cluster_count": 0, "final_scenario_duplicate_case_count": 0, "fact_profile_forbidden_count": 0, "fact_profile_pending_count": 0}, "judge": {"total": 100, "rejected_out_count": 2, "pending_out_count": 1, "repairable_count": 0, "raw_repairable_count": 1, "repaired_pass_out_count": 0, "unrepaired_repairable_count": 1, "fact_violation_count": 0, "rejected_total": 2, "reason_clusters": {"semantic_duplicate": 2}, "dominant_reason": "semantic_duplicate"}, "context": {"snapshot_status": "success", "snapshot_used": true, "realtime_rag_used": true, "current_document_used": true, "fusion_mode": "snapshot+rag", "compression_ratio": 0.2839, "retained_chunk_count": 1}, "control": {"control_state_applied": true, "generation_coverage_mode": "full_functional_regression", "must_cover_rules_count": 0, "quality_fix_hints_count": 14}, "case_quality_gate": {"kind": "case_quality_gate", "mode": "shadow", "passed": false, "blocked": false, "failure_reasons": ["quality_score_critical"], "metrics": {"final_count": 85, "min_acceptable_final": 85, "quality_score": 47, "quality_score_grade": "critical", "final_scenario_duplicate_case_count": 0, "final_flow_misordered_count": 0, "judge_rejected_count": 2, "reasoning_leak_count": 0, "role_mismatch_count": 0}}, "project_id": 8, "multi_pass": true}
GEN_DIAG:{"kind": "case_quality_gate", "mode": "shadow", "passed": false, "blocked": false, "failure_reasons": ["quality_score_critical"], "metrics": {"final_count": 85, "min_acceptable_final": 85, "quality_score": 47, "quality_score_grade": "critical", "final_scenario_duplicate_case_count": 0, "final_flow_misordered_count": 0, "judge_rejected_count": 2, "reasoning_leak_count": 0, "role_mismatch_count": 0}, "generation_id": 0, "request_id": "ce50b4223f544067b22d494b031b2d66", "project_id": 8, "multi_pass": true, "generation_mode": "full_functional_regression"}
GEN_DIAG:{"kind": "coverage_check", "total_rules": 46, "total_extracted_rules": 54, "non_blocking_rules": ["RULE-005", "RULE-014", "RULE-018", "RULE-035", "RULE-037", "RULE-038", "RULE-039", "RULE-040"], "covered_rules": ["RULE-001", "RULE-002", "RULE-003", "RULE-004", "RULE-006", "RULE-007", "RULE-008", "RULE-009", "RULE-010", "RULE-011", "RULE-012", "RULE-013", "RULE-015", "RULE-016", "RULE-017", "RULE-019", "RULE-020", "RULE-021", "RULE-022", "RULE-023", "RULE-024", "RULE-025", "RULE-026", "RULE-027", "RULE-028", "RULE-029", "RULE-030", "RULE-031", "RULE-032", "RULE-033", "RULE-041", "RULE-042", "RULE-043", "RULE-044", "RULE-045", "RULE-046", "RULE-047", "RULE-048", "RULE-049", "RULE-053", "RULE-054"], "missing_rules": ["RULE-034", "RULE-036", "RULE-050", "RULE-051", "RULE-052"], "rule_diagnostics": [{"rule_id": "RULE-001", "rule_text": "ii.“返回” 按钮用于返回上一级", "biz_key": "unknown", "rule_level": "hard", "confidence": "high", "source_type": "confirmed_requirement", "blocking": true, "non_blocking_reason": "", "covered": true, "coverage_types": ["boundary", "exception", "happy"], "missing_types": []}, {"rule_id": "RULE-002", "rule_text": "iv.“切换课程” 按钮", "biz_key": "unknown", "rule_level": "hard", "confidence": "high", "source_type": "confirmed_requirement", "blocking": true, "non_blocking_reason": "", "covered": true, "coverage_types": ["boundary", "exception", "happy", "risk"], "missing_types": []}, {"rule_id": "RULE-003", "rule_text": "能’‘’‘’‘让学员切换到", "biz_key": "unknown", "rule_level": "hard", "confidence": "high", "source_type": "confirmed_requirement", "blocking": true, "non_blocking_reason": "", "covered": true, "coverage_types": ["exception", "happy"], "missing_types": []}, {"rule_id": "RULE-004", "rule_text": "展示区。以对话框样式展示 AI 提出", "biz_key": "unknown", "rule_level": "hard", "confidence": "high", "source_type": "confirmed_requirement", "blocking": true, "non_blocking_reason": "", "covered": true, "coverage_types": ["exception", "happy", "risk"], "missing_types": []}, {"rule_id": "RULE-005", "rule_text": "界面展示", "biz_key": "unknown", "rule_level": "soft", "confidence": "low", "source_type": "short_fragment", "blocking": false, "non_blocking_reason": "short_fragment", "covered": true, "coverage_types": ["happy"], "missing_types": []}, {"rule_id": "RULE-006", "rule_text": "3.重复进入:保留对话内容,未完成可以", "biz_key": "unknown", "rule_level": "hard", "confidence": "high", "source_type": "confirmed_requirement", "blocking": true, "non_blocking_reason": "", "covered": true, "coverage_types": ["boundary", "exception", "happy", "risk"], "missing_types": []}, {"rule_id": "RULE-007", "rule_text": "识错题” 页面,AI 自动展示一道问", "biz_key": "unknown", "rule_level": "hard", "confidence": "high", "source_type": "confirmed_requirement", "blocking": true, "non_blocking_reason": "", "covered": true, "coverage_types": ["happy", "risk"], "missing_types": []}, {"rule_id": "RULE-008", "rule_text": "内容下方以新的对话框形式展示追", "biz_key": "unknown", "rule_level": "hard", "confidence": "high", "source_type": "confirmed_requirement", "blocking": true, "non_blocking_reason": "", "covered": true, "coverage_types": ["boundary", "exception", "happy", "risk"], "missing_types": []}, {"rule_id": "RULE-009", "rule_text": "去日清,点击后进入日清页面;", "biz_key": "unknown", "rule_level": "hard", "confidence": "high", "source_type": "confirmed_requirement", "blocking": true, "non_blocking_reason": "", "covered": true, "coverage_types": ["boundary", "happy"], "missing_types": []}, {"rule_id": "RULE-010", "rule_text": "按钮提示:联系督导,点击之后督", "biz_key": "unknown", "rule_level": "hard", "confidence": "high", "source_type": "confirmed_requirement", "blocking": true, "non_blocking_reason": "", "covered": true, "coverage_types": ["happy"], "missing_types": []}, {"rule_id": "RULE-011", "rule_text": "a.顶部信息栏:页面顶部显示机构名", "biz_key": "unknown", "rule_level": "hard", "confidence": "high", "source_type": "confirmed_requirement", "blocking": true, "non_blocking_reason": "", "covered": true, "coverage_types": ["happy"], "missing_types": []}, {"rule_id": "RULE-012", "rule_text": "b.学员信息列表:以表格形式展示学", "biz_key": "unknown", "rule_level": "hard", "confidence": "high", "source_type": "confirmed_requirement", "blocking": true, "non_blocking_reason": "", "covered": true, "coverage_types": ["boundary", "exception", "happy", "risk"], "missing_types": []}, {"rule_id": "RULE-013", "rule_text": "i. 学员姓名:显示学员真实姓", "biz_key": "unknown", "rule_level": "hard", "confidence": "high", "source_type": "confirmed_requirement", "blocking": true, "non_blocking_reason": "", "covered": true, "coverage_types": ["exception", "happy"], "missing_types": []}, {"rule_id": "RULE-014", "rule_text": "就不展示;", "biz_key": "unknown", "rule_level": "soft", "confidence": "low", "source_type": "short_fragment", "blocking": false, "non_blocking_reason": "short_fragment", "covered": false, "coverage_types": [], "missing_types": []}, {"rule_id": "RULE-015", "rule_text": "员点击了完成(包括对答案", "biz_key": "unknown", "rule_level": "hard", "confidence": "high", "source_type": "confirmed_requirement", "blocking": true, "non_blocking_reason": "", "covered": true, "coverage_types": ["happy", "risk"], "missing_types": []}, {"rule_id": "RULE-016", "rule_text": "v.近期学习计划:展示学员接下", "biz_key": "unknown", "rule_level": "hard", "confidence": "high", "source_type": "confirmed_requirement", "blocking": true, "non_blocking_reason": "", "covered": true, "coverage_types": ["boundary", "exception", "happy", "risk"], "missing_types": []}, {"rule_id": "RULE-017", "rule_text": "该教材的最后课程,则不展示", "biz_key": "unknown", "rule_level": "hard", "confidence": "high", "source_type": "confirmed_requirement", "blocking": true, "non_blocking_reason": "", "covered": true, "coverage_types": ["boundary", "happy"], "missing_types": []}, {"rule_id": "RULE-018", "rule_text": "材,也不展示;", "biz_key": "unknown", "rule_level": "soft", "confidence": "low", "source_type": "short_fragment", "blocking": false, "non_blocking_reason": "short_fragment", "covered": false, "coverage_types": [], "missing_types": []}, {"rule_id": "RULE-019", "rule_text": "vi.督导:显示负责该学员的督导", "biz_key": "unknown", "rule_level": "hard", "confidence": "high", "source_type": "confirmed_requirement", "blocking": true, "non_blocking_reason": "", "covered": true, "coverage_types": ["boundary", "exception", "happy"], "missing_types": []}, {"rule_id": "RULE-020", "rule_text": "1.查看讲错题讲知识点:点击", "biz_key": "unknown", "rule_level": "hard", "confidence": "high", "source_type": "confirmed_requirement", "blocking": true, "non_blocking_reason": "", "covered": true, "coverage_types": ["boundary", "happy"], "missing_types": []}, {"rule_id": "RULE-021", "rule_text": "弹窗展示当节课详情,其他", "biz_key": "unknown", "rule_level": "hard", "confidence": "high", "source_type": "confirmed_requirement", "blocking": true, "non_blocking_reason": "", "covered": true, "coverage_types": ["happy"], "missing_types": []}, {"rule_id": "RULE-022", "rule_text": "页面以模态框形式展示学员讲错题", "biz_key": "unknown", "rule_level": "hard", "confidence": "high", "source_type": "confirmed_requirement", "blocking": true, "non_blocking_reason": "", "covered": true, "coverage_types": ["boundary", "exception", "happy", "risk"], "missing_types": []}, {"rule_id": "RULE-023", "rule_text": "1.弹出窗口:当督导点击 “查看讲错题讲", "biz_key": "unknown", "rule_level": "hard", "confidence": "high", "source_type": "confirmed_requirement", "blocking": true, "non_blocking_reason": "", "covered": true, "coverage_types": ["boundary", "exception", "happy"], "missing_types": []}, {"rule_id": "RULE-024", "rule_text": "通过,显示文字 “学生知识点讲错题通", "biz_key": "unknown", "rule_level": "hard", "confidence": "high", "source_type": "confirmed_requirement", "blocking": true, "non_blocking_reason": "", "covered": true, "coverage_types": ["boundary", "happy"], "missing_types": []}, {"rule_id": "RULE-025", "rule_text": "显示文字 “学生知识点讲错题未通", "biz_key": "unknown", "rule_level": "hard", "confidence": "high", "source_type": "confirmed_requirement", "blocking": true, "non_blocking_reason": "", "covered": true, "coverage_types": ["boundary", "happy"], "missing_types": []}, {"rule_id": "RULE-026", "rule_text": "a.展示章节:就是最近一节课的", "biz_key": "unknown", "rule_level": "hard", "confidence": "high", "source_type": "confirmed_requirement", "blocking": true, "non_blocking_reason": "", "covered": true, "coverage_types": ["happy"], "missing_types": []}, {"rule_id": "RULE-027", "rule_text": "什么情况下展示这个按钮", "biz_key": "unknown", "rule_level": "hard", "confidence": "high", "source_type": "confirmed_requirement", "blocking": true, "non_blocking_reason": "", "covered": true, "coverage_types": ["boundary", "happy", "risk"], "missing_types": []}, {"rule_id": "RULE-028", "rule_text": "AI给最终得分了,就展示", "biz_key": "unknown", "rule_level": "hard", "confidence": "high", "source_type": "confirmed_requirement", "blocking": true, "non_blocking_reason": "", "covered": true, "coverage_types": ["boundary", "happy"], "missing_types": []}, {"rule_id": "RULE-029", "rule_text": "场景)中,点击该按钮。", "biz_key": "unknown", "rule_level": "hard", "confidence": "high", "source_type": "confirmed_requirement", "blocking": true, "non_blocking_reason": "", "covered": true, "coverage_types": ["happy", "risk"], "missing_types": []}, {"rule_id": "RULE-030", "rule_text": "2.跳转逻辑:点击后,停留在当前页面。学", "biz_key": "unknown", "rule_level": "hard", "confidence": "high", "source_type": "confirmed_requirement", "blocking": true, "non_blocking_reason": "", "covered": true, "coverage_types": ["happy"], "missing_types": []}, {"rule_id": "RULE-031", "rule_text": "点击该按钮。", "biz_key": "unknown", "rule_level": "hard", "confidence": "high", "source_type": "confirmed_requirement", "blocking": true, "non_blocking_reason": "", "covered": true, "coverage_types": ["happy", "risk"], "missing_types": []}, {"rule_id": "RULE-032", "rule_text": "2.跳转逻辑:点击后,直接跳转至本次随堂", "biz_key": "unknown", "rule_level": "hard", "confidence": "high", "source_type": "confirmed_requirement", "blocking": true, "non_blocking_reason": "", "covered": true, "coverage_types": ["happy"], "missing_types": []}, {"rule_id": "RULE-033", "rule_text": "2.跳转逻辑:点击后,跳转至讲讲题页面。", "biz_key": "unknown", "rule_level": "hard", "confidence": "high", "source_type": "confirmed_requirement", "blocking": true, "non_blocking_reason": "", "covered": true, "coverage_types": ["happy"], "missing_types": []}, {"rule_id": "RULE-034", "rule_text": "式调整一下,", "biz_key": "unknown", "rule_level": "hard", "confidence": "high", "source_type": "confirmed_requirement", "blocking": true, "non_blocking_reason": "", "covered": false, "coverage_types": [], "missing_types": ["happy"]}, {"rule_id": "RULE-035", "rule_text": "开发适配点:", "biz_key": "unknown", "rule_level": "soft", "confidence": "low", "source_type": "label_fragment", "blocking": false, "non_blocking_reason": "label_fragment", "covered": false, "coverage_types": [], "missing_types": []}, {"rule_id": "RULE-036", "rule_text": "a.需支持 “错误选项”“正确选项”", "biz_key": "unknown", "rule_level": "hard", "confidence": "high", "source_type": "confirmed_requirement", "blocking": true, "non_blocking_reason": "", "covered": false, "coverage_types": [], "missing_types": ["exception", "happy"]}, {"rule_id": "RULE-037", "rule_text": "开发适配点:", "biz_key": "unknown", "rule_level": "soft", "confidence": "low", "source_type": "label_fragment", "blocking": false, "non_blocking_reason": "label_fragment", "covered": false, "coverage_types": [], "missing_types": []}, {"rule_id": "RULE-038", "rule_text": "开发适配点:", "biz_key": "unknown", "rule_level": "soft", "confidence": "low", "source_type": "label_fragment", "blocking": false, "non_blocking_reason": "label_fragment", "covered": false, "coverage_types": [], "missing_types": []}, {"rule_id": "RULE-039", "rule_text": "开发适配点:", "biz_key": "unknown", "rule_level": "soft", "confidence": "low", "source_type": "label_fragment", "blocking": false, "non_blocking_reason": "label_fragment", "covered": false, "coverage_types": [], "missing_types": []}, {"rule_id": "RULE-040", "rule_text": "开发适配点:", "biz_key": "unknown", "rule_level": "soft", "confidence": "low", "source_type": "label_fragment", "blocking": false, "non_blocking_reason": "label_fragment", "covered": false, "coverage_types": [], "missing_types": []}, {"rule_id": "RULE-041", "rule_text": "能”(如显示 “满分”),并输出", "biz_key": "unknown", "rule_level": "hard", "confidence": "high", "source_type": "confirmed_requirement", "blocking": true, "non_blocking_reason": "", "covered": true, "coverage_types": ["boundary", "exception", "happy"], "missing_types": []}, {"rule_id": "RULE-042", "rule_text": "误,返回阶段 4 重新梳理,不触发打", "biz_key": "unknown", "rule_level": "hard", "confidence": "high", "source_type": "confirmed_requirement", "blocking": true, "non_blocking_reason": "", "covered": true, "coverage_types": ["boundary", "exception", "happy"], "missing_types": []}, {"rule_id": "RULE-043", "rule_text": "◦ 界面底部有 **“点击对话”** ⻨克", "biz_key": "unknown", "rule_level": "hard", "confidence": "high", "source_type": "confirmed_requirement", "blocking": true, "non_blocking_reason": "", "covered": true, "coverage_types": ["happy"], "missing_types": []}, {"rule_id": "RULE-044", "rule_text": "戶参与互动;用戶点击 “好的,接受挑", "biz_key": "unknown", "rule_level": "hard", "confidence": "high", "source_type": "confirmed_requirement", "blocking": true, "non_blocking_reason": "", "covered": true, "coverage_types": ["happy"], "missing_types": []}, {"rule_id": "RULE-045", "rule_text": "题提问、用戶逐步讲解);用戶点击", "biz_key": "unknown", "rule_level": "hard", "confidence": "high", "source_type": "confirmed_requirement", "blocking": true, "non_blocking_reason": "", "covered": true, "coverage_types": ["happy"], "missing_types": []}, {"rule_id": "RULE-046", "rule_text": "◦ 弹出对话框,内容为:“你点击对话", "biz_key": "unknown", "rule_level": "hard", "confidence": "high", "source_type": "confirmed_requirement", "blocking": true, "non_blocking_reason": "", "covered": true, "coverage_types": ["happy", "risk"], "missing_types": []}, {"rule_id": "RULE-047", "rule_text": "击 “点击对话” 后表达思路);用戶点", "biz_key": "unknown", "rule_level": "hard", "confidence": "high", "source_type": "confirmed_requirement", "blocking": true, "non_blocking_reason": "", "covered": true, "coverage_types": ["exception", "happy"], "missing_types": []}, {"rule_id": "RULE-048", "rule_text": "点击 “完成”;如果还有补充的思", "biz_key": "unknown", "rule_level": "hard", "confidence": "high", "source_type": "confirmed_requirement", "blocking": true, "non_blocking_reason": "", "covered": true, "coverage_types": ["happy", "risk"], "missing_types": []}, {"rule_id": "RULE-049", "rule_text": "路或细节,点击 “继续录音” 就能", "biz_key": "unknown", "rule_level": "hard", "confidence": "high", "source_type": "confirmed_requirement", "blocking": true, "non_blocking_reason": "", "covered": true, "coverage_types": ["happy", "risk"], "missing_types": []}, {"rule_id": "RULE-050", "rule_text": "选择(收尾 / 补充讲解);用戶点击", "biz_key": "unknown", "rule_level": "hard", "confidence": "high", "source_type": "confirmed_requirement", "blocking": true, "non_blocking_reason": "", "covered": false, "coverage_types": [], "missing_types": ["happy"]}, {"rule_id": "RULE-051", "rule_text": "节,可通过 “点击对话” 开始表达,并", "biz_key": "unknown", "rule_level": "hard", "confidence": "high", "source_type": "confirmed_requirement", "blocking": true, "non_blocking_reason": "", "covered": false, "coverage_types": [], "missing_types": ["happy"]}, {"rule_id": "RULE-052", "rule_text": "2.新增了高中数理化之后,需要各科老师,评估数理化英语各科目的效果之后,决定是", "biz_key": "unknown", "rule_level": "hard", "confidence": "high", "source_type": "confirmed_requirement", "blocking": true, "non_blocking_reason": "", "covered": false, "coverage_types": [], "missing_types": ["happy"]}, {"rule_id": "RULE-053", "rule_text": "◦ 【新增】纠错有效性 (扣分项):若学生在后续提问中因教师解释不清而再次出现", "biz_key": "unknown", "rule_level": "hard", "confidence": "high", "source_type": "confirmed_requirement", "blocking": true, "non_blocking_reason": "", "covered": true, "coverage_types": ["exception", "happy"], "missing_types": []}, {"rule_id": "RULE-054", "rule_text": "用得超棒〜 保持这份严谨,成绩一定稳步攀升!", "biz_key": "unknown", "rule_level": "hard", "confidence": "high", "source_type": "confirmed_requirement", "blocking": true, "non_blocking_reason": "", "covered": true, "coverage_types": ["happy"], "missing_types": []}], "coverage_rate": 0.8913, "missing_types": {"boundary": [], "exception": ["RULE-036"]}, "request_id": "ce50b4223f544067b22d494b031b2d66", "project_id": 8, "multi_pass": true, "generation_mode": "full_functional_regression"}

@@STATUS@@:生成结果未通过落库门禁: main_smoke_semantic_conflict
Error: execution_plan_failed: main_smoke_semantic_conflict
{"event": "finish", "stream_generation_id": 0, "latest_generation_id": 474, "new_generation_created": false, "result_len": 94396, "requirement_len": 11258}
