Successfully connected to MySQL database: ai_test_platform
Redis connection failed, fallback to local L1 only: Timeout connecting to server
Local L1 cache backend: memory
{"event": "start", "doc_id": 230, "filename": "讲错题接入AI.pdf", "content_len": 11258, "before_latest_generation_id": 474, "expected_count": 100}
snapshot readiness gate: enabled=False before=success after=success poll=0 elapsed_ms=0 result=gate_disabled_proceed queue=none/none
@@CONTEXT_DEBUG@@:{"snapshot_status": "success", "snapshot_ready": true, "snapshot_used": true, "snapshot_fallback_reason": "", "realtime_rag_used": true, "current_document_used": true, "snapshot_rebuild_triggered": false, "snapshot_rebuild_reason": "none"}
@@STATUS@@:snapshot gate result: gate_disabled_proceed (poll=0, elapsed_ms=0)
@@STATUS@@:preparing project snapshot context...
@@STATUS@@:snapshot ready and reusable -> using snapshot (reason=snapshot_success_and_hash_matched)
@@STATUS@@:precision retrieval enabled (explicit_precision_mode,generation_default_precision)
@@STATUS@@:hybrid fusion done: mode=snapshot+rag rag_chunks=1 tokens~2314
@@STATUS@@:[multi-pass] 阶段1/3 主生成开始...
@@STATUS@@:正在进行需求元分析 (Meta-Analysis)，识别系统类型与测试策略...
@@STATUS@@:分析完成 - 系统类型: Tablet + Web, 复杂度: High, 策略: {"functional": 0.65, "regression": 0.15, "non_functional": 0.2}...
@@STATUS@@:正在生成第 1/4 批次 (25 条) - 第 1 次尝试...
```
json
[
  {
   
 "id
": "
TC-001
",
    "
description": "
进入讲
知识错题页面
时
，左侧导航栏
第五步高
亮且课程
信息
区标题
正确
读取讲的名称",
    "test
_module
": "
入口与导航",
    "
preconditions
": ["
学员已
登录",
 "学员
有进行
中的
课程",
 "课程
包含
错
题数据
"],
    "
steps":
 ["
进入
课程
学习页面", "
点击
左侧
导航栏'
第五步 
讲知识错
题'",
 "观察
左侧导航栏高
亮状态
",
 "观察
课程信息区标题
内容
"],
    "test
_input": "
进入
第五
步讲知识错
题",
    "
expected_result":
 "左侧
导航栏'
第五步 
讲知识错题
'高
亮显示
，课程
信息区标题显示
当前
讲的名称，与
课程
数据
中
讲的
名称一致
",
    "
priority":
 "P1
"
  },
  {
    "
id": "TC
-002
",
    "
description": "
点击返回按钮，
返回上一级页面
（从哪来回
哪去）
",
    "test
_module": "
入口与导航",
    "
preconditions":
 ["学员已进入
第五
步讲知识错
题页面
", "来源
页面为
随
堂
测结果
页
"],
    "
steps": ["
从
随堂
测结果页
点击'
讲知识错题
'按钮
进入讲
错
题页面", "
点击课程
信息区'
返回'
按钮", "
观察跳
转目标
页面"],
    "
test_input":
 "点击返回
按钮",
    "
expected_result":
 "页面
跳
转回
随堂
测结果页，
非
固定
跳转到
首页或其他
页面
，
实现
'从
哪来回哪去
'",
    "
priority": "P
1"
  },
  {
    "id
": "TC
-003",
    "description
": "点击
切换课程按钮
，学员可切换
到其他课程的学习
页面",
    "
test_module":
 "入口
与导航",
   
 "pre
conditions": ["
学员已
进入第五步讲
知识错题页面
", "学员
有其他课程可
切换
"],
    "steps
": ["
在
讲知识
错题页面
点击'
切换课程'
按钮", "
选择另一
门
课程", "观察
页面
跳转及
内容
变化
"],
    "test
_input": "
点击切换课程并
选择其他课程",
    "
expected
_result":
 "页面
跳转至
所选课程
的学习页面，
课程
信息区标题更新
为新
课程
讲的
名称，左侧
导航栏状态
与
新课
进度
一致
",
    "
priority": "
P1"
  },
  {
    "
id":
 "TC
-004
",
    "
description":
 "点击
打印按钮，
弹窗选择打印
内容",
    "
test_module
": "
入口与导航
",
    "
preconditions":
 ["学员
已进入第五步
讲知识错题
页面"],
    "
steps
": ["
点击课程
信息区'
打印'按钮
", "观察
弹窗内容
", "选择
打印内容并
确认"],
    "
test_input":
 "点击
打印按钮",
    "
expected_result":
 "弹出
打印
内容选择弹
窗，弹
窗中
包含可选择的
打印内容选项
，选择
后
可
触发打印
流程
",
    "
priority": "
P2
"
 
 },
  {
    "id
": "
TC
-00
5",
    "
description": "
AI提问以
对话框样式展示
在
课程信息区下
方的提问
展示区",
    "test
_module": "
界面展示",
    "
preconditions":
 ["学员已进入
第五步讲知识
错题页面
", "本
讲存在
错题数据"],
    "steps
": ["进入
讲知识错题
页面", "观察
AI提问展示区域
的位置
和样式
"],
    "test
_input": "
进入讲知识错
题页面",
    "
expected_result":
 "AI
提问展示区位于
课程信息区下方
，占据
页面大部分
空间，
AI提出
的问题以对话框
样式展示，
对话框
包含
AI
头像
和问题
文字内容
",
    "
priority":
 "P
1"
  },
  {
    "
id":
 "TC
-006",
    "description
": "点击
对话按钮
开始
录音，
学员通过
语音
录制方式
回答",
    "
test_module":
 "交互
流程",
    "
preconditions":
 ["学员已进入
讲知识错题
页面", "AI
已展示问题
", "设备
麦克风
权限
已
授权"],
    "steps
": ["点击
'
点击
对话'
按钮", "开始
语音
录制",
 "说出
回答内容
", "观察
录制
状态和
输入
框变化
"],
    "test
_input":
 "点击对话按钮
并录音
",
    "
expected_result":
 "点击后
弹出输入框和
语音录制按钮
，录音
过程中
有
录制状态指示，
录音
内容可
被
识别
并
转为
文字
显示
在
输入框中
",
    "
priority":
 "P1"
  },
  {
    "
id":
 "TC-007
",
    "
description":
 "AI
提问题目
优先
从
本
讲错题中
抽取1
-2道",
    "
test_module":
 "AI提问逻辑
",
    "
preconditions":
 ["学员已进入
第五步讲知识
错题页面
", "本
讲存在
3
道以上
错题"],
    "steps
": ["
进入讲知识错
题页面",
 "观察
AI首次
提问的
题目", "退出
后
重新进入",
 "再次
观察AI提问
的题目"],
    "
test_input":
 "本讲有
3
道以上
错题",
    "
expected_result":
 "AI提问
的题目来自
本讲错题
库，
抽取1
-2道
题目，
题目
均为
学员做
错的
题目",
    "
priority":
 "P
1"
  },
  {
    "id
": "
TC-008
",
    "
description":
 "错题不够
时
，AI
提问
抽取
回答
正确的题目",
    "test
_module":
 "AI
提问逻辑",
    "pre
conditions":
 ["学员已进入
第五步讲知识
错题页面
", "本讲
错题数量
为0
或
1
道
，
但
存在
回答正确的题目"],
    "steps
": ["
进入讲知识错
题页面
", "观察
AI提问
的题目来源"],
    "
test_input":
 "本讲仅有
0
-
1道
错题，
有
回答
正确的题目",
    "expected
_result":
 "当
错题数量
不足时
，
AI提问的
题目包含
学员
回答正确的题目，
题目
总数仍
为1
-2道
",
    "
priority":
 "P1"
  },
  {
    "id
": "
TC-00
9",
    "
description":
 "一道
题没做时
，显示淡
白色文案提示",
    "
test_module":
 "AI提问逻辑
",
    "
preconditions":
 ["学员已进入
第五步讲知识
错题页面
", "本
讲未
做任何
题目"],
    "
steps":
 ["进入讲知识
错题页面
", "观察
页面
提示内容
"],
    "
test_input":
 "本讲一道
题都没
做",
    "expected
_result":
 "页面
显示淡白色文案
提示：'
当前您还没有做过
题，快
去做题来检测
一下自己的知识掌握
程度吧'
，AI不
生成
提问",
    "
priority":
 "P
1"
 
 },
  {
    "
id": "TC
-010",
    "
description":
 "做了全对
时，随机
抽取任意
两道题目进行
追问",
    "
test_module":
 "AI提问逻辑
",
    "
preconditions":
 ["学员已进入
第五步讲知识
错题页面
", "
本讲所有
题目均
回答正确"],
    "
steps": ["
进入讲知识错
题页面",
 "观察AI
提问的题目数量
和来源
"],
   
 "test
_input":
 "本讲所有
题目均
答
对
",
    "
expected_result":
 "AI随机
抽取2
道题目
进行追问，
题目从
本
讲已
答
题目
中随机
选取
",
   
 "priority
": "P
1"
 
 },
 
 {
    "
id":
 "TC
-0
11",
   
 "description
": "
重复进入时
保留对话内容
，未完成可
继续",
    "
test_module":
 "重复进入逻辑
",
   
 "pre
conditions":
 ["学员已
进入第五
步讲知识错
题页面",
 "学员
已完成
部分
对话
但
未完成
最终
打分"],
    "
steps":
 ["在
讲错
题页面完成
2
轮
对话后退出
", "
重新进入讲
知识错题页面
", "
观察对话内容是否
保留", "
继续进行
后续
对话"],
    "
test_input":
 "未
完成状态下
重复
进入",
   
 "expected
_result":
 "重新
进入后
之前的对话内容
完整保留，
学员
可继续从
上次
中断的位置
进行
对话
，无需
重新
开始",
   
 "priority
": "P
1"
 
 },
 
 {
   
 "id
": "TC
-012",
    "
description": "已完成
讲
错题后
重复进入，不可以
重复打分",
    "
test_module":
 "重复进入逻辑
",
    "
preconditions":
 ["学员已完成
讲知识错题
并
获得
AI最终
评分
"],
    "
steps": ["
完成
讲错题全部
流程
并获得评分
", "退出
后重新进入讲
知识错题页面
", "
观察是否允许
重新打
分"],
    "
test_input":
 "已完成
状态下重复进入",
    "
expected_result":
 "重新
进入后对话
内容保留，但不
允许
重复
打分，
已有
评分结果
不变
",
    "
priority
":
 "P
1"
  },
  {
    "
id":
 "TC
-013",
   
 "description": "
学员进入页面
后
AI自动展示一道
问题",
    "test
_module":
 "交互流程",
    "
preconditions":
 ["学员已进入
第五步讲知识
错题页面",
 "本讲存在
错题数据",
 "学员
首次
进入
或
未
完成"],
    "
steps":
 ["进入讲知识
错题页面",
 "观察AI
是否
自动展示问题"],
    "
test_input": "
进入讲知识
错题页面",
    "
expected_result":
 "AI自动
展示一道
问题，
以
对话框样式呈现
，
学员无需手动
触发即可
看到AI
的
提问",
    "
priority":
 "P1"
  },
  {
    "id":
 "TC
-014",
    "description
": "
学员完成录制后
点击提交，
发送转成
文字的内容
",
    "
test_module": "
交互流程",
    "
preconditions":
 ["AI
已展示问题",
 "学员已点击
对话
按钮并完成
语音
录制"],
    "steps
": ["完成
语音录制", "
点击提交按钮
", "观察
发送
内容和
展示
效果
"],
   
 "test
_input":
 "录制回答
后
点击提交",
   
 "expected_result":
 "语音
内容
转为文字后
发送，
学员
回答
以对话框
样式展示
在提问
展示区，
内容
与
录制
语音一致
",
   
 "priority
": "P
1"
  },
  {
    "id":
 "TC
-015",
    "description
": "AI
追问在原反馈
内容下方以新的
对话框形式
展示",
    "test
_module":
 "交互流程",
    "
preconditions":
 ["学员已提交
第一
轮
回答",
 "AI
生成
追问内容
"],
   
 "steps
": ["
提交
第一轮回答后
等待
AI回应
", "
观察AI追问
的
展示位置
和样式
", "
学员再次通过
输入
框或语音
录制回答
"],
   
 "test
_input":
 "提交
回答
后等待
AI追问",
    "
expected
_result":
 "AI追问问题
在学员
回答内容的
下方以新的对话框
形式
展示，
学员可再次
通过输入框或
语音录制进行
回答，
交互流程与
第一
轮相同
",
   
 "priority
": "
P1
"
  },
  {
    "
id":
 "TC
-016",
    "
description": "
综合评分8分
及以上
，
页面
提示太
棒啦并
自动停留5秒
后显示去
日清按钮",
    "
test_module":
 "评分结果",
    "
preconditions":
 ["学员完成
全部
对话轮
次
", "
AI综合
评分达到
8分及以上
"],
    "
steps":
 ["完成
所有
对话轮次",
 "等待
AI给出
综合
评分", "
观察页面提示
内容和
按钮", "等待
5秒观察
按钮变化
", "
点击'去
日清'
按钮"],
    "
test_input":
 "综合
评分8
分及以上",
    "
expected_result":
 "页面显示'
太棒啦，
您对知识
点的理解非常
棒'
提示
，自动
停留5秒后
显示'去
日清'按钮
，点击
后
进入日清页面
",
   
 "priority
": "P
1"
  },
  {
    "
id":
 "TC-0
17",
    "
description": "综合
评分8分以下
，页面
提示太遗憾
了并
突出
联系督导按钮
，同时显示
去日清按钮
",
   
 "test
_module":
 "评分结果",
    "
preconditions":
 ["学员
完成全部对话轮
次", "
AI综合评分低于
8分"],
    "
steps":
 ["完成
所有对话轮次
", "
等待AI给出综合
评分",
 "观察
页面提示内容和
按钮", "
点击'联系
督导'按钮
", "
点击'去
日清'
按钮"],
    "
test_input":
 "综合评分8
分以下",
    "
expected_result":
 "页面显示'
太遗憾了，
您对知识点
理解还需要
加深，快
去联系
督导老师
吧'提示
，'
联系督导'
按钮突出显示，
点击后督导
端提示
消息
；'
去日清'
按钮可点击，
点击
后进入日
清页面",
    "
priority":
 "P
1"
  },
  {
    "
id":
 "TC
-018",
    "
description": "
重新讲错
题时
，AI
重新出题且
题目不一样
",
   
 "test
_module": "
评分结果",
   
 "pre
conditions": ["
学员已完成
一次
讲错题并获得
评分（
低于
8分）
", "
学员
选择重新
讲"],
    "
steps": ["完成
一次
讲错题获得
评分",
 "点击
重新
讲按钮
", "
观察AI重新
出的
题目"],
    "
test_input":
 "点击重新
讲",
    "
expected_result":
 "AI重新
出题，
新
题目与上次
题目
不同，题目
仍
从错
题库中抽取
",
    "
priority":
 "P1"
  },
  {
    "
id":
 "TC
-019",
    "
description": "
督导端在
学员
完成讲错
题后收到
通过/未通过
提醒",
    "
test_module":
 "督导
端",
    "
preconditions":
 ["学员
已完成讲错
题并获得
AI最终
评分", "
督导已
登录督导
端"],
    "
steps": ["
学员完成
讲错题并
获评分", "
督导端观察
提醒
消息"],
    "
test_input":
 "学员完成
讲错题打
分",
   
 "expected
_result":
 "督导
端收到
提醒
消息，若
学员评分
8分及以上
显示
通过
提醒，8
分以下显示
未通过提醒",
    "
priority":
 "P1"
  },
  {
    "
id":
 "TC
-020
",
    "
description": "
督导端查看
讲错题按钮
-
未
完成讲
错题环节
时
按钮
置灰不可
点击",
    "
test_module":
 "督导
端",
   
 "preconditions":
 ["学员
未
完成讲错题
环节（AI
未给出
最终评分）
", "
督导已
登录督导端"],
    "
steps":
 ["督导
端
查看学员信息
列表", "
观察该
学员操作
列
的
'
查看讲错
题讲知识点
'按钮
状态"],
    "
test_input":
 "学员未
完成讲错题
环节",
    "
expected_result":
 "'查看
讲错题讲
知识点'按钮
显示
为置灰状态
，不可
点击",
   
 "priority
": "
P1
"
 
 },
 
 {
    "
id": "
TC-0
21",
    "
description":
 "督导
端查看讲
错题按钮
-学员
没做过讲
错题环节则
不展示该
按钮",
    "
test_module":
 "督导
端",
    "
preconditions":
 ["学员
未
进行
过讲错
题环节",
 "督导
已登录督导端
"],
   
 "steps
": ["
督导端查看学员
信息列表",
 "观察
该学员操作列
是否
展示
'查看讲错
题讲知识点
'按钮"],
    "
test_input": "
学员没
做过讲错题
环节",
   
 "expected_result":
 "
操作列不
展示'查看
讲错题讲
知识点'按钮
",
   
 "priority
": "
P1"
  },
  {
    "id
": "TC
-022
",
   
 "description
":
 "督导端查看
讲错题按钮
-学员已完成
讲错题环节
时
按钮正常
展示
可
点击",
    "
test_module":
 "督导
端",
    "
preconditions":
 ["学员已完成
讲错题环节
并获得
AI最终评分",
 "督导
已登录督导端
"],
   
 "steps
": ["
督导端查看学员
信息列表", "
观察该学员操作
列的'查看
讲错题讲
知识点'按钮
状态", "点击
按钮"],
    "
test_input":
 "学员已完成
讲错题环节
",
    "
expected_result":
 "'查看
讲错题讲
知识点'按钮
正常展示且
可点击，点击
后弹出详情
窗口
",
    "
priority":
 "P1"
  },
  {
    "
id":
 "TC
-023
",
    "
description":
 "督导查看
讲
错题弹
窗中
显示是否
通过标识",
    "
test_module":
 "督导端",
    "
preconditions":
 ["学员已完成
讲错题并获得
评分
", "
督导点击'
查看讲错题
讲知识点'按钮
"],
   
 "steps
": ["
督导
点击'
查看讲错题
讲知识点'按钮
", "
观察弹窗中的
通过标识
"],
   
 "test
_input":
 "学员评分
8分及以上
（
通过）
",
    "
expected_result":
 "弹
窗显示
文字'
学生知识点
讲错题通过
'；若
学员评分8分
以下则
显示'
学生知识点讲错
题未
通过'",
    "
priority":
 "P
1"
 
 },
 
 {
    "
id":
 "TC
-024
",
    "
description":
 "督导查看
讲错题弹
窗展示
AI
问题
、学员
回答、
AI
追问、学员
回答、最终
评价结果和
得分",
   
 "test
_module":
 "督导端",
    "
preconditions":
 ["学员已完成
讲错题全部
对话并获得
评分", "
督导点击'
查看讲错
题讲知识点'
按钮"],
    "
steps":
 ["督导
点击'查看
讲错题讲
知识点'按钮
", "
观察弹窗中
展示的详细内容
"],
    "
test_input":
 "学员已完成
多
轮
对话",
    "
expected_result":
 "弹窗中
按
顺序展示
：
AI问题→
学员回答→
AI追问→
学员回答→
最终评价结果→
得分，信息
完整
且
与学员
实际交互内容
一致",
    "
priority":
 "P1"
 
 },
 
 {
    "
id":
 "TC
-025
",
    "
description":
 "首次
进入
讲知识错题
页面时
展示
4步使用
引导流程",
    "
test_module":
 "使用引导",
    "
preconditions":
 ["学员首次
进入第五
步讲知识错
题页面
"],
    "
steps
": ["
进入讲知识错
题页面",
 "观察
是否
弹出
引导对话框
1
（
费曼学习
法互动
启动
引导
）",
 "点击
'好的
，
接受挑战'",
 "观察
是否弹出引导对话框
2（题目
互动
规则说明
）", "
点击'知道了
'", "
观察是否弹出引导
对话框3（
用户表达引导
）",
 "点击'
知道了'",
 "观察
是否弹出引导对话框
4（回答
后操作
引导）",
 "点击
'知道了'",
 "观察
是否进入正式互动
环节"],
    "
test_input":
 "首次
进入讲知识错
题页面",
    "
expected_result":
 "依次
弹出4
步引导对话框：
步骤1
说明
费曼学习
法互动方式
，
步骤2说明
互动
规则（
随机抽
1-2
道题
提问
），步骤
3指导
点击
对话后
表达思路
，步骤
4说明
完成后
点击'完成
'或
'
继续录音
'。每
步
点击对应
按钮后
进入下一步
，
4
步
完成后正式
进入
互动环节",
    "
priority":
 "P1"
 
 }
]
```
GEN_DIAG:{"kind": "stream_batch_token_usage", "project_id": 8, "request_id": "0d81f2907c0e46cf85b1ed78527a8cb1", "current_biz_key": "unknown", "multi_pass": true, "generation_mode": "full_functional_regression", "batch_index": 1, "total_batches": 4, "attempt": 1, "requested_count": 25, "input_tokens": null, "output_tokens": null, "total_tokens": null, "token_source": "unavailable", "token_unavailable_reason": "provider_usage_estimated", "estimate_method": "chars_div_4", "model": "glm-5.1"}

GEN_DIAG:{"kind": "stream_batch_quality", "project_id": 8, "request_id": "0d81f2907c0e46cf85b1ed78527a8cb1", "current_biz_key": "unknown", "multi_pass": true, "generation_mode": "full_functional_regression", "batch_index": 1, "new_valid_cases_count": 25, "duplicate_rate": 0.0, "non_assertable_count": 1, "low_quality_filtered_count": 1, "coverage_gain_count": 25, "low_gain_detected": false, "low_gain_streak": 0}
@@STATUS@@:正在生成第 2/4 批次 (25 条) - 第 1 次尝试...
GEN_DIAG:{"kind": "stream_batch_token_usage", "project_id": 8, "request_id": "0d81f2907c0e46cf85b1ed78527a8cb1", "current_biz_key": "unknown", "multi_pass": true, "generation_mode": "full_functional_regression", "batch_index": 2, "total_batches": 4, "attempt": 1, "requested_count": 25, "input_tokens": null, "output_tokens": null, "total_tokens": null, "token_source": "unavailable", "token_unavailable_reason": "provider_usage_estimated", "estimate_method": "chars_div_4", "model": "glm-5.1"}

@@STATUS@@:模型未返回内容，正在重试...
@@STATUS@@:正在生成第 2/4 批次 (25 条) - 第 2 次尝试...
```
json

[
 
 {
   
 "
id
":
 "
TC
-
0
26
",
   
 "
description
":
 "
评分
维度
-
思路
准确性
范围
0
.
0
-
3
.
0
分
，
核心
知识点
和解
题
结论
无
偏差
得
高分
",
   
 "
test
_module
":
 "
AI
讲
错
题
评分
",
   
 "
pre
conditions
":
 ["
学员
已完成
与
AI
的
4
轮
交互
",
 "
学员
回答
核心
知识点
正确
、
解题
结论
无
偏差
"],
   
 "
steps
":
 ["
学员
进入
讲
知识
错
题
页面
完成
4
轮
费
曼
交互
",
 "
AI
完成
最终
评分
",
 "
查看
评分
结果
中
思路
准确性
维度
得分
"],
   
 "
test
_input
":
 "
学员
回答
内容
核心
知识点
正确
、
解题
结论
无
偏差
",
   
 "
expected
_result
":
 "
思路
准确性
维度
得分
在
2
.
5
-
3
.
0
分
范围内
",
   
 "
priority
":
 "
P
1
"
 
 },
 
 {
   
 "
id
":
 "
TC
-
0
27
",
   
 "
description
":
 "
评分
维度
-
步骤
完整性
范围
0
.
0
-
3
.
0
分
，
解题
步骤
连贯
且
关键
逻辑
不
遗漏
得
高分
",
   
 "
test
_module
":
 "
AI
讲
错
题
评分
",
   
 "
pre
conditions
":
 ["
学员
已完成
与
AI
的
4
轮
交互
",
 "
学员
回答
解题
步骤
连贯
、
关键
逻辑
无
遗漏
"],
   
 "
steps
":
 ["
学员
进入
讲
知识
错
题
页面
完成
4
轮
费
曼
交互
",
 "
AI
完成
最终
评分
",
 "
查看
评分
结果
中
步骤
完整性
维度
得分
"],
   
 "
test
_input
":
 "
学员
回答
解题
步骤
连贯
、
关键
逻辑
无
遗漏
",
   
 "
expected
_result
":
 "
步骤
完整性
维度
得分
在
2
.
5
-
3
.
0
分
范围内
",
   
 "
priority
":
 "
P
1
"
 
 },
 
 {
   
 "
id
":
 "
TC
-
0
28
",
   
 "
description
":
 "
评分
维度
-
表达
清晰
度
范围
0
.
0
-
4
.
0
分
，
步骤
表述
通
顺
且
逻辑
衔接
自然
得
高分
",
   
 "
test
_module
":
 "
AI
讲
错
题
评分
",
   
 "
pre
conditions
":
 ["
学员
已完成
与
AI
的
4
轮
交互
",
 "
学员
回答
表述
通
顺
、
逻辑
衔接
自然
"],
   
 "
steps
":
 ["
学员
进入
讲
知识
错
题
页面
完成
4
轮
费
曼
交互
",
 "
AI
完成
最终
评分
",
 "
查看
评分
结果
中
表达
清晰
度
维度
得分
"],
   
 "
test
_input
":
 "
学员
回答
步骤
表述
通
顺
、
逻辑
衔接
自然
",
   
 "
expected
_result
":
 "
表达
清晰
度
维度
得分
在
3
.
0
-
4
.
0
分
范围内
",
   
 "
priority
":
 "
P
1
"
 
 },
 
 {
   
 "
id
":
 "
TC
-
0
29
",
   
 "
description
":
 "
评分
边界
值
-
综合
评分
恰好
8
.
0
分
时
显示
'
太
棒
啦
'
提示
及
去
日
清
按钮
",
   
 "
test
_module
":
 "
AI
讲
错
题
评分
",
   
 "
pre
conditions
":
 ["
学员
已完成
与
AI
的
4
轮
交互
",
 "
AI
综合
评分
恰好
为
8
.
0
分
"],
   
 "
steps
":
 ["
学员
完成
4
轮
费
曼
交互
",
 "
AI
给出
综合
评分
8
.
0
分
",
 "
查看
页面
提示
信息
"],
   
 "
test
_input
":
 "
学员
回答
质量
使
AI
综合
评分
恰好
为
8
.
0
分
",
   
 "
expected
_result
":
 "
页面
显示
'
太
棒
啦
，
您
对
知识
点的
理解
非常
棒
'
提示
，
自动
停留
5
秒
后
显示
'
去
日
清
'
按钮
",
   
 "
priority
":
 "
P
1
"
 
 },
 
 {
   
 "
id
":
 "
TC
-
0
30
",
   
 "
description
":
 "
教师
纠
错
有效性
扣
分
项
-
学员
因
教师
解释
不清
再次
出现
概念
错误
每次
扣
5
分
",
   
 "
test
_module
":
 "
AI
讲
错
题
评分
",
   
 "
pre
conditions
":
 ["
学员
已完成
与
AI
的多
轮
交互
",
 "
学员
在
后续
回答
中
因
之前
解释
不清
再次
出现
概念
错误
"],
   
 "
steps
":
 ["
学员
在
交互
中
某
轮
解释
不清
",
 "
后续
轮
次
学员
再次
出现
同一
概念
错误
",
 "
AI
完成
最终
评分
"],
   
 "
test
_input
":
 "
学员
在
后续
轮
次
因
之前
解释
不清
再次
出现
概念
错误
",
   
 "
expected
_result
":
 "
漏洞
诊断
与
沟通
艺术
维度
中
每次
因
解释
不清
导致
学员
重复
概念
错误
扣
5
分
，
扣
完
为止
",
   
 "
priority
":
 "
P
2
"
 
 },
 
 {
   
 "
id
":
 "
TC
-
03
1
",
   
 "
description
":
 "
追问
方向
-
确认
错误
表象
，
AI
追问
明确
错误
结果
与
正确
答案
差异
定位
矛盾
点
",
   
 "
test
_module
":
 "
AI
追问
逻辑
",
   
 "
pre
conditions
":
 ["
学员
已
回答
AI
初始
问题
",
 "
学员
答案
与
正确
答案
存在
差异
"],
   
 "
steps
":
 ["
学员
回答
AI
初始
问题
",
 "
AI
根据
学员
回答
进行
追问
",
 "
验证
追问
内容
是否
明确
错误
结果
与
正确
答案
的差异
"],
   
 "
test
_input
":
 "
学员
答案
与
正确
答案
在
某个
步骤
结果
不同
",
   
 "
expected
_result
":
 "
AI
追问
内容
包含
对
错误
结果
与
正确
答案
差异
的具体
定位
，
如
'
你的
答案
和
正确
解
在
XX
步骤
结果
不同
，
是
哪里
计算
错了
？
'",
   
 "
priority
":
 "
P
2
"
 
 },
 
 {
   
 "
id
":
 "
TC
-
03
2
",
   
 "
description
":
 "
追问
方向
-
拆
解
知识
链条
，
AI
追问
涉及
基础
概念
、
定理
或
公
式的
理解
偏差
",
   
 "
test
_module
":
 "
AI
追问
逻辑
",
   
 "
pre
conditions
":
 ["
学员
已
回答
AI
初始
问题
",
 "
学员
回答
涉及
概念
或
定理
理解
偏差
"],
   
 "
steps
":
 ["
学员
回答
涉及
某
概念
或
定理
",
 "
AI
进行
追问
",
 "
验证
追问
内容
是否
追溯
基础
概念
、
定理
或
公式
"],
   
 "
test
_input
":
 "
学员
回答
中
使用了
某
定理
但
适用
条件
不
明确
",
   
 "
expected
_result
":
 "
AI
追问
内容
涉及
该
定理
的
适用
条件
或
概念
定义
，
如
'
这个
定理
的
适用
条件
是什么
？
是否
忽略了
XX
前提
？
'",
   
 "
priority
":
 "
P
2
"
 
 },
 
 {
   
 "
id
":
 "
TC
-
03
3
",
   
 "
description
":
 "
追问
方向
-
重构
知识
体系
，
AI
要求
学员
用自己的
语言
复
述
正确
逻辑
",
   
 "
test
_module
":
 "
AI
追问
逻辑
",
   
 "
pre
conditions
":
 ["
学员
已
与
AI
进行
多
轮
交互
",
 "
交互
接近
尾声
"],
   
 "
steps
":
 ["
学员
完成
前
几
轮
追问
回答
",
 "
AI
在
最后一
轮
追问
",
 "
验证
追问
内容
是否
要求
学员
复
述
正确
逻辑
"],
   
 "
test
_input
":
 "
学员
已
澄清
主要
概念
错误
，
进入
最后一
轮
交互
",
   
 "
expected
_result
":
 "
AI
追问
内容
要求
学员
用自己的
语言
复
述
正确
逻辑
，
如
'
正确的
解题
逻辑
应该是
XX
，
你现在
理解为
XX
，
能
完整
说
一遍
吗
？
'",
   
 "
priority
":
 "
P
2
"
 
 },
 
 {
   
 "
id
":
 "
TC
-
03
4
",
   
 "
description
":
 "
使用
引导
步骤
1
-
弹出
费
曼
学习
法
说明
及
'
好的
，
接受
挑战
'
按钮
，
点击
进入
步骤
2
",
   
 "
test
_module
":
 "
使用
引导
流程
",
   
 "
pre
conditions
":
 ["
学员
首次
进入
讲
知识
错
题
页面
"],
   
 "
steps
":
 ["
学员
首次
进入
讲
知识
错
题
页面
",
 "
查看
弹
出的
引导
对话框
内容
",
 "
点击
'
好的
，
接受
挑战
'
按钮
"],
   
 "
test
_input
":
 "
首次
进入
触发
引导
流程
",
   
 "
expected
_result
":
 "
弹出
对话框
内容
包含
'
接下来
咱们
会用
费
曼
学习
法
互动
！
我会
扮演
刚
学
完
知识点
、
有很多
困惑
的学生
，
你可以
像
老师
一样
帮我
讲解
'
，
点击
'
好的
，
接受
挑战
'
后
进入
步骤
2
",
   
 "
priority
":
 "
P
1
"
 
 },
 
 {
   
 "
id
":
 "
TC
-
0
35
",
   
 "
description
":
 "
使用
引导
步骤
4
-
点击
'
知道了
'
后
界面
出现
'
继续
录音
'
和
'
完成
'
操作
按钮
",
   
 "
test
_module
":
 "
使用
引导
流程
",
   
 "
pre
conditions
":
 ["
学员
已完成
引导
步骤
1
-
3
"],
   
 "
steps
":
 ["
学员
在
步骤
4
查看
回答
后
操作
引导
内容
",
 "
点击
'
知道了
'
按钮
",
 "
查看
界面
是否
出现
操作
按钮
"],
   
 "
test
_input
":
 "
步骤
4
引导
对话框
点击
'
知道了
'",
   
 "
expected
_result
":
 "
界面
右侧
出现
'
继续
录音
'
和
'
完成
'
操作
按钮
，
正式
进入
互动
讲解
环节
",
   
 "
priority
":
 "
P
1
"
 
 },
 
 {
   
 "
id
":
 "
TC
-
03
6
",
   
 "
description
":
 "
回答
过程中
点击
'
继续
录音
'
可
补充
讲解
内容
",
   
 "
test
_module
":
 "
录音
交互
",
   
 "
pre
conditions
":
 ["
学员
已完成
引导
流程
",
 "
学员
已
点击
'
点击
对话
'
开始
录音
并
完成
一段
回答
"],
   
 "
steps
":
 ["
学员
完成
一段
录音
回答
",
 "
点击
'
继续
录音
'
按钮
",
 "
继续
录制
补充
内容
",
 "
点击
'
完成
'
提交
"],
   
 "
test
_input
":
 "
学员
先
回答
部分
内容
，
点击
继续
录音
补充
后
完成
",
   
 "
expected
_result
":
 "
点击
'
继续
录音
'
后
录音
继续
，
补充
内容
与
之前
内容
合并
为
一条
完整
回答
，
点击
'
完成
'
后
提交
全部
内容
",
   
 "
priority
":
 "
P
1
"
 
 },
 
 {
   
 "
id
":
 "
TC
-
03
7
",
   
 "
description
":
 "
回答
过程中
点击
'
完成
'
结束
当前
回答
并
提交
转
文字
内容
",
   
 "
test
_module
":
 "
录音
交互
",
   
 "
pre
conditions
":
 ["
学员
已
开始
录音
回答
"],
   
 "
steps
":
 ["
学员
点击
'
点击
对话
'
开始
录音
",
 "
说出
回答
内容
",
 "
点击
'
完成
'
按钮
"],
   
 "
test
_input
":
 "
学员
录音
后
直接
点击
完成
",
   
 "
expected
_result
":
 "
录音
结束
，
语音
内容
转为
文字
并发
送
至
对话
区域
展示
",
   
 "
priority
":
 "
P
1
"
 
 },
 
 {
   
 "
id
":
 "
TC
-
03
8
",
   
 "
description
":
 "
交互
异常
-
学员
提问
无
个人
理由
时
系统
自动
二次
引导
补充
理由
",
   
 "
test
_module
":
 "
费
曼
交互
异常
处理
",
   
 "
pre
conditions
":
 ["
学员
正在
与
AI
进行
费
曼
交互
",
 "
学员
回答
中
未
包含
个人
判断
理由
"],
   
 "
steps
":
 ["
学员
回答
仅
说
'
我
选
A
错了
，
为啥
呀
？
'",
 "
查看
AI
的
响应
内容
"],
   
 "
test
_input
":
 "
学员
回答
缺少
个人
判断
理由
",
   
 "
expected
_result
":
 "
AI
自动
进行
二次
引导
，
提示
'
你
当时
选
A
是
看到
啥
、
想到
啥
了
呀
？
比如
是不是
觉得
XX
是
XX
呀
？
'
，
要求
补充
个人
理由
后再
进入
正常
交互
",
   
 "
priority
":
 "
P
1
"
 
 },
 
 {
   
 "
id
":
 "
TC
-
03
9
",
   
 "
description
":
 "
交互
异常
-
学员
重复
已
澄清
疑问
时
系统
提示
已
讨论
并
引导
至
未
理
清
逻辑
",
   
 "
test
_module
":
 "
费
曼
交互
异常
处理
",
   
 "
pre
conditions
":
 ["
学员
已
与
AI
澄清
某个
疑问
点
",
 "
学员
再次
提出
相同
疑问
"],
   
 "
steps
":
 ["
学员
在
前面
轮
次
已
澄清
'
冰
块
变
水
不是
液化
'",
 "
学员
再次
提问
'
冰
块
变
水
是不是
液化
'",
 "
查看
AI
响应
"],
   
 "
test
_input
":
 "
学员
重复
已
澄清
的
疑问
",
   
 "
expected
_result
":
 "
AI
识别
重复
疑问
并
回应
'
之前
咱们
聊
过
哦
，
冰
块
变
水
是
固态
变
液
态
，
不是
液化
，
咱们
现在
看看
B
选项
为啥
是
汽
化
吧
〜
'
，
引导
至
未
理
清
的逻辑
",
   
 "
priority
":
 "
P
1
"
 
 },
 
 {
   
 "
id
":
 "
TC
-
0
40
",
   
 "
description
":
 "
交互
异常
-
4
轮
后
仍未
理解
时
简化
为
1
个
核心
对比
问题
确保
5
轮
内
完成
",
   
 "
test
_module
":
 "
费
曼
交互
异常
处理
",
   
 "
pre
conditions
":
 ["
学员
已
与
AI
进行
4
轮
交互
",
 "
学员
仍未
理解
核心
知识点
"],
   
 "
steps
":
 ["
学员
经过
4
轮
交互
仍
对
核心
概念
存在
误解
",
 "
查看
AI
第
5
轮
的
提问
内容
"],
   
 "
test
_input
":
 "
4
轮
交互
后
学员
仍
不理解
",
   
 "
expected
_result
":
 "
AI
在第
5
轮
简化
为
1
个
核心
对比
问题
，
如
'
水
变
没了
是
液
态
变
气
态
，
这就是
汽
化
，
对
吗
？
'
，
确保
5
轮
内
完成
理解
确认
与
打
分
",
   
 "
priority
":
 "
P
1
"
 
 },
 
 {
   
 "
id
":
 "
TC
-
04
1
",
   
 "
description
":
 "
费
曼
约束
-
教师
角色
必须
先
肯定
后
纠正
，
禁止
直接
否定
学员
",
   
 "
test
_module
":
 "
费
曼
交互
约束
",
   
 "
pre
conditions
":
 ["
学员
正在
与
AI
进行
费
曼
交互
",
 "
学员
回答
存在
错误
"],
   
 "
steps
":
 ["
学员
回答
中
存在
错误
",
 "
查看
AI
的
反馈
内容
",
 "
验证
AI
是否
先
肯定
再
纠正
"],
   
 "
test
_input
":
 "
学员
回答
部分
正确
但
存在
错误
",
   
 "
expected
_result
":
 "
AI
反馈
中
先
对
学员
的
思考
过程
或
发现
问题的
能力
给予
肯定
，
再
指出
错误
点
，
不
出现
直接
否定
如
'
你想
错了
'
的
表述
",
   
 "
priority
":
 "
P
2
"
 
 },
 
 {
   
 "
id
":
 "
TC
-
04
2
",
   
 "
description
":
 "
费
曼
约束
-A
I
提问
不
使用
公式
、
La
TeX
、
Markdown
格式
，
仅
使用
纯
文字
",
   
 "
test
_module
":
 "
费
曼
交互
约束
",
   
 "
pre
conditions
":
 ["
学员
正在
与
AI
进行
费
曼
交互
",
 "
题目
涉及
数学
公式
或
化学
方程
式
"],
   
 "
steps
":
 ["
AI
针对
涉及
公
式的
题目
进行
提问
",
 "
查看
AI
提问
内容
格式
"],
   
 "
test
_input
":
 "
题目
涉及
数学
公式
或
化学
方程
式
",
   
 "
expected
_result
":
 "
AI
提问
内容
中
不
出现
La
TeX
格式
、
Markdown
格式
或
数学
公式
符号
，
全部
使用
纯
文字
描述
，
如
用
文字
描述
而非
公式
符号
",
   
 "
priority
":
 "
P
2
"
 
 },
 
 {
   
 "
id
":
 "
TC
-
04
3
",
   
 "
description
":
 "
费
曼
约束
-A
I
每次
只
问
1
-
2
个
问题
且
提问
简洁
，
最后一
轮
帮助
总结
知识点
",
   
 "
test
_module
":
 "
费
曼
交互
约束
",
   
 "
pre
conditions
":
 ["
学员
正在
与
AI
进行
费
曼
交互
"],
   
 "
steps
":
 ["
学员
回答
后
AI
进行
追问
",
 "
统计
AI
每次
追问
的问题
数量
",
 "
在
最后一
轮
验证
AI
是否
帮助
总结
"],
   
 "
test
_input
":
 "
学员
正常
进行
多
轮
交互
",
   
 "
expected
_result
":
 "
AI
每次
追问
仅
包含
1
-
2
个
问题
且
表述
简洁
，
最后一
轮
AI
帮助
学员
做
知识点
总结
，
不
出现
重复
问题
",
   
 "
priority
":
 "
P
2
"
 
 },
 
 {
   
 "
id
":
 "
TC
-
04
4
",
   
 "
description
":
 "
随
堂
测
正确
率
超过
50
%
时
结果
弹
窗
显示
'
讲
知识
错
题
'
按钮
，
点击
跳
转
讲
题
页面
",
   
 "
test
_module
":
 "
随
堂
测
入口
跳
转
",
   
 "
pre
conditions
":
 ["
学员
已完成
随
堂
测
",
 "
随
堂
测
正确
率
超过
50
%
"],
   
 "
steps
":
 ["
学员
完成
随
堂
测
查看
结果
反馈
弹
窗
",
 "
弹
窗
显示
'
太
棒
啦
'
场景
",
 "
点击
'
讲
知识
错
题
'
按钮
"],
   
 "
test
_input
":
 "
随
堂
测
正确
率
超过
50
%",
   
 "
expected
_result
":
 "
结果
弹
窗
中
显示
'
讲
知识
错
题
'
按钮
，
点击
后
跳
转
至
讲
知识
错
题
页面
，
使用
费
曼
学习
法
进行
学习
",
   
 "
priority
":
 "
P
1
"
 
 },
 
 {
   
 "
id
":
 "
TC
-
0
45
",
   
 "
description
":
 "
随
堂
测
正确
率
不足
50
%
时
结果
弹
窗
显示
'
重
学
课程
'
按钮
，
点击
跳
转
课程
学习
页
",
   
 "
test
_module
":
 "
随
堂
测
入口
跳
转
",
   
 "
pre
conditions
":
 ["
学员
已完成
随
堂
测
",
 "
随
堂
测
正确
率
不足
50
%
"],
   
 "
steps
":
 ["
学员
完成
随
堂
测
查看
结果
反馈
弹
窗
",
 "
弹
窗
显示
'
太
遗憾
了
'
场景
",
 "
点击
'
重
学
课程
'
按钮
"],
   
 "
test
_input
":
 "
随
堂
测
正确
率
不足
50
%",
   
 "
expected
_result
":
 "
结果
弹
窗
中
显示
'
重
学
课程
'
按钮
，
点击
后
跳
转
至
本次
随
堂
测
对应的
课程
学习
页面
，
并
自动
定位
到
与
随
堂
测
知识点
高度
相关的
课程
内容
起始
处
",
   
 "
priority
":
 "
P
1
"
 
 },
 
 {
   
 "
id
":
 "
TC
-
04
6
",
   
 "
description
":
 "
随
堂
测
结果
弹
窗
点击
'
查看
解析
'
按钮
停留在
当前
页面
逐
题
查看
解析
",
   
 "
test
_module
":
 "
随
堂
测
入口
跳
转
",
   
 "
pre
conditions
":
 ["
学员
已完成
随
堂
测
",
 "
结果
反馈
弹
窗
已
弹出
"],
   
 "
steps
":
 ["
学员
在
随
堂
测
结果
反馈
弹
窗
中
点击
'
查看
解析
'
按钮
",
 "
查看
页面
跳
转
情况
"],
   
 "
test
_input
":
 "
点击
'
查看
解析
'
按钮
",
   
 "
expected
_result
":
 "
页面
不
跳
转
，
停留在
当前
页面
，
学员
可在
该
页面
逐
题
查看
解析
，
包括
题目
所
涉
知识点
与
解题
思路
",
   
 "
priority
":
 "
P
1
"
 
 },
 
 {
   
 "
id
":
 "
TC
-
04
7
",
   
 "
description
":
 "
督导
端
讲
错
题
通过
提醒
点击
后
自动
消失
",
   
 "
test
_module
":
 "
督导
端
提醒
",
   
 "
pre
conditions
":
 ["
学员
已完成
讲
错
题
且
AI
评分
8
分
及以上
",
 "
督导
端
收到
讲
错
题
通过
提醒
"],
   
 "
steps
":
 ["
督导
端
收到
讲
错
题
通过
提醒
消息
",
 "
点击
该
提醒
"],
   
 "
test
_input
":
 "
督导
点击
讲
错
题
通过
提醒
",
   
 "
expected
_result
":
 "
提醒
消息
点击
后
自动
消失
，
不再
显示
",
   
 "
priority
":
 "
P
2
"
 
 },
 
 {
   
 "
id
":
 "
TC
-
04
8
",
   
 "
description
":
 "
督导
端
讲
错
题
未
通过
提醒
点击
后
自动
消失
",
   
 "
test
_module
":
 "
督导
端
提醒
",
   
 "
pre
conditions
":
 ["
学员
已完成
讲
错
题
且
AI
评分
8
分
以下
",
 "
督导
端
收到
讲
错
题
未
通过
提醒
"],
   
 "
steps
":
 ["
督导
端
收到
讲
错
题
未
通过
提醒
消息
",
 "
点击
该
提醒
"],
   
 "
test
_input
":
 "
督导
点击
讲
错
题
未
通过
提醒
",
   
 "
expected
_result
":
 "
提醒
消息
点击
后
自动
消失
，
不再
显示
",
   
 "
priority
":
 "
P
2
"
 
 },
 
 {
   
 "
id
":
 "
TC
-
04
9
",
   
 "
description
":
 "
督导
端
弹
窗
展示
最近
一
节课
的
章节
信息
",
   
 "
test
_module
":
 "
督导
端
讲
错
题
查看
",
   
 "
pre
conditions
":
 ["
学员
已完成
讲
错
题
环节
",
 "
督导
端
'
查看
讲
错
题
讲
知识点
'
按钮
可
点击
"],
   
 "
steps
":
 ["
督导
点击
'
查看
讲
错
题
讲
知识点
'
按钮
",
 "
查看
弹
窗
中
展示
的
章节
信息
"],
   
 "
test
_input
":
 "
督导
点击
查看
讲
错
题
讲
知识点
",
   
 "
expected
_result
":
 "
弹
窗
中
展示
的
章节
为
学员
最近
一
节课
的
章节
信息
",
   
 "
priority
":
 "
P
2
"
 
 },
 
 {
   
 "
id
":
 "
TC
-
0
50
",
   
 "
description
":
 "
系统
自动
存储
学员
与
AI
交互
的所有
历史
记录
包括
提问
、
回答
、
反馈
及
交互
时间
",
   
 "
test
_module
":
 "
数据
存储
",
   
 "
pre
conditions
":
 ["
学员
已完成
与
AI
的
讲
错
题
交互
"],
   
 "
steps
":
 ["
学员
完成
讲
错
题
交互
流程
",
 "
督导
点击
'
查看
讲
错
题
讲
知识点
'
查看
详情
",
 "
验证
存储
的
交互
记录
是否
完整
"],
   
 "
test
_input
":
 "
学员
完成
完整的
讲
错
题
交互
流程
",
   
 "
expected
_result
":
 "
系统
存储
的
记录
包含
AI
提
问题
目
、
学员
回答
内容
、
AI
反馈
及
追问
内容
、
交互
时间
等
所有
历史
信息
，
督导
端
可
完整
查看
",
   
 "
priority
":
 "
P
1
"
 
 }
]
```
GEN_DIAG:{"kind": "stream_batch_token_usage", "project_id": 8, "request_id": "0d81f2907c0e46cf85b1ed78527a8cb1", "current_biz_key": "unknown", "multi_pass": true, "generation_mode": "full_functional_regression", "batch_index": 2, "total_batches": 4, "attempt": 2, "requested_count": 25, "input_tokens": null, "output_tokens": null, "total_tokens": null, "token_source": "unavailable", "token_unavailable_reason": "provider_usage_estimated", "estimate_method": "chars_div_4", "model": "glm-5.1"}

GEN_DIAG:{"kind": "stream_batch_quality", "project_id": 8, "request_id": "0d81f2907c0e46cf85b1ed78527a8cb1", "current_biz_key": "unknown", "multi_pass": true, "generation_mode": "full_functional_regression", "batch_index": 2, "new_valid_cases_count": 25, "duplicate_rate": 0.0, "non_assertable_count": 0, "low_quality_filtered_count": 0, "coverage_gain_count": 25, "low_gain_detected": false, "low_gain_streak": 0}
@@STATUS@@:正在生成第 3/4 批次 (25 条) - 第 1 次尝试...
```
json

[
 
 {
   
 "
id
":
 "
TC
-
05
1
",
   
 "
description
":
 "
追问
方向
-
暴露
思维
路径
，
AI
追问
拆
分解
题
步骤
逐一
审视
逻辑
漏洞
或
关键
遗漏
",
   
 "
test
_module
":
 "
AI
追问
逻辑
",
   
 "
pre
conditions
":
 ["
学员
已
进入
讲
知识
错
题
页面
",
 "
学员
已
回答
初始
提问
且
回答
中
存在
逻辑
跳跃
"],
   
 "
steps
":
 ["
学员
提交
包含
逻辑
跳跃
的回答
",
 "
AI
生成
追问
内容
",
 "
检查
追问
是否
针对
解题
步骤
中的
逻辑
漏洞
"],
   
 "
test
_input
":
 "
学员
回答
中
某
一步
推导
缺乏
依据
",
   
 "
expected
_result
":
 "
AI
追问
内容
包含
类似
'
这一
步
的
推导
依据
是什么
？
是否存在
逻辑
跳跃
？
'
的
表述
，
逐
层
拆
解
学员
的思维
路径
",
   
 "
priority
":
 "
P
1
"
 
 },
 
 {
   
 "
id
":
 "
TC
-
05
2
",
   
 "
description
":
 "
追问
方向
-
类比
迁移
验证
，
AI
追问
用
相似
案例
或
简化
问题
验证
规则
普
适
性
",
   
 "
test
_module
":
 "
AI
追问
逻辑
",
   
 "
pre
conditions
":
 ["
学员
已
回答
提问
且
表述
了
某种
解题
方法
",
 "
AI
识别
到
可
迁移
验证
的知识
点
"],
   
 "
steps
":
 ["
学员
提交
包含
特定
解题
方法的
回答
",
 "
AI
生成
追问
",
 "
检查
追问
是否
要求
学员
用
相似
案例
验证
该方法
"],
   
 "
test
_input
":
 "
学员
回答
中
使用了
某
解题
方法
但
未
验证
普
适
性
",
   
 "
expected
_result
":
 "
AI
追问
内容
包含
类似
'
如果把
题目
中的
XX
条件
换成
YY
，
解
法
会有
什么
变化
？
'
或
'
能否
用一个
更
简单的
例子
验证
这个
结论
？
'
的
表述
",
   
 "
priority
":
 "
P
1
"
 
 },
 
 {
   
 "
id
":
 "
TC
-
05
3
",
   
 "
description
":
 "
追问
方向
-
质疑
例外
边界
，
AI
追问
探索
知识
边界
和
例外
情况
深化
完整
理解
",
   
 "
test
_module
":
 "
AI
追问
逻辑
",
   
 "
pre
conditions
":
 ["
学员
已
回答
提问
且
结论
适用
范围
有限
",
 "
AI
识别
到
可
质疑
的
边界
条件
"],
   
 "
steps
":
 ["
学员
提交
包含
某
结论
的回答
",
 "
AI
生成
追问
",
 "
检查
追问
是否
探索
该
结论
的
边界
或
例外
情况
"],
   
 "
test
_input
":
 "
学员
回答
中
陈述
了
某
结论
但
未
考虑
特殊情况
",
   
 "
expected
_result
":
 "
AI
追问
内容
包含
类似
'
这个
结论
在
什么
情况下
不
成立
？
是否存在
XX
特殊
情形
？
'
或
'
题目
中没有
明确
说明
的
XX
隐
含
条件
，
是否
需要
考虑
？
'
的
表述
",
   
 "
priority
":
 "
P
1
"
 
 },
 
 {
   
 "
id
":
 "
TC
-
05
4
",
   
 "
description
":
 "
评分
特殊
处理
-
回答
字
数
不足
50
字
时
完整
性和
清晰
度
直接
扣
50
%
分数
",
   
 "
test
_module
":
 "
AI
评分
",
   
 "
pre
conditions
":
 ["
学员
已完成
讲
错
题
交互
流程
",
 "
学员
回答
内容
字
数
不足
50
字
"],
   
 "
steps
":
 ["
学员
提交
字
数
不足
50
字的
回答
",
 "
AI
完成
评分
",
 "
检查
完整
性和
清晰
度
维度
得分
是否
被
扣
50
%
"],
   
 "
test
_input
":
 "
学员
回答
仅
20
字
如
'
选
B
因为
汽
化
是
液
态
变
气
态
'",
   
 "
expected
_result
":
 "
完整
性和
清晰
度
维
度的
得分
按
原始
得
分的
50
%
计算
，
评分
结果
中
体现
扣
分
处理
",
   
 "
priority
":
 "
P
1
"
 
 },
 
 {
   
 "
id
":
 "
TC
-
05
5
",
   
 "
description
":
 "
评分
特殊
处理
-
答
非
所
问
时
准确性
维度
直接
计
0
分
",
   
 "
test
_module
":
 "
AI
评分
",
   
 "
pre
conditions
":
 ["
学员
已完成
讲
错
题
交互
流程
",
 "
学员
回答
内容
与
问题
无关
"],
   
 "
steps
":
 ["
学员
提交
与
问题
无关
的回答
内容
",
 "
AI
完成
评分
",
 "
检查
准确性
维度
得分
是否
为
0
"],
   
 "
test
_input
":
 "
AI
问
汽
化
相关
概念
，
学员
回答
关于
数学
公式
的内容
",
   
 "
expected
_result
":
 "
准确性
维度
得
分为
0
分
，
综合
评分
显著
降低
",
   
 "
priority
":
 "
P
1
"
 
 },
 
 {
   
 "
id
":
 "
TC
-
05
6
",
   
 "
description
":
 "
评分
特殊
处理
-
创新
性
答案
且
正确
时
准确
性和
逻辑
性
额外
加
5
分
",
   
 "
test
_module
":
 "
AI
评分
",
   
 "
pre
conditions
":
 ["
学员
已完成
讲
错
题
交互
流程
",
 "
学员
采用
创新
性
思路
且
答案
正确
"],
   
 "
steps
":
 ["
学员
提交
采用
创新
解
法的
正确
回答
",
 "
AI
完成
评分
",
 "
检查
准确
性和
逻辑
性
维度
是否
获得
额外
加分
"],
   
 "
test
_input
":
 "
学员
用
非
标准
但
正确的
创新
方法
解题
",
   
 "
expected
_result
":
 "
准确
性和
逻辑
性
维度
得分
在
原始
分数
基础上
各
额外
加
5
分
（
不超过
维度
上限
）
",
   
 "
priority
":
 "
P
2
"
 
 },
 
 {
   
 "
id
":
 "
TC
-
05
7
",
   
 "
description
":
 "
学生
视角
锚
定
-
学员
提问
必须
包含
自身
错误
判断
依据
而非
空
泛
询问
",
   
 "
test
_module
":
 "
费
曼
学习
法
交互
",
   
 "
pre
conditions
":
 ["
学员
已
进入
讲
知识
错
题
页面
",
 "
引导
流程
已完成
"],
   
 "
steps
":
 ["
学员
尝试
提交
不含
个人
理由
的
提问
如
'
为啥
A
错
'",
 "
系统
检测
提问
缺少
错误
判断
依据
",
 "
系统
进行
二次
引导
"],
   
 "
test
_input
":
 "
学员
提问
'
我
选
A
错了
，
为啥
呀
？
'
（
无
个人
理由
）
",
   
 "
expected
_result
":
 "
系统
自动
提示
类似
'
你
当时
选
A
是
看到
啥
、
想到
啥
了
呀
？
'
的
二次
引导
，
要求
补充
个人
判断
理由
后方可
继续
交互
",
   
 "
priority
":
 "
P
1
"
 
 },
 
 {
   
 "
id
":
 "
TC
-
05
8
",
   
 "
description
":
 "
具
象
化
关联
-A
I
提问
与
交互
关联
学员
日常
可
感知
的
具
象
事物
避免
抽象
概念
",
   
 "
test
_module
":
 "
费
曼
学习
法
交互
",
   
 "
pre
conditions
":
 ["
学员
已
进入
讲
知识
错
题
页面
",
 "
题目
涉及
物理
或
化学
概念
"],
   
 "
steps
":
 ["
AI
生成
提问
内容
",
 "
检查
提问
是否
关联
日常
可
感知
的
具
象
事物
",
 "
确认
不
出现
纯
理论
抽象
表述
"],
   
 "
test
_input
":
 "
题目
涉及
物
态
变化
概念
",
   
 "
expected
_result
":
 "
AI
提问
使用
如
'
冰
块
在
饮料
里
化
掉
变成
水
'
而非
'
固态
变
液
态
'
的
具
象
化
表述
，
关联
学员
日常
可
感知
的事物
",
   
 "
priority
":
 "
P
1
"
 
 },
 
 {
   
 "
id
":
 "
TC
-
05
9
",
   
 "
description
":
 "
师生
角色
明确
-
学生
始终
是
提问
方
老师
始终
是
澄清
方
不
出现
反向
流程
",
   
 "
test
_module
":
 "
费
曼
学习
法
交互
",
   
 "
pre
conditions
":
 ["
学员
已
进入
讲
知识
错
题
页面
",
 "
交互
流程
进行
中
"],
   
 "
steps
":
 ["
完成
4
-
5
轮
完整
交互
",
 "
逐
轮
检查
交互
顺序
",
 "
确认
始终
为学生
先
提问
→
老师
再
回应
"],
   
 "
test
_input
":
 "
完整
4
轮
交互
过程
",
   
 "
expected
_result
":
 "
每
轮
交互
均为
学生
先
提问
、
老师
再
回应
的
顺序
，
不
出现
老师
主动
抛
问题
让学生
回答
的反
向
流程
",
   
 "
priority
":
 "
P
1
"
 
 },
 
 {
   
 "
id
":
 "
TC
-
0
60
",
   
 "
description
":
 "
四
轮
对话
框架
第二轮
-
检验
原理
理解
学员
提出
验证
性问题
",
   
 "
test
_module
":
 "
费
曼
学习
法
交互
",
   
 "
pre
conditions
":
 ["
第一
轮
交互
已完成
",
 "
老师
已
给出
初步
解释
"],
   
 "
steps
":
 ["
学员
针对
老师的
初步
解释
提出
验证
性问题
",
 "
检查
学员
提问
是否
使用
'
如果
...
那么
...'
句
式
",
 "
验证
是否
检验
核心
原理
理解
"],
   
 "
test
_input
":
 "
学员
提问
'
如果
水
蒸
气
遇
冷
变成
水
珠
，
那
也是
液化
吗
？
'",
   
 "
expected
_result
":
 "
第二轮
交互
中学
员
提问
使用
验证
性
句
式
检验
对
核心
原理
的理解
，
老师
针对
验证
性问题
进行
澄清
",
   
 "
priority
":
 "
P
1
"
 
 },
 
 {
   
 "
id
":
 "
TC
-
06
1
",
   
 "
description
":
 "
四
轮
对话
框架
第三
轮
-
验证
方法
迁移
学员
提出
相似
情境
新
问题
",
   
 "
test
_module
":
 "
费
曼
学习
法
交互
",
   
 "
pre
conditions
":
 ["
前
两
轮
交互
已完成
",
 "
学员
已
理解
核心
原理
"],
   
 "
steps
":
 ["
学员
提出
相似
情境
或
条件
变化
的新
问题
",
 "
检查
是否
询问
能否
使用
刚
学到
的方法
论
",
 "
老师
回应
迁移
验证
"],
   
 "
test
_input
":
 "
学员
提问
'
那
冬天
窗户
上的
冰
花
也是
同样的
道理
吗
？
'",
   
 "
expected
_result
":
 "
第三
轮
交互
中学
员
提出
相似
情境
的新
问题
验证
方法
迁移
，
老师
确认
或
纠正
迁移
理解
",
   
 "
priority
":
 "
P
1
"
 
 },
 
 {
   
 "
id
":
 "
TC
-
06
2
",
   
 "
description
":
 "
四
轮
对话
框架
第四
轮
-
要求
结构
化
总结
老师
用
简单
步骤
固定
解题
思路
",
   
 "
test
_module
":
 "
费
曼
学习
法
交互
",
   
 "
pre
conditions
":
 ["
前三
轮
交互
已完成
",
 "
学员
已
通过
迁移
验证
"],
   
 "
steps
":
 ["
学员
请求
老师
用
简单
步骤
总结
解题
思路
",
 "
老师
给出
结构
化
总结
如
三
步
法
",
 "
交互
结束
触发
打
分
"],
   
 "
test
_input
":
 "
学员
提问
'
老师
您
能用
简单的
步骤
帮我
总结
一下
吗
？
'",
   
 "
expected
_result
":
 "
第四
轮
老师
用
'
三
步
法
'
等
简单
步骤
将
解题
思路
固定
下来
，
随后
触发
打
分
流程
",
   
 "
priority
":
 "
P
1
"
 
 },
 
 {
   
 "
id
":
 "
TC
-
06
3
",
   
 "
description
":
 "
网络
异常
-A
I
提问
生成
失败
时
页面
展示
错误
提示
并
支持
重
试
",
   
 "
test
_module
":
 "
异常
处理
",
   
 "
pre
conditions
":
 ["
学员
已
进入
讲
知识
错
题
页面
",
 "
网络
连接
异常
"],
   
 "
steps
":
 ["
学员
进入
页面
触发
AI
生成
问题
",
 "
网络
请求
失败
",
 "
检查
页面
是否
展示
错误
提示
",
 "
点击
重
试
按钮
"],
   
 "
test
_input
":
 "
断
网
状态下
进入
讲
知识
错
题
页面
",
   
 "
expected
_result
":
 "
页面
展示
网络
异常
提示
信息
，
提供
重
试
按钮
，
点击
重
试
后
网络
恢复
则
正常
加载
AI
提问
",
   
 "
priority
":
 "
P
1
"
 
 },
 
 {
   
 "
id
":
 "
TC
-
06
4
",
   
 "
description
":
 "
语音
录制
权限
拒绝
时
点击
对话
按钮
给出
权限
引导
提示
",
   
 "
test
_module
":
 "
异常
处理
",
   
 "
pre
conditions
":
 ["
学员
已
进入
讲
知识
错
题
页面
",
 "
设备
麦克风
权限
未
授予
"],
   
 "
steps
":
 ["
学员
点击
'
点击
对话
'
按钮
",
 "
系统
检测
无
麦克风
权限
",
 "
检查
是否
给出
权限
引导
提示
"],
   
 "
test
_input
":
 "
设备
麦克风
权限
被
拒绝
",
   
 "
expected
_result
":
 "
点击
对话
按钮
后
弹出
权限
引导
提示
，
告知
学员
需
开启
麦克风
权限
才能
使用
语音
录制
功能
",
   
 "
priority
":
 "
P
1
"
 
 },
 
 {
   
 "
id
":
 "
TC
-
06
5
",
   
 "
description
":
 "
错
题
抽取
边界
-
本
讲
仅有
1
道
错
题
时
AI
抽取
该
1
道
错
题
进行
提问
",
   
 "
test
_module
":
 "
AI
提问
逻辑
",
   
 "
pre
conditions
":
 ["
学员
本
讲
仅有
1
道
错
题
",
 "
其余
题目
均
回答
正确
"],
   
 "
steps
":
 ["
学员
进入
讲
知识
错
题
页面
",
 "
AI
抽取
题目
",
 "
检查
抽取
的
题目
数量
和
来源
"],
   
 "
test
_input
":
 "
本
讲
10
道
题
中学
员
仅
1
道
答
错
",
   
 "
expected
_result
":
 "
AI
抽取
该
1
道
错
题
进行
提问
，
题目
数量
为
1
道
，
不
强制
凑
够
2
道
",
   
 "
priority
":
 "
P
1
"
 
 },
 
 {
   
 "
id
":
 "
TC
-
06
6
",
   
 "
description
":
 "
联系
督导
按钮
点击
后
督导
端
收到
消息
提醒
",
   
 "
test
_module
":
 "
评分
结果
交互
",
   
 "
pre
conditions
":
 ["
学员
综合
评分
8
分
以下
",
 "
页面
显示
联系
督导
按钮
"],
   
 "
steps
":
 ["
学员
点击
'
联系
督导
'
按钮
",
 "
督导
端
检查
是否
收到
消息
提醒
"],
   
 "
test
_input
":
 "
学员
评分
7
.
5
分
点击
联系
督导
",
   
 "
expected
_result
":
 "
督导
端
收到
学员
联系
督导
的消息
提醒
，
提醒
内容
包含
学员
信息和
课程
信息
",
   
 "
priority
":
 "
P
1
"
 
 },
 
 {
   
 "
id
":
 "
TC
-
06
7
",
   
 "
description
":
 "
去
日
清
按钮
点击
后
跳
转到
日
清
页面
",
   
 "
test
_module
":
 "
评分
结果
交互
",
   
 "
pre
conditions
":
 ["
学员
已完成
讲
错
题
评分
",
 "
页面
显示
去
日
清
按钮
"],
   
 "
steps
":
 ["
学员
点击
'
去
日
清
'
按钮
",
 "
检查
页面
跳
转
目标
"],
   
 "
test
_input
":
 "
学员
评分
8
.
5
分
后
点击
去
日
清
按钮
",
   
 "
expected
_result
":
 "
页面
跳
转
至
第六
步
日
清
页面
，
左侧
导航
栏
第六
步
高
亮
",
   
 "
priority
":
 "
P
1
"
 
 },
 
 {
   
 "
id
":
 "
TC
-
06
8
",
   
 "
description
":
 "
督导
端
科目
筛选
下拉
菜单
可
筛选
全部
科目
",
   
 "
test
_module
":
 "
督导
端
",
   
 "
pre
conditions
":
 ["
督导
已
登录
督导
端
",
 "
学员
数据
涉及
多个
科目
"],
   
 "
steps
":
 ["
点击
科目
筛选
下拉
菜单
",
 "
选择
特定
科目
如
'
物理
'",
 "
检查
列表
是否
仅
显示
该
科目
学员
"],
   
 "
test
_input
":
 "
选择
科目
'
物理
'
进行
筛选
",
   
 "
expected
_result
":
 "
学员
信息
列表
仅
展示
物理
科目
相关的
学员
数据
，
切换
科目
后
列表
实时
更新
",
   
 "
priority
":
 "
P
2
"
 
 },
 
 {
   
 "
id
":
 "
TC
-
06
9
",
   
 "
description
":
 "
督导
端
弹
窗
右上
角
关闭
按钮
点击
后
关闭
弹
窗
返回
列表
",
   
 "
test
_module
":
 "
督导
端
",
   
 "
pre
conditions
":
 ["
督导
已
点击
'
查看
讲
错
题
讲
知识点
'
按钮
",
 "
弹
窗
已
展示
"],
   
 "
steps
":
 ["
点击
弹
窗
右上
角
关闭
按钮
",
 "
检查
弹
窗
是否
关闭
",
 "
检查
是否
返回
学员
信息
列表
"],
   
 "
test
_input
":
 "
点击
弹
窗
关闭
按钮
",
   
 "
expected
_result
":
 "
弹
窗
关闭
，
页面
返回
学员
信息
列表
，
列表
数据
无
变化
",
   
 "
priority
":
 "
P
2
"
 
 },
 
 {
   
 "
id
":
 "
TC
-
0
70
",
   
 "
description
":
 "
督导
端
学员
状态
完成
标记
包括
对
答案
完成
和
跟
督导
沟通
跳
过
两种
情况
",
   
 "
test
_module
":
 "
督导
端
",
   
 "
pre
conditions
":
 ["
存在
对
答案
完成的
学员
A
",
 "
存在
跟
督导
沟通
跳
过的
学员
B
"],
   
 "
steps
":
 ["
查看
学员
A
的状态
列
",
 "
查看
学员
B
的状态
列
",
 "
对比
两
学员
状态
显示
"],
   
 "
test
_input
":
 "
学员
A
对
答案
完成
，
学员
B
跟
督导
沟通
跳
过
",
   
 "
expected
_result
":
 "
学员
A
和
学员
B
的状态
列
均
显示
'
完成
'
，
两种
完成
方式
在
状态
列
展示
一致
",
   
 "
priority
":
 "
P
1
"
 
 },
 
 {
   
 "
id
":
 "
TC
-
07
1
",
   
 "
description
":
 "
督导
端
学习
进度
-
学员
还没
开始
学习
时不
展示
学习
进度
内容
",
   
 "
test
_module
":
 "
督导
端
",
   
 "
pre
conditions
":
 ["
存在
尚未
开始
学习的
学员
"],
   
 "
steps
":
 ["
在
学员
信息
列表
中
找到
未
开始
学习的
学员
",
 "
查看
其
学习
进度
列
"],
   
 "
test
_input
":
 "
学员
尚未
开始
任何
课程
学习
",
   
 "
expected
_result
":
 "
该
学员
的学习
进度
列为
空
，
不
展示
任何
课程
章节
信息
",
   
 "
priority
":
 "
P
2
"
 
 },
 
 {
   
 "
id
":
 "
TC
-
07
2
",
   
 "
description
":
 "
督导
端
近期
学习
计划
-
最后
课程
和
未
定
教材
均
不
展示
内容
",
   
 "
test
_module
":
 "
督导
端
",
   
 "
pre
conditions
":
 ["
存在
已
学
完
该
教材
最后
课程的
学员
A
",
 "
存在
未
定
教材
的
学员
B
"],
   
 "
steps
":
 ["
查看
学员
A
的
近期
学习
计划
列
",
 "
查看
学员
B
的
近期
学习
计划
列
"],
   
 "
test
_input
":
 "
学员
A
为
教材
最后
课程
，
学员
B
未
定
教材
",
   
 "
expected
_result
":
 "
学员
A
和
学员
B
的
近期
学习
计划
列
均
不
展示
内容
",
   
 "
priority
":
 "
P
2
"
 
 },
 
 {
   
 "
id
":
 "
TC
-
07
3
",
   
 "
description
":
 "
切换
课程
时
当前
讲
错
题
未
完成
进度
保留
提示
",
   
 "
test
_module
":
 "
课程
切换
",
   
 "
pre
conditions
":
 ["
学员
正在
讲
知识
错
题
页面
进行
交互
",
 "
交互
尚未
完成
"],
   
 "
steps
":
 ["
学员
点击
'
切换
课程
'
按钮
",
 "
检查
系统
是否
提示
当前
进度
保留
",
 "
切换
后
再次
切
回
原
课程
"],
   
 "
test
_input
":
 "
学员
在
交互
第
2
轮
时
点击
切换
课程
",
   
 "
expected
_result
":
 "
切换
课程
后
再次
切
回
原
课程
时
，
之前的
对话
内容
保留
，
学员
可
继续
未
完成的
交互
",
   
 "
priority
":
 "
P
1
"
 
 },
 
 {
   
 "
id
":
 "
TC
-
07
4
",
   
 "
description
":
 "
评分
维度
回答
准确性
边界
值
-
部分
正确
得分
20
分
对应
换
算
后
综合
评分
",
   
 "
test
_module
":
 "
AI
评分
",
   
 "
pre
conditions
":
 ["
学员
已完成
讲
错
题
交互
",
 "
学员
回答
核心
结论
正确
但
存在
次要
步骤
错误
"],
   
 "
steps
":
 ["
学员
提交
部分
正确的
回答
",
 "
AI
完成
评分
",
 "
检查
回答
准确性
维度
得分
是否
在
20
-
34
分
区间
"],
   
 "
test
_input
":
 "
学员
回答
核心
结论
正确
但
遗漏
部分
关键
信息
",
   
 "
expected
_result
":
 "
回答
准确性
维度
得分
在
20
-
34
分
区间
，
按
40
%
权重
换
算
后
计入
综合
评分
，
综合
评分
低于
完全
正确
的情况
",
   
 "
priority
":
 "
P
1
"
 
 },
 
 {
   
 "
id
":
 "
TC
-
07
5
",
   
 "
description
":
 "
评分
维度
回答
完整性
边界
值
-
严重
缺失
得
0
-
9
分
对应
换
算
",
   
 "
test
_module
":
 "
AI
评分
",
   
 "
pre
conditions
":
 ["
学员
已完成
讲
错
题
交互
",
 "
学员
回答
仅
包含
少量
非
关键
内容
"],
   
 "
steps
":
 ["
学员
提交
严重
缺失
的回答
",
 "
AI
完成
评分
",
 "
检查
回答
完整性
维度
得分
是否
在
0
-
9
分
区间
"],
   
 "
test
_input
":
 "
学员
回答
仅
一句话
且
未
覆盖
提问
要点
",
   
 "
expected
_result
":
 "
回答
完整性
维度
得分
在
0
-
9
分
区间
，
按
25
%
权重
换
算
后
计入
综合
评分
，
综合
评分
显著
降低
",
   
 "
priority
":
 "
P
2
"
 
 }
]
```
GEN_DIAG:{"kind": "stream_batch_token_usage", "project_id": 8, "request_id": "0d81f2907c0e46cf85b1ed78527a8cb1", "current_biz_key": "unknown", "multi_pass": true, "generation_mode": "full_functional_regression", "batch_index": 3, "total_batches": 4, "attempt": 1, "requested_count": 25, "input_tokens": null, "output_tokens": null, "total_tokens": null, "token_source": "unavailable", "token_unavailable_reason": "provider_usage_estimated", "estimate_method": "chars_div_4", "model": "glm-5.1"}

GEN_DIAG:{"kind": "stream_batch_quality", "project_id": 8, "request_id": "0d81f2907c0e46cf85b1ed78527a8cb1", "current_biz_key": "unknown", "multi_pass": true, "generation_mode": "full_functional_regression", "batch_index": 3, "new_valid_cases_count": 25, "duplicate_rate": 0.0, "non_assertable_count": 0, "low_quality_filtered_count": 0, "coverage_gain_count": 25, "low_gain_detected": false, "low_gain_streak": 0}
@@STATUS@@:正在生成第 4/4 批次 (25 条) - 第 1 次尝试...
```
json
[
  {
   
 "id": "TC-07
6",
    "description":
 "重复进入-未完成讲错
题时保留对话内容可继续交互
",
    "test_module": "讲
错题交互流程",
    "
preconditions": ["学员已进入讲
知识错题页面",
 "学员与AI已
进行部分对话但未完成最终
打分"],
    "steps":
 ["学员中途退出讲知识
错题页面", "学员再次
进入同一讲的讲知识错题
页面"],
    "test_input
": "中途退出后重新
进入",
    "expected
_result": "页面保留之前
所有对话内容（AI提问和学员
回答记录），学员可从
上次中断处继续交互
，无需重新开始",
   
 "priority": "P1"
  },
  {
   
 "id": "TC
-077",
    "description
": "重复进入-已完成
讲错题时不可以重复打分
",
    "test_module": "讲
错题交互流程",
    "
preconditions": ["学员已完成讲知识
错题全流程", "AI
已给出最终综合评分"],
    "
steps": ["学员尝试
再次进入同一讲的讲知识
错题页面"],
    "test
_input": "已完成状态
下重新进入",
   
 "expected_result": "页面
展示已完成状态，不
提供重新打分入口，
原有评分结果保持不变，学员
无法对同一讲重复
进行讲错题打
分",
    "priority":
 "P1"
  },
  {
    "id": "TC
-078",
    "description
": "初始提问-学员进入
讲知识错题页面AI自动展示
一道问题",
    "test_module":
 "讲错题交互流程",
   
 "preconditions": ["学员已完成
随堂测且正确率超过
50%", "学员点击
'讲知识错题
'按钮进入页面"],
    "steps
": ["学员进入'
第五步讲知识错题'
页面", "观察页面加载后的
提问展示区"],
    "test
_input": "正常进入讲知识错
题页面",
    "expected_result":
 "页面加载后AI自动在
提问展示区以对话框样式展示一道
问题，无需学员手动触发，
问题来源于本讲错题
",
    "priority":
 "P1"
  },
  {
    "id": "TC
-079",
    "description":
 "追问交互展示-AI追问
在原反馈内容下方以新对话框
形式展示",
    "test_module
": "讲错题交互流程
",
    "preconditions": ["学员
已提交第一轮回答", "
AI已生成追问内容"],
    "steps": ["学员查看
AI追问内容的位置和
展示形式"],
    "test
_input": "第一轮回答提交
后等待AI追问",
   
 "expected_result": "AI
追问内容在学员上次回答内容的下方
以新的对话框形式展示，形成
上下连贯的对话流，
学员可继续通过输入
框或语音录制回答
",
    "priority": "P1
"
  },
  {
    "id
": "TC-080",
    "description": "题目来源-
本讲错题数量充足时AI
优先抽取1-2道错题
提问",
    "test_module": "
AI提问逻辑",
    "
preconditions": ["本
讲有3道及以上
错题", "学员进入
讲知识错题页面"],
    "
steps": ["学员进入讲
知识错题页面", "观察
AI抽取的提问题目"],
    "
test_input": "本讲错题
数量充足（3道以上
）",
    "expected
_result": "AI从本讲错
题中优先抽取1-2道
错题作为提问题目，不抽取
回答正确的题目，抽取
的题目均为学员做
错的题目",
    "priority":
 "P1"
  },
 
 {
    "id": "TC
-081",
    "description":
 "题目来源-本讲错题
不够时AI抽取回答正确的题目
提问",
    "test
_module": "AI提问逻辑",
   
 "preconditions": ["本讲仅有
0道错题但有
回答正确的题目", "学员进入
讲知识错题页面"],
    "
steps": ["学员进入讲
知识错题页面", "观察
AI抽取的提问题目来源
"],
    "test_input": "本
讲无错题但有
正确回答的题目",
    "
expected_result": "当本讲错
题数量不足时，AI抽取回答
正确的题目进行提问，确保有1
-2道题目可用进行
讲错题交互",
    "priority": "P1"
  },
  {
    "id":
 "TC-082",
    "
description": "做了全对-随机
抽取任意两道题目进行追问",
    "test_module": "AI
提问逻辑",
    "preconditions":
 ["学员本讲所有题目都
做对", "无
错题可供抽取"],
    "
steps": ["学员进入讲知识错
题页面", "观察AI的
题目抽取和提问逻辑
"],
    "test_input": "本
讲全部题目回答正确",
    "
expected_result": "AI
随机抽取任意两道题目进行
追问，进入正常交互流程
，学员可对正确
题目进行知识点讲解",
    "
priority": "P1"
  },
  {
    "id":
 "TC-083",
    "
description": "一道题没做
-显示淡白色文案提示当前
还没有做过题 [Pending
 Confirmation]",
    "test
_module": "AI提问逻辑",
   
 "preconditions": ["学员本讲
一道题都没做", "学员进入
讲知识错题页面"],
    "
steps": ["学员进入讲知识错
题页面", "观察页面
展示内容"],
    "test
_input": "本讲无
任何做题记录",
    "expected
_result": "页面显示淡白色
文案提示'当前您
还没有做过题，快去做题来
检测一下自己的知识掌握程度吧
' [Pending Confirmation: 一道题
没做的完整逻辑待需求
补充确认]",
    "priority
": "P2"
 
 },
  {
    "id
": "TC-08
4",
    "description": "'
返回'按钮-点击后返回上一
级页面遵循从哪来回哪去
原则",
    "test_module": "
课程信息区导航",
    "pre
conditions": ["学员从随堂测
结果页点击'讲知识错题
'按钮进入当前页面
"],
    "steps": ["学员点击
课程信息区的'返回'按钮
"],
    "test_input": "点击
返回按钮",
    "expected_result":
 "页面跳转至学员
进入当前页面的来源页面（
随堂测结果页
），遵循从哪来回哪
去的导航原则",
    "
priority": "P1"
  },
  {
    "id": "TC
-085",
    "description":
 "'打印'按钮-点击后弹
窗选择打印内容",
    "test
_module": "课程信息区导航
",
    "preconditions": ["学员
在讲知识错题页面"],
   
 "steps": ["学员点击课程
信息区的'打印'按钮"],
    "test_input": "点击
打印按钮",
    "expected_result":
 "弹出打印内容选择弹窗
，学员可在弹窗中选择需要打印
的具体内容",
    "priority": "
P2"
  },
  {
    "id": "TC-08
6",
    "description": "'
切换课程'按钮-点击
后学员切换到其他课程的学习
页面",
    "test_module": "
课程信息区导航",
    "pre
conditions": ["学员在讲知识错
题页面", "学员有其他可
切换的课程"],
    "steps
": ["学员点击课程信息区的'
切换课程'按钮", "选择
另一门课程"],
    "test
_input": "点击切换课程按钮并
选择新课程",
    "
expected_result": "学员成功
切换到所选其他课程的学习页面，
当前讲错题未
完成进度保留提示（与
TC-073联动）",
   
 "priority": "P1"
 
 },
  {
    "id":
 "TC-087",
    "
description": "综合评分8分以上
-提示太棒啦并
自动停留5秒后显示去日
清按钮",
    "test_module":
 "评分结果展示",
    "pre
conditions": ["学员完成
讲错题全流程", "AI
综合评分达到8分及以上
"],
    "steps": ["AI
给出综合评分8分以上的
结果", "观察页面提示文案和
按钮展示", "等待
5秒自动停留结束
"],
    "test_input": "综合
评分8.5分
",
    "expected_result": "页面
显示'太棒啦，
您对知识点的理解非常棒'
提示文案，自动停留5秒后
显示'去日清
'按钮，点击'去
日清'跳转至日清
页面",
    "priority": "
P1"
  },
  {
    "id": "TC-08
8",
    "description": "综合
评分8分以下-联系督导按钮
突出显示且去日清按钮
同时可用",
    "test_module":
 "评分结果展示",
    "pre
conditions": ["学员完成讲错题
全流程", "AI综合评分低于
8分"],
    "steps": ["
AI给出综合评分8
分以下的结果", "观察页面提示
文案和按钮展示样式"],
    "test_input": "综合
评分6.0分",
    "
expected_result": "页面显示'太
遗憾了，您对知识点理解还需要
加深，快去联系督导老师
吧'提示文案，'联系
督导'按钮视觉突出显示（
样式/颜色/尺寸
强调），'去日清'按钮
同时可用但视觉权重
低于联系督导",
    "priority
": "P1"
  },
 
 {
    "id": "TC-
089",
    "description": "
重新讲-点击重新讲后从
错题库重新抽取不一样的题目",
    "test_module": "评分
结果展示",
    "preconditions":
 ["学员完成讲错题流程
但评分未达8
分", "页面提供
重新讲选项"],
    "steps
": ["学员点击'
重新讲'按钮", "观察
AI重新抽取的题目"],
    "test_input": "点击
重新讲按钮",
    "expected
_result": "AI从错题库
重新抽取题目，新抽取
的题目与上次讲解的题目不同
，学员进入新的讲
错题交互流程",
    "priority
": "P1"
  },
 
 {
    "id": "TC
-090",
    "description":
 "督导端查看按钮-
未完成讲错题
环节时按钮置灰不可点击",
    "test_module": "督导
端学员管理",
    "pre
conditions": ["督导登录
督导端", "对应
学员已开始但未完成讲错
题环节（AI未给出最终
得分）"],
    "
steps": ["督导查看该
学员操作列中的按钮
状态"],
    "test_input": "
学员讲错题环节进行
中未完成",
    "expected
_result": "督导端该
学员操作列中'查看讲
错题讲知识点'按钮呈
置灰状态，不可
点击，视觉明确标识为
不可操作",
    "priority": "
P1"
  },
  {
    "id": "TC
-091",
    "description":
 "督导端查看按钮-没做过
讲错题环节时不展示该按钮
",
    "test_module": "督导
端学员管理",
    "pre
conditions": ["督导登录督导端
", "对应学员没有做过讲
错题环节（未
进入讲知识错题页面
）"],
    "steps": ["
督导查看该学员操作列中的按钮
展示"],
    "test_input": "
学员从未进入讲错题
环节",
    "expected_result":
 "督导端该学员操作列中
不展示'查看讲错题讲
知识点'按钮，该按钮完全
隐藏而非置灰",
    "priority": "P
1"
  },
  {
    "
id": "TC-092",
    "description": "督导端查看
按钮-已完成讲错题环节时
按钮正常展示可点击",
    "
test_module": "督导端学员管理
",
    "preconditions": ["督导
登录督导端", "对应学员已完成
讲错题环节（AI已
给出最终得分）"],
    "steps
": ["督导查看该学员操作
列中的按钮状态", "督导
点击'查看讲错题
讲知识点'按钮"],
    "test
_input": "学员讲错题环节
已完成",
    "expected_result
": "督导端该
学员操作列中'查看
讲错题讲知识点'按钮
正常展示且可点击，点击
后弹出详情弹窗",
    "
priority": "P1"
  },
  {
    "id": "TC
-093",
    "description
": "督导端弹窗通过
标识-学员讲错题通过
时显示'学生知识点讲错
题通过'文字",
   
 "test_module": "督导端讲
错题查看",
    "pre
conditions": ["学员讲
错题综合评分8
分及以上（通过）
", "督导点击'
查看讲错题讲知识点'按钮
"],
    "steps": ["督导
点击'查看讲错题
讲知识点'按钮", "观察
弹窗中的通过标识"],
    "test_input": "
学员评分8分以上（
通过状态）",
    "
expected_result": "弹窗中显示
文字'学生知识点讲错
题通过'，明确
标识该学员讲错题
环节已通过",
    "priority
": "P1"
  },
  {
    "id
": "TC-094",
   
 "description": "督导端弹
窗未通过标识-学员讲错
题未通过时显示'学生知识点
讲错题未通过'文字",
    "test_module": "督导
端讲错题查看
",
    "preconditions": ["学员
讲错题综合评分低于
8分（未通过）", "
督导点击'查看讲错题讲
知识点'按钮"],
    "steps
": ["督导点击'查看讲
错题讲知识点'按钮
", "观察弹窗中的未
通过标识"],
    "test_input":
 "学员评分低于8分（未
通过状态）",
    "expected
_result": "弹窗中显示
文字'学生知识点讲错题未
通过'，明确标识该学员讲
错题环节未通过",
    "
priority": "P1"
  },
  {
    "id": "TC
-095",
    "description
": "督导端弹窗详细内容
-展示AI问题、学生回答
、AI追问、学生
回答、评价结果及得分",
    "test_module": "督导端
讲错题查看",
    "pre
conditions": ["学员已完成讲错题
全流程", "督导点击
'查看讲错题讲知识点'
按钮打开弹窗"],
    "steps": ["督导
查看弹窗中的详细内容区域
"],
    "test_input": "
查看已完成学员的讲错题详情
",
    "expected_result": "弹
窗详细内容区完整展示交互
记录：AI问题、学生
回答、AI追问、学生回答、
最终评价结果、得分等
全部信息，数据与
学员实际交互内容一致",
   
 "priority": "P1"
  },
  {
    "id
": "TC-096
",
    "description": "
左侧导航栏-垂直排列6个
学习步骤且当前步骤'第五
步讲知识错题'
高亮",
    "test_module":
 "界面展示",
   
 "preconditions": ["学员进入讲
知识错题页面"],
   
 "steps": ["观察
左侧导航栏的步骤
展示和高亮状态"],
   
 "test_input": "正常
进入讲知识错题页面
",
    "expected_result":
 "左侧导航栏垂直排列
展示'第一步复习''
第二+三步学&练
''第四步随堂测
''第五步讲知识错题''
第六步日清'共
6个步骤，当前步骤'第五
步讲知识错题'高
亮显示与其他步骤视觉
区分",
    "priority": "
P2"
  },
  {
    "id": "TC-
097",
    "description
": "课程信息区标题-读取
当前讲的名称作为标题展示",
   
 "test_module": "界面
展示",
    "preconditions": ["
学员进入讲知识错题
页面", "当前讲
有配置名称"],
    "steps
": ["观察课程信息区的
标题内容"],
    "test
_input": "进入名称
为'化学研究内容
'的讲",
    "expected
_result": "课程信息区标题显示
当前讲的名称（如'
化学研究内容'），标题
数据来源于课程配置中的
讲名称字段",
    "priority
": "P2"
 
 },
  {
    "id
": "TC-098",
   
 "description": "AI提问展示区
-在课程信息区下方
以对话框样式展示AI提出的问题",
    "test_module": "界面展示
",
    "preconditions": ["学员
进入讲知识错题页面
", "AI已生成提问
内容"],
    "steps
": ["观察AI提问内容
在页面中的位置和展示样式"],
    "test_input": "正常
进入页面查看AI提问展示
",
    "expected_result": "
AI提出的问题在课程信息
区下方的提问展示区以对话框
样式展示，该区域
占据页面大部分空间，对话框
样式与聊天对话格式
一致",
    "priority": "P
2"
  },
  {
    "
id": "TC-09
9",
    "description": "点击
对话按钮-点击开始录音进入回答
交互流程",
    "test_module":
 "讲错题交互流程
",
    "preconditions": ["学员
在讲知识错题
页面", "AI已展示提问内容
", "学员已通过
使用引导步骤"],
    "steps
": ["学员点击'点击对话'
按钮", "观察录音
功能启动状态"],
    "
test_input": "点击点击
对话按钮",
    "
expected_result": "点击
后启动录音功能，弹出
输入框和语音录制按钮
，学员可通过语音录制方式进行
回答，录音状态有
视觉反馈指示",
    "priority
": "P1"
  }
]
```
GEN_DIAG:{"kind": "stream_batch_token_usage", "project_id": 8, "request_id": "0d81f2907c0e46cf85b1ed78527a8cb1", "current_biz_key": "unknown", "multi_pass": true, "generation_mode": "full_functional_regression", "batch_index": 4, "total_batches": 4, "attempt": 1, "requested_count": 25, "input_tokens": null, "output_tokens": null, "total_tokens": null, "token_source": "unavailable", "token_unavailable_reason": "provider_usage_estimated", "estimate_method": "chars_div_4", "model": "glm-5.1"}

GEN_DIAG:{"kind": "stream_batch_quality", "project_id": 8, "request_id": "0d81f2907c0e46cf85b1ed78527a8cb1", "current_biz_key": "unknown", "multi_pass": true, "generation_mode": "full_functional_regression", "batch_index": 4, "new_valid_cases_count": 24, "duplicate_rate": 0.0, "non_assertable_count": 1, "low_quality_filtered_count": 1, "coverage_gain_count": 24, "low_gain_detected": false, "low_gain_streak": 0}
@@STATUS@@:[multi-pass] Stage 2/3 gap supplement started...
@@STATUS@@:Gap supplement attempt #1...
```json
[
  {
    "id": "
TC-099",
   
 "description": "评分边界值-
综合评分7.9分
（略低于8.0阈值
）时系统按低于
8分处理显示太遗憾了
提示及联系督导和
去日清按钮",
   
 "test_module": "评分结果",
    "preconditions": ["
学员已完成与AI的4轮交互
", "AI综合评分计算
结果为7.9分（思路
准确性2.5+步骤
完整性2.5+
表达清晰度2.9
）"],
    "steps":
 ["1. 学员完成
4轮费曼交互", "2
. AI给出综合评分7
.9分", "3
. 查看页面提示信息和
按钮展示", "4
. 确认7
.9分按低于8分阈值
处理"],
    "test
_input": "AI综合评分计算
为7.9分",
    "expected_result":
 "页面显示'太遗憾
了，您对知识点
理解还需要加深，快去联系
督导老师吧'提示，
'联系督导'按钮突出显示，
'去日清'按钮
同时可用，7.9
分严格按<8阈值
判定不触发太棒啦逻辑
，无舍入或
向上取整导致误
判为通过",
   
 "priority": "P1"
  },
  {
    "
id": "TC-100",
    "description": "评分
边界值-综合评分0.0
分（最低分）时
页面正常显示太遗憾了提示
且全部按钮可操作
无异常",
    "
test_module": "评分结果",
    "preconditions":
 ["学员已完成与AI的交互",
 "AI综合评分计算
结果为0.0分
（三个维度均为0.
0）"],
    "steps
": ["1. 学员
完成交互流程", "2
. AI给出综合评分0
.0分", "
3. 查看页面提示
文案和按钮状态", "4
. 点击'联系督导'
按钮", "5. 点击
'去日清'按钮
"],
    "test_input":
 "AI综合评分计算为0
.0分",
   
 "expected_result": "页面正常显示
'太遗憾了'提示
文案，评分结果显示为0.0
分，'联系督导'
按钮突出显示且可点击（
点击后督导端收到
消息），'去日清'
按钮可点击跳转日清
页面，页面功能无崩溃
或异常",
    "priority
": "P2"
  },
  {
    "id": "
TC-101",
   
 "description": "评分边界值-
综合评分10.0分
（最高分）时页面正常显示
太棒啦提示自动
停留5秒后展示
去日清按钮",
   
 "test_module": "评分结果",
    "preconditions":
 ["学员已完成与AI的4轮
交互", "AI综合评分计算
结果为10.0分（思路
准确性3.0+
步骤完整性3.0+
表达清晰度4.0）
"],
    "steps": ["
1. 学员完成4轮
费曼交互", "2
. AI给出综合评分10
.0分", "3
. 查看页面提示文案和
按钮展示", "4.
 等待5秒自动
停留结束", "5. 点击
'去日清'按钮
"],
    "test_input": "
AI综合评分计算为10.0
分",
    "expected
_result": "页面显示
'太棒啦，您对知识
点的理解非常棒'提示
，评分结果显示为10.0
分，自动停留5秒后
显示'去日清'
按钮，点击后正常
跳转日清页面，页面
功能无崩溃或异常
",
    "priority": "
P2"
  },
  {
    "id": "
TC-102",
   
 "description": "评分异常
-AI评分计算接口失败
时页面展示评分失败提示并提供
重试机制",
   
 "test_module": "评分结果
",
    "preconditions":
 ["学员已完成与AI的全部交互
轮次", "触发评分计算时
AI评分接口请求失败或
超时"],
    "steps
": ["1. 学员
完成全部交互轮次触发评分
计算", "2. AI
评分计算接口返回失败或
网络超时", "3
. 检查页面
是否展示评分失败提示信息
", "4. 点击
重试按钮重新请求评分",
 "5. 网
络恢复后验证评分结果正常
展示"],
    "test_input":
 "学员完成交互后AI
评分接口返回错误或
超时无响应",
   
 "expected_result": "页面
展示评分计算失败的提示信息
（非空白或崩溃
），提供重试按钮
，点击重试后若
接口恢复则正常加载
评分结果并展示对应的
太棒啦/太遗憾了页面
及按钮，对话内容
不丢失",
    "priority": "
P1"
  },
 
 {
    "id": "TC
-103",
    "description
": "评分异常-A
I返回评分值超出0
.0-10.0
有效范围时系统进行
边界修正并按修正值
正常展示结果页面",
   
 "test_module": "评分结果",
    "preconditions": ["
学员已完成与AI的全部交互轮次
", "AI评分接口返回值
超出0.0-10.0
有效范围"],
    "
steps": ["1. 学
员完成全部交互轮次触发
评分", "2. AI
评分接口返回超出范围的值（
如10.5或
-0.5）", "
3. 检
查系统对异常评分值的
处理逻辑", "4
. 查看页面最终展示
的评分结果和提示
文案"],
    "test
_input": "AI评分接口返回10
.5分（超出
上限）或-0
.5分（超出
下限）",
   
 "expected_result": "系统
对超出有效范围的评分值进行
边界修正（超出上限修正
为10.0，超出
下限修正为0
.0），页面按修正后的评分
值正常展示对应结果页面
（10.0分
显示太棒啦提示，0
.0分显示太遗憾了
提示），不出现异常显示
、空白页面或数值
溢出",
    "priority": "
P1"
  }
]
```
@@STATUS@@:Gap supplement attempt #2...
```json
[
  {
    "id":
 "TC-099",
    "
description": "语音转文字转换
失败-页面提示转换异常
并允许学员重新录制提交",
    "test_module": "
异常处理",
    "pre
conditions": ["学员已
点击'点击对话'
完成语音录制", "
语音识别服务异常或转换
失败"],
    "steps
": ["1. 学员
完成语音录制后点击提交
", "2. 语音
转文字服务返回转换
失败", "3.
 检查页面是否
展示转换失败提示",
 "4. 点击重新
录制按钮", "5
. 再次录制并提交"],
    "test_input": "
语音内容因噪音或
服务异常无法正确转为文字
",
    "expected_result
": "页面提示'
语音转换失败，请
重新录制'，学员
可点击重新录制按钮
再次尝试，录制内容
重新进行语音转文字处理
，不丢失已完成的
AI对话历史",
   
 "priority": "P1"
  },
  {
   
 "id": "TC-100
",
    "description":
 "AI追问响应超时-
页面展示超时提示并提供
重试机制",
    "test
_module": "异常处理",
    "preconditions": ["
学员已提交回答等待
AI追问", "AI
服务响应超时（
超过设定阈值）"],
    "steps
": ["1. 学
员提交回答后等待AI生成
追问", "2. AI
响应时间超过超时阈值
", "3.
 检查页面是否展示超时
提示", "4. 点击
重试按钮", "
5. 网
络恢复后观察AI追问
是否正常生成"],
    "test
_input": "学员提交回答后
AI追问生成耗时超过30
秒未返回",
   
 "expected_result": "页面展示
'AI思考时间较长
，请稍等或
点击重试'提示
，提供重试按钮
，点击重试后
重新请求AI追问生成，
已提交的学员回答内容
不丢失",
    "priority
": "P1"
 
 },
  {
    "id
": "TC-101
",
    "description": "
第5轮学员复述逻辑错误
时返回阶段4重新
梳理且不触发打分
",
    "test_module":
 "异常处理",
   
 "preconditions": ["
学员已完成前4轮
交互进入第5轮确认理解
阶段", "学员复述的正确
逻辑存在错误"],
   
 "steps": ["1. 学
员在第5轮提交
包含逻辑错误的复述",
 "2. AI判断
学员复述逻辑不正确",
 "3. 观察
AI是否触发打分
", "4.
 观察AI是否引导返回
阶段4重新梳理", "5
. 学员在阶段4重新回答
后再次进入确认阶段
"],
    "test_input":
 "学员第5轮复
述'冰块变
水是液态变
气态所以选B'
（逻辑错误）",
   
 "expected_result": "AI
不触发打分功能
，不显示评分结果，
而是引导学员返回阶段4重新梳理
对比现象差异，学员
修正逻辑后可再次
进入第5轮确认理解
阶段",
    "priority
": "P0"
  },
  {
    "id":
 "TC-102",
    "
description": "评分结果数据展示
异常-提示加载失败并提供
刷新重试",
    "
test_module": "异常处理",
    "preconditions": ["
学员已完成全部交互轮
次", "AI已
生成评分但评分数据加载异常
"],
    "steps": ["
1. 学员完成全部对话
等待评分结果展示", "
2. 评分数据加载请求
失败", "3.
 检查页面是否展示加载失败
提示", "4. 点击
刷新重试按钮", "
5. 数据正常加载
后观察评分展示"],
    "test_input": "
评分结果数据因服务
异常无法正常加载",
   
 "expected_result": "页面
提示'评分结果加载失败，
请刷新重试'，
提供刷新按钮，点击
后重新请求评分数据，
成功后正常展示评分结果
和对应提示文案",
   
 "priority": "P
1"
  },
 
 {
    "id":
 "TC-103",
   
 "description": "交互
记录存储失败时本地
缓存数据并在网络恢复后
自动同步",
    "test_module
": "异常处理",
    "preconditions": ["
学员正在与AI进行多
轮交互", "网络
连接中断导致交互记录存储失败"],
    "steps": ["
1. 学员完成第2轮
对话提交", "2
. 交互记录存储请求
因网络中断失败", "3
. 检查
页面是否提示存储异常",
 "4. 继续进行
第3轮对话",
 "5. 网
络恢复后检查历史
记录是否自动同步"],
    "test_input": "
学员在第2轮交互
时网络中断导致记录
存储失败",
    "expected
_result": "页面提示'
数据暂存本地，网络
恢复后将自动同步'
，学员可继续当前
交互流程不受阻断，网络
恢复后系统自动将本地缓
存的交互记录同步至服务器
，督导端可完整
查看",
    "priority
": "P2"
 
 }
]
```
@@STATUS@@:Gap supplement attempt #3...
```
json
[
  {
   
 "id":
 "TC
-101
",
    "
description":
 "语音
转文字
失败-
学员完成
录音
后语音
识别服务
异常
导致
转文字为
空",
    "
test_module
": "
异常处理",
   
 "preconditions
": ["
学员已
进入讲
知识
错题
页面", "
AI
已
展示问题", "
学员已
点击对话
按钮
并完成
语音
录制", "
语音识别服务异常
或返回
空
结果"],
   
 "steps":
 ["1
. 学
员点击'
点击
对话'
按钮
开始
录音", "
2. 学
员说出回答
内容
后
点击
'
完成'",
 "3
. 
语音转
文字服务
返回失败
或空结果
", "4
. 
检
查页面
是否
给出
错误
提示", "
5. 
检
查是否
允许重新
录制"],
    "test
_input": "
语音识别
服务返回空
字符串
或错误
码
",
    "
expected_result
": "
页面提示
语音
识别失败
，学员
回答
内容未
发送
至
对话区域
，提供
重新
录制按钮
允许
学员重新录音
提交，
不
产生
空
消息
记录
",
    "
priority":
 "P0
"
 
 },
 
 {
    "
id":
 "TC
-102",
   
 "description":
 "AI
追问生成
超时-学员
提交回答
后AI
追问响应
超
时页面
展示
提示
并
支持重
试
",
    "test
_module": "异常
处理",
    "pre
conditions": ["
学员已提交第一
轮回答
",
 "AI
正在
生成
追问内容
", "AI
服务响应超
时"],
    "steps
": ["1
. 学员提交
回答后等待
AI生成
追问",
 "2.
 AI
服务响应
超过
设定
超时时间
", "3
. 
检查页面
是否展示
超时提示
", "
4. 点击
重试按钮
", "5
. AI
服务恢复正常
后验证
追问
内容
展示
"],
    "test
_input": "学员
提交回答后AI
追问
生成
超过
30秒无
响应",
    "expected
_result":
 "页面
展示
'
AI思考
时间
较长
，请
稍等或
点击
重试'
提示，提供
重试按钮，
点击
重试后
若AI服务恢复
则正常
展示
追问内容，
之前
已
提交的回答内容
保留不丢失
",
    "
priority": "P
0"
 
 },
 
 {
    "id
": "
TC-103
",
    "
description": "AI
评分计算失败
-完成
全部
交互
后AI
评分服务
异常无法
给出综合
评分",
    "
test_module":
 "异常
处理",
    "pre
conditions":
 ["学员已完成
与
AI
的4轮
交互",
 "学员
点击
完成
触发评分
", "AI
评分服务异常
无法
返回评分
结果"],
   
 "steps":
 ["1. 学
员完成最后一
轮回答
", "2
. 
触发
AI
评分流程
", "3
. AI
评分服务返回错误
或超
时", "
4. 
检
查页面
是否展示
评分
失败
提示", "
5. 点击
重试评分
按钮
"],
    "test
_input": "AI
评分服务返回500
错误或超
时无
响应",
    "
expected_result":
 "页面提示
'评分
暂时
无法
完成
，请
稍
后重试'
，提供重
试按钮
，对话
内容
完整保留，
重试
后若评分
服务恢复则
正常展示评分
结果，不
重复
触发评分
流程",
    "
priority": "P
0"
  },
  {
    "
id": "TC
-104
",
    "
description":
 "交互
历史存储失败-A
I
与
学员对话
记录因
存储服务
异常未
成功
保存",
    "
test_module":
 "异常处理",
    "pre
conditions": ["学员
正在
与AI
进行讲
错
题交互",
 "后
端
存储服务异常"],
    "
steps": ["
1. 学
员
与
AI进行多轮
对话交互
", "2
. 
存储
服务写入
失败",
 "3
. 学
员完成
评分
后退出
页面
", "
4. 重新
进入页面
或
督导
端
查看", "
5. 
检查对话
记录是否
可
恢复
"],
    "
test_input
": "存储
服务在
交互
第
2轮
时
写入失败",
    "
expected_result":
 "系统在
本地缓存
交互
记录，
页面
展示
存储
异常
提示但不
阻断
交互流程
，学员
可
继续完成
交互，
存储
恢复
后自动
同步历史
记录至
服务
端，
督导端
可查看完整
对话
详情
",
    "
priority":
 "P1
"
 
 },
  {
    "
id":
 "TC
-105
",
    "
description":
 "会
话
过期-
交互
进行
中
登录
态
过期
导致后续
操作
失败
",
    "
test_module":
 "异常
处理",
    "pre
conditions":
 ["学员正在
与AI进行
讲错题交互
", "学员
登录Token
已
过期"],
    "steps
": ["1
. 学员与
AI完成
2
轮对话
",
 "2
. 
登录
Token
过期",
 "3
. 学
员提交第
3轮回答
", "4
. 
检
查系统
是否提示
登录
过期",
 "5.
 重新登录
后检查
对话进度
"],
    "
test_input": "
学员
在
交互第2轮
后登录
态
过期",
   
 "expected
_result":
 "系统
提示'
登录已
过期，请
重新登录'
，引导
学员重新
登录，
重新登录后对话
内容
保留
，学员
可从
上次中断
处继续交互
，无需
重新
开始",
   
 "priority":
 "P1
"
 
 },
 
 {
    "
id":
 "TC
-106
",
    "description
": "重复
提交防护
-学员快速
多次点击完成
或
提交按钮
防止
产生
重复记录
",
    "
test_module":
 "异常
处理",
    "pre
conditions":
 ["学员已完成
语音
录制准备
提交
",
 "学员
快速
连续
点击提交
或
完成按钮
"],
    "steps
": ["
1. 学
员完成语音
录制",
 "2
. 快
速连续
点击'
完成'
按钮3
次
",
 "3
. 
检查是否
产生
多条
重复
回答记录
", "
4. 
检查按钮
是否
被
禁用防止
重复提交
"],
    "
test_input
": "学员
在
1秒
内连续点击完成
按钮3
次",
   
 "expected
_result": "
系统
仅
提交一次
回答，
后续
点击
被
防
重复
提交机制
拦截，对话
区域
仅
展示一条回答
记录，按钮
在提交
过程中
显示
加载
状态并
临时
禁用",
    "
priority":
 "P
1"
 
 },
 
 {
    "
id": "
TC-107
",
    "
description": "
AI
响应
包含
禁止
格式-
追问内容
中出现
公式
或
LaTeX
格式时
系统自动
过滤或提示
",
    "
test_module":
 "异常处理",
    "pre
conditions":
 ["学员正在
与AI进行
费
曼
交互", "
AI
生成的
追问内容包含
公式、
LaTeX或
Markdown格式"],
    "steps
": ["
1. 学
员提交
回答后AI
生成
追问", "
2. AI
追问内容包含
La
TeX格式如
'$
x^
2$'",
 "3
. 
检
查页面
展示的追问
内容是否过滤
了
禁止
格式", "
4. 
检
查是否
给出
格式
异常
提示"],
    "
test_input
": "
AI追问内容包含
'
计算
$x
^2+y
^
2$的
值
'等
La
TeX格式
",
    "
expected_result":
 "页面
展示时
自动
过滤或转换
La
TeX/Markdown
/公式
格式
为纯文字
描述，若
无法
自动
转换则提示
'内容
格式异常
，正在
重新生成'
并
触发AI
重新
生成不含
禁止
格式的
追问",
    "priority
": "
P1"
  },
  {
    "
id":
 "TC
-108",
    "
description":
 "录音
过程中
断
网
-学员
正在
录音时
网络中断
录音
内容
本地
缓存",
   
 "test_module":
 "异常
处理",
    "
preconditions":
 ["学员已
点击'点击
对话'
开始录音
", "
录音过程中网络
突然中断
"],
    "
steps": ["
1. 学
员点击'点击
对话'开始
录音", "2
. 
录音
进行5
秒后
网络断
开
", "
3. 学
员继续
说完
回答
内容", "
4. 点击
'完成'
按钮", "
5. 
网
络恢复后检查
提交结果
"],
    "test
_input": "
录音过程中网络
中断
",
    "
expected_result":
 "录音功能
不受
网络中断影响
继续工作
，录音
内容本地
缓存，点击
'完成'
后若
网络未
恢复则提示
'网络
异常
，回答
将在
网络
恢复后提交
'，网络
恢复后自动
提交
缓存
内容",
   
 "priority
": "P
1"
 
 },
  {
    "id
": "TC
-109",
    "
description":
 "错
题库数据
异常-抽取
的错
题数据格式
损坏
或缺失
关键字
段",
    "
test_module":
 "异常
处理",
    "pre
conditions":
 ["学员本
讲存在
错题记录
", "
错题数据
中部分
题目
缺少
正确
答案或选项
内容
"],
    "
steps": ["
1. 学
员进入
讲知识错题
页面", "
2. AI
尝试
从
错题库抽取
题目", "
3. 
抽取
到的
题目缺少
正确答案字段
", "
4. 
检
查系统
是否跳
过异常
数据",
 "5
. 
检
查AI
是否从
剩余
正常
题目中抽取
"],
    "
test_input": "
错题库中
3道
错题有
1道
缺少
正确答案字段
",
    "
expected_result":
 "系统跳
过数据
异常的
题目，AI
从剩余正常题目
中抽取
1
-
2道
进行提问
，若
所有
错
题数据均
异常则回
退至
抽取
回答
正确的
题目，不
展示
空白
或格式
错误的问题
",
    "
priority":
 "P
1
"
 
 },
  {
    "id
": "TC
-110
",
    "description
": "
页面
刷新中断
交互
-学员
交互
过程中误
刷新页面
后
对话
进度恢复
",
   
 "test_module":
 "异常处理",
    "pre
conditions": ["
学员已
与AI完成
2轮对话
", "学员
误操作
刷新页面
"],
    "steps
": ["1.
 学员与AI
完成2轮
对话交互
", "2
. 学员按
F
5或
点击
浏览器
刷新按钮
", "3
. 页
面重新加载",
 "4
. 
检查
对话内容是否
保留", "5
. 检
查是否可
继续
未
完成的
交互"],
    "test
_input": "
交互第
2轮完成后
刷新
页面",
    "
expected_result":
 "页面重新
加载后从
服务
端恢复
之前
2
轮对话内容
，学员
可从
第3
轮继续
交互，录音
按钮
和
输入
框正常
可用，不
丢失已
提交
的
任何
对话
记录",
    "
priority":
 "P
2"
 
 },
  {
   
 "id
": "
TC-111
",
    "
description": "
做了全
对时
AI
随机
抽取任意两道
题目进行
追问并
给出
提示
",
   
 "test_module
": "异常
处理",
    "
preconditions":
 ["学员本
讲所有
题目均
回答正确", "
学员进入
讲知识错题
页面"],
    "steps
": ["1.
 学员进入
讲知识错题
页面", "
2. 
系统
检测本
讲无
错题但
存在
已
做
题目
", "
3. 
观察
AI抽取
题目
逻辑
", "
4. 
检查
AI是否
随机
抽取2
道正确
题目进行
追问"],
    "test
_input": "
本讲
10
道题
全部答
对
无
错题",
   
 "expected
_result": "
AI从
本讲
已
做题目中随机
抽取2道
回答
正确的题目进行
追问，题目
来源
标注
为
正确题目
而非
错
题，追问
逻辑
与错
题追问一致
",
    "
priority": "
P1"
 
 },
  {
    "
id":
 "TC
-112
",
    "
description":
 "AI
追问
重复
问题
被
系统拦截
-追问
内容
与
已讨论疑问
点重复
时自动
重新
生成",
    "
test_module":
 "异常处理",
    "pre
conditions":
 ["学员已
与AI进行
2
轮交互
", "AI
生成的第
3轮追问与
第
1轮已
澄清
的问题
重复
"],
    "
steps": ["
1. 学
员完成
前
2轮交互
", "
2. AI
生成
第
3轮追问",
 "3
. 
系统
检测追问
内容与已
讨论
疑问点重复",
 "
4. 
检查
系统是否拦截
重复追问
", "5
. 
检查AI
是否重新生成不
重复的
追问"],
    "test
_input": "AI
第
3轮追问内容
与第1轮
已澄清
的
'
冰块
变水
不是液化
'重复
",
    "
expected_result
": "系统
通过
疑问点记忆
模块识别
重复追问并
拦截
，AI
重新生成针对
未
理
清
逻辑链
的
追问内容
，确保
每
轮
追问聚焦
新
疑问点，
不出现
抬
杠
式重复提问
",
    "
priority":
 "P
1"
 
 }
]
```
@@STATUS@@:[multi-pass] Stage 3/3 review selection started...
@@STATUS@@:Full regression shortfall supplement started...
GEN_DIAG:{"kind": "persistence_gate", "passed": false, "gate_mode": "enforce", "blocked": true, "failure_code": "execution_plan_failed", "quality_would_block": false, "execution_plan_would_block": true, "quality_gate": {"passed": true, "failed_checks": [], "priority_final_null_count": 0, "invalid_priority_final_count": 0, "invalid_priority_final_case_ids": [], "non_assertable_expected_result_count": 0, "truncated_text_count": 0, "non_assertable_case_ids": [], "truncated_case_ids": [], "metrics": {"persistable_case_count": 85, "persistable_required_field_missing_count": 0, "persistable_priority_final_invalid_count": 0, "persistable_reasoning_leakage_count": 0, "final_count": 85, "min_acceptable_final": 85, "judge_rejected_count": 2, "final_scenario_duplicate_case_count": 0, "final_flow_misordered_count": 0, "reasoning_leak_count": 0, "role_mismatch_count": 0}, "persistable_required_field_missing_case_ids": [], "persistable_priority_final_invalid_case_ids": [], "persistable_reasoning_leakage_case_ids": []}, "execution_plan_validation": {"passed": false, "failure_code": "execution_plan_failed", "failure_reasons": ["main_smoke_count_below_threshold", "state_field_coverage_below_threshold", "commit_downstream_completion_missing", "workflow_contract_missing"], "generation_mode": "full_functional_regression", "metrics": {"final_case_count": 85, "main_smoke_count": 0, "p0_count": 7, "state_field_coverage": 0.0, "workflow_id_missing_count": 0, "workflow_id_missing_rate": 0.0, "state_conflict_count": 0, "semantic_conflict_count": 0, "linear_executable": false, "workflow_blueprint_count": 0, "trusted_workflow_contract_count": 0, "untrusted_workflow_blueprint_count": 0, "workflow_contract_source_types": [], "workflow_blueprint_source": "none", "candidate_blueprint_without_contract_allowed": false, "main_chain_stage_kinds": [], "commit_step_count": 0, "downstream_or_completion_step_count": 0, "commit_downstream_completion_closed": false}, "state_conflicts": [], "semantic_conflicts": []}, "request_id": "0d81f2907c0e46cf85b1ed78527a8cb1", "project_id": 8}
GEN_DIAG:{"kind": "generation_summary", "recommended_range": "80-120", "generation_coverage_mode": "full_functional_regression", "expected_count": 100, "expected_count_explicit": true, "recommended_min": 80, "recommended_max": 120, "target_final_count": 100, "soft_min_count": 80, "hard_min_count": 85, "min_acceptable_final": 85, "target_satisfaction_ratio": 0.85, "underfilled": false, "underfill_level": "", "underfill_reason": "", "underfill_root_cause": "", "final_count": 85, "status": "completed_with_quality_stop", "stop_reason": ["stopped_due_to_diminishing_returns"], "quality_assessment": "medium", "needs_priority_review": false, "priority_conflict_count": 0, "priority_undetermined_count": 0, "priority_optional_count": 0, "final_priority_breakdown": {"P0": 7, "P1": 52, "P2": 26}, "final_execution_group_breakdown": {"display": 27, "independent_functional": 31, "boundary": 6, "exception": 20, "permission": 1}, "final_module_breakdown_top": {"异常处理": 16, "AI提问逻辑": 8, "督导端": 7, "AI讲错题评分": 4, "AI追问逻辑": 4, "交互流程": 4, "界面展示": 4, "讲错题交互流程": 4, "评分结果": 4, "入口与导航": 3, "督导端讲错题查看": 3, "费曼学习法交互": 3, "录音交互": 2, "督导端学员管理": 2, "评分结果展示": 2, "课程信息区导航": 2, "费曼交互异常处理": 2, "费曼交互约束": 2, "重复进入逻辑": 2, "随堂测入口跳转": 2}, "final_display_case_count": 11, "final_display_ratio": 0.1294, "final_high_priority_ratio": 0.6941, "request_id": "0d81f2907c0e46cf85b1ed78527a8cb1", "project_id": 8, "multi_pass": true, "generation_mode": "full_functional_regression"}
GEN_DIAG:{"kind": "generation_convergence", "suggested_count": 100, "final_count": 85, "reference_gap": 15, "converged": false, "duplication_rate_estimate": 0.22018348623853212, "primary_count": 99, "gap_count": 22, "review_count": 109, "candidate_count_before_review": 121, "review_selected_count": 109, "post_review_dedup_drop": 24, "judge_reject_count": 2, "judge_pending_count": 3, "judge_pass_count": 104, "final_input_count": 104, "final_output_count": 85, "final_non_judge_drop_count": 19, "scenario_duplicate_pruned_count": 0, "post_review_dedup_reorder_drop_count": 19, "final_description_dedup_drop_count": 0, "total_dedup_drop_count": 24, "gap_attempts": 3, "gap_remaining_after_attempts": 8, "missing_rules_count": 7, "missing_types_exists": true, "low_quality_dropped_count": 2, "low_quality_dropped_examples": [{"stage": "post_judge_quality_filter", "reason": "non_assertable_expected_result", "case_id": "TC-022", "test_module": "评分结果", "priority": "P2", "description": "评分异常-AI返回评分值超出0.0-10.0有效范围时系统进行边界修正并按修正值正常展示结果页面", "expected_result": "系统对超出有效范围的评分值进行边界修正（超出上限修正为10.0，超出下限修正为0.0），页面按修正后的评分值正常展示对应结果页面（10.0分显示太棒啦提示，0.0分显示太遗憾了提示），不出现异常显示、空白页面或数值溢出"}, {"stage": "post_judge_quality_filter", "reason": "non_assertable_expected_result", "case_id": "TC-060", "test_module": "入口与导航", "priority": "P2", "description": "点击打印按钮，弹窗选择打印内容", "expected_result": "弹出打印内容选择弹窗，弹窗中包含可选择的打印内容选项，选择后可触发打印流程"}], "postprocess_filter_drop_total": 2, "semantic_dedup_dropped_count": 0, "governance_hard_drop_count": 0, "duplicate_pruned_count": 24, "invalid_pruned_count": 2, "quality_rejected_count": 4, "review_selector_pruned_count": 0, "valid_unique_candidate_count": 121, "expected_count": 100, "expected_count_explicit": true, "recommended_min": 80, "recommended_max": 120, "target_final_count": 100, "soft_min_count": 80, "hard_min_count": 85, "min_acceptable_final": 85, "target_satisfaction_ratio": 0.85, "underfilled": false, "underfill_level": "", "underfill_reason": "", "underfill_root_cause": "", "append_target_count": 0, "append_final_cap_count": 0, "append_cap_drop_count": 0, "flow_governance": {"applied": true, "reason": "", "scenario_policy_registry_version": 1, "scenario_policy_registered_count": 93, "scenario_policy_candidate_count": 0, "scenario_policy_pending_candidate_count": 0, "domain_policy_registered_count": 4, "scenario_policy_domains": {"ai_wrong_question_teaching": 10, "recent_course_scheduling": 7, "essay_writing": 23, "course_access": 2, "general": 51}, "scenario_policy_sources": {"manual_seed": 1, "registry": 16, "legacy_duplicate_policy": 19, "legacy_coverage_pattern": 28, "legacy_judge_duplicate_policy": 29}, "scenario_policy_documents": ["讲错题接入AI.pdf"], "flow_reordered": true, "flow_order": ["stage:入口与导航", "stage:随堂测入口跳转", "stage:课程信息区导航", "stage:课程切换", "stage:界面展示", "stage:交互", "stage:督导端", "stage:使用引导", "stage:费曼交互约束", "stage:评分结果", "stage:ai提问逻辑", "stage:ai讲错题评分", "stage:费曼学习法交互", "stage:讲错题交互", "stage:ai追问逻辑", "stage:录音交互", "stage:评分结果交互", "stage:评分结果展示", "stage:督导端提醒", "stage:ai评分", "stage:重复进入逻辑", "stage:督导端学员管理", "stage:督导端讲错题查看"], "cross_cutting_order": ["stage:费曼交互异常处理", "stage:异常处理"], "scenario_duplicate_pruned_count": 0, "scenario_duplicate_pruned_indices": [], "scenario_cap_policy": {}, "scenario_duplicate_cluster_count": 22, "flow_misordered_count_before": 8, "missing_flow_stage_count": 0, "registry_impact": {"registry_version": 1, "total_policies_available": 93, "candidate_policies_active": 0, "candidate_policies_pending": 0, "scenario_kinds_seen": {"": 1, "quiz_result_action_navigation": 2, "title_format": 5, "ai_supervisor_detail_button_state": 24, "ai_print_dialog": 1, "source_consistency": 4, "plan_step1_sorting": 1, "feedback": 6, "manual_correction": 2, "permission": 1, "filter_toggle": 1, "ai_recording_input_state": 3, "statistics": 6, "ai_score_popup_threshold": 6, "semantic": 1, "sorting_limit": 1, "ai_teacher_score_conversion": 1, "workflow_navigation": 8, "generation_trigger": 3, "ai_completed_reentry_readonly": 3, "report_wrong_analysis": 1, "ai_answer_irrelevant_score_zero": 1, "network_error": 1, "load_failure": 2}, "policies_matched": [{"key": "quiz_result_action_navigation", "domain": "ai_wrong_question_teaching", "source": "registry", "specific": true, "default_cap": 2, "mode_cap": null, "cross_module": true, "judge_duplicate": false, "judge_threshold": {"score": 0.2, "overlap": 5}, "status": "active"}, {"key": "title_format", "domain": "general", "source": "legacy_coverage_pattern", "specific": false, "default_cap": 1, "mode_cap": null, "cross_module": false, "judge_duplicate": false, "judge_threshold": {"score": 0.2, "overlap": 5}, "status": "active"}, {"key": "ai_supervisor_detail_button_state", "domain": "ai_wrong_question_teaching", "source": "registry", "specific": true, "default_cap": 1, "mode_cap": null, "cross_module": true, "judge_duplicate": false, "judge_threshold": {"score": 0.2, "overlap": 5}, "status": "active"}, {"key": "ai_print_dialog", "domain": "ai_wrong_question_teaching", "source": "registry", "specific": true, "default_cap": 1, "mode_cap": null, "cross_module": true, "judge_duplicate": false, "judge_threshold": {"score": 0.2, "overlap": 5}, "status": "active"}, {"key": "source_consistency", "domain": "general", "source": "legacy_coverage_pattern", "specific": false, "default_cap": 1, "mode_cap": null, "cross_module": false, "judge_duplicate": false, "judge_threshold": {"score": 0.2, "overlap": 5}, "status": "active"}, {"key": "plan_step1_sorting", "domain": "general", "source": "legacy_judge_duplicate_policy", "specific": false, "default_cap": 1, "mode_cap": null, "cross_module": false, "judge_duplicate": true, "judge_threshold": {"score": 0.2, "overlap": 5}, "status": "active"}, {"key": "feedback", "domain": "general", "source": "legacy_coverage_pattern", "specific": false, "default_cap": 1, "mode_cap": null, "cross_module": false, "judge_duplicate": false, "judge_threshold": {"score": 0.2, "overlap": 5}, "status": "active"}, {"key": "manual_correction", "domain": "general", "source": "legacy_coverage_pattern", "specific": false, "default_cap": 2, "mode_cap": null, "cross_module": false, "judge_duplicate": false, "judge_threshold": {"score": 0.2, "overlap": 5}, "status": "active"}, {"key": "permission", "domain": "general", "source": "legacy_coverage_pattern", "specific": false, "default_cap": 1, "mode_cap": null, "cross_module": false, "judge_duplicate": false, "judge_threshold": {"score": 0.2, "overlap": 5}, "status": "active"}, {"key": "filter_toggle", "domain": "general", "source": "legacy_coverage_pattern", "specific": false, "default_cap": 1, "mode_cap": null, "cross_module": false, "judge_duplicate": false, "judge_threshold": {"score": 0.2, "overlap": 5}, "status": "active"}, {"key": "ai_recording_input_state", "domain": "ai_wrong_question_teaching", "source": "registry", "specific": true, "default_cap": 2, "mode_cap": null, "cross_module": true, "judge_duplicate": false, "judge_threshold": {"score": 0.2, "overlap": 5}, "status": "active"}, {"key": "statistics", "domain": "general", "source": "legacy_coverage_pattern", "specific": false, "default_cap": 2, "mode_cap": null, "cross_module": false, "judge_duplicate": false, "judge_threshold": {"score": 0.2, "overlap": 5}, "status": "active"}, {"key": "ai_score_popup_threshold", "domain": "ai_wrong_question_teaching", "source": "registry", "specific": true, "default_cap": 2, "mode_cap": null, "cross_module": true, "judge_duplicate": false, "judge_threshold": {"score": 0.2, "overlap": 5}, "status": "active"}, {"key": "sorting_limit", "domain": "general", "source": "legacy_coverage_pattern", "specific": false, "default_cap": 1, "mode_cap": null, "cross_module": false, "judge_duplicate": false, "judge_threshold": {"score": 0.2, "overlap": 5}, "status": "active"}, {"key": "ai_teacher_score_conversion", "domain": "ai_wrong_question_teaching", "source": "registry", "specific": true, "default_cap": 2, "mode_cap": null, "cross_module": true, "judge_duplicate": false, "judge_threshold": {"score": 0.2, "overlap": 5}, "status": "active"}, {"key": "workflow_navigation", "domain": "general", "source": "legacy_coverage_pattern", "specific": false, "default_cap": 2, "mode_cap": null, "cross_module": false, "judge_duplicate": false, "judge_threshold": {"score": 0.2, "overlap": 5}, "status": "active"}, {"key": "generation_trigger", "domain": "general", "source": "legacy_coverage_pattern", "specific": false, "default_cap": 1, "mode_cap": null, "cross_module": false, "judge_duplicate": false, "judge_threshold": {"score": 0.2, "overlap": 5}, "status": "active"}, {"key": "ai_completed_reentry_readonly", "domain": "ai_wrong_question_teaching", "source": "registry", "specific": true, "default_cap": 1, "mode_cap": null, "cross_module": true, "judge_duplicate": false, "judge_threshold": {"score": 0.2, "overlap": 5}, "status": "active"}, {"key": "report_wrong_analysis", "domain": "general", "source": "legacy_judge_duplicate_policy", "specific": false, "default_cap": 1, "mode_cap": null, "cross_module": false, "judge_duplicate": true, "judge_threshold": {"score": 0.2, "overlap": 5}, "status": "active"}, {"key": "ai_answer_irrelevant_score_zero", "domain": "ai_wrong_question_teaching", "source": "manual_seed", "specific": true, "default_cap": 1, "mode_cap": null, "cross_module": true, "judge_duplicate": true, "judge_threshold": {"score": 0.2, "overlap": 5}, "status": "active"}, {"key": "network_error", "domain": "general", "source": "legacy_coverage_pattern", "specific": false, "default_cap": 1, "mode_cap": null, "cross_module": false, "judge_duplicate": false, "judge_threshold": {"score": 0.2, "overlap": 5}, "status": "active"}, {"key": "load_failure", "domain": "general", "source": "legacy_coverage_pattern", "specific": false, "default_cap": 1, "mode_cap": null, "cross_module": false, "judge_duplicate": false, "judge_threshold": {"score": 0.2, "overlap": 5}, "status": "active"}], "caps_applied": {"quiz_result_action_navigation": 2, "title_format": 1, "ai_supervisor_detail_button_state": 1, "ai_print_dialog": 1, "source_consistency": 1, "plan_step1_sorting": 1, "feedback": 1, "manual_correction": 2, "permission": 1, "filter_toggle": 1, "ai_recording_input_state": 2, "statistics": 2, "ai_score_popup_threshold": 2, "sorting_limit": 1, "ai_teacher_score_conversion": 2, "workflow_navigation": 2, "generation_trigger": 1, "ai_completed_reentry_readonly": 1, "report_wrong_analysis": 1, "ai_answer_irrelevant_score_zero": 1, "network_error": 1, "load_failure": 1}, "judge_thresholds_used": {}, "cross_module_policies_in_effect": ["ai_answer_irrelevant_score_zero", "ai_completed_reentry_readonly", "ai_direct_answer_guard", "ai_print_dialog", "ai_recording_input_state", "ai_score_popup_threshold", "ai_short_answer_score_boundary", "ai_supervisor_detail_button_state", "ai_teacher_score_conversion", "delete_restore_unsubmitted", "essay_empty_state", "essay_submission_success_state", "featured_sorting", "free_first_lesson", "my_essay_limit", "nonlinear_course_unlock", "pdf_download_content", "quiz_result_action_navigation", "schedule_analytics_event", "schedule_auto_course_selection", "schedule_fast_forward_answer_control", "schedule_lesson_time_shift", "schedule_plan_edit_lifecycle", "schedule_task_card_display", "schedule_week_progress_empty", "secret_overlay"]}, "relaxed_for_floor_backfill": true}, "needs_priority_review": false, "priority_conflict_count": 0, "priority_undetermined_count": 0, "priority_optional_count": 0, "reasons": ["coverage_gap_still_exists", "gap_attempt_limit_reached", "coverage_missing_rules", "coverage_missing_types", "dedup_reduced_count_stop", "no_backfill_after_dedup", "low_quality_filtered", "flow_structure_reordered"], "generation_coverage_mode": "full_functional_regression", "generation_target_case_range": {"min": 80, "max": 120}, "request_id": "0d81f2907c0e46cf85b1ed78527a8cb1", "project_id": 8, "multi_pass": true, "generation_mode": "full_functional_regression"}
GEN_DIAG:{"kind": "review_decision_summary", "candidate_total": 121, "retained_total": 85, "dropped_total": 36, "flow_order": ["stage:入口与导航", "stage:随堂测入口跳转", "stage:课程切换", "stage:课程信息区导航", "stage:界面展示", "stage:交互", "stage:督导端", "stage:使用引导", "stage:评分结果", "stage:ai讲错题评分", "stage:ai追问逻辑", "stage:费曼学习法交互", "stage:ai评分", "stage:评分结果展示", "stage:重复进入逻辑", "stage:督导端讲错题查看", "stage:评分结果交互", "stage:ai提问逻辑", "stage:讲错题交互", "stage:录音交互", "stage:数据存储", "stage:费曼交互约束", "stage:督导端学员管理", "stage:督导端提醒"], "flow_labels": {"stage:界面展示": "界面展示", "stage:交互": "交互", "stage:督导端": "督导端", "stage:使用引导": "使用引导", "stage:评分结果": "评分结果", "stage:ai讲错题评分": "AI讲错题评分", "stage:ai追问逻辑": "AI追问逻辑", "stage:费曼学习法交互": "费曼学习法交互", "stage:ai评分": "AI评分", "stage:评分结果展示": "评分结果展示", "stage:重复进入逻辑": "重复进入逻辑", "stage:督导端讲错题查看": "督导端讲错题查看", "stage:评分结果交互": "评分结果交互", "stage:ai提问逻辑": "AI提问逻辑", "stage:讲错题交互": "讲错题交互", "stage:入口与导航": "入口与导航", "stage:录音交互": "录音交互", "stage:随堂测入口跳转": "随堂测入口跳转", "stage:数据存储": "数据存储", "stage:费曼交互约束": "费曼交互约束", "stage:课程切换": "课程切换", "stage:督导端学员管理": "督导端学员管理", "stage:课程信息区导航": "课程信息区导航", "stage:督导端提醒": "督导端提醒"}, "flow_stage_breakdown": {"stage:评分结果": 10, "stage:交互": 11, "stage:讲错题交互": 7, "unknown": 10, "stage:评分结果展示": 4, "stage:ai讲错题评分": 5, "stage:ai追问逻辑": 6, "stage:费曼学习法交互": 6, "stage:ai评分": 5, "stage:督导端": 11, "stage:重复进入逻辑": 2, "stage:督导端讲错题查看": 4, "stage:评分结果交互": 2, "stage:ai提问逻辑": 9, "stage:使用引导": 3, "stage:入口与导航": 4, "stage:录音交互": 2, "stage:随堂测入口跳转": 3, "stage:数据存储": 1, "stage:费曼交互约束": 3, "stage:课程切换": 1, "stage:督导端学员管理": 3, "stage:界面展示": 4, "stage:课程信息区导航": 3, "stage:督导端提醒": 2}, "flow_missing_stages": [], "flow_missing_stage_count": 0, "flow_misordered_count": 96, "scenario_duplicate_cluster_count": 35, "scenario_duplicate_case_count": 94, "scenario_duplicate_clusters": [{"cluster_id": "SC-001", "scenario_key": "global:ai_score_popup_threshold", "group_type": "scenario", "size": 10, "first_case_id": "TC-017", "candidate_indices": [1, 3, 4, 8, 9, 21, 25, 35, 52, 53]}, {"cluster_id": "SC-002", "scenario_key": "global:ai_supervisor_detail_button_state", "group_type": "scenario", "size": 33, "first_case_id": "TC-104", "candidate_indices": [5, 7, 11, 23, 31, 32, 33, 34, 36, 38, 39, 40, 46, 49, 54, 55, 56, 63, 65, 66, 68, 76, 81, 85, 87, 88, 95, 98, 102, 105, 113, 114, 119]}, {"cluster_id": "SC-003", "scenario_key": "stage:评分结果:intent:open:评分结果_评分_分边:toast", "group_type": "intent", "size": 3, "first_case_id": "TC-099", "candidate_indices": [8, 52, 53]}, {"cluster_id": "SC-004", "scenario_key": "stage:ai讲错题评分:workflow_navigation:obj:讲错_错题_题评", "group_type": "scenario", "size": 2, "first_case_id": "TC-027", "candidate_indices": [13, 15]}, {"cluster_id": "SC-005", "scenario_key": "stage:ai讲错题评分:intent:open:讲错_错题_题评:content", "group_type": "intent", "size": 3, "first_case_id": "TC-027", "candidate_indices": [13, 14, 15]}, {"cluster_id": "SC-006", "scenario_key": "global:ai_answer_irrelevant_score_zero", "group_type": "scenario", "size": 3, "first_case_id": "TC-026", "candidate_indices": [14, 24, 29]}, {"cluster_id": "SC-007", "scenario_key": "stage:费曼学习法交互:intent:observe:费曼_曼学_学习:content", "group_type": "intent", "size": 5, "first_case_id": "TC-058", "candidate_indices": [20, 74, 75, 79, 82]}, {"cluster_id": "SC-008", "scenario_key": "stage:ai评分:intent:submit:评分_分特_特殊:content", "group_type": "intent", "size": 2, "first_case_id": "TC-054", "candidate_indices": [22, 29]}, {"cluster_id": "SC-009", "scenario_key": "stage:督导端:intent:open:督导端_督导_导端:content", "group_type": "intent", "size": 4, "first_case_id": "TC-022", "candidate_indices": [23, 95, 100, 103]}, {"cluster_id": "SC-010", "scenario_key": "stage:ai评分:intent:submit:评分_分维_维度:sort", "group_type": "intent", "size": 2, "first_case_id": "TC-074", "candidate_indices": [24, 27]}, {"cluster_id": "SC-011", "scenario_key": "global:ai_completed_reentry_readonly", "group_type": "scenario", "size": 3, "first_case_id": "TC-012", "candidate_indices": [30, 44, 118]}, {"cluster_id": "SC-012", "scenario_key": "stage:重复进入逻辑:intent:open:重复_复进_进入:navigate", "group_type": "intent", "size": 2, "first_case_id": "TC-012", "candidate_indices": [30, 63]}, {"cluster_id": "SC-013", "scenario_key": "stage:督导端:intent:open:督导端_督导_导查:dialog", "group_type": "intent", "size": 2, "first_case_id": "TC-024", "candidate_indices": [32, 39]}, {"cluster_id": "SC-014", "scenario_key": "stage:督导端讲错题查看:intent:open:督导_导端_端讲:dialog", "group_type": "intent", "size": 4, "first_case_id": "TC-094", "candidate_indices": [33, 34, 113, 114]}, {"cluster_id": "SC-015", "scenario_key": "stage:督导端:intent:open:督导端_督导_导端:status", "group_type": "intent", "size": 2, "first_case_id": "TC-020", "candidate_indices": [36, 76]}, {"cluster_id": "SC-016", "scenario_key": "stage:ai提问逻辑:sorting_limit:obj:提问逻辑_一道_道题", "group_type": "scenario", "size": 2, "first_case_id": "TC-009", "candidate_indices": [41, 91]}, {"cluster_id": "SC-017", "scenario_key": "stage:讲错题交互:feedback:obj:讲错_错题_题交", "group_type": "scenario", "size": 2, "first_case_id": "TC-079", "candidate_indices": [43, 106]}, {"cluster_id": "SC-018", "scenario_key": "stage:讲错题交互:intent:open:讲错_错题_题交:content", "group_type": "intent", "size": 3, "first_case_id": "TC-079", "candidate_indices": [43, 101, 105]}, {"cluster_id": "SC-019", "scenario_key": "stage:讲错题交互:intent:open:讲错_错题_题交:status", "group_type": "intent", "size": 2, "first_case_id": "TC-077", "candidate_indices": [44, 106]}, {"cluster_id": "SC-020", "scenario_key": "global:ai_recording_input_state", "group_type": "scenario", "size": 4, "first_case_id": "TC-101", "candidate_indices": [47, 51, 61, 67]}], "final_flow_stage_breakdown": {"stage:入口与导航": 3, "stage:随堂测入口跳转": 2, "stage:课程信息区导航": 2, "stage:课程切换": 1, "stage:界面展示": 4, "stage:交互": 7, "stage:督导端": 7, "stage:使用引导": 1, "stage:评分结果": 6, "stage:ai评分": 1, "stage:ai追问逻辑": 4, "stage:ai提问逻辑": 8, "stage:ai讲错题评分": 4, "stage:评分结果交互": 1, "stage:录音交互": 2, "stage:督导端学员管理": 2, "stage:讲错题交互": 6, "stage:费曼学习法交互": 3, "stage:重复进入逻辑": 2, "stage:督导端提醒": 1, "stage:费曼交互约束": 2, "stage:督导端讲错题查看": 3, "stage:评分结果展示": 3, "unknown": 10}, "final_flow_missing_stages": [], "final_flow_missing_stage_count": 0, "final_flow_misordered_count": 0, "final_scenario_duplicate_cluster_count": 0, "final_scenario_duplicate_case_count": 0, "final_scenario_duplicate_clusters": [], "final_scenario_duplicate_raw_cluster_count": 22, "final_scenario_duplicate_raw_case_count": 52, "final_reasoning_leakage_case_count": 0, "final_order_flow_governance": {"applied": true, "reason": "", "scenario_policy_registry_version": 1, "scenario_policy_registered_count": 93, "scenario_policy_candidate_count": 0, "scenario_policy_pending_candidate_count": 0, "domain_policy_registered_count": 4, "scenario_policy_domains": {"ai_wrong_question_teaching": 10, "recent_course_scheduling": 7, "essay_writing": 23, "course_access": 2, "general": 51}, "scenario_policy_sources": {"manual_seed": 1, "registry": 16, "legacy_duplicate_policy": 19, "legacy_coverage_pattern": 28, "legacy_judge_duplicate_policy": 29}, "scenario_policy_documents": ["讲错题接入AI.pdf"], "flow_reordered": true, "flow_order": ["stage:入口与导航", "stage:随堂测入口跳转", "stage:课程信息区导航", "stage:课程切换", "stage:界面展示", "stage:交互", "stage:督导端", "stage:使用引导", "stage:评分结果", "stage:ai评分", "stage:ai追问逻辑", "stage:ai提问逻辑", "stage:ai讲错题评分", "stage:评分结果交互", "stage:录音交互", "stage:督导端学员管理", "stage:讲错题交互", "stage:费曼学习法交互", "stage:重复进入逻辑", "stage:督导端提醒", "stage:费曼交互约束", "stage:督导端讲错题查看", "stage:评分结果展示"], "cross_cutting_order": ["stage:异常处理", "stage:费曼交互异常处理"], "scenario_duplicate_pruned_count": 0, "scenario_duplicate_pruned_indices": [], "scenario_cap_policy": {}, "scenario_duplicate_cluster_count": 22, "flow_misordered_count_before": 0, "missing_flow_stage_count": 0, "registry_impact": {"registry_version": 1, "total_policies_available": 93, "candidate_policies_active": 0, "candidate_policies_pending": 0, "scenario_kinds_seen": {"": 1, "permission": 2, "manual_correction": 2, "ai_supervisor_detail_button_state": 24, "feedback": 6, "source_consistency": 4, "network_error": 1, "ai_recording_input_state": 3, "title_format": 5, "ai_score_popup_threshold": 6, "load_failure": 2, "ai_answer_irrelevant_score_zero": 1, "generation_trigger": 3, "statistics": 6, "workflow_navigation": 8, "semantic": 1, "ai_teacher_score_conversion": 1, "ai_completed_reentry_readonly": 3, "sorting_limit": 1, "report_wrong_analysis": 1, "quiz_result_action_navigation": 2, "plan_step1_sorting": 1, "filter_toggle": 1}, "policies_matched": [{"key": "permission", "domain": "general", "source": "legacy_coverage_pattern", "specific": false, "default_cap": 1, "mode_cap": null, "cross_module": false, "judge_duplicate": false, "judge_threshold": {"score": 0.2, "overlap": 5}, "status": "active"}, {"key": "manual_correction", "domain": "general", "source": "legacy_coverage_pattern", "specific": false, "default_cap": 2, "mode_cap": null, "cross_module": false, "judge_duplicate": false, "judge_threshold": {"score": 0.2, "overlap": 5}, "status": "active"}, {"key": "ai_supervisor_detail_button_state", "domain": "ai_wrong_question_teaching", "source": "registry", "specific": true, "default_cap": 1, "mode_cap": null, "cross_module": true, "judge_duplicate": false, "judge_threshold": {"score": 0.2, "overlap": 5}, "status": "active"}, {"key": "feedback", "domain": "general", "source": "legacy_coverage_pattern", "specific": false, "default_cap": 1, "mode_cap": null, "cross_module": false, "judge_duplicate": false, "judge_threshold": {"score": 0.2, "overlap": 5}, "status": "active"}, {"key": "source_consistency", "domain": "general", "source": "legacy_coverage_pattern", "specific": false, "default_cap": 1, "mode_cap": null, "cross_module": false, "judge_duplicate": false, "judge_threshold": {"score": 0.2, "overlap": 5}, "status": "active"}, {"key": "network_error", "domain": "general", "source": "legacy_coverage_pattern", "specific": false, "default_cap": 1, "mode_cap": null, "cross_module": false, "judge_duplicate": false, "judge_threshold": {"score": 0.2, "overlap": 5}, "status": "active"}, {"key": "ai_recording_input_state", "domain": "ai_wrong_question_teaching", "source": "registry", "specific": true, "default_cap": 2, "mode_cap": null, "cross_module": true, "judge_duplicate": false, "judge_threshold": {"score": 0.2, "overlap": 5}, "status": "active"}, {"key": "title_format", "domain": "general", "source": "legacy_coverage_pattern", "specific": false, "default_cap": 1, "mode_cap": null, "cross_module": false, "judge_duplicate": false, "judge_threshold": {"score": 0.2, "overlap": 5}, "status": "active"}, {"key": "ai_score_popup_threshold", "domain": "ai_wrong_question_teaching", "source": "registry", "specific": true, "default_cap": 2, "mode_cap": null, "cross_module": true, "judge_duplicate": false, "judge_threshold": {"score": 0.2, "overlap": 5}, "status": "active"}, {"key": "load_failure", "domain": "general", "source": "legacy_coverage_pattern", "specific": false, "default_cap": 1, "mode_cap": null, "cross_module": false, "judge_duplicate": false, "judge_threshold": {"score": 0.2, "overlap": 5}, "status": "active"}, {"key": "ai_answer_irrelevant_score_zero", "domain": "ai_wrong_question_teaching", "source": "manual_seed", "specific": true, "default_cap": 1, "mode_cap": null, "cross_module": true, "judge_duplicate": true, "judge_threshold": {"score": 0.2, "overlap": 5}, "status": "active"}, {"key": "generation_trigger", "domain": "general", "source": "legacy_coverage_pattern", "specific": false, "default_cap": 1, "mode_cap": null, "cross_module": false, "judge_duplicate": false, "judge_threshold": {"score": 0.2, "overlap": 5}, "status": "active"}, {"key": "statistics", "domain": "general", "source": "legacy_coverage_pattern", "specific": false, "default_cap": 2, "mode_cap": null, "cross_module": false, "judge_duplicate": false, "judge_threshold": {"score": 0.2, "overlap": 5}, "status": "active"}, {"key": "workflow_navigation", "domain": "general", "source": "legacy_coverage_pattern", "specific": false, "default_cap": 2, "mode_cap": null, "cross_module": false, "judge_duplicate": false, "judge_threshold": {"score": 0.2, "overlap": 5}, "status": "active"}, {"key": "ai_teacher_score_conversion", "domain": "ai_wrong_question_teaching", "source": "registry", "specific": true, "default_cap": 2, "mode_cap": null, "cross_module": true, "judge_duplicate": false, "judge_threshold": {"score": 0.2, "overlap": 5}, "status": "active"}, {"key": "ai_completed_reentry_readonly", "domain": "ai_wrong_question_teaching", "source": "registry", "specific": true, "default_cap": 1, "mode_cap": null, "cross_module": true, "judge_duplicate": false, "judge_threshold": {"score": 0.2, "overlap": 5}, "status": "active"}, {"key": "sorting_limit", "domain": "general", "source": "legacy_coverage_pattern", "specific": false, "default_cap": 1, "mode_cap": null, "cross_module": false, "judge_duplicate": false, "judge_threshold": {"score": 0.2, "overlap": 5}, "status": "active"}, {"key": "report_wrong_analysis", "domain": "general", "source": "legacy_judge_duplicate_policy", "specific": false, "default_cap": 1, "mode_cap": null, "cross_module": false, "judge_duplicate": true, "judge_threshold": {"score": 0.2, "overlap": 5}, "status": "active"}, {"key": "quiz_result_action_navigation", "domain": "ai_wrong_question_teaching", "source": "registry", "specific": true, "default_cap": 2, "mode_cap": null, "cross_module": true, "judge_duplicate": false, "judge_threshold": {"score": 0.2, "overlap": 5}, "status": "active"}, {"key": "plan_step1_sorting", "domain": "general", "source": "legacy_judge_duplicate_policy", "specific": false, "default_cap": 1, "mode_cap": null, "cross_module": false, "judge_duplicate": true, "judge_threshold": {"score": 0.2, "overlap": 5}, "status": "active"}, {"key": "filter_toggle", "domain": "general", "source": "legacy_coverage_pattern", "specific": false, "default_cap": 1, "mode_cap": null, "cross_module": false, "judge_duplicate": false, "judge_threshold": {"score": 0.2, "overlap": 5}, "status": "active"}], "caps_applied": {"permission": 1, "manual_correction": 2, "ai_supervisor_detail_button_state": 1, "feedback": 1, "source_consistency": 1, "network_error": 1, "ai_recording_input_state": 2, "title_format": 1, "ai_score_popup_threshold": 2, "load_failure": 1, "ai_answer_irrelevant_score_zero": 1, "generation_trigger": 1, "statistics": 2, "workflow_navigation": 2, "ai_teacher_score_conversion": 2, "ai_completed_reentry_readonly": 1, "sorting_limit": 1, "report_wrong_analysis": 1, "quiz_result_action_navigation": 2, "plan_step1_sorting": 1, "filter_toggle": 1}, "judge_thresholds_used": {}, "cross_module_policies_in_effect": ["ai_answer_irrelevant_score_zero", "ai_completed_reentry_readonly", "ai_direct_answer_guard", "ai_print_dialog", "ai_recording_input_state", "ai_score_popup_threshold", "ai_short_answer_score_boundary", "ai_supervisor_detail_button_state", "ai_teacher_score_conversion", "delete_restore_unsubmitted", "essay_empty_state", "essay_submission_success_state", "featured_sorting", "free_first_lesson", "my_essay_limit", "nonlinear_course_unlock", "pdf_download_content", "quiz_result_action_navigation", "schedule_analytics_event", "schedule_auto_course_selection", "schedule_fast_forward_answer_control", "schedule_lesson_time_shift", "schedule_plan_edit_lifecycle", "schedule_task_card_display", "schedule_week_progress_empty", "secret_overlay"]}}, "fact_profile_source": "requirement_semantics", "fact_profile_confidence": 0.0, "fact_profile_confirmed_count": 8, "fact_profile_forbidden_count": 0, "fact_profile_pending_count": 0, "project_profile_source": "document_extracted", "project_profile_confidence": 0.0, "flow_governance_applied": true, "flow_reordered": true, "flow_governance_reason": "", "scenario_duplicate_pruned_count": 0, "scenario_duplicate_pruned_indices": [], "execution_plan": {"applied": true, "coverage_mode": "full_functional_regression", "workflow_blueprint_count": 0, "trusted_workflow_contract_count": 0, "plan_workflow_blueprint_count": 0, "workflow_blueprint_source": "none", "linear_executable": false, "linear_scope": "main_smoke_chain_only", "main_chain_case_count": 0, "main_chain_stage_order": [], "main_chain_stage_kinds": [], "main_chain_incomplete_reason": "missing_commit_success_step", "derived_workflow_debug": {"candidate_total": 85, "action_state_candidate_count": 37, "primary_candidate_count": 30, "fallback_candidate_count": 7, "selected_candidate_count": 10, "closure_reason": "missing_commit_success_step"}, "main_chain_excluded_candidates": [{"case_id": "TC-017", "description": "督导端查看讲错题按钮-学员已完成讲错题环节时按钮正常展示可点击", "stage_key": "", "reason": "display_only"}, {"case_id": "TC-018", "description": "督导端查看讲错题按钮-未完成讲错题环节时按钮置灰不可点击", "stage_key": "", "reason": "blocking_negative"}, {"case_id": "TC-021", "description": "督导端查看讲错题按钮-学员没做过讲错题环节则不展示该按钮", "stage_key": "", "reason": "display_only"}, {"case_id": "TC-023", "description": "督导端弹窗右上角关闭按钮点击后关闭弹窗返回列表", "stage_key": "", "reason": "display_only"}, {"case_id": "TC-025", "description": "费曼约束-AI每次只问1-2个问题且提问简洁，最后一轮帮助总结知识点", "stage_key": "", "reason": "non_advancing_transition"}, {"case_id": "TC-026", "description": "费曼约束-教师角色必须先肯定后纠正，禁止直接否定学员", "stage_key": "", "reason": "blocking_negative"}, {"case_id": "TC-027", "description": "评分异常-AI评分计算接口失败时页面展示评分失败提示并提供重试机制", "stage_key": "", "reason": "blocking_negative"}, {"case_id": "TC-028", "description": "评分边界值-综合评分7.9分（略低于8.0阈值）时系统按低于8分处理显示太遗憾了提示及联系督导和去日清按钮", "stage_key": "", "reason": "boundary_capacity"}, {"case_id": "TC-029", "description": "评分边界值-综合评分0.0分（最低分）时页面正常显示太遗憾了提示且全部按钮可操作无异常", "stage_key": "", "reason": "boundary_capacity"}, {"case_id": "TC-030", "description": "评分边界值-综合评分10.0分（最高分）时页面正常显示太棒啦提示自动停留5秒后展示去日清按钮", "stage_key": "", "reason": "boundary_capacity"}, {"case_id": "TC-032", "description": "错题抽取边界-本讲仅有1道错题时AI抽取该1道错题进行提问", "stage_key": "", "reason": "boundary_capacity"}, {"case_id": "TC-038", "description": "一道题没做时，显示淡白色文案提示", "stage_key": "", "reason": "blocking_negative"}, {"case_id": "TC-040", "description": "评分边界值-综合评分恰好8.0分时显示'太棒啦'提示及去日清按钮", "stage_key": "", "reason": "boundary_capacity"}, {"case_id": "TC-041", "description": "教师纠错有效性扣分项-学员因教师解释不清再次出现概念错误每次扣5分", "stage_key": "", "reason": "blocking_negative"}, {"case_id": "TC-043", "description": "学生视角锚定-学员提问必须包含自身错误判断依据而非空泛询问", "stage_key": "", "reason": "blocking_negative"}, {"case_id": "TC-048", "description": "重复进入-已完成讲错题时不可以重复打分", "stage_key": "", "reason": "blocking_negative"}, {"case_id": "TC-051", "description": "追问方向-质疑例外边界，AI追问探索知识边界和例外情况深化完整理解", "stage_key": "", "reason": "boundary_capacity"}, {"case_id": "TC-052", "description": "追问方向-重构知识体系，AI要求学员用自己的语言复述正确逻辑", "stage_key": "", "reason": "blocking_negative"}, {"case_id": "TC-053", "description": "追问方向-确认错误表象，AI追问明确错误结果与正确答案差异定位矛盾点", "stage_key": "", "reason": "blocking_negative"}, {"case_id": "TC-060", "description": "评分维度回答准确性边界值-部分正确得分20分对应换算后综合评分", "stage_key": "", "reason": "boundary_capacity"}, {"case_id": "TC-062", "description": "已完成讲错题后重复进入，不可以重复打分", "stage_key": "", "reason": "blocking_negative"}, {"case_id": "TC-063", "description": "督导端查看按钮-未完成讲错题环节时按钮置灰不可点击", "stage_key": "", "reason": "blocking_negative"}, {"case_id": "TC-064", "description": "督导端查看按钮-已完成讲错题环节时按钮正常展示可点击", "stage_key": "", "reason": "display_only"}, {"case_id": "TC-065", "description": "督导端弹窗展示最近一节课的章节信息", "stage_key": "", "reason": "display_only"}, {"case_id": "TC-066", "description": "督导端弹窗通过标识-学员讲错题通过时显示'学生知识点讲错题通过'文字", "stage_key": "", "reason": "display_only"}, {"case_id": "TC-067", "description": "督导端弹窗未通过标识-学员讲错题未通过时显示'学生知识点讲错题未通过'文字", "stage_key": "", "reason": "display_only"}, {"case_id": "TC-068", "description": "交互异常-4轮后仍未理解时简化为1个核心对比问题确保5轮内完成", "stage_key": "", "reason": "blocking_negative"}, {"case_id": "TC-069", "description": "交互异常-学员提问无个人理由时系统自动二次引导补充理由", "stage_key": "", "reason": "blocking_negative"}, {"case_id": "TC-070", "description": "交互历史存储失败-AI与学员对话记录因存储服务异常未成功保存", "stage_key": "", "reason": "blocking_negative"}, {"case_id": "TC-071", "description": "网络异常-AI提问生成失败时页面展示错误提示并支持重试", "stage_key": "", "reason": "blocking_negative"}, {"case_id": "TC-072", "description": "AI追问响应超时-页面展示超时提示并提供重试机制", "stage_key": "", "reason": "blocking_negative"}, {"case_id": "TC-073", "description": "AI追问生成超时-学员提交回答后AI追问响应超时页面展示提示并支持重试", "stage_key": "", "reason": "blocking_negative"}, {"case_id": "TC-074", "description": "第5轮学员复述逻辑错误时返回阶段4重新梳理且不触发打分", "stage_key": "", "reason": "blocking_negative"}, {"case_id": "TC-075", "description": "重复提交防护-学员快速多次点击完成或提交按钮防止产生重复记录", "stage_key": "", "reason": "blocking_negative"}, {"case_id": "TC-076", "description": "交互记录存储失败时本地缓存数据并在网络恢复后自动同步", "stage_key": "", "reason": "blocking_negative"}, {"case_id": "TC-077", "description": "AI评分计算失败-完成全部交互后AI评分服务异常无法给出综合评分", "stage_key": "", "reason": "blocking_negative"}, {"case_id": "TC-078", "description": "会话过期-交互进行中登录态过期导致后续操作失败", "stage_key": "", "reason": "blocking_negative"}, {"case_id": "TC-079", "description": "语音转文字转换失败-页面提示转换异常并允许学员重新录制提交", "stage_key": "", "reason": "blocking_negative"}, {"case_id": "TC-080", "description": "录音过程中断网-学员正在录音时网络中断录音内容本地缓存", "stage_key": "", "reason": "blocking_negative"}, {"case_id": "TC-081", "description": "错题库数据异常-抽取的错题数据格式损坏或缺失关键字段", "stage_key": "", "reason": "blocking_negative"}, {"case_id": "TC-082", "description": "做了全对时AI随机抽取任意两道题目进行追问并给出提示", "stage_key": "", "reason": "blocking_negative"}, {"case_id": "TC-083", "description": "语音转文字失败-学员完成录音后语音识别服务异常导致转文字为空", "stage_key": "", "reason": "blocking_negative"}, {"case_id": "TC-084", "description": "评分结果数据展示异常-提示加载失败并提供刷新重试", "stage_key": "", "reason": "blocking_negative"}, {"case_id": "TC-085", "description": "语音录制权限拒绝时点击对话按钮给出权限引导提示", "stage_key": "", "reason": "blocking_negative"}], "independent_case_count": 85, "isolation_case_count": 85, "role_switch_count": 0, "broken_dependency_count": 0, "state_conflict_count": 0, "state_conflicts": [], "selected_stage_state_conflicts": [], "semantic_conflict_count": 0, "semantic_conflicts": [], "execution_group_breakdown": {"boundary": 6, "display": 27, "exception": 20, "independent_functional": 31, "permission": 1}, "generated_bridge_case_count": 0, "workflow_contract_materialized_case_count": 0, "group_setup": {"boundary": "seed_boundary_dataset()", "display": "seed_display_ready_dataset()", "exception": "enable_fault_injection_for_case()", "independent_functional": "seed_functional_dataset()", "permission": "seed_permission_state_dataset()"}, "group_teardown": {"boundary": "delete_boundary_dataset()", "display": "delete_display_ready_dataset()", "exception": "disable_fault_injection()", "independent_functional": "cleanup_functional_dataset()", "permission": "reset_permission_state_dataset()"}, "fixture_keys": ["boundary_dataset", "browser_permission_state", "display_ready_dataset", "fault_injection_case", "independent_functional_dataset"]}, "linear_executable": false, "linear_scope": "main_smoke_chain_only", "main_chain_case_count": 0, "independent_case_count": 85, "isolation_case_count": 85, "broken_dependency_count": 0, "state_conflict_count": 0, "role_switch_count": 0, "priority_decision_state_breakdown": {"decided": 121, "conflict": 0, "undetermined": 0, "optional": 0, "invalid": 0}, "priority_final_breakdown": {"P0": 8, "P1": 67, "P2": 46, "null": 0}, "legacy_priority_breakdown": {"P0": 93, "P1": 14, "P2": 14, "UNKNOWN": 0}, "priority_conflict_count": 0, "priority_undetermined_count": 0, "priority_optional_count": 0, "priority_invalid_count": 0, "priority_quality_gate_failed": false, "invalid_case_count": 0, "reasoning_leakage_case_count": 0, "needs_priority_review": false, "review_llm_filter_applied": false, "review_input_size": 109, "review_output_size": 109, "review_target_min_count": 75, "review_target_max_count": 104, "review_shortfall_detected": false, "review_shortfall_before_count": 109, "review_shortfall_recovered_count": 0, "review_post_rerank_floor_count": 35, "review_post_rerank_recovered_count": 0, "final_target_floor_count": 85, "final_floor_recovery_attempted": true, "final_floor_recovery_applied": true, "final_floor_recovered_count": 34, "final_floor_recovery_reason": "recovered_after_confirmed_conflict_filter", "final_confirmed_conflict_drop_count": 0, "final_shortfall_supplement_attempted": true, "final_shortfall_supplement_applied": false, "final_shortfall_supplement_count": 0, "final_shortfall_supplement_reason": "supplement_empty_response", "review_fill_source": "none", "review_llm_selected_count": 0, "review_llm_runtime_debug": {"invoked": true, "pool_non_empty": true, "pool_size": 116, "primary_model": "glm-5.1", "primary_invalid_reason": "error_response", "primary_reason_incomplete": false, "primary_dropped_reason_count": 0, "primary_dropped_reason_payload_count": 0, "primary_reason_coverage_ratio": 0.0, "response_len": 177, "response_preview": "Error: HTTP 504 - <html>\r\n<head><title>504 Gateway Time-out</title></head>\r\n<body>\r\n<center><h1>504 Gateway Time-out</h1></center>\r\n<hr><center>stgw</center>\r\n</body>\r\n</html>\r\n", "primary_response_metadata": {"model": "glm-5.1", "wire_api": "chat_completions", "max_tokens": 10000, "http_status": 504, "url_path": "/chat/completions", "error_preview": "<html>\r\n<head><title>504 Gateway Time-out</title></head>\r\n<body>\r\n<center><h1>504 Gateway Time-out</h1></center>\r\n<hr><center>stgw</center>\r\n</body>\r\n</html>\r\n", "input_tokens_estimated": 13720, "output_tokens_estimated": 44, "token_estimate_method": "chars_div_4"}, "primary_compact_retry_invoked": false, "primary_compact_retry_model": "", "primary_compact_retry_invalid_reason": "", "primary_compact_retry_response_len": 0, "primary_compact_retry_response_metadata": {}, "retry_invoked": true, "retry_reason": "error_response", "retry_model": "", "retry_attempts": [{"model": "glm-5.1", "response_len": 177, "is_error": true, "invalid_reason": "error_response", "parsed_type": "dict", "mapped_count": 0, "dropped_reason_count": 0, "dropped_reason_payload_count": 0, "dropped_reason_unmapped_count": 0, "payload_has_selection_signal": false}, {"model": "kimi-k2.5", "response_len": 177, "is_error": true, "invalid_reason": "error_response", "parsed_type": "dict", "mapped_count": 0, "dropped_reason_count": 0, "dropped_reason_payload_count": 0, "dropped_reason_unmapped_count": 0, "payload_has_selection_signal": false}], "retry_response_len": 177, "retry_parse_success": false, "retry_mapped_count": 0, "retry_payload_has_selection_signal": false, "parsed_type": "dict", "parsed_len": 2, "mapped_count": 0, "mapped_signature_count": 0, "dropped_reason_count": 0, "dropped_reason_payload_count": 0, "dropped_reason_unmapped_count": 0, "payload_has_selection_signal": false, "final_selected_and_dropped_overlap_count": 0, "final_selected_and_dropped_overlap_case_ids": [], "final_payload_consistent": true, "reason_repair_invoked": false, "reason_repair_model": "", "reason_repair_candidate_count": 0, "reason_repair_response_len": 0, "reason_repair_mapped_count": 0, "reason_repair_invalid_reason": "", "reason_repair_response_metadata": {}, "final_source": "review_selector", "applied": false, "applied_reason": "error_response", "exception": "", "forced_reset_by_fallback": false, "fallback_reason_incomplete": false, "final_reason_incomplete": false, "final_reason_coverage_ratio": 1.0, "prompt_chars": 46930, "prompt_est_tokens": 11732, "candidate_count": 116, "append_target_count": 0, "append_final_cap_count": 0, "retry_dropped_reason_count": 0, "retry_dropped_reason_payload_count": 0, "retry_dropped_reason_unmapped_count": 0}, "review_constraint_selected_count": 0, "review_llm_drop_reason_breakdown": {}, "review_llm_drop_reason_raw_breakdown": {}, "review_llm_drop_reason_source_breakdown": {}, "fallback_reason_incomplete": false, "final_reason_incomplete": false, "final_reason_coverage_ratio": 1.0, "fallback_dropped_reason_count": 0, "fallback_dropped_reason_mapped_count": 0, "fallback_dropped_reason_unmapped_count": 0, "fallback_reason_coverage_ratio": 0.0, "llm_reason_coverage_ratio": 0.0, "deterministic_backfill_ratio": 0.0, "reason_source_breakdown": {"primary": 0, "fallback": 0, "backfill": 0}, "primary_reason_incomplete": false, "primary_dropped_reason_count": 0, "primary_dropped_reason_payload_count": 0, "primary_reason_coverage_ratio": 0.0, "fallback_with_positive_evidence_count": 0, "fallback_without_positive_evidence_count": 0, "review_llm_pool_count": 116, "candidate_by_pass": {"primary": 99, "gap": 22}, "must_keep_candidate_count": 5, "must_keep_retained_count": 4, "must_keep_dropped_count": 1, "drop_by_review_llm_count": 0, "drop_by_review_selector_count": 12, "drop_by_review_gate_count": 0, "drop_by_pre_gate_dedup_count": 0, "drop_by_post_review_dedup_count": 24, "drop_no_new_signal_count": 0, "drop_rule_cap_count": 0, "drop_ui_like_redundant_count": 0, "drop_ui_like_ratio_cap_count": 0, "drop_outside_target_window_count": 12, "drop_by_rerank_low_signal_count": 0, "dropped_model_priority_p0_p1_count": 31, "dropped_core_rule_hit_count": 0, "dropped_missing_rule_hit_count": 0, "dropped_high_signal_count": 25, "dropped_has_coverage_value_count": 22, "retained_due_to_coverage_value_count": 59, "must_cover_rule_hit_count": 0, "forbidden_pattern_violation_count": 0, "soft_constraint_hit_count": 0, "quality_hint_satisfied_count": 0, "drop_ui_like_ratio_postprocess_count": 0, "drop_final_description_duplicate_count": 0, "request_id": "0d81f2907c0e46cf85b1ed78527a8cb1", "project_id": 8, "multi_pass": true, "generation_mode": "full_functional_regression"}
GEN_DIAG:{"kind": "feedback_control_state", "control_state_applied": true, "generation_coverage_mode": "full_functional_regression", "generation_target_case_range": {"min": 80, "max": 120}, "fact_profile_source": "requirement_semantics", "fact_profile_confidence": 0.0, "fact_profile_confirmed_count": 8, "fact_profile_pending_count": 0, "fact_profile_forbidden_count": 0, "project_profile_source": "document_extracted", "project_profile_confidence": 0.0, "project_profile_flow_count": 15, "manual_quality_profile_source": "priority_sample_pool_manual_verified", "manual_quality_profile_version": "d7ad8a659c760415", "manual_quality_profile_trusted_count": 51, "manual_quality_profile_high_priority_ratio": 0.9375, "manual_quality_profile_display_ratio_cap": 0.45, "must_cover_rules_count": 0, "rule_quota_keys": [], "soft_constraints_count": 1, "quality_fix_hints_count": 14, "preferred_patterns_count": 0, "forbidden_patterns_count": 0, "source_meta": {"sources": ["priority_sample_pool_manual_profile", "anomaly_pool", "evaluation_report", "generation_coverage_profile", "fact_profile", "project_profile"], "priority_pool_sample_count": 93, "manual_quality_profile": {"kind": "manual_quality_profile", "profile_source": "priority_sample_pool_manual_verified", "profile_version": "d7ad8a659c760415", "sample_set_hash": "d7ad8a659c760415208704efa039ec49bbc0b20a8b1e9d6a814e8f2ec8538cc7", "locked": true, "project_id": 8, "user_id": 1, "active_sample_count": 93, "trusted_sample_count": 51, "profile_case_count": 32, "positive_sample_count": 32, "negative_sample_count": 19, "priority_distribution": {"P1": 28, "P0": 2}, "priority_ratios": {"P1": 0.875, "P0": 0.0625}, "high_priority_count": 30, "high_priority_ratio": 0.9375, "module_distribution_top": {}, "module_ratios_top": {}, "pattern_category_distribution": {"recall_gap_missing_business_coverage": 15, "quality_fix_hint": 10, "hallucination_or_redundant_case": 6, "core_flow_closure": 2, "critical_path_coverage": 1, "cross_page_flow": 1, "multi_step_interaction": 1}, "reason_category_distribution": {"recall_gap": 15, "quality_fix_hint": 10, "hallucination_or_redundant_case": 6, "redundant_case": 6, "core_flow": 3, "display_issue": 3, "exception_path": 1, "state_transition": 1}, "source_type_distribution": {"quality_evaluation_defect": 31, "priority_debug_manual_add": 20}, "execution_lifecycle_fields": [], "execution_lifecycle_field_count": 0, "execution_status_distribution": {}, "display_signal_count": 22, "display_signal_ratio": 0.4314, "display_ratio_cap": 0.45}, "manual_quality_profile_version": "d7ad8a659c760415", "manual_quality_profile_trusted_count": 51, "manual_quality_profile_case_count": 32, "manual_quality_profile_high_priority_ratio": 0.9375, "manual_quality_profile_display_ratio_cap": 0.45, "generation_id": null, "retrieval_query_used": true, "retrieval_top_k": 5, "retrieval_hit_count": 0, "retrieval_selected_count": 0, "retrieval_fallback": "domain_no_match", "retrieval_selected_weight_avg": 0.0, "retrieval_selected_quality_avg": 0.0, "retrieval_diversity_cluster_cap": 2, "retrieval_diversity_skipped_count": 0, "retrieval_lexical_fallback_used": false, "retrieval_active_sample_count": 73, "retrieval_disabled_sample_count": 0, "retrieval_low_confidence_sample_count": 20, "retrieval_min_pattern_confidence": 0.6, "retrieval_signal_quota_applied": false, "retrieval_signal_quota_relaxed": false, "retrieval_positive_min_quota": 2, "retrieval_negative_max_quota": 3, "retrieval_selected_positive_count": 0, "retrieval_selected_negative_count": 0, "retrieval_pool_positive_count": 66, "retrieval_pool_negative_count": 7, "retrieval_raw_positive_count": 0, "retrieval_raw_negative_count": 0, "retrieval_after_diversity_positive_count": 0, "retrieval_after_diversity_negative_count": 0, "retrieval_after_quota_merge_positive_count": 0, "retrieval_after_quota_merge_negative_count": 0, "retrieval_final_selected_positive_count": 0, "retrieval_final_selected_negative_count": 0, "retrieval_query_domain_tags": ["ai_wrong_question_teaching"], "retrieval_domain_filter_applied": true, "retrieval_domain_matched_sample_count": 0, "retrieval_domain_skipped_sample_count": 73, "retrieval_domain_no_match": true, "retrieval_sample_id_hit_count": 0, "retrieval_index_mismatch_count": 0, "retrieval_query_primary_domain": "ai_wrong_question_teaching", "workflow_blueprint_direct_candidate_count": 0, "workflow_blueprint_direct_selected_count": 0, "retrieval_index_resync_attempted": false, "retrieval_index_resync_success": false, "retrieval_index_resync_error": "", "sample_count": 0, "challenge_sample_count": 0, "regression_sample_count": 0, "rule_frequency": {}, "doc_count": 3, "doc_types": {"evaluation_report": 3}, "generation_coverage_profile": {"coverage_mode": "full_functional_regression", "case_density": "high", "target_case_range": {"min": 80, "max": 120}, "activation_evidence": {"expected_count": 100, "linked_final_case_count": 0, "full_regression_token_hit": false, "expanded_regression_token_hit": false, "standard_regression_token_hit": true}, "coverage_layers": ["入口与导航：覆盖入口展示、跳转、返回、空状态和旧入口残留。", "核心流程：按主业务流程拆分步骤级用例，不把多功能点合并为一条。", "状态矩阵：覆盖未开始、进行中、已完成、已下架、已删除、无数据等状态。", "配置与权限：覆盖开关配置、版本兼容、角色/端差异和不可操作状态。", "边界异常：覆盖数量不足、时间冲突、无数据、失败提示、不可删除/不可编辑等异常。", "跨模块回归：覆盖首页、详情页、管理页、历史记录、报告等关联页面的数据流转。"]}, "fact_profile": {"profile_version": "fact-profile-v1", "profile_source": "requirement_semantics", "confidence": 0, "confirmed_facts": ["ii.“返回”\u0001按钮⽤于返回上⼀级", "iii.打印”\u0001按钮弹窗选择打印内", "iv.“切换课程”\u0001按钮", "展⽰区。以对话框样式展⽰\u0001AI\u0001提出", "题中抽取，优先抽取错题，1-2道题", "⽬，错题不够可以讲回答正确的题", "钮吗？点击按钮再调⽤AI⽣成", "AI\u0001提问的题⽬在本讲错题中抽取，优先抽…"], "scoped_rules": [], "forbidden_facts": [], "pending_items": [], "reuse_declarations": [], "hard_flow_constraints": ["ii.“返回”\u0001按钮⽤于返回上⼀级", "题中抽取，优先抽取错题，1-2道题", "钮吗？点击按钮再调⽤AI⽣成", "AI\u0001提问的题⽬在本讲错题中抽取，优先抽…"], "reuse_risks": [], "source_priority": ["current_requirement", "rag_requirement", "supplement_boundary", "testcase_style_only", "historical_feedback"], "conflict_policy": "current_requirement_wins", "strategy_only": 0}, "project_profile": {"profile_version": "project-profile-v1", "profile_source": "document_extracted", "confidence": 0, "flow_outline": {"source": "requirement_keyword_positions", "flow_order": ["stage:确认错误表象_追问方向", "stage:课程信息区", "stage:ai提问提问", "stage:biz", "stage:原型", "stage:ai讲错题打分", "stage:界面展示", "stage:左侧设置垂直排列的学习步骤导航", "stage:标题_读取讲的名称", "stage:点击对话", "stage:ai_提问逻辑", "stage:一道题没做的逻辑补一下", "stage:题目来源", "stage:追问逻辑", "stage:做了全对"], "document_flow_order": ["stage:biz", "stage:原型", "stage:ai讲错题打分", "stage:界面展示", "stage:左侧设置垂直排列的学习步骤导航", "stage:课程信息区", "stage:标题_读取讲的名称", "stage:ai提问提问", "stage:点击对话", "stage:ai_提问逻辑", "stage:一道题没做的逻辑补一下", "stage:题目来源", "stage:追问逻辑", "stage:做了全对", "stage:确认错误表象_追问方向"], "flow_labels": {"stage:biz": "biz_key: unknown (当前业务)", "stage:原型": "原型", "stage:ai讲错题打分": "AI讲错题打分", "stage:界面展示": "界面展示", "stage:左侧设置垂直排列的学习步骤导航": "左侧设置垂直排列的学习步骤导航", "stage:课程信息区": "课程信息区", "stage:标题_读取讲的名称": "标题,读取讲的名称", "stage:ai提问提问": "AI提问提问:在课程信息区下方,", "stage:点击对话": "点击对话:点击开始录音", "stage:ai_提问逻辑": "AI 提问逻辑", "stage:一道题没做的逻辑补一下": "一道题没做的逻辑补一下", "stage:题目来源": "题目来源:AI 提问的题目在本讲错", "stage:追问逻辑": "追问逻辑", "stage:做了全对": "做了全对/一道没做 b.随机抽", "stage:确认错误表象_追问方向": "确认错误表象,追问方向:明"}, "flow_stage_positions": {"stage:biz": 2, "stage:原型": 5, "stage:ai讲错题打分": 6, "stage:界面展示": 13, "stage:左侧设置垂直排列的学习步骤导航": 14, "stage:课程信息区": 21, "stage:标题_读取讲的名称": 22, "stage:ai提问提问": 32, "stage:点击对话": 37, "stage:ai_提问逻辑": 38, "stage:一道题没做的逻辑补一下": 39, "stage:题目来源": 40, "stage:追问逻辑": 45, "stage:做了全对": 54, "stage:确认错误表象_追问方向": 58}, "cross_cutting": [], "cross_cutting_labels": {}, "data_flow_edges": [{"from": "stage:确认错误表象_追问方向", "to": "stage:课程信息区", "from_label": "确认错误表象,追问方向:明", "to_label": "课程信息区"}, {"from": "stage:课程信息区", "to": "stage:ai提问提问", "from_label": "课程信息区", "to_label": "AI提问提问:在课程信息区下方,"}, {"from": "stage:ai提问提问", "to": "stage:biz", "from_label": "AI提问提问:在课程信息区下方,", "to_label": "biz_key: unknown (当前业务)"}, {"from": "stage:biz", "to": "stage:原型", "from_label": "biz_key: unknown (当前业务)", "to_label": "原型"}, {"from": "stage:原型", "to": "stage:ai讲错题打分", "from_label": "原型", "to_label": "AI讲错题打分"}, {"from": "stage:ai讲错题打分", "to": "stage:界面展示", "from_label": "AI讲错题打分", "to_label": "界面展示"}, {"from": "stage:界面展示", "to": "stage:左侧设置垂直排列的学习步骤导航", "from_label": "界面展示", "to_label": "左侧设置垂直排列的学习步骤导航"}, {"from": "stage:左侧设置垂直排列的学习步骤导航", "to": "stage:标题_读取讲的名称", "from_label": "左侧设置垂直排列的学习步骤导航", "to_label": "标题,读取讲的名称"}, {"from": "stage:标题_读取讲的名称", "to": "stage:点击对话", "from_label": "标题,读取讲的名称", "to_label": "点击对话:点击开始录音"}, {"from": "stage:点击对话", "to": "stage:ai_提问逻辑", "from_label": "点击对话:点击开始录音", "to_label": "AI 提问逻辑"}, {"from": "stage:ai_提问逻辑", "to": "stage:一道题没做的逻辑补一下", "from_label": "AI 提问逻辑", "to_label": "一道题没做的逻辑补一下"}, {"from": "stage:一道题没做的逻辑补一下", "to": "stage:题目来源", "from_label": "一道题没做的逻辑补一下", "to_label": "题目来源:AI 提问的题目在本讲错"}, {"from": "stage:题目来源", "to": "stage:追问逻辑", "from_label": "题目来源:AI 提问的题目在本讲错", "to_label": "追问逻辑"}, {"from": "stage:追问逻辑", "to": "stage:做了全对", "from_label": "追问逻辑", "to_label": "做了全对/一道没做 b.随机抽"}], "data_flow_phase_rank": {"stage:确认错误表象_追问方向": "review_confirm", "stage:课程信息区": "learning_plan", "stage:ai提问提问": "learning_plan"}, "data_flow_order_applied": false}, "ordering_policy": "flow_first_then_cross_cutting", "scenario_cluster_policy": {"default_max_per_scenario": 2}, "profile_constraints": ["strategy_only_not_fact_source"], "strategy_only": 1}}, "request_id": "0d81f2907c0e46cf85b1ed78527a8cb1", "project_id": 8, "multi_pass": true, "generation_mode": "full_functional_regression"}
GEN_DIAG:{"kind": "judge_summary", "pass_count": 104, "repairable_count": 1, "raw_repairable_count": 1, "remaining_repairable_count": 0, "unrepaired_repairable_count": 1, "reject_count": 2, "pending_count": 3, "repaired_case_count": 0, "appended_case_count": 0, "confirmed_pass_out_count": 104, "repaired_pass_out_count": 0, "rejected_out_count": 2, "pending_out_count": 3, "fact_violation_count": 0, "core_flow_covered": false, "reuse_risk_covered": true, "fact_profile_source": "requirement_semantics", "fact_profile_confidence": 0.0, "fact_profile_confirmed_count": 8, "fact_profile_forbidden_count": 0, "fact_profile_pending_count": 0, "generation_id": 0, "request_id": "0d81f2907c0e46cf85b1ed78527a8cb1", "project_id": 8, "multi_pass": true, "generation_mode": "full_functional_regression"}
GEN_DIAG:{"kind": "judge_decision_table", "generation_id": 0, "rows": [{"generation_id": 0, "request_id": "0d81f2907c0e46cf85b1ed78527a8cb1", "case_id": "TC-027", "judge_status": "PENDING", "reject_reason": "", "pending_reason": "contains_pending_logic", "signals": {"violates_confirmed_fact": false, "missing_core_flow": false, "missing_reuse_risk": false, "contains_pending_logic": true, "confirmed_fact_hits": [], "confirmed_fact_violations": [], "reuse_risk_hits": [], "pending_hits": ["若无"], "vague_or_unconfirmed_hits": ["若无"]}, "violates_confirmed_fact": false, "missing_core_flow": false, "missing_reuse_risk": false, "contains_pending_logic": true, "confirmed_fact_hits": [], "confirmed_fact_violations": [], "reuse_risk_hits": [], "pending_hits": ["若无"], "vague_or_unconfirmed_hits": ["若无"], "before_case_snapshot": {"id": "TC-027", "description": "AI响应包含禁止格式-追问内容中出现公式或LaTeX格式时系统自动过滤或提示", "test_module": "异常处理", "preconditions": ["学员正在与AI进行费曼交互", "AI生成的追问内容包含公式、LaTeX或Markdown格式"], "steps": ["1. 学员提交回答后AI生成追问", "2. AI追问内容包含LaTeX格式如'$x^2$'", "3. 检查页面展示的追问内容是否过滤了禁止格式", "4. 检查是否给出格式异常提示"], "test_input": "AI追问内容包含'计算$x^2+y^2$的值'等LaTeX格式", "expected_result": "页面展示时自动过滤或转换LaTeX/Markdown/公式格式为纯文字描述，若无法自动转换则提示'内容格式异常，正在重新生成'并触发AI重新生成不含禁止格式的追问", "priority": "P1", "model_priority_current": "P0", "model_priority": "P0", "legacy_priority": "P0", "priority_final": "P1", "priority_decision_state": "conflict_resolved", "priority_decision_source": "conflict_resolved_by_core_business_rule", "priority_confidence": "medium", "priority_conflict_reason": "model=P0,suggested=P2", "priority_resolution_reason": "core_business_evidence"}, "after_case_snapshot": {}}, {"generation_id": 0, "request_id": "0d81f2907c0e46cf85b1ed78527a8cb1", "case_id": "TC-035", "judge_status": "PENDING", "reject_reason": "", "pending_reason": "contains_pending_logic", "signals": {"violates_confirmed_fact": false, "missing_core_flow": false, "missing_reuse_risk": false, "contains_pending_logic": true, "confirmed_fact_hits": [], "confirmed_fact_violations": [], "reuse_risk_hits": [], "pending_hits": ["关键字段"], "vague_or_unconfirmed_hits": ["关键字段"]}, "violates_confirmed_fact": false, "missing_core_flow": false, "missing_reuse_risk": false, "contains_pending_logic": true, "confirmed_fact_hits": [], "confirmed_fact_violations": [], "reuse_risk_hits": [], "pending_hits": ["关键字段"], "vague_or_unconfirmed_hits": ["关键字段"], "before_case_snapshot": {"id": "TC-035", "description": "错题库数据异常-抽取的错题数据格式损坏或缺失关键字段", "test_module": "异常处理", "preconditions": ["学员本讲存在错题记录", "错题数据中部分题目缺少正确答案或选项内容"], "steps": ["1. 学员进入讲知识错题页面", "2. AI尝试从错题库抽取题目", "3. 抽取到的题目缺少正确答案字段", "4. 检查系统是否跳过异常数据", "5. 检查AI是否从剩余正常题目中抽取"], "test_input": "错题库中3道错题有1道缺少正确答案字段", "expected_result": "系统跳过数据异常的题目，AI从剩余正常题目中抽取1-2道进行提问，若所有错题数据均异常则回退至抽取回答正确的题目，不展示空白或格式错误的问题", "priority": "P2", "model_priority_current": "P1", "model_priority": "P1", "legacy_priority": "P1", "priority_final": "P2", "priority_decision_state": "decided", "priority_decision_source": "p2_cap_guard", "priority_confidence": "high", "priority_conflict_reason": "", "priority_resolution_reason": ""}, "after_case_snapshot": {}}, {"generation_id": 0, "request_id": "0d81f2907c0e46cf85b1ed78527a8cb1", "case_id": "TC-044", "judge_status": "PENDING", "reject_reason": "", "pending_reason": "contains_pending_logic", "signals": {"violates_confirmed_fact": false, "missing_core_flow": false, "missing_reuse_risk": false, "contains_pending_logic": true, "confirmed_fact_hits": [], "confirmed_fact_violations": [], "reuse_risk_hits": [], "pending_hits": ["pending"], "vague_or_unconfirmed_hits": []}, "violates_confirmed_fact": false, "missing_core_flow": false, "missing_reuse_risk": false, "contains_pending_logic": true, "confirmed_fact_hits": [], "confirmed_fact_violations": [], "reuse_risk_hits": [], "pending_hits": ["pending"], "vague_or_unconfirmed_hits": [], "before_case_snapshot": {"id": "TC-044", "description": "一道题没做-显示淡白色文案提示当前还没有做过题 [Pending Confirmation]", "test_module": "AI提问逻辑", "preconditions": ["学员本讲一道题都没做", "学员进入讲知识错题页面"], "steps": ["1. 学员进入讲知识错题页面", "2. 观察页面展示内容"], "test_input": "本讲无任何做题记录", "expected_result": "页面显示淡白色文案提示'当前您还没有做过题，快去做题来检测一下自己的知识掌握程度吧' [Pending Confirmation: 一道题没做的完整逻辑待需求补充确认]", "priority": "P2", "model_priority_current": "P1", "model_priority": "P1", "legacy_priority": "P1", "priority_final": "P2", "priority_decision_state": "decided", "priority_decision_source": "p2_cap_guard", "priority_confidence": "high", "priority_conflict_reason": "", "priority_resolution_reason": ""}, "after_case_snapshot": {}}, {"generation_id": 0, "request_id": "0d81f2907c0e46cf85b1ed78527a8cb1", "case_id": "TC-055", "judge_status": "REJECT", "reject_reason": "semantic_duplicate:TC-107", "pending_reason": "", "signals": {"violates_confirmed_fact": false, "missing_core_flow": false, "missing_reuse_risk": false, "contains_pending_logic": false, "confirmed_fact_hits": [], "confirmed_fact_violations": [], "reuse_risk_hits": [], "pending_hits": [], "vague_or_unconfirmed_hits": []}, "violates_confirmed_fact": false, "missing_core_flow": false, "missing_reuse_risk": false, "contains_pending_logic": false, "confirmed_fact_hits": [], "confirmed_fact_violations": [], "reuse_risk_hits": [], "pending_hits": [], "vague_or_unconfirmed_hits": [], "before_case_snapshot": {"id": "TC-055", "description": "评分维度-思路准确性范围0.0-3.0分，核心知识点和解题结论无偏差得高分", "test_module": "AI讲错题评分", "preconditions": ["学员已完成与AI的4轮交互", "学员回答核心知识点正确、解题结论无偏差"], "steps": ["1. 学员进入讲知识错题页面完成4轮费曼交互", "2. AI完成最终评分", "3. 查看评分结果中思路准确性维度得分"], "test_input": "学员回答内容核心知识点正确、解题结论无偏差", "expected_result": "思路准确性维度得分在2.5-3.0分范围内", "priority": "P2", "model_priority_current": "P2", "model_priority": "P2", "legacy_priority": "P2", "priority_final": "P2", "priority_decision_state": "decided", "priority_decision_source": "model_semantic_consistent", "priority_confidence": "high", "priority_conflict_reason": "", "priority_resolution_reason": ""}, "after_case_snapshot": {"id": "TC-055", "description": "评分维度-思路准确性范围0.0-3.0分，核心知识点和解题结论无偏差得高分", "test_module": "AI讲错题评分", "preconditions": ["学员已完成与AI的4轮交互", "学员回答核心知识点正确、解题结论无偏差"], "steps": ["1. 学员进入讲知识错题页面完成4轮费曼交互", "2. AI完成最终评分", "3. 查看评分结果中思路准确性维度得分"], "test_input": "学员回答内容核心知识点正确、解题结论无偏差", "expected_result": "思路准确性维度得分在2.5-3.0分范围内", "priority": "P2", "model_priority_current": "P2", "model_priority": "P2", "legacy_priority": "P2", "priority_final": "P2", "priority_decision_state": "decided", "priority_decision_source": "model_semantic_consistent", "priority_confidence": "high", "priority_conflict_reason": "", "priority_resolution_reason": ""}}, {"generation_id": 0, "request_id": "0d81f2907c0e46cf85b1ed78527a8cb1", "case_id": "TC-103", "judge_status": "REJECT", "reject_reason": "semantic_duplicate:TC-102", "pending_reason": "", "signals": {"violates_confirmed_fact": false, "missing_core_flow": false, "missing_reuse_risk": false, "contains_pending_logic": false, "confirmed_fact_hits": [], "confirmed_fact_violations": [], "reuse_risk_hits": [], "pending_hits": [], "vague_or_unconfirmed_hits": []}, "violates_confirmed_fact": false, "missing_core_flow": false, "missing_reuse_risk": false, "contains_pending_logic": false, "confirmed_fact_hits": [], "confirmed_fact_violations": [], "reuse_risk_hits": [], "pending_hits": [], "vague_or_unconfirmed_hits": [], "before_case_snapshot": {"id": "TC-103", "description": "督导端讲错题通过提醒点击后自动消失", "test_module": "督导端提醒", "preconditions": ["学员已完成讲错题且AI评分8分及以上", "督导端收到讲错题通过提醒"], "steps": ["1. 督导端收到讲错题通过提醒消息", "2. 点击该提醒"], "test_input": "督导点击讲错题通过提醒", "expected_result": "提醒消息点击后自动消失，不再显示", "priority": "P2", "model_priority_current": "P2", "model_priority": "P2", "legacy_priority": "P2", "priority_final": "P2", "priority_decision_state": "decided", "priority_decision_source": "model_semantic_consistent", "priority_confidence": "high", "priority_conflict_reason": "", "priority_resolution_reason": ""}, "after_case_snapshot": {"id": "TC-103", "description": "督导端讲错题通过提醒点击后自动消失", "test_module": "督导端提醒", "preconditions": ["学员已完成讲错题且AI评分8分及以上", "督导端收到讲错题通过提醒"], "steps": ["1. 督导端收到讲错题通过提醒消息", "2. 点击该提醒"], "test_input": "督导点击讲错题通过提醒", "expected_result": "提醒消息点击后自动消失，不再显示", "priority": "P2", "model_priority_current": "P2", "model_priority": "P2", "legacy_priority": "P2", "priority_final": "P2", "priority_decision_state": "decided", "priority_decision_source": "model_semantic_consistent", "priority_confidence": "high", "priority_conflict_reason": "", "priority_resolution_reason": ""}}], "row_count": 5, "row_count_total": 110, "row_count_reject_pending": 5, "rows_scope": "reject_pending_only", "row_evidence_incomplete": false, "request_id": "0d81f2907c0e46cf85b1ed78527a8cb1", "project_id": 8, "multi_pass": true, "generation_mode": "full_functional_regression"}
GEN_DIAG:{"kind": "review_decision_table", "generation_id": 0, "rows": [{"candidate_index": 1, "signature": "评分结果|综合评分8分以下，页面提示太遗憾了并突出联系督导按钮，同时显示去日清按钮|页面显示'太遗憾了，您对知识点理解还需要加深，快去联系督导老师吧'提示，'联系督导'按钮突出显示，点击后督导端提示消息；'去日清'按钮可点击，点击后进入日清页面|综合评分8分以下", "case_id": "TC-017", "description": "综合评分8分以下，页面提示太遗憾了并突出联系督导按钮，同时显示去日清按钮", "test_module": "评分结果", "expected_result": "页面显示'太遗憾了，您对知识点理解还需要加深，快去联系督导老师吧'提示，'联系督导'按钮突出显示，点击后督导端提示消息；'去日清'按钮可点击，点击后进入日清页面", "flow_stage": "stage:评分结果", "flow_stage_label": "评分结果", "flow_rank": 8, "cross_cutting": [], "scenario_key": "global:ai_score_popup_threshold", "is_scenario_duplicate": false, "duplicate_cluster_id": "SC-001", "duplicate_cluster_size": 10, "duplicate_of_case_id": "", "misordered_against_requirement_flow": false, "expected_result_quality": "assertable", "expected_result_quality_reason": "contains_concrete_assertion", "expected_result_alignment_warning": true, "truncated_text_detected": false, "case_quality": "valid_case", "invalid_case_reason": "", "invalid_case_signals": [], "model_priority_current": "P0", "model_priority": "P0", "legacy_priority": "P0", "priority_final": "P2", "priority_decision_state": "decided", "priority_decision_source": "conflict_resolved_by_non_blocking_experience_rule", "priority_confidence": "medium", "priority_conflict_reason": "model=P0,suggested=P2", "priority_resolution_reason": "explicit_low_value_or_experience_case", "priority_score": 0, "suggested_priority": "P2", "priority_reasons": ["coverage_gain_non_positive", "low_risk_only_covered_rules_penalty", "no_release_blocking_guard"], "selected_by_review_llm": true, "selected_by_review_must_keep": false, "selected_by_review_constraints": false, "review_constraint_reason": "", "review_llm_drop_reason_raw": "", "review_llm_drop_reason": "", "review_llm_drop_reason_resolved": "", "review_llm_drop_reason_source": "", "review_llm_drop_reason_evidence": {}, "has_positive_evidence": false, "has_coverage_signal": false, "has_high_signal": false, "has_competition_signal": false, "review_llm_filter_applied": false, "must_keep_candidate": false, "must_keep_reasons": [], "selected_by_review_gate": true, "retained_final": false, "dropped_stage": "post_review_dedup_or_reorder", "dropped_reason": "drop_post_review_dedup_or_reorder", "rule_keys": [], "bucket": "评分结果|happy", "adds_rule": false, "adds_bucket": false, "high_signal": true, "has_coverage_value": true, "retained_reason": "retained_due_to_coverage_value", "rerank_rank": 103, "focus_score": 0, "covered_rule_ids": ["RULE-002", "RULE-009", "RULE-019", "RULE-020", "RULE-048"], "missing_rule_hits": [], "core_rule_hits": [], "coverage_gain_score": -8, "reuse_risk_hit": false, "hit_must_cover_rule": false, "violates_forbidden_pattern": false, "hits_soft_constraint": false, "satisfies_quality_hint": false}, {"candidate_index": 2, "signature": "异常处理|ai追问重复问题被系统拦截-追问内容与已讨论疑问点重复时自动重新生成|系统通过疑问点记忆模块识别重复追问并拦截，ai重新生成针对未理清逻辑链的追问内容，确保每轮追问聚焦新疑问点，不出现抬杠式重复提问|ai第3轮追问内容与第1轮已澄清的'冰块变水不是液化'重复", "case_id": "TC-112", "description": "AI追问重复问题被系统拦截-追问内容与已讨论疑问点重复时自动重新生成", "test_module": "异常处理", "expected_result": "系统通过疑问点记忆模块识别重复追问并拦截，AI重新生成针对未理清逻辑链的追问内容，确保每轮追问聚焦新疑问点，不出现抬杠式重复提问", "flow_stage": "stage:交互", "flow_stage_label": "交互", "flow_rank": 5, "cross_cutting": ["stage:异常处理"], "scenario_key": "stage:交互:feedback:obj:异常处理_追问_问重", "is_scenario_duplicate": false, "duplicate_cluster_id": "", "duplicate_cluster_size": 0, "duplicate_of_case_id": "", "misordered_against_requirement_flow": true, "expected_result_quality": "assertable", "expected_result_quality_reason": "contains_concrete_assertion", "expected_result_alignment_warning": false, "truncated_text_detected": false, "case_quality": "valid_case", "invalid_case_reason": "", "invalid_case_signals": [], "model_priority_current": "P0", "model_priority": "P0", "legacy_priority": "P0", "priority_final": "P1", "priority_decision_state": "decided", "priority_decision_source": "conflict_resolved_by_conservative_middle_priority", "priority_confidence": "medium", "priority_conflict_reason": "model=P0,suggested=P2", "priority_resolution_reason": "conservative_middle_priority", "priority_score": 0, "suggested_priority": "P2", "priority_reasons": ["no_release_blocking_guard"], "selected_by_review_llm": true, "selected_by_review_must_keep": false, "selected_by_review_constraints": false, "review_constraint_reason": "dropped_by_target_max", "review_llm_drop_reason_raw": "", "review_llm_drop_reason": "selection_tradeoff_omitted", "review_llm_drop_reason_resolved": "selection_tradeoff_omitted", "review_llm_drop_reason_source": "deterministic_backfill", "review_llm_drop_reason_evidence": {"bucket": "异常处理|happy", "priority": "P1", "focus_score": 0, "coverage_gain_score": 0, "selected_case_ids": ["TC-100", "TC-102", "TC-110"], "selected_count_in_bucket": 4, "has_positive_evidence": true, "has_coverage_signal": false, "has_high_signal": false, "has_competition_signal": true, "missing_rule_hits": [], "core_rule_hits": [], "unique_coverage_hits": [], "reuse_risk_hit": false}, "has_positive_evidence": true, "has_coverage_signal": false, "has_high_signal": false, "has_competition_signal": true, "review_llm_filter_applied": false, "must_keep_candidate": false, "must_keep_reasons": [], "selected_by_review_gate": false, "retained_final": false, "dropped_stage": "review_selector", "dropped_reason": "drop_outside_target_window", "rule_keys": [], "bucket": "异常处理|happy", "adds_rule": false, "adds_bucket": false, "high_signal": false, "has_coverage_value": false, "retained_reason": "", "rerank_rank": 0, "focus_score": 0, "covered_rule_ids": [], "missing_rule_hits": [], "core_rule_hits": [], "coverage_gain_score": 0, "reuse_risk_hit": false, "hit_must_cover_rule": false, "violates_forbidden_pattern": false, "hits_soft_constraint": false, "satisfies_quality_hint": false}, {"candidate_index": 3, "signature": "评分结果|评分异常-ai评分计算接口失败时页面展示评分失败提示并提供重试机制|页面展示评分计算失败的提示信息（非空白或崩溃），提供重试按钮，点击重试后若接口恢复则正常加载评分结果并展示对应的太棒啦/太遗憾了页面及按钮，对话内容不丢失|学员完成交互后ai评分接口返回错误或超时无响应", "case_id": "TC-102", "description": "评分异常-AI评分计算接口失败时页面展示评分失败提示并提供重试机制", "test_module": "评分结果", "expected_result": "页面展示评分计算失败的提示信息（非空白或崩溃），提供重试按钮，点击重试后若接口恢复则正常加载评分结果并展示对应的太棒啦/太遗憾了页面及按钮，对话内容不丢失", "flow_stage": "stage:评分结果", "flow_stage_label": "评分结果", "flow_rank": 8, "cross_cutting": [], "scenario_key": "global:ai_score_popup_threshold", "is_scenario_duplicate": true, "duplicate_cluster_id": "SC-001", "duplicate_cluster_size": 10, "duplicate_of_case_id": "TC-017", "misordered_against_requirement_flow": false, "expected_result_quality": "assertable", "expected_result_quality_reason": "contains_concrete_assertion", "expected_result_alignment_warning": true, "truncated_text_detected": false, "case_quality": "valid_case", "invalid_case_reason": "", "invalid_case_signals": [], "model_priority_current": "P0", "model_priority": "P0", "legacy_priority": "P0", "priority_final": "P1", "priority_decision_state": "decided", "priority_decision_source": "conflict_resolved_by_core_business_rule", "priority_confidence": "medium", "priority_conflict_reason": "model=P0,suggested=P2", "priority_resolution_reason": "core_business_evidence", "priority_score": 0, "suggested_priority": "P2", "priority_reasons": ["state_transition_hit", "coverage_gain_non_positive", "low_risk_only_covered_rules_penalty", "no_release_blocking_guard"], "selected_by_review_llm": true, "selected_by_review_must_keep": false, "selected_by_review_constraints": false, "review_constraint_reason": "", "review_llm_drop_reason_raw": "", "review_llm_drop_reason": "", "review_llm_drop_reason_resolved": "", "review_llm_drop_reason_source": "", "review_llm_drop_reason_evidence": {}, "has_positive_evidence": false, "has_coverage_signal": false, "has_high_signal": false, "has_competition_signal": false, "review_llm_filter_applied": false, "must_keep_candidate": false, "must_keep_reasons": [], "selected_by_review_gate": true, "retained_final": true, "dropped_stage": "retained", "dropped_reason": "retained", "rule_keys": [], "bucket": "评分结果|exception", "adds_rule": false, "adds_bucket": false, "high_signal": true, "has_coverage_value": true, "retained_reason": "retained_due_to_coverage_value", "rerank_rank": 51, "focus_score": 2, "covered_rule_ids": ["RULE-001", "RULE-002", "RULE-020", "RULE-048"], "missing_rule_hits": [], "core_rule_hits": [], "coverage_gain_score": -8, "reuse_risk_hit": false, "hit_must_cover_rule": false, "violates_forbidden_pattern": false, "hits_soft_constraint": false, "satisfies_quality_hint": false}, {"candidate_index": 4, "signature": "评分结果|综合评分8分及以上，页面提示太棒啦并自动停留5秒后显示去日清按钮|页面显示'太棒啦，您对知识点的理解非常棒'提示，自动停留5秒后显示'去日清'按钮，点击后进入日清页面|综合评分8分及以上", "case_id": "TC-016", "description": "综合评分8分及以上，页面提示太棒啦并自动停留5秒后显示去日清按钮", "test_module": "评分结果", "expected_result": "页面显示'太棒啦，您对知识点的理解非常棒'提示，自动停留5秒后显示'去日清'按钮，点击后进入日清页面", "flow_stage": "stage:评分结果", "flow_stage_label": "评分结果", "flow_rank": 8, "cross_cutting": [], "scenario_key": "global:ai_score_popup_threshold", "is_scenario_duplicate": true, "duplicate_cluster_id": "SC-001", "duplicate_cluster_size": 10, "duplicate_of_case_id": "TC-017", "misordered_against_requirement_flow": false, "expected_result_quality": "assertable", "expected_result_quality_reason": "contains_concrete_assertion", "expected_result_alignment_warning": true, "truncated_text_detected": false, "case_quality": "valid_case", "invalid_case_reason": "", "invalid_case_signals": [], "model_priority_current": "P0", "model_priority": "P0", "legacy_priority": "P0", "priority_final": "P2", "priority_decision_state": "decided", "priority_decision_source": "conflict_resolved_by_non_blocking_experience_rule", "priority_confidence": "medium", "priority_conflict_reason": "model=P0,suggested=P2", "priority_resolution_reason": "explicit_low_value_or_experience_case", "priority_score": 0, "suggested_priority": "P2", "priority_reasons": ["coverage_gain_non_positive", "low_risk_only_covered_rules_penalty", "no_release_blocking_guard"], "selected_by_review_llm": true, "selected_by_review_must_keep": false, "selected_by_review_constraints": false, "review_constraint_reason": "", "review_llm_drop_reason_raw": "", "review_llm_drop_reason": "", "review_llm_drop_reason_resolved": "", "review_llm_drop_reason_source": "", "review_llm_drop_reason_evidence": {}, "has_positive_evidence": false, "has_coverage_signal": false, "has_high_signal": false, "has_competition_signal": false, "review_llm_filter_applied": false, "must_keep_candidate": false, "must_keep_reasons": [], "selected_by_review_gate": true, "retained_final": false, "dropped_stage": "post_review_dedup_or_reorder", "dropped_reason": "drop_post_review_dedup_or_reorder", "rule_keys": [], "bucket": "评分结果|happy", "adds_rule": false, "adds_bucket": true, "high_signal": true, "has_coverage_value": true, "retained_reason": "retained_default", "rerank_rank": 38, "focus_score": 0, "covered_rule_ids": ["RULE-002", "RULE-009", "RULE-020", "RULE-048"], "missing_rule_hits": [], "core_rule_hits": [], "coverage_gain_score": -8, "reuse_risk_hit": false, "hit_must_cover_rule": false, "violates_forbidden_pattern": false, "hits_soft_constraint": false, "satisfies_quality_hint": false}, {"candidate_index": 5, "signature": "异常处理|交互历史存储失败-ai与学员对话记录因存储服务异常未成功保存|系统在本地缓存交互记录，页面展示存储异常提示但不阻断交互流程，学员可继续完成交互，存储恢复后自动同步历史记录至服务端，督导端可查看完整对话详情|存储服务在交互第2轮时写入失败", "case_id": "TC-104", "description": "交互历史存储失败-AI与学员对话记录因存储服务异常未成功保存", "test_module": "异常处理", "expected_result": "系统在本地缓存交互记录，页面展示存储异常提示但不阻断交互流程，学员可继续完成交互，存储恢复后自动同步历史记录至服务端，督导端可查看完整对话详情", "flow_stage": "stage:讲错题交互", "flow_stage_label": "讲错题交互", "flow_rank": 18, "cross_cutting": ["stage:异常处理"], "scenario_key": "global:ai_supervisor_detail_button_state", "is_scenario_duplicate": false, "duplicate_cluster_id": "SC-002", "duplicate_cluster_size": 33, "duplicate_of_case_id": "", "misordered_against_requirement_flow": false, "expected_result_quality": "assertable", "expected_result_quality_reason": "contains_concrete_assertion", "expected_result_alignment_warning": true, "truncated_text_detected": false, "case_quality": "valid_case", "invalid_case_reason": "", "invalid_case_signals": [], "model_priority_current": "P0", "model_priority": "P0", "legacy_priority": "P0", "priority_final": "P1", "priority_decision_state": "decided", "priority_decision_source": "conflict_resolved_by_high_risk_business_rule", "priority_confidence": "medium", "priority_conflict_reason": "model=P0,suggested=P2", "priority_resolution_reason": "high_risk_guard_or_keyword", "priority_score": 52, "suggested_priority": "P1", "priority_reasons": ["state_transition_hit", "main_workflow_hit", "workflow_blocking", "degraded_but_usable", "low_risk_only_covered_rules_penalty"], "selected_by_review_llm": true, "selected_by_review_must_keep": true, "selected_by_review_constraints": false, "review_constraint_reason": "", "review_llm_drop_reason_raw": "", "review_llm_drop_reason": "", "review_llm_drop_reason_resolved": "", "review_llm_drop_reason_source": "", "review_llm_drop_reason_evidence": {}, "has_positive_evidence": false, "has_coverage_signal": false, "has_high_signal": false, "has_competition_signal": false, "review_llm_filter_applied": false, "must_keep_candidate": true, "must_keep_reasons": ["priority_p0"], "selected_by_review_gate": true, "retained_final": true, "dropped_stage": "retained", "dropped_reason": "retained", "rule_keys": [], "bucket": "异常处理|exception", "adds_rule": false, "adds_bucket": false, "high_signal": true, "has_coverage_value": true, "retained_reason": "retained_due_to_coverage_value", "rerank_rank": 53, "focus_score": 2, "covered_rule_ids": ["RULE-019"], "missing_rule_hits": [], "core_rule_hits": [], "coverage_gain_score": -8, "reuse_risk_hit": false, "hit_must_cover_rule": false, "violates_forbidden_pattern": false, "hits_soft_constraint": false, "satisfies_quality_hint": false}, {"candidate_index": 6, "signature": "异常处理|ai追问响应超时-页面展示超时提示并提供重试机制|页面展示'ai思考时间较长，请稍等或点击重试'提示，提供重试按钮，点击重试后重新请求ai追问生成，已提交的学员回答内容不丢失|学员提交回答后ai追问生成耗时超过30秒未返回", "case_id": "TC-100", "description": "AI追问响应超时-页面展示超时提示并提供重试机制", "test_module": "异常处理", "expected_result": "页面展示'AI思考时间较长，请稍等或点击重试'提示，提供重试按钮，点击重试后重新请求AI追问生成，已提交的学员回答内容不丢失", "flow_stage": "unknown", "flow_stage_label": "unknown", "flow_rank": null, "cross_cutting": ["stage:异常处理"], "scenario_key": "unknown:load_failure:obj:异常处理_追问_问响", "is_scenario_duplicate": false, "duplicate_cluster_id": "", "duplicate_cluster_size": 0, "duplicate_of_case_id": "", "misordered_against_requirement_flow": false, "expected_result_quality": "assertable", "expected_result_quality_reason": "contains_concrete_assertion", "expected_result_alignment_warning": false, "truncated_text_detected": false, "case_quality": "valid_case", "invalid_case_reason": "", "invalid_case_signals": [], "model_priority_current": "P2", "model_priority": "P2", "legacy_priority": "P2", "priority_final": "P2", "priority_decision_state": "decided", "priority_decision_source": "model_semantic_consistent", "priority_confidence": "high", "priority_conflict_reason": "", "priority_resolution_reason": "priority_final_reflected_from_execution_plan", "priority_score": 11, "suggested_priority": "P2", "priority_reasons": ["state_transition_hit", "main_workflow_hit", "coverage_gain_non_positive", "low_risk_only_covered_rules_penalty", "no_release_blocking_guard"], "selected_by_review_llm": true, "selected_by_review_must_keep": false, "selected_by_review_constraints": false, "review_constraint_reason": "", "review_llm_drop_reason_raw": "", "review_llm_drop_reason": "", "review_llm_drop_reason_resolved": "", "review_llm_drop_reason_source": "", "review_llm_drop_reason_evidence": {}, "has_positive_evidence": false, "has_coverage_signal": false, "has_high_signal": false, "has_competition_signal": false, "review_llm_filter_applied": false, "must_keep_candidate": false, "must_keep_reasons": [], "selected_by_review_gate": true, "retained_final": true, "dropped_stage": "retained", "dropped_reason": "retained", "rule_keys": [], "bucket": "异常处理|happy", "adds_rule": false, "adds_bucket": false, "high_signal": true, "has_coverage_value": true, "retained_reason": "retained_due_to_coverage_value", "rerank_rank": 101, "focus_score": 0, "covered_rule_ids": ["RULE-001", "RULE-002", "RULE-020"], "missing_rule_hits": [], "core_rule_hits": [], "coverage_gain_score": -8, "reuse_risk_hit": false, "hit_must_cover_rule": false, "violates_forbidden_pattern": false, "hits_soft_constraint": false, "satisfies_quality_hint": false}, {"candidate_index": 7, "signature": "异常处理|评分结果数据展示异常-提示加载失败并提供刷新重试|页面提示'评分结果加载失败，请刷新重试'，提供刷新按钮，点击后重新请求评分数据，成功后正常展示评分结果和对应提示文案|评分结果数据因服务异常无法正常加载", "case_id": "TC-102", "description": "评分结果数据展示异常-提示加载失败并提供刷新重试", "test_module": "异常处理", "expected_result": "页面提示'评分结果加载失败，请刷新重试'，提供刷新按钮，点击后重新请求评分数据，成功后正常展示评分结果和对应提示文案", "flow_stage": "stage:评分结果展示", "flow_stage_label": "评分结果展示", "flow_rank": 13, "cross_cutting": ["stage:异常处理"], "scenario_key": "global:ai_supervisor_detail_button_state", "is_scenario_duplicate": true, "duplicate_cluster_id": "SC-002", "duplicate_cluster_size": 33, "duplicate_of_case_id": "TC-104", "misordered_against_requirement_flow": true, "expected_result_quality": "assertable", "expected_result_quality_reason": "contains_concrete_assertion", "expected_result_alignment_warning": true, "truncated_text_detected": false, "case_quality": "valid_case", "invalid_case_reason": "", "invalid_case_signals": [], "model_priority_current": "P0", "model_priority": "P0", "legacy_priority": "P0", "priority_final": "P2", "priority_decision_state": "decided", "priority_decision_source": "conflict_resolved_by_non_blocking_experience_rule", "priority_confidence": "medium", "priority_conflict_reason": "model=P0,suggested=P2", "priority_resolution_reason": "explicit_low_value_or_experience_case", "priority_score": 0, "suggested_priority": "P2", "priority_reasons": ["boundary_or_low_risk_validation", "low_risk_supplemental_rule_only", "coverage_gain_non_positive", "low_risk_only_covered_rules_penalty", "no_release_blocking_guard"], "selected_by_review_llm": true, "selected_by_review_must_keep": false, "selected_by_review_constraints": false, "review_constraint_reason": "", "review_llm_drop_reason_raw": "", "review_llm_drop_reason": "", "review_llm_drop_reason_resolved": "", "review_llm_drop_reason_source": "", "review_llm_drop_reason_evidence": {}, "has_positive_evidence": false, "has_coverage_signal": false, "has_high_signal": false, "has_competition_signal": false, "review_llm_filter_applied": false, "must_keep_candidate": false, "must_keep_reasons": [], "selected_by_review_gate": true, "retained_final": true, "dropped_stage": "retained", "dropped_reason": "retained", "rule_keys": [], "bucket": "异常处理|exception", "adds_rule": false, "adds_bucket": false, "high_signal": true, "has_coverage_value": true, "retained_reason": "retained_due_to_coverage_value", "rerank_rank": 58, "focus_score": 2, "covered_rule_ids": ["RULE-002", "RULE-020", "RULE-048"], "missing_rule_hits": [], "core_rule_hits": [], "coverage_gain_score": -16, "reuse_risk_hit": false, "hit_must_cover_rule": false, "violates_forbidden_pattern": false, "hits_soft_constraint": false, "satisfies_quality_hint": false}, {"candidate_index": 8, "signature": "评分结果|评分边界值-综合评分7.9分（略低于8.0阈值）时系统按低于8分处理显示太遗憾了提示及联系督导和去日清按钮|页面显示'太遗憾了，您对知识点理解还需要加深，快去联系督导老师吧'提示，'联系督导'按钮突出显示，'去日清'按钮同时可用，7.9分严格按<8阈值判定不触发太棒啦逻辑，无舍入或向上取整导致误判为通过|ai综合评分计算为7.9分", "case_id": "TC-099", "description": "评分边界值-综合评分7.9分（略低于8.0阈值）时系统按低于8分处理显示太遗憾了提示及联系督导和去日清按钮", "test_module": "评分结果", "expected_result": "页面显示'太遗憾了，您对知识点理解还需要加深，快去联系督导老师吧'提示，'联系督导'按钮突出显示，'去日清'按钮同时可用，7.9分严格按<8阈值判定不触发太棒啦逻辑，无舍入或向上取整导致误判为通过", "flow_stage": "stage:评分结果", "flow_stage_label": "评分结果", "flow_rank": 8, "cross_cutting": [], "scenario_key": "global:ai_score_popup_threshold", "is_scenario_duplicate": false, "duplicate_cluster_id": "SC-003", "duplicate_cluster_size": 3, "duplicate_of_case_id": "", "misordered_against_requirement_flow": true, "expected_result_quality": "assertable", "expected_result_quality_reason": "contains_concrete_assertion", "expected_result_alignment_warning": false, "truncated_text_detected": false, "case_quality": "valid_case", "invalid_case_reason": "", "invalid_case_signals": [], "model_priority_current": "P0", "model_priority": "P0", "legacy_priority": "P0", "priority_final": "P2", "priority_decision_state": "decided", "priority_decision_source": "conflict_resolved_by_non_blocking_experience_rule", "priority_confidence": "medium", "priority_conflict_reason": "model=P0,suggested=P2", "priority_resolution_reason": "explicit_low_value_or_experience_case", "priority_score": 0, "suggested_priority": "P2", "priority_reasons": ["boundary_or_low_risk_validation", "low_risk_supplemental_rule_only", "coverage_gain_non_positive", "low_risk_only_covered_rules_penalty", "no_release_blocking_guard"], "selected_by_review_llm": true, "selected_by_review_must_keep": false, "selected_by_review_constraints": false, "review_constraint_reason": "", "review_llm_drop_reason_raw": "", "review_llm_drop_reason": "", "review_llm_drop_reason_resolved": "", "review_llm_drop_reason_source": "", "review_llm_drop_reason_evidence": {}, "has_positive_evidence": false, "has_coverage_signal": false, "has_high_signal": false, "has_competition_signal": false, "review_llm_filter_applied": false, "must_keep_candidate": false, "must_keep_reasons": [], "selected_by_review_gate": true, "retained_final": true, "dropped_stage": "retained", "dropped_reason": "retained", "rule_keys": [], "bucket": "评分结果|boundary", "adds_rule": false, "adds_bucket": true, "high_signal": true, "has_coverage_value": true, "retained_reason": "retained_default", "rerank_rank": 10, "focus_score": 2, "covered_rule_ids": ["RULE-002", "RULE-009", "RULE-019"], "missing_rule_hits": [], "core_rule_hits": [], "coverage_gain_score": -16, "reuse_risk_hit": false, "hit_must_cover_rule": false, "violates_forbidden_pattern": false, "hits_soft_constraint": false, "satisfies_quality_hint": false}, {"candidate_index": 9, "signature": "评分结果|评分异常-ai返回评分值超出0.0-10.0有效范围时系统进行边界修正并按修正值正常展示结果页面|系统对超出有效范围的评分值进行边界修正（超出上限修正为10.0，超出下限修正为0.0），页面按修正后的评分值正常展示对应结果页面（10.0分显示太棒啦提示，0.0分显示太遗憾了提示），不出现异常显示、空白页面或数值溢出|ai评分接口返回10.5分（超出上限）或-0.5分（超出下限）", "case_id": "TC-103", "description": "评分异常-AI返回评分值超出0.0-10.0有效范围时系统进行边界修正并按修正值正常展示结果页面", "test_module": "评分结果", "expected_result": "系统对超出有效范围的评分值进行边界修正（超出上限修正为10.0，超出下限修正为0.0），页面按修正后的评分值正常展示对应结果页面（10.0分显示太棒啦提示，0.0分显示太遗憾了提示），不出现异常显示、空白页面或数值溢出", "flow_stage": "stage:评分结果", "flow_stage_label": "评分结果", "flow_rank": 8, "cross_cutting": [], "scenario_key": "global:ai_score_popup_threshold", "is_scenario_duplicate": true, "duplicate_cluster_id": "SC-001", "duplicate_cluster_size": 10, "duplicate_of_case_id": "TC-017", "misordered_against_requirement_flow": true, "expected_result_quality": "non_assertable", "expected_result_quality_reason": "template_or_weak_assertion", "expected_result_alignment_warning": true, "truncated_text_detected": false, "case_quality": "valid_case", "invalid_case_reason": "", "invalid_case_signals": [], "model_priority_current": "P0", "model_priority": "P0", "legacy_priority": "P0", "priority_final": "P2", "priority_decision_state": "decided", "priority_decision_source": "conflict_resolved_by_non_blocking_experience_rule", "priority_confidence": "medium", "priority_conflict_reason": "model=P0,suggested=P2", "priority_resolution_reason": "explicit_low_value_or_experience_case", "priority_score": 0, "suggested_priority": "P2", "priority_reasons": ["boundary_or_low_risk_validation", "low_risk_supplemental_rule_only", "coverage_gain_non_positive", "low_risk_only_covered_rules_penalty", "no_release_blocking_guard"], "selected_by_review_llm": true, "selected_by_review_must_keep": false, "selected_by_review_constraints": false, "review_constraint_reason": "", "review_llm_drop_reason_raw": "", "review_llm_drop_reason": "", "review_llm_drop_reason_resolved": "", "review_llm_drop_reason_source": "", "review_llm_drop_reason_evidence": {}, "has_positive_evidence": false, "has_coverage_signal": false, "has_high_signal": false, "has_competition_signal": false, "review_llm_filter_applied": false, "must_keep_candidate": false, "must_keep_reasons": [], "selected_by_review_gate": true, "retained_final": false, "dropped_stage": "post_review_dedup_or_reorder", "dropped_reason": "drop_post_review_dedup_or_reorder", "rule_keys": [], "bucket": "评分结果|exception", "adds_rule": false, "adds_bucket": false, "high_signal": true, "has_coverage_value": true, "retained_reason": "retained_due_to_coverage_value", "rerank_rank": 47, "focus_score": 4, "covered_rule_ids": ["RULE-001"], "missing_rule_hits": [], "core_rule_hits": [], "coverage_gain_score": -16, "reuse_risk_hit": false, "hit_must_cover_rule": false, "violates_forbidden_pattern": false, "hits_soft_constraint": false, "satisfies_quality_hint": false}, {"candidate_index": 10, "signature": "异常处理|ai响应包含禁止格式-追问内容中出现公式或latex格式时系统自动过滤或提示|页面展示时自动过滤或转换latex/markdown/公式格式为纯文字描述，若无法自动转换则提示'内容格式异常，正在重新生成'并触发ai重新生成不含禁止格式的追问|ai追问内容包含'计算$x^2+y^2$的值'等latex格式", "case_id": "TC-107", "description": "AI响应包含禁止格式-追问内容中出现公式或LaTeX格式时系统自动过滤或提示", "test_module": "异常处理", "expected_result": "页面展示时自动过滤或转换LaTeX/Markdown/公式格式为纯文字描述，若无法自动转换则提示'内容格式异常，正在重新生成'并触发AI重新生成不含禁止格式的追问", "flow_stage": "stage:交互", "flow_stage_label": "交互", "flow_rank": 5, "cross_cutting": ["stage:异常处理"], "scenario_key": "stage:交互:title_format:obj:异常处理_响应_应包", "is_scenario_duplicate": false, "duplicate_cluster_id": "", "duplicate_cluster_size": 0, "duplicate_of_case_id": "", "misordered_against_requirement_flow": true, "expected_result_quality": "assertable", "expected_result_quality_reason": "contains_concrete_assertion", "expected_result_alignment_warning": false, "truncated_text_detected": false, "case_quality": "valid_case", "invalid_case_reason": "", "invalid_case_signals": [], "model_priority_current": "P2", "model_priority": "P2", "legacy_priority": "P2", "priority_final": "P0", "priority_decision_state": "decided", "priority_decision_source": "strong_p0_signal_guard", "priority_confidence": "medium", "priority_conflict_reason": "", "priority_resolution_reason": "", "priority_score": 15, "suggested_priority": "P2", "priority_reasons": ["main_workflow_hit", "boundary_or_low_risk_validation", "no_release_blocking_guard"], "selected_by_review_llm": true, "selected_by_review_must_keep": true, "selected_by_review_constraints": false, "review_constraint_reason": "", "review_llm_drop_reason_raw": "", "review_llm_drop_reason": "", "review_llm_drop_reason_resolved": "", "review_llm_drop_reason_source": "", "review_llm_drop_reason_evidence": {}, "has_positive_evidence": false, "has_coverage_signal": false, "has_high_signal": false, "has_competition_signal": false, "review_llm_filter_applied": false, "must_keep_candidate": true, "must_keep_reasons": ["priority_p0"], "selected_by_review_gate": true, "retained_final": false, "dropped_stage": "post_review_dedup_or_reorder", "dropped_reason": "drop_post_review_dedup_or_reorder", "rule_keys": [], "bucket": "异常处理|exception", "adds_rule": false, "adds_bucket": false, "high_signal": true, "has_coverage_value": false, "retained_reason": "retained_default", "rerank_rank": 105, "focus_score": 2, "covered_rule_ids": [], "missing_rule_hits": [], "core_rule_hits": [], "coverage_gain_score": 0, "reuse_risk_hit": false, "hit_must_cover_rule": false, "violates_forbidden_pattern": false, "hits_soft_constraint": false, "satisfies_quality_hint": false}, {"candidate_index": 11, "signature": "异常处理|重复提交防护-学员快速多次点击完成或提交按钮防止产生重复记录|系统仅提交一次回答，后续点击被防重复提交机制拦截，对话区域仅展示一条回答记录，按钮在提交过程中显示加载状态并临时禁用|学员在1秒内连续点击完成按钮3次", "case_id": "TC-106", "description": "重复提交防护-学员快速多次点击完成或提交按钮防止产生重复记录", "test_module": "异常处理", "expected_result": "系统仅提交一次回答，后续点击被防重复提交机制拦截，对话区域仅展示一条回答记录，按钮在提交过程中显示加载状态并临时禁用", "flow_stage": "unknown", "flow_stage_label": "unknown", "flow_rank": null, "cross_cutting": ["stage:异常处理"], "scenario_key": "global:ai_supervisor_detail_button_state", "is_scenario_duplicate": true, "duplicate_cluster_id": "SC-002", "duplicate_cluster_size": 33, "duplicate_of_case_id": "TC-104", "misordered_against_requirement_flow": false, "expected_result_quality": "assertable", "expected_result_quality_reason": "contains_concrete_assertion", "expected_result_alignment_warning": true, "truncated_text_detected": false, "case_quality": "valid_case", "invalid_case_reason": "", "invalid_case_signals": [], "model_priority_current": "P0", "model_priority": "P0", "legacy_priority": "P0", "priority_final": "P1", "priority_decision_state": "decided", "priority_decision_source": "conflict_resolved_by_core_business_rule", "priority_confidence": "medium", "priority_conflict_reason": "model=P0,suggested=P2", "priority_resolution_reason": "core_business_evidence", "priority_score": 11, "suggested_priority": "P2", "priority_reasons": ["main_workflow_hit", "coverage_gain_non_positive", "low_risk_only_covered_rules_penalty", "no_release_blocking_guard"], "selected_by_review_llm": true, "selected_by_review_must_keep": false, "selected_by_review_constraints": false, "review_constraint_reason": "", "review_llm_drop_reason_raw": "", "review_llm_drop_reason": "", "review_llm_drop_reason_resolved": "", "review_llm_drop_reason_source": "", "review_llm_drop_reason_evidence": {}, "has_positive_evidence": false, "has_coverage_signal": false, "has_high_signal": false, "has_competition_signal": false, "review_llm_filter_applied": false, "must_keep_candidate": false, "must_keep_reasons": [], "selected_by_review_gate": true, "retained_final": true, "dropped_stage": "retained", "dropped_reason": "retained", "rule_keys": [], "bucket": "异常处理|state", "adds_rule": false, "adds_bucket": true, "high_signal": true, "has_coverage_value": true, "retained_reason": "retained_default", "rerank_rank": 12, "focus_score": 1, "covered_rule_ids": ["RULE-002", "RULE-020", "RULE-048"], "missing_rule_hits": [], "core_rule_hits": [], "coverage_gain_score": -8, "reuse_risk_hit": false, "hit_must_cover_rule": false, "violates_forbidden_pattern": false, "hits_soft_constraint": false, "satisfies_quality_hint": false}, {"candidate_index": 12, "signature": "异常处理|网络异常-ai提问生成失败时页面展示错误提示并支持重试|页面展示网络异常提示信息，提供重试按钮，点击重试后网络恢复则正常加载ai提问|断网状态下进入讲知识错题页面", "case_id": "TC-063", "description": "网络异常-AI提问生成失败时页面展示错误提示并支持重试", "test_module": "异常处理", "expected_result": "页面展示网络异常提示信息，提供重试按钮，点击重试后网络恢复则正常加载AI提问", "flow_stage": "unknown", "flow_stage_label": "unknown", "flow_rank": null, "cross_cutting": ["stage:异常处理"], "scenario_key": "unknown:network_error:obj:异常处理_网络异常_提问", "is_scenario_duplicate": false, "duplicate_cluster_id": "", "duplicate_cluster_size": 0, "duplicate_of_case_id": "", "misordered_against_requirement_flow": false, "expected_result_quality": "assertable", "expected_result_quality_reason": "contains_concrete_assertion", "expected_result_alignment_warning": false, "truncated_text_detected": false, "case_quality": "valid_case", "invalid_case_reason": "", "invalid_case_signals": [], "model_priority_current": "P0", "model_priority": "P0", "legacy_priority": "P0", "priority_final": "P1", "priority_decision_state": "decided", "priority_decision_source": "conflict_resolved_by_core_business_rule", "priority_confidence": "medium", "priority_conflict_reason": "model=P0,suggested=P2", "priority_resolution_reason": "core_business_evidence", "priority_score": 0, "suggested_priority": "P2", "priority_reasons": ["state_transition_hit", "coverage_gain_non_positive", "low_risk_only_covered_rules_penalty", "no_release_blocking_guard"], "selected_by_review_llm": true, "selected_by_review_must_keep": false, "selected_by_review_constraints": false, "review_constraint_reason": "", "review_llm_drop_reason_raw": "", "review_llm_drop_reason": "", "review_llm_drop_reason_resolved": "", "review_llm_drop_reason_source": "", "review_llm_drop_reason_evidence": {}, "has_positive_evidence": false, "has_coverage_signal": false, "has_high_signal": false, "has_competition_signal": false, "review_llm_filter_applied": false, "must_keep_candidate": false, "must_keep_reasons": [], "selected_by_review_gate": true, "retained_final": true, "dropped_stage": "retained", "dropped_reason": "retained", "rule_keys": [], "bucket": "异常处理|exception", "adds_rule": false, "adds_bucket": true, "high_signal": true, "has_coverage_value": true, "retained_reason": "retained_default", "rerank_rank": 5, "focus_score": 3, "covered_rule_ids": ["RULE-002", "RULE-007", "RULE-020"], "missing_rule_hits": [], "core_rule_hits": [], "coverage_gain_score": -8, "reuse_risk_hit": false, "hit_must_cover_rule": false, "violates_forbidden_pattern": false, "hits_soft_constraint": false, "satisfies_quality_hint": false}, {"candidate_index": 13, "signature": "ai讲错题评分|评分维度-步骤完整性范围0.0-3.0分，解题步骤连贯且关键逻辑不遗漏得高分|步骤完整性维度得分在2.5-3.0分范围内|学员回答解题步骤连贯、关键逻辑无遗漏", "case_id": "TC-027", "description": "评分维度-步骤完整性范围0.0-3.0分，解题步骤连贯且关键逻辑不遗漏得高分", "test_module": "AI讲错题评分", "expected_result": "步骤完整性维度得分在2.5-3.0分范围内", "flow_stage": "stage:ai讲错题评分", "flow_stage_label": "AI讲错题评分", "flow_rank": 9, "cross_cutting": [], "scenario_key": "stage:ai讲错题评分:workflow_navigation:obj:讲错_错题_题评", "is_scenario_duplicate": false, "duplicate_cluster_id": "SC-005", "duplicate_cluster_size": 3, "duplicate_of_case_id": "", "misordered_against_requirement_flow": true, "expected_result_quality": "assertable", "expected_result_quality_reason": "contains_concrete_assertion", "expected_result_alignment_warning": true, "truncated_text_detected": false, "case_quality": "valid_case", "invalid_case_reason": "", "invalid_case_signals": [], "model_priority_current": "P0", "model_priority": "P0", "legacy_priority": "P0", "priority_final": "P0", "priority_decision_state": "decided", "priority_decision_source": "conflict_resolved_by_non_blocking_experience_rule", "priority_confidence": "medium", "priority_conflict_reason": "model=P0,suggested=P2", "priority_resolution_reason": "explicit_low_value_or_experience_case", "priority_score": 0, "suggested_priority": "P2", "priority_reasons": ["coverage_gain_non_positive", "low_risk_only_covered_rules_penalty", "no_release_blocking_guard"], "selected_by_review_llm": true, "selected_by_review_must_keep": false, "selected_by_review_constraints": false, "review_constraint_reason": "", "review_llm_drop_reason_raw": "", "review_llm_drop_reason": "", "review_llm_drop_reason_resolved": "", "review_llm_drop_reason_source": "", "review_llm_drop_reason_evidence": {}, "has_positive_evidence": false, "has_coverage_signal": false, "has_high_signal": false, "has_competition_signal": false, "review_llm_filter_applied": false, "must_keep_candidate": false, "must_keep_reasons": [], "selected_by_review_gate": true, "retained_final": true, "dropped_stage": "retained", "dropped_reason": "retained", "rule_keys": [], "bucket": "ai讲错题评分|happy", "adds_rule": false, "adds_bucket": false, "high_signal": true, "has_coverage_value": true, "retained_reason": "retained_due_to_coverage_value", "rerank_rank": 82, "focus_score": 0, "covered_rule_ids": ["RULE-007"], "missing_rule_hits": [], "core_rule_hits": [], "coverage_gain_score": -8, "reuse_risk_hit": false, "hit_must_cover_rule": false, "violates_forbidden_pattern": false, "hits_soft_constraint": false, "satisfies_quality_hint": false}, {"candidate_index": 14, "signature": "ai讲错题评分|评分维度-思路准确性范围0.0-3.0分，核心知识点和解题结论无偏差得高分|思路准确性维度得分在2.5-3.0分范围内|学员回答内容核心知识点正确、解题结论无偏差", "case_id": "TC-026", "description": "评分维度-思路准确性范围0.0-3.0分，核心知识点和解题结论无偏差得高分", "test_module": "AI讲错题评分", "expected_result": "思路准确性维度得分在2.5-3.0分范围内", "flow_stage": "stage:ai讲错题评分", "flow_stage_label": "AI讲错题评分", "flow_rank": 9, "cross_cutting": [], "scenario_key": "global:ai_answer_irrelevant_score_zero", "is_scenario_duplicate": false, "duplicate_cluster_id": "SC-006", "duplicate_cluster_size": 3, "duplicate_of_case_id": "", "misordered_against_requirement_flow": true, "expected_result_quality": "assertable", "expected_result_quality_reason": "contains_concrete_assertion", "expected_result_alignment_warning": true, "truncated_text_detected": false, "case_quality": "valid_case", "invalid_case_reason": "", "invalid_case_signals": [], "model_priority_current": "P0", "model_priority": "P0", "legacy_priority": "P0", "priority_final": "P2", "priority_decision_state": "decided", "priority_decision_source": "conflict_resolved_by_non_blocking_experience_rule", "priority_confidence": "medium", "priority_conflict_reason": "model=P0,suggested=P2", "priority_resolution_reason": "explicit_low_value_or_experience_case", "priority_score": 0, "suggested_priority": "P2", "priority_reasons": ["coverage_gain_non_positive", "low_risk_only_covered_rules_penalty", "no_release_blocking_guard"], "selected_by_review_llm": true, "selected_by_review_must_keep": false, "selected_by_review_constraints": false, "review_constraint_reason": "", "review_llm_drop_reason_raw": "", "review_llm_drop_reason": "", "review_llm_drop_reason_resolved": "", "review_llm_drop_reason_source": "", "review_llm_drop_reason_evidence": {}, "has_positive_evidence": false, "has_coverage_signal": false, "has_high_signal": false, "has_competition_signal": false, "review_llm_filter_applied": false, "must_keep_candidate": false, "must_keep_reasons": [], "selected_by_review_gate": true, "retained_final": false, "dropped_stage": "post_review_dedup_or_reorder", "dropped_reason": "drop_post_review_dedup_or_reorder", "rule_keys": [], "bucket": "ai讲错题评分|happy", "adds_rule": false, "adds_bucket": true, "high_signal": true, "has_coverage_value": true, "retained_reason": "retained_default", "rerank_rank": 36, "focus_score": 0, "covered_rule_ids": ["RULE-007"], "missing_rule_hits": [], "core_rule_hits": [], "coverage_gain_score": -8, "reuse_risk_hit": false, "hit_must_cover_rule": false, "violates_forbidden_pattern": false, "hits_soft_constraint": false, "satisfies_quality_hint": false}, {"candidate_index": 15, "signature": "ai讲错题评分|评分维度-表达清晰度范围0.0-4.0分，步骤表述通顺且逻辑衔接自然得高分|表达清晰度维度得分在3.0-4.0分范围内|学员回答步骤表述通顺、逻辑衔接自然", "case_id": "TC-028", "description": "评分维度-表达清晰度范围0.0-4.0分，步骤表述通顺且逻辑衔接自然得高分", "test_module": "AI讲错题评分", "expected_result": "表达清晰度维度得分在3.0-4.0分范围内", "flow_stage": "stage:ai讲错题评分", "flow_stage_label": "AI讲错题评分", "flow_rank": 9, "cross_cutting": [], "scenario_key": "stage:ai讲错题评分:workflow_navigation:obj:讲错_错题_题评", "is_scenario_duplicate": true, "duplicate_cluster_id": "SC-005", "duplicate_cluster_size": 3, "duplicate_of_case_id": "TC-027", "misordered_against_requirement_flow": true, "expected_result_quality": "assertable", "expected_result_quality_reason": "contains_concrete_assertion", "expected_result_alignment_warning": true, "truncated_text_detected": false, "case_quality": "valid_case", "invalid_case_reason": "", "invalid_case_signals": [], "model_priority_current": "P0", "model_priority": "P0", "legacy_priority": "P0", "priority_final": "P2", "priority_decision_state": "decided", "priority_decision_source": "conflict_resolved_by_non_blocking_experience_rule", "priority_confidence": "medium", "priority_conflict_reason": "model=P0,suggested=P2", "priority_resolution_reason": "explicit_low_value_or_experience_case", "priority_score": 0, "suggested_priority": "P2", "priority_reasons": ["coverage_gain_non_positive", "low_risk_only_covered_rules_penalty", "no_release_blocking_guard"], "selected_by_review_llm": true, "selected_by_review_must_keep": false, "selected_by_review_constraints": false, "review_constraint_reason": "", "review_llm_drop_reason_raw": "", "review_llm_drop_reason": "", "review_llm_drop_reason_resolved": "", "review_llm_drop_reason_source": "", "review_llm_drop_reason_evidence": {}, "has_positive_evidence": false, "has_coverage_signal": false, "has_high_signal": false, "has_competition_signal": false, "review_llm_filter_applied": false, "must_keep_candidate": false, "must_keep_reasons": [], "selected_by_review_gate": true, "retained_final": true, "dropped_stage": "retained", "dropped_reason": "retained", "rule_keys": [], "bucket": "ai讲错题评分|happy", "adds_rule": false, "adds_bucket": false, "high_signal": true, "has_coverage_value": true, "retained_reason": "retained_due_to_coverage_value", "rerank_rank": 83, "focus_score": 0, "covered_rule_ids": ["RULE-007"], "missing_rule_hits": [], "core_rule_hits": [], "coverage_gain_score": -8, "reuse_risk_hit": false, "hit_must_cover_rule": false, "violates_forbidden_pattern": false, "hits_soft_constraint": false, "satisfies_quality_hint": false}], "row_count": 15, "row_count_total": 121, "rows_scope": "sampled_due_to_size", "request_id": "0d81f2907c0e46cf85b1ed78527a8cb1", "project_id": 8, "multi_pass": true, "generation_mode": "full_functional_regression"}
GEN_DIAG:{"kind": "generation_quality_ledger", "generation_id": 0, "request_id": "0d81f2907c0e46cf85b1ed78527a8cb1", "generation_mode": "full_functional_regression", "final_count": 85, "quality_assessment": "medium", "initial_quality_score": 38, "quality_score": 38, "quality_score_grade": "critical", "quality_score_source": "backend_diagnostic_v1", "quality_score_basis": "coverage+review+judge+funnel+context+manual_profile", "quality_score_confidence": "high", "quality_score_deductions": [{"key": "coverage_gap", "label": "规则覆盖缺口", "count": 0.1522, "points": 5.33}, {"key": "missing_rules", "label": "未覆盖阻断规则", "count": 7, "points": 30.0}, {"key": "missing_exception", "label": "缺少异常覆盖", "count": 1, "points": 2.0}, {"key": "judge_rejected", "label": "判定拒绝", "count": 2, "points": 6.0}, {"key": "judge_pending", "label": "待确认逻辑", "count": 3, "points": 4.5}, {"key": "low_quality_dropped", "label": "低质量用例被过滤", "count": 2, "points": 6.0}, {"key": "semantic_dedup", "label": "语义去重压力", "count": 14, "points": 7.0}, {"key": "manual_priority_distribution_drift", "label": "人工画像优先级分布偏移", "count": 0.0941, "points": 1.13}], "quality_score_inputs": {"coverage_rate": 0.8478, "total_rules": 46, "missing_rules_count": 7, "final_count": 85, "candidate_total": 121, "retained_total": 85, "judge_total": 110, "rejected_count": 2, "pending_count": 3, "repairable_count": 0, "raw_repairable_count": 1, "repaired_pass_count": 0, "unrepaired_repairable_count": 1, "fact_profile_forbidden_count": 0, "fact_violation_count": 0, "flow_missing_count": 0, "flow_misordered_count": 0, "scenario_duplicate_cluster_count": 0, "scenario_duplicate_case_count": 0, "low_quality_dropped_count": 2, "semantic_dedup_dropped_count": 0, "semantic_dedup_pressure_count": 24, "semantic_dedup_penalty_count": 14, "structure_metric_scope": "final_cases", "manual_quality_profile_applied": true, "manual_quality_profile_version": "d7ad8a659c760415", "manual_high_priority_ratio_shortfall": 0.0, "manual_display_ratio_excess": 0.0, "manual_priority_distribution_drift": 0.0941, "manual_module_distribution_drift": 0.0}, "manual_delivery": {"applied": true, "profile_source": "priority_sample_pool_manual_verified", "profile_version": "d7ad8a659c760415", "profile_trusted_sample_count": 51, "raw_target_high_priority_ratio": 0.9375, "target_high_priority_ratio": 0.6, "high_priority_target_calibrated": true, "high_priority_target_calibration_reason": "full_functional_regression_suite_mix_cap", "final_high_priority_ratio": 0.6941, "high_priority_ratio_shortfall": 0.0, "effective_priority_distribution_target": {"P0": 0.04, "P1": 0.56, "P2": 0.4}, "target_display_ratio_cap": 0.45, "final_display_ratio": 0.1294, "display_ratio_excess": 0.0, "priority_distribution_drift": 0.0941, "module_distribution_drift": 0.0}, "stop_reason": ["stopped_due_to_diminishing_returns"], "coverage": {"coverage_rate": 0.8478, "total_rules": 46, "total_extracted_rules": 54, "missing_rules_count": 7, "missing_boundary_count": 0, "missing_exception_count": 1, "non_blocking_rules_count": 8}, "funnel": {"primary_count": 99, "gap_count": 22, "review_count": 109, "candidate_count_before_review": 121, "review_selected_count": 109, "post_review_dedup_drop": 24, "final_description_dedup_drop_count": 0, "total_dedup_drop_count": 24, "low_quality_dropped_count": 2, "low_quality_dropped_examples": [{"stage": "post_judge_quality_filter", "reason": "non_assertable_expected_result", "case_id": "TC-022", "test_module": "评分结果", "priority": "P2", "description": "评分异常-AI返回评分值超出0.0-10.0有效范围时系统进行边界修正并按修正值正常展示结果页面", "expected_result": "系统对超出有效范围的评分值进行边界修正（超出上限修正为10.0，超出下限修正为0.0），页面按修正后的评分值正常展示对应结果页面（10.0分显示太棒啦提示，0.0分显示太遗憾了提示），不出现异常显示、空白页面或数值溢出"}, {"stage": "post_judge_quality_filter", "reason": "non_assertable_expected_result", "case_id": "TC-060", "test_module": "入口与导航", "priority": "P2", "description": "点击打印按钮，弹窗选择打印内容", "expected_result": "弹出打印内容选择弹窗，弹窗中包含可选择的打印内容选项，选择后可触发打印流程"}], "semantic_dedup_dropped_count": 0}, "review": {"candidate_total": 121, "retained_total": 85, "drop_by_review_llm_count": 0, "drop_by_review_gate_count": 0, "drop_by_post_review_dedup_count": 24, "drop_final_description_duplicate_count": 0, "flow_missing_stage_count": 0, "flow_misordered_count": 96, "final_flow_missing_stage_count": 0, "final_flow_misordered_count": 0, "scenario_duplicate_cluster_count": 35, "scenario_duplicate_case_count": 94, "final_scenario_duplicate_cluster_count": 0, "final_scenario_duplicate_case_count": 0, "fact_profile_forbidden_count": 0, "fact_profile_pending_count": 0}, "judge": {"total": 110, "rejected_out_count": 2, "pending_out_count": 3, "repairable_count": 0, "raw_repairable_count": 1, "repaired_pass_out_count": 0, "unrepaired_repairable_count": 1, "fact_violation_count": 0, "rejected_total": 2, "reason_clusters": {"semantic_duplicate": 2}, "dominant_reason": "semantic_duplicate"}, "context": {"snapshot_status": "success", "snapshot_used": true, "realtime_rag_used": true, "current_document_used": true, "fusion_mode": "snapshot+rag", "compression_ratio": 0.2839, "retained_chunk_count": 1}, "control": {"control_state_applied": true, "generation_coverage_mode": "full_functional_regression", "must_cover_rules_count": 0, "quality_fix_hints_count": 14}, "case_quality_gate": {"kind": "case_quality_gate", "mode": "shadow", "passed": false, "blocked": false, "failure_reasons": ["quality_score_critical"], "metrics": {"final_count": 85, "min_acceptable_final": 85, "quality_score": 38, "quality_score_grade": "critical", "final_scenario_duplicate_case_count": 0, "final_flow_misordered_count": 0, "judge_rejected_count": 2, "reasoning_leak_count": 0, "role_mismatch_count": 0}}, "project_id": 8, "multi_pass": true}
GEN_DIAG:{"kind": "case_quality_gate", "mode": "shadow", "passed": false, "blocked": false, "failure_reasons": ["quality_score_critical"], "metrics": {"final_count": 85, "min_acceptable_final": 85, "quality_score": 38, "quality_score_grade": "critical", "final_scenario_duplicate_case_count": 0, "final_flow_misordered_count": 0, "judge_rejected_count": 2, "reasoning_leak_count": 0, "role_mismatch_count": 0}, "generation_id": 0, "request_id": "0d81f2907c0e46cf85b1ed78527a8cb1", "project_id": 8, "multi_pass": true, "generation_mode": "full_functional_regression"}
GEN_DIAG:{"kind": "coverage_check", "total_rules": 46, "total_extracted_rules": 54, "non_blocking_rules": ["RULE-005", "RULE-014", "RULE-018", "RULE-035", "RULE-037", "RULE-038", "RULE-039", "RULE-040"], "covered_rules": ["RULE-001", "RULE-002", "RULE-003", "RULE-004", "RULE-006", "RULE-007", "RULE-008", "RULE-009", "RULE-010", "RULE-011", "RULE-012", "RULE-013", "RULE-015", "RULE-016", "RULE-017", "RULE-019", "RULE-020", "RULE-021", "RULE-022", "RULE-023", "RULE-024", "RULE-025", "RULE-026", "RULE-027", "RULE-028", "RULE-029", "RULE-030", "RULE-031", "RULE-032", "RULE-033", "RULE-042", "RULE-044", "RULE-045", "RULE-046", "RULE-047", "RULE-048", "RULE-049", "RULE-051", "RULE-053"], "missing_rules": ["RULE-034", "RULE-036", "RULE-041", "RULE-043", "RULE-050", "RULE-052", "RULE-054"], "rule_diagnostics": [{"rule_id": "RULE-001", "rule_text": "ii.“返回” 按钮用于返回上一级", "biz_key": "unknown", "rule_level": "hard", "confidence": "high", "source_type": "confirmed_requirement", "blocking": true, "non_blocking_reason": "", "covered": true, "coverage_types": ["exception", "happy"], "missing_types": []}, {"rule_id": "RULE-002", "rule_text": "iv.“切换课程” 按钮", "biz_key": "unknown", "rule_level": "hard", "confidence": "high", "source_type": "confirmed_requirement", "blocking": true, "non_blocking_reason": "", "covered": true, "coverage_types": ["boundary", "exception", "happy", "risk"], "missing_types": []}, {"rule_id": "RULE-003", "rule_text": "能’‘’‘’‘让学员切换到", "biz_key": "unknown", "rule_level": "hard", "confidence": "high", "source_type": "confirmed_requirement", "blocking": true, "non_blocking_reason": "", "covered": true, "coverage_types": ["happy"], "missing_types": []}, {"rule_id": "RULE-004", "rule_text": "展示区。以对话框样式展示 AI 提出", "biz_key": "unknown", "rule_level": "hard", "confidence": "high", "source_type": "confirmed_requirement", "blocking": true, "non_blocking_reason": "", "covered": true, "coverage_types": ["exception", "happy", "risk"], "missing_types": []}, {"rule_id": "RULE-005", "rule_text": "界面展示", "biz_key": "unknown", "rule_level": "soft", "confidence": "low", "source_type": "short_fragment", "blocking": false, "non_blocking_reason": "short_fragment", "covered": true, "coverage_types": ["happy"], "missing_types": []}, {"rule_id": "RULE-006", "rule_text": "3.重复进入:保留对话内容,未完成可以", "biz_key": "unknown", "rule_level": "hard", "confidence": "high", "source_type": "confirmed_requirement", "blocking": true, "non_blocking_reason": "", "covered": true, "coverage_types": ["exception", "happy", "risk"], "missing_types": []}, {"rule_id": "RULE-007", "rule_text": "识错题” 页面,AI 自动展示一道问", "biz_key": "unknown", "rule_level": "hard", "confidence": "high", "source_type": "confirmed_requirement", "blocking": true, "non_blocking_reason": "", "covered": true, "coverage_types": ["boundary", "exception", "happy", "risk"], "missing_types": []}, {"rule_id": "RULE-008", "rule_text": "内容下方以新的对话框形式展示追", "biz_key": "unknown", "rule_level": "hard", "confidence": "high", "source_type": "confirmed_requirement", "blocking": true, "non_blocking_reason": "", "covered": true, "coverage_types": ["exception", "happy", "risk"], "missing_types": []}, {"rule_id": "RULE-009", "rule_text": "去日清,点击后进入日清页面;", "biz_key": "unknown", "rule_level": "hard", "confidence": "high", "source_type": "confirmed_requirement", "blocking": true, "non_blocking_reason": "", "covered": true, "coverage_types": ["boundary", "exception", "happy", "risk"], "missing_types": []}, {"rule_id": "RULE-010", "rule_text": "按钮提示:联系督导,点击之后督", "biz_key": "unknown", "rule_level": "hard", "confidence": "high", "source_type": "confirmed_requirement", "blocking": true, "non_blocking_reason": "", "covered": true, "coverage_types": ["boundary", "exception", "happy"], "missing_types": []}, {"rule_id": "RULE-011", "rule_text": "a.顶部信息栏:页面顶部显示机构名", "biz_key": "unknown", "rule_level": "hard", "confidence": "high", "source_type": "confirmed_requirement", "blocking": true, "non_blocking_reason": "", "covered": true, "coverage_types": ["boundary", "happy"], "missing_types": []}, {"rule_id": "RULE-012", "rule_text": "b.学员信息列表:以表格形式展示学", "biz_key": "unknown", "rule_level": "hard", "confidence": "high", "source_type": "confirmed_requirement", "blocking": true, "non_blocking_reason": "", "covered": true, "coverage_types": ["boundary", "exception", "happy", "risk"], "missing_types": []}, {"rule_id": "RULE-013", "rule_text": "i. 学员姓名:显示学员真实姓", "biz_key": "unknown", "rule_level": "hard", "confidence": "high", "source_type": "confirmed_requirement", "blocking": true, "non_blocking_reason": "", "covered": true, "coverage_types": ["boundary", "exception", "happy", "risk"], "missing_types": []}, {"rule_id": "RULE-014", "rule_text": "就不展示;", "biz_key": "unknown", "rule_level": "soft", "confidence": "low", "source_type": "short_fragment", "blocking": false, "non_blocking_reason": "short_fragment", "covered": false, "coverage_types": [], "missing_types": []}, {"rule_id": "RULE-015", "rule_text": "员点击了完成(包括对答案", "biz_key": "unknown", "rule_level": "hard", "confidence": "high", "source_type": "confirmed_requirement", "blocking": true, "non_blocking_reason": "", "covered": true, "coverage_types": ["boundary", "exception", "happy", "risk"], "missing_types": []}, {"rule_id": "RULE-016", "rule_text": "v.近期学习计划:展示学员接下", "biz_key": "unknown", "rule_level": "hard", "confidence": "high", "source_type": "confirmed_requirement", "blocking": true, "non_blocking_reason": "", "covered": true, "coverage_types": ["boundary", "exception", "happy", "risk"], "missing_types": []}, {"rule_id": "RULE-017", "rule_text": "该教材的最后课程,则不展示", "biz_key": "unknown", "rule_level": "hard", "confidence": "high", "source_type": "confirmed_requirement", "blocking": true, "non_blocking_reason": "", "covered": true, "coverage_types": ["happy"], "missing_types": []}, {"rule_id": "RULE-018", "rule_text": "材,也不展示;", "biz_key": "unknown", "rule_level": "soft", "confidence": "low", "source_type": "short_fragment", "blocking": false, "non_blocking_reason": "short_fragment", "covered": false, "coverage_types": [], "missing_types": []}, {"rule_id": "RULE-019", "rule_text": "vi.督导:显示负责该学员的督导", "biz_key": "unknown", "rule_level": "hard", "confidence": "high", "source_type": "confirmed_requirement", "blocking": true, "non_blocking_reason": "", "covered": true, "coverage_types": ["boundary", "exception", "happy", "risk"], "missing_types": []}, {"rule_id": "RULE-020", "rule_text": "1.查看讲错题讲知识点:点击", "biz_key": "unknown", "rule_level": "hard", "confidence": "high", "source_type": "confirmed_requirement", "blocking": true, "non_blocking_reason": "", "covered": true, "coverage_types": ["boundary", "exception", "happy", "risk"], "missing_types": []}, {"rule_id": "RULE-021", "rule_text": "弹窗展示当节课详情,其他", "biz_key": "unknown", "rule_level": "hard", "confidence": "high", "source_type": "confirmed_requirement", "blocking": true, "non_blocking_reason": "", "covered": true, "coverage_types": ["exception", "happy"], "missing_types": []}, {"rule_id": "RULE-022", "rule_text": "页面以模态框形式展示学员讲错题", "biz_key": "unknown", "rule_level": "hard", "confidence": "high", "source_type": "confirmed_requirement", "blocking": true, "non_blocking_reason": "", "covered": true, "coverage_types": ["boundary", "exception", "happy", "risk"], "missing_types": []}, {"rule_id": "RULE-023", "rule_text": "1.弹出窗口:当督导点击 “查看讲错题讲", "biz_key": "unknown", "rule_level": "hard", "confidence": "high", "source_type": "confirmed_requirement", "blocking": true, "non_blocking_reason": "", "covered": true, "coverage_types": ["boundary", "exception", "happy", "risk"], "missing_types": []}, {"rule_id": "RULE-024", "rule_text": "通过,显示文字 “学生知识点讲错题通", "biz_key": "unknown", "rule_level": "hard", "confidence": "high", "source_type": "confirmed_requirement", "blocking": true, "non_blocking_reason": "", "covered": true, "coverage_types": ["boundary", "exception", "happy", "risk"], "missing_types": []}, {"rule_id": "RULE-025", "rule_text": "显示文字 “学生知识点讲错题未通", "biz_key": "unknown", "rule_level": "hard", "confidence": "high", "source_type": "confirmed_requirement", "blocking": true, "non_blocking_reason": "", "covered": true, "coverage_types": ["boundary", "exception", "happy", "risk"], "missing_types": []}, {"rule_id": "RULE-026", "rule_text": "a.展示章节:就是最近一节课的", "biz_key": "unknown", "rule_level": "hard", "confidence": "high", "source_type": "confirmed_requirement", "blocking": true, "non_blocking_reason": "", "covered": true, "coverage_types": ["happy"], "missing_types": []}, {"rule_id": "RULE-027", "rule_text": "什么情况下展示这个按钮", "biz_key": "unknown", "rule_level": "hard", "confidence": "high", "source_type": "confirmed_requirement", "blocking": true, "non_blocking_reason": "", "covered": true, "coverage_types": ["boundary", "exception", "happy", "risk"], "missing_types": []}, {"rule_id": "RULE-028", "rule_text": "AI给最终得分了,就展示", "biz_key": "unknown", "rule_level": "hard", "confidence": "high", "source_type": "confirmed_requirement", "blocking": true, "non_blocking_reason": "", "covered": true, "coverage_types": ["happy"], "missing_types": []}, {"rule_id": "RULE-029", "rule_text": "场景)中,点击该按钮。", "biz_key": "unknown", "rule_level": "hard", "confidence": "high", "source_type": "confirmed_requirement", "blocking": true, "non_blocking_reason": "", "covered": true, "coverage_types": ["boundary", "exception", "happy", "risk"], "missing_types": []}, {"rule_id": "RULE-030", "rule_text": "2.跳转逻辑:点击后,停留在当前页面。学", "biz_key": "unknown", "rule_level": "hard", "confidence": "high", "source_type": "confirmed_requirement", "blocking": true, "non_blocking_reason": "", "covered": true, "coverage_types": ["boundary", "exception", "happy"], "missing_types": []}, {"rule_id": "RULE-031", "rule_text": "点击该按钮。", "biz_key": "unknown", "rule_level": "hard", "confidence": "high", "source_type": "confirmed_requirement", "blocking": true, "non_blocking_reason": "", "covered": true, "coverage_types": ["boundary", "exception", "happy", "risk"], "missing_types": []}, {"rule_id": "RULE-032", "rule_text": "2.跳转逻辑:点击后,直接跳转至本次随堂", "biz_key": "unknown", "rule_level": "hard", "confidence": "high", "source_type": "confirmed_requirement", "blocking": true, "non_blocking_reason": "", "covered": true, "coverage_types": ["boundary", "exception", "happy"], "missing_types": []}, {"rule_id": "RULE-033", "rule_text": "2.跳转逻辑:点击后,跳转至讲讲题页面。", "biz_key": "unknown", "rule_level": "hard", "confidence": "high", "source_type": "confirmed_requirement", "blocking": true, "non_blocking_reason": "", "covered": true, "coverage_types": ["boundary", "exception", "happy", "risk"], "missing_types": []}, {"rule_id": "RULE-034", "rule_text": "式调整一下,", "biz_key": "unknown", "rule_level": "hard", "confidence": "high", "source_type": "confirmed_requirement", "blocking": true, "non_blocking_reason": "", "covered": false, "coverage_types": [], "missing_types": ["happy"]}, {"rule_id": "RULE-035", "rule_text": "开发适配点:", "biz_key": "unknown", "rule_level": "soft", "confidence": "low", "source_type": "label_fragment", "blocking": false, "non_blocking_reason": "label_fragment", "covered": false, "coverage_types": [], "missing_types": []}, {"rule_id": "RULE-036", "rule_text": "a.需支持 “错误选项”“正确选项”", "biz_key": "unknown", "rule_level": "hard", "confidence": "high", "source_type": "confirmed_requirement", "blocking": true, "non_blocking_reason": "", "covered": false, "coverage_types": [], "missing_types": ["exception", "happy"]}, {"rule_id": "RULE-037", "rule_text": "开发适配点:", "biz_key": "unknown", "rule_level": "soft", "confidence": "low", "source_type": "label_fragment", "blocking": false, "non_blocking_reason": "label_fragment", "covered": false, "coverage_types": [], "missing_types": []}, {"rule_id": "RULE-038", "rule_text": "开发适配点:", "biz_key": "unknown", "rule_level": "soft", "confidence": "low", "source_type": "label_fragment", "blocking": false, "non_blocking_reason": "label_fragment", "covered": false, "coverage_types": [], "missing_types": []}, {"rule_id": "RULE-039", "rule_text": "开发适配点:", "biz_key": "unknown", "rule_level": "soft", "confidence": "low", "source_type": "label_fragment", "blocking": false, "non_blocking_reason": "label_fragment", "covered": false, "coverage_types": [], "missing_types": []}, {"rule_id": "RULE-040", "rule_text": "开发适配点:", "biz_key": "unknown", "rule_level": "soft", "confidence": "low", "source_type": "label_fragment", "blocking": false, "non_blocking_reason": "label_fragment", "covered": false, "coverage_types": [], "missing_types": []}, {"rule_id": "RULE-041", "rule_text": "能”(如显示 “满分”),并输出", "biz_key": "unknown", "rule_level": "hard", "confidence": "high", "source_type": "confirmed_requirement", "blocking": true, "non_blocking_reason": "", "covered": false, "coverage_types": [], "missing_types": ["happy"]}, {"rule_id": "RULE-042", "rule_text": "误,返回阶段 4 重新梳理,不触发打", "biz_key": "unknown", "rule_level": "hard", "confidence": "high", "source_type": "confirmed_requirement", "blocking": true, "non_blocking_reason": "", "covered": true, "coverage_types": ["exception", "happy"], "missing_types": []}, {"rule_id": "RULE-043", "rule_text": "◦ 界面底部有 **“点击对话”** ⻨克", "biz_key": "unknown", "rule_level": "hard", "confidence": "high", "source_type": "confirmed_requirement", "blocking": true, "non_blocking_reason": "", "covered": false, "coverage_types": [], "missing_types": ["happy"]}, {"rule_id": "RULE-044", "rule_text": "戶参与互动;用戶点击 “好的,接受挑", "biz_key": "unknown", "rule_level": "hard", "confidence": "high", "source_type": "confirmed_requirement", "blocking": true, "non_blocking_reason": "", "covered": true, "coverage_types": ["happy"], "missing_types": []}, {"rule_id": "RULE-045", "rule_text": "题提问、用戶逐步讲解);用戶点击", "biz_key": "unknown", "rule_level": "hard", "confidence": "high", "source_type": "confirmed_requirement", "blocking": true, "non_blocking_reason": "", "covered": true, "coverage_types": ["happy"], "missing_types": []}, {"rule_id": "RULE-046", "rule_text": "◦ 弹出对话框,内容为:“你点击对话", "biz_key": "unknown", "rule_level": "hard", "confidence": "high", "source_type": "confirmed_requirement", "blocking": true, "non_blocking_reason": "", "covered": true, "coverage_types": ["exception", "happy", "risk"], "missing_types": []}, {"rule_id": "RULE-047", "rule_text": "击 “点击对话” 后表达思路);用戶点", "biz_key": "unknown", "rule_level": "hard", "confidence": "high", "source_type": "confirmed_requirement", "blocking": true, "non_blocking_reason": "", "covered": true, "coverage_types": ["boundary", "exception", "happy"], "missing_types": []}, {"rule_id": "RULE-048", "rule_text": "点击 “完成”;如果还有补充的思", "biz_key": "unknown", "rule_level": "hard", "confidence": "high", "source_type": "confirmed_requirement", "blocking": true, "non_blocking_reason": "", "covered": true, "coverage_types": ["boundary", "exception", "happy", "risk"], "missing_types": []}, {"rule_id": "RULE-049", "rule_text": "路或细节,点击 “继续录音” 就能", "biz_key": "unknown", "rule_level": "hard", "confidence": "high", "source_type": "confirmed_requirement", "blocking": true, "non_blocking_reason": "", "covered": true, "coverage_types": ["happy"], "missing_types": []}, {"rule_id": "RULE-050", "rule_text": "选择(收尾 / 补充讲解);用戶点击", "biz_key": "unknown", "rule_level": "hard", "confidence": "high", "source_type": "confirmed_requirement", "blocking": true, "non_blocking_reason": "", "covered": false, "coverage_types": [], "missing_types": ["happy"]}, {"rule_id": "RULE-051", "rule_text": "节,可通过 “点击对话” 开始表达,并", "biz_key": "unknown", "rule_level": "hard", "confidence": "high", "source_type": "confirmed_requirement", "blocking": true, "non_blocking_reason": "", "covered": true, "coverage_types": ["happy"], "missing_types": []}, {"rule_id": "RULE-052", "rule_text": "2.新增了高中数理化之后,需要各科老师,评估数理化英语各科目的效果之后,决定是", "biz_key": "unknown", "rule_level": "hard", "confidence": "high", "source_type": "confirmed_requirement", "blocking": true, "non_blocking_reason": "", "covered": false, "coverage_types": [], "missing_types": ["happy"]}, {"rule_id": "RULE-053", "rule_text": "◦ 【新增】纠错有效性 (扣分项):若学生在后续提问中因教师解释不清而再次出现", "biz_key": "unknown", "rule_level": "hard", "confidence": "high", "source_type": "confirmed_requirement", "blocking": true, "non_blocking_reason": "", "covered": true, "coverage_types": ["exception", "happy"], "missing_types": []}, {"rule_id": "RULE-054", "rule_text": "用得超棒〜 保持这份严谨,成绩一定稳步攀升!", "biz_key": "unknown", "rule_level": "hard", "confidence": "high", "source_type": "confirmed_requirement", "blocking": true, "non_blocking_reason": "", "covered": false, "coverage_types": [], "missing_types": ["happy"]}], "coverage_rate": 0.8478, "missing_types": {"boundary": [], "exception": ["RULE-036"]}, "request_id": "0d81f2907c0e46cf85b1ed78527a8cb1", "project_id": 8, "multi_pass": true, "generation_mode": "full_functional_regression"}

@@STATUS@@:生成结果未通过落库门禁: main_smoke_count_below_threshold,state_field_coverage_below_threshold,commit_downstream_completion_missing,workflow_contract_missing
Error: execution_plan_failed: main_smoke_count_below_threshold,state_field_coverage_below_threshold,commit_downstream_completion_missing,workflow_contract_missing
{"event": "finish", "stream_generation_id": 0, "latest_generation_id": 474, "new_generation_created": false, "result_len": 94396, "requirement_len": 11258}
