Successfully connected to MySQL database: ai_test_platform
Redis connection failed, fallback to local L1 only: Timeout connecting to server
Local L1 cache backend: memory
{"event": "start", "doc_id": 230, "filename": "讲错题接入AI.pdf", "content_len": 11258, "before_latest_generation_id": 473, "expected_count": 100}
snapshot readiness gate: enabled=False before=success after=success poll=0 elapsed_ms=0 result=gate_disabled_proceed queue=none/none
@@CONTEXT_DEBUG@@:{"snapshot_status": "success", "snapshot_ready": true, "snapshot_used": true, "snapshot_fallback_reason": "", "realtime_rag_used": true, "current_document_used": true, "snapshot_rebuild_triggered": false, "snapshot_rebuild_reason": "none"}
@@STATUS@@:snapshot gate result: gate_disabled_proceed (poll=0, elapsed_ms=0)
@@STATUS@@:preparing project snapshot context...
@@STATUS@@:snapshot ready and reusable -> using snapshot (reason=snapshot_success_and_hash_matched)
@@STATUS@@:precision retrieval enabled (explicit_precision_mode,generation_default_precision)
@@STATUS@@:hybrid fusion done: mode=snapshot+rag rag_chunks=1 tokens~2314
@@STATUS@@:[multi-pass] 阶段1/3 主生成开始...
@@STATUS@@:正在进行需求元分析 (Meta-Analysis)，识别系统类型与测试策略...
@@STATUS@@:分析完成 - 系统类型: Tablet + Web, 复杂度: High, 策略: {"functional": 0.65, "regression": 0.15, "non_functional": 0.2}...
@@STATUS@@:正在生成第 1/4 批次 (25 条) - 第 1 次尝试...
```
json

[
 
 {
   
 "
id
":
 "
TC
-
001
",
   
 "
description
":
 "
进入
讲
知识
错
题
页面
，
验证
左侧
导航
栏
高
亮
当前
步骤
及
页面
布局
",
   
 "
test
_module
":
 "
页面
入口
与
导航
",
   
 "
pre
conditions
":
 ["
学员
已
登录
",
 "
学员
有
正在进行
的学习
课程
",
 "
课程
包含
第五
步
讲
知识
错
题
环节
"],
   
 "
steps
":
 ["
进入
课程
学习
页面
",
 "
点击
左侧
导航
栏
'
第五
步
 
讲
知识
错
题
'",
 "
观察
页面
布局
与
导航
高
亮
状态
"],
   
 "
test
_input
":
 "
正常
进入
讲
知识
错
题
页面
",
   
 "
expected
_result
":
 "
左侧
导航
栏
垂直
排列
6
个
步骤
，
'
第五
步
 
讲
知识
错
题
'
高
亮
显示
为
当前
步骤
；
页面
右侧
为主
内容
区域
",
   
 "
priority
":
 "
P
1
"
 
 },
 
 {
   
 "
id
":
 "
TC
-
002
",
   
 "
description
":
 "
验证
课程
信息
区
标题
显示
当前
讲的
名称
",
   
 "
test
_module
":
 "
页面
入口
与
导航
",
   
 "
pre
conditions
":
 ["
学员
已
进入
讲
知识
错
题
页面
",
 "
当前
课程
讲
名称
为
'
二次
函数
综合
'
"],
   
 "
steps
":
 ["
观察
课程
信息
区
标题
内容
",
 "
对比
标题
与
当前
课程
讲的
名称
"],
   
 "
test
_input
":
 "
课程
讲
名称
：
二次
函数
综合
",
   
 "
expected
_result
":
 "
课程
信息
区
标题
显示
'
二次
函数
综合
'
，
与
当前
课程
讲的
名称
一致
",
   
 "
priority
":
 "
P
2
"
 
 },
 
 {
   
 "
id
":
 "
TC
-
00
3
",
   
 "
description
":
 "
验证
返回
按钮
导航
逻辑
——
从
哪
来回
哪
去
",
   
 "
test
_module
":
 "
页面
入口
与
导航
",
   
 "
pre
conditions
":
 ["
学员
从
随
堂
测
结果
页
点击
'
讲
知识
错
题
'
按钮
进入
",
 "
学员
已
进入
讲
知识
错
题
页面
"],
   
 "
steps
":
 ["
点击
课程
信息
区
'
返回
'
按钮
",
 "
观察
跳
转
目标
页面
"],
   
 "
test
_input
":
 "
从
随
堂
测
结果
页
进入
后
点击
返回
",
   
 "
expected
_result
":
 "
页面
跳
转
回
随
堂
测
结果
页
（
即
来源
页面
），
而非
固定
跳
转到
某个
默认
页面
",
   
 "
priority
":
 "
P
1
"
 
 },
 
 {
   
 "
id
":
 "
TC
-
00
4
",
   
 "
description
":
 "
验证
打印
按钮
弹
窗
选择
打印
内容
",
   
 "
test
_module
":
 "
页面
入口
与
导航
",
   
 "
pre
conditions
":
 ["
学员
已
进入
讲
知识
错
题
页面
"],
   
 "
steps
":
 ["
点击
课程
信息
区
'
打印
'
按钮
",
 "
观察
弹
窗
内容
与
打印
选项
"],
   
 "
test
_input
":
 "
点击
打印
按钮
",
   
 "
expected
_result
":
 "
弹出
打印
内容
选择
弹
窗
，
包含
可
选择的
打印
内容
选项
",
   
 "
priority
":
 "
P
2
"
 
 },
 
 {
   
 "
id
":
 "
TC
-
00
5
",
   
 "
description
":
 "
验证
切换
课程
按钮
跳
转到
其他
课程
学习
页面
",
   
 "
test
_module
":
 "
页面
入口
与
导航
",
   
 "
pre
conditions
":
 ["
学员
已
进入
讲
知识
错
题
页面
",
 "
学员
有
其他
可
切换
的课程
"],
   
 "
steps
":
 ["
点击
课程
信息
区
'
切换
课程
'
按钮
",
 "
选择
另一
门
课程
",
 "
观察
跳
转
结果
"],
   
 "
test
_input
":
 "
切换
到
物理
课程
",
   
 "
expected
_result
":
 "
页面
跳
转到
所选
物理
课程
的学习
页面
，
课程
信息
区
标题
和
内容
更新
为
物理
课程
信息
",
   
 "
priority
":
 "
P
1
"
 
 },
 
 {
   
 "
id
":
 "
TC
-
00
6
",
   
 "
description
":
 "
验证
首次
进入
时
费
曼
学习
法
引导
流程
完整
闭环
",
   
 "
test
_module
":
 "
使用
引导
流程
",
   
 "
pre
conditions
":
 ["
学员
本
节课
首次
使用
AI
讲
题
功能
",
 "
学员
已
进入
讲
知识
错
题
页面
"],
   
 "
steps
":
 ["
观察
弹出
引导
对话框
1
（
费
曼
学习
法
介绍
）
",
 "
点击
'
好的
，
接受
挑战
'
按钮
",
 "
观察
弹出
引导
对话框
2
（
互动
规则
说明
）
",
 "
点击
'
知道了
'
按钮
",
 "
观察
弹出
引导
对话框
3
（
表达
引导
）
",
 "
点击
'
知道了
'
按钮
",
 "
观察
弹出
引导
对话框
4
（
回答
后
操作
引导
）
",
 "
点击
'
知道了
'
按钮
",
 "
观察
是否
进入
正式
互动
环节
"],
   
 "
test
_input
":
 "
依次
完成
4
步
引导
",
   
 "
expected
_result
":
 "
4
步
引导
依次
弹出
且
内容
正确
；
步骤
1
含
'
好的
，
接受
挑战
'
按钮
，
步骤
2
-
4
含
'
知道了
'
按钮
；
步骤
4
展示
'
继续
录音
'
和
'
完成
'
操作
按钮
；
完成
4
步
后
进入
正式
互动
，
AI
展示
第一
道
问题
",
   
 "
priority
":
 "
P
1
"
 
 },
 
 {
   
 "
id
":
 "
TC
-
007
",
   
 "
description
":
 "
验证
引导
步骤
4
中
'
继续
录音
'
和
'
完成
'
按钮
同步
出现
",
   
 "
test
_module
":
 "
使用
引导
流程
",
   
 "
pre
conditions
":
 ["
学员
已完成
引导
步骤
3
",
 "
引导
步骤
4
对话框
已
弹出
"],
   
 "
steps
":
 ["
观察
引导
步骤
4
对话框
内容
",
 "
观察
界面
右侧
是否
出现
'
继续
录音
'
和
'
完成
'
按钮
"],
   
 "
test
_input
":
 "
进入
引导
步骤
4
",
   
 "
expected
_result
":
 "
对话框
内容
说明
'
继续
录音
'
和
'
完成
'
两种
操作
；
界面
右侧
同步
出现
'
继续
录音
'
和
'
完成
'
两个
操作
按钮
",
   
 "
priority
":
 "
P
2
"
 
 },
 
 {
   
 "
id
":
 "
TC
-
00
8
",
   
 "
description
":
 "
验证
AI
提问
优先
从
本
讲
错
题
中
抽取
",
   
 "
test
_module
":
 "
AI
提问
逻辑
",
   
 "
pre
conditions
":
 ["
学员
本
讲
有
3
道
错
题
和
2
道
正确
题
",
 "
学员
已
进入
讲
知识
错
题
环节
"],
   
 "
steps
":
 ["
AI
生成
提问
题目
",
 "
查看
AI
提问
的
题目
来源
",
 "
多次
重新
进入
验证
抽
题
优先
级
"],
   
 "
test
_input
":
 "
本
讲
错
题
3
道
，
正确
题
2
道
",
   
 "
expected
_result
":
 "
AI
提问
的
题目
优先
从
3
道
错
题
中
抽取
，
抽取
1
-
2
道
题目
；
在
错
题
数量
充足
时不
抽取
正确
题目
",
   
 "
priority
":
 "
P
1
"
 
 },
 
 {
   
 "
id
":
 "
TC
-
00
9
",
   
 "
description
":
 "
验证
错
题
不够
时
抽取
回答
正确的
题目
",
   
 "
test
_module
":
 "
AI
提问
逻辑
",
   
 "
pre
conditions
":
 ["
学员
本
讲
仅有
1
道
错
题
",
 "
本
讲
有
3
道
回答
正确的
题目
"],
   
 "
steps
":
 ["
AI
生成
提问
题目
",
 "
查看
AI
提问
的
题目
组成
"],
   
 "
test
_input
":
 "
本
讲
错
题
1
道
，
正确
题
3
道
",
   
 "
expected
_result
":
 "
AI
从
1
道
错
题
中
抽取
该
错
题
，
并
从
正确
题目
中
补充
抽取
，
总计
1
-
2
道
题目
",
   
 "
priority
":
 "
P
1
"
 
 },
 
 {
   
 "
id
":
 "
TC
-
010
",
   
 "
description
":
 "
验证
题目
抽取
数量
边界
——
仅
1
道
错
题
可用
",
   
 "
test
_module
":
 "
AI
提问
逻辑
",
   
 "
pre
conditions
":
 ["
学员
本
讲
仅有
1
道
错
题
，
无
其他
题目
"],
   
 "
steps
":
 ["
AI
生成
提问
题目
",
 "
查看
抽取
的
题目
数量
"],
   
 "
test
_input
":
 "
本
讲
仅
1
道
错
题
",
   
 "
expected
_result
":
 "
AI
抽取
1
道
题目
进行
提问
，
不超过
可用
题目
总数
",
   
 "
priority
":
 "
P
1
"
 
 },
 
 {
   
 "
id
":
 "
TC
-
0
11
",
   
 "
description
":
 "
验证
一道
题
没
做
时
显示
淡
白色
文案
提示
",
   
 "
test
_module
":
 "
AI
提问
逻辑
",
   
 "
pre
conditions
":
 ["
学员
本
讲
一道
题
都没
做
",
 "
学员
已
进入
讲
知识
错
题
环节
"],
   
 "
steps
":
 ["
观察
页面
提示
内容
"],
   
 "
test
_input
":
 "
本
讲
做题
数为
0
",
   
 "
expected
_result
":
 "
页面
显示
淡
白色
文案
提示
：
'
当前
您
还没有
做过
题
，
快
去做
题
来
检测
一下
自己的
知识
掌握
程度
吧
'",
   
 "
priority
":
 "
P
1
"
 
 },
 
 {
   
 "
id
":
 "
TC
-
0
12
",
   
 "
description
":
 "
验证
做了
全
对
时
随机
抽取
两
道
题目
进行
追问
",
   
 "
test
_module
":
 "
AI
提问
逻辑
",
   
 "
pre
conditions
":
 ["
学员
本
讲
所有
题目
均
回答
正确
",
 "
本
讲
题目
数
>=
2
"],
   
 "
steps
":
 ["
AI
生成
提问
题目
",
 "
查看
AI
提问
的
题目
数量
和
来源
"],
   
 "
test
_input
":
 "
本
讲
全部
正确
，
题目
数
>=
2
",
   
 "
expected
_result
":
 "
AI
随机
抽取
2
道
题目
进行
追问
，
进入
追问
交互
流程
",
   
 "
priority
":
 "
P
1
"
 
 },
 
 {
   
 "
id
":
 "
TC
-
0
13
",
   
 "
description
":
 "
验证
点击
对话
按钮
开始
录音
",
   
 "
test
_module
":
 "
交互
流程
",
   
 "
pre
conditions
":
 ["
学员
已
进入
正式
互动
环节
",
 "
AI
已
展示
问题
",
 "
设备
麦克风
权限
已
授权
"],
   
 "
steps
":
 ["
点击
'
点击
对话
'
按钮
（
麦克风
图标
）
",
 "
观察
录音
状态
变化
"],
   
 "
test
_input
":
 "
点击
麦克风
图标
",
   
 "
expected
_result
":
 "
弹出
输入
框
和
语音
录制
按钮
；
录音
功能
启动
，
界面
显示
录音
中
状态
",
   
 "
priority
":
 "
P
1
"
 
 },
 
 {
   
 "
id
":
 "
TC
-
0
14
",
   
 "
description
":
 "
验证
录音
完成后
提交
转为
文字
内容
发送
",
   
 "
test
_module
":
 "
交互
流程
",
   
 "
pre
conditions
":
 ["
学员
已
开始
录音
",
 "
学员
已
说完
回答
内容
"],
   
 "
steps
":
 ["
停止
录音
",
 "
点击
提交
按钮
",
 "
观察
对话框
内容
"],
   
 "
test
_input
":
 "
语音
内容
：
'
这道
题
选
B
是因为
汽
化
是
液
态
变
气
态
'",
   
 "
expected
_result
":
 "
语音
内容
转换为
文字
后
显示
在
对话框
中
，
文字
内容
为
'
这道
题
选
B
是因为
汽
化
是
液
态
变
气
态
'
，
并发
送给
AI
",
   
 "
priority
":
 "
P
1
"
 
 },
 
 {
   
 "
id
":
 "
TC
-
0
15
",
   
 "
description
":
 "
验证
'
继续
录音
'
按钮
允许
补充
录制
",
   
 "
test
_module
":
 "
交互
流程
",
   
 "
pre
conditions
":
 ["
学员
已完成
一次
录音
并
提交
",
 "
AI
尚未
给出
最终
评分
"],
   
 "
steps
":
 ["
点击
'
继续
录音
'
按钮
",
 "
录制
补充
内容
",
 "
提交
补充
内容
",
 "
观察
对话框
展示
"],
   
 "
test
_input
":
 "
补充
录音
：
'
另外
还要
注意
温度
条件
'",
   
 "
expected
_result
":
 "
补充
录
制的
文字
内容
追加
到
当前
回答
中
，
对话框
展示
完整的
回答
内容
（
含
原始
回答
和
补充
内容
）
",
   
 "
priority
":
 "
P
1
"
 
 },
 
 {
   
 "
id
":
 "
TC
-
0
16
",
   
 "
description
":
 "
验证
'
完成
'
按钮
提交
当前
回答
并
触发
AI
追问
",
   
 "
test
_module
":
 "
交互
流程
",
   
 "
pre
conditions
":
 ["
学员
已
录制
回答
内容
",
 "
尚未
点击
'
完成
'
"],
   
 "
steps
":
 ["
点击
'
完成
'
按钮
",
 "
观察
AI
响应
"],
   
 "
test
_input
":
 "
点击
完成
按钮
",
   
 "
expected
_result
":
 "
当前
回答
提交
完成
，
AI
在
原
反馈
内容
下方
以
新的
对话框
形式
展示
追问
问题
",
   
 "
priority
":
 "
P
1
"
 
 },
 
 {
   
 "
id
":
 "
TC
-
0
17
",
   
 "
description
":
 "
验证
AI
追问
在
原
反馈
内容
下方
以
新
对话框
形式
展示
",
   
 "
test
_module
":
 "
交互
流程
",
   
 "
pre
conditions
":
 ["
学员
已
提交
第一
轮
回答
",
 "
AI
正在
生成
追问
"],
   
 "
steps
":
 ["
等待
AI
追问
生成
",
 "
观察
追问
内容的
展示
位置
和
样式
"],
   
 "
test
_input
":
 "
学员
回答
后
等待
AI
追问
",
   
 "
expected
_result
":
 "
AI
追问
内容
在
学员
原
回答
内容的
下方
展示
，
以
新的
对话框
样式
呈现
，
与
初始
提问
的
对话框
样式
一致
",
   
 "
priority
":
 "
P
1
"
 
 },
 
 {
   
 "
id
":
 "
TC
-
0
18
",
   
 "
description
":
 "
验证
综合
评分
>=
8
分
时
显示
通过
提示
及
'
去
日
清
'
按钮
",
   
 "
test
_module
":
 "
评分
与
结果
",
   
 "
pre
conditions
":
 ["
学员
已完成
所有
交互
轮
次
",
 "
AI
给出
综合
评分
8
.
0
分
"],
   
 "
steps
":
 ["
观察
评分
结果
页面
",
 "
查看
提示
文案
和
按钮
",
 "
等待
5
秒
观察
自动
行为
",
 "
点击
'
去
日
清
'
按钮
"],
   
 "
test
_input
":
 "
综合
评分
8
.
0
分
",
   
 "
expected
_result
":
 "
页面
显示
'
太
棒
啦
，
您
对
知识
点的
理解
非常
棒
'
；
页面
自动
停留
5
秒
；
显示
'
去
日
清
'
按钮
；
点击
'
去
日
清
'
后
跳
转
至
日
清
页面
",
   
 "
priority
":
 "
P
1
"
 
 },
 
 {
   
 "
id
":
 "
TC
-
0
19
",
   
 "
description
":
 "
验证
综合
评分
<8
分
时
显示
未
通过
提示
及
'
联系
督导
'
和
'
去
日
清
'
按钮
",
   
 "
test
_module
":
 "
评分
与
结果
",
   
 "
pre
conditions
":
 ["
学员
已完成
所有
交互
轮
次
",
 "
AI
给出
综合
评分
7
.
5
分
"],
   
 "
steps
":
 ["
观察
评分
结果
页面
",
 "
查看
提示
文案
和
按钮
",
 "
点击
'
联系
督导
'
按钮
",
 "
点击
'
去
日
清
'
按钮
"],
   
 "
test
_input
":
 "
综合
评分
7
.
5
分
",
   
 "
expected
_result
":
 "
页面
显示
'
太
遗憾
了
，
您
对
知识点
理解
还需要
加深
，
快
去
联系
督导
老师
吧
'
；
'
联系
督导
'
按钮
突出
显示
；
点击
'
联系
督导
'
后
督导
端
收到
提示
消息
；
'
去
日
清
'
按钮
可
点击
，
点击
后
跳
转
至
日
清
页面
",
   
 "
priority
":
 "
P
1
"
 
 },
 
 {
   
 "
id
":
 "
TC
-
0
20
",
   
 "
description
":
 "
验证
评分
边界
值
——
恰好
8
.
0
分
属于
通过
",
   
 "
test
_module
":
 "
评分
与
结果
",
   
 "
pre
conditions
":
 ["
学员
已完成
所有
交互
轮
次
",
 "
AI
给出
综合
评分
恰好
8
.
0
分
"],
   
 "
steps
":
 ["
观察
评分
结果
页
面的
提示
文案
"],
   
 "
test
_input
":
 "
综合
评分
8
.
0
分
",
   
 "
expected
_result
":
 "
页面
显示
'
太
棒
啦
，
您
对
知识
点的
理解
非常
棒
'
（
8
分
属于
'
8
分
或
以上
'
的
通过
区间
），
而非
'
太
遗憾
了
'
提示
",
   
 "
priority
":
 "
P
1
"
 
 },
 
 {
   
 "
id
":
 "
TC
-
0
21
",
   
 "
description
":
 "
验证
重新
讲
题
时
从
错
题
库
抽取
不同
题目
",
   
 "
test
_module
":
 "
评分
与
结果
",
   
 "
pre
conditions
":
 ["
学员
已完成
一次
讲
错
题
且
评分
<8
分
",
 "
学员
点击
'
重新
讲
'",
 "
错
题
库
中有
足够
的不同
题目
"],
   
 "
steps
":
 ["
点击
'
重新
讲
'
按钮
",
 "
观察
AI
重新
生成的
题目
",
 "
与
上次
题目
对比
"],
   
 "
test
_input
":
 "
重新
讲
题
",
   
 "
expected
_result
":
 "
AI
从
错
题
库
中
重新
抽取
题目
，
新
题目
与
上次
题目
不同
",
   
 "
priority
":
 "
P
1
"
 
 },
 
 {
   
 "
id
":
 "
TC
-
0
22
",
   
 "
description
":
 "
验证
重复
进入
页面
保留
对话
内容
且
可
继续
未
完成的
交互
",
   
 "
test
_module
":
 "
状态
管理与
重复
进入
",
   
 "
pre
conditions
":
 ["
学员
已在
讲
知识
错
题
页面
进行了
2
轮
对话
",
 "
学员
未
完成
所有
交互
轮
次
",
 "
学员
离开
页面
"],
   
 "
steps
":
 ["
从
其他
页面
重新
进入
讲
知识
错
题
页面
",
 "
观察
对话
内容
是否
保留
",
 "
继续
进行
下一
轮
对话
"],
   
 "
test
_input
":
 "
中途
退出
后
重新
进入
",
   
 "
expected
_result
":
 "
之前的
2
轮
对话
内容
完整
保留
在
页面
中
；
学员
可
继续
进行
下一
轮
对话
，
无需
重新
开始
",
   
 "
priority
":
 "
P
1
"
 
 },
 
 {
   
 "
id
":
 "
TC
-
0
23
",
   
 "
description
":
 "
验证
已完成
讲
错
题
后
不可
重复
打
分
",
   
 "
test
_module
":
 "
状态
管理与
重复
进入
",
   
 "
pre
conditions
":
 ["
学员
已完成
讲
错
题
并获得
AI
最终
评分
",
 "
学员
重新
进入
讲
知识
错
题
页面
"],
   
 "
steps
":
 ["
重新
进入
讲
知识
错
题
页面
",
 "
查看
对话
内容和
评分
状态
",
 "
尝试
重新
进行
讲
错
题
操作
"],
   
 "
test
_input
":
 "
已完成
评分
后
重新
进入
",
   
 "
expected
_result
":
 "
对话
内容和
评分
结果
保留
展示
；
系统
不允许
重新
打
分
，
不
提供
重新
评分
入口
",
   
 "
priority
":
 "
P
1
"
 
 },
 
 {
   
 "
id
":
 "
TC
-
0
24
",
   
 "
description
":
 "
验证
督导
端
收到
学员
讲
错
题
通过
/
未
通过
提醒
",
   
 "
test
_module
":
 "
督导
端
",
   
 "
pre
conditions
":
 ["
学员
已完成
讲
错
题
并获得
AI
最终
评分
",
 "
督导
已
登录
督导
端
"],
   
 "
steps
":
 ["
学员
评分
>=
8
分
时
，
督导
端
查看
提醒
",
 "
学员
评分
<8
分
时
，
督导
端
查看
提醒
",
 "
点击
提醒
通知
"],
   
 "
test
_input
":
 "
学员
分别
通过
和
未
通过
",
   
 "
expected
_result
":
 "
学员
通过
时
督导
端
显示
'
讲
错
题
通过
'
提醒
；
学员
未
通过
时
督导
端
显示
'
讲
错
题
未
通过
'
提醒
；
点击
提醒
后
提醒
自动
消失
",
   
 "
priority
":
 "
P
1
"
 
 },
 
 {
   
 "
id
":
 "
TC
-
0
25
",
   
 "
description
":
 "
验证
督导
端
'
查看
讲
错
题
讲
知识点
'
按钮
三种
状态
",
   
 "
test
_module
":
 "
督导
端
",
   
 "
pre
conditions
":
 ["
督导
端
学员
信息
列表
中有
3
种
状态的
学员
：
未
完成
讲
错
题
、
没
做过
讲
错
题
、
已完成
讲
错
题
"],
   
 "
steps
":
 ["
查看
未
完成
讲
错
题
学员
的操作
列
",
 "
查看
没
做过
讲
错
题
学员
的操作
列
",
 "
查看
已完成
讲
错
题
学员
的操作
列
"],
   
 "
test
_input
":
 "
3
种
不同
状态的
学员
",
   
 "
expected
_result
":
 "
未
完成
讲
错
题
的
学员
：
'
查看
讲
错
题
讲
知识点
'
按钮
置
灰
不可
点击
；
没
做过
讲
错
题
的
学员
：
不
展示
该
按钮
；
已完成
讲
错
题
的
学员
：
按钮
正常
展示
可
点击
",
   
 "
priority
":
 "
P
1
"
 
 }
]
```
GEN_DIAG:{"kind": "stream_batch_token_usage", "project_id": 8, "request_id": "7667a562d1a543c9b35cc707ebcbbf8e", "current_biz_key": "unknown", "multi_pass": true, "generation_mode": "full_functional_regression", "batch_index": 1, "total_batches": 4, "attempt": 1, "requested_count": 25, "input_tokens": null, "output_tokens": null, "total_tokens": null, "token_source": "unavailable", "token_unavailable_reason": "provider_usage_estimated", "estimate_method": "chars_div_4", "model": "glm-5.1"}

GEN_DIAG:{"kind": "stream_batch_quality", "project_id": 8, "request_id": "7667a562d1a543c9b35cc707ebcbbf8e", "current_biz_key": "unknown", "multi_pass": true, "generation_mode": "full_functional_regression", "batch_index": 1, "new_valid_cases_count": 25, "duplicate_rate": 0.0, "non_assertable_count": 1, "low_quality_filtered_count": 1, "coverage_gain_count": 25, "low_gain_detected": false, "low_gain_streak": 0}
@@STATUS@@:正在生成第 2/4 批次 (25 条) - 第 1 次尝试...
```
json

[
 
 {
   
 "
id
":
 "
TC
-
0
26
",
   
 "
description
":
 "
AI
追问
方向
-
确认
错误
表象
，
验证
追问
内容
定位
矛盾
点
而非
泛
泛
提问
",
   
 "
test
_module
":
 "
AI
提问
逻辑
-
追问
方向
",
   
 "
pre
conditions
":
 ["
学员
已完成
至少
1
道
错
题
",
 "
学员
提交
了
包含
错误
答案
的回答
"],
   
 "
steps
":
 ["
进入
第五
步
讲
知识
错
题
页面
",
 "
学员
对
AI
初始
问题
给出
错误
回答
并
提交
",
 "
观察
AI
追问
内容
"],
   
 "
test
_input
":
 "
学员
回答
中
包含
明确
错误
结论
",
   
 "
expected
_result
":
 "
AI
追问
内容
包含
对
错误
结果
与
正确
答案
差异
的具体
定位
，
如
'
你的
答案
和
正确
解
在
XX
步骤
结果
不同
'
类
句
式
，
而非
笼
统
问
'
你
哪里
错了
'",
   
 "
priority
":
 "
P
1
"
 
 },
 
 {
   
 "
id
":
 "
TC
-
0
27
",
   
 "
description
":
 "
AI
追问
方向
-
拆
解
知识
链条
，
验证
追问
追溯
基础
概念
/
定理
/
公式
",
   
 "
test
_module
":
 "
AI
提问
逻辑
-
追问
方向
",
   
 "
pre
conditions
":
 ["
学员
已
回答
AI
初始
问题
",
 "
AI
已
进行
第一
轮
追问
确认
错误
表象
"],
   
 "
steps
":
 ["
学员
对
确认
错误
表象
的
追问
进行
回答
",
 "
观察
AI
第二轮
追问
内容
"],
   
 "
test
_input
":
 "
学员
回答
承认
错误
但
未
解释
概念
理解
偏差
",
   
 "
expected
_result
":
 "
AI
追问
内容
涉及
基础
概念
定义
、
定理
适用
条件
或
公式
参数
含义
等
知识
链条
拆
解
，
如
'
XX
概念
的定义
是什么
'
或
'
这个
定理
的
适用
条件
是什么
'
类
句
式
",
   
 "
priority
":
 "
P
1
"
 
 },
 
 {
   
 "
id
":
 "
TC
-
0
28
",
   
 "
description
":
 "
AI
追问
方向
-
暴露
思维
路径
，
验证
追问
拆
分解
题
步骤
审视
逻辑
漏洞
",
   
 "
test
_module
":
 "
AI
提问
逻辑
-
追问
方向
",
   
 "
pre
conditions
":
 ["
已完成
前
两
轮
追问
交互
",
 "
学员
回答
中
存在
逻辑
跳跃
或
遗漏
"],
   
 "
steps
":
 ["
学员
对
知识
链条
追问
进行
回答
",
 "
观察
AI
第三
轮
追问
内容
"],
   
 "
test
_input
":
 "
学员
回答
中
步骤
间
存在
逻辑
跳跃
",
   
 "
expected
_result
":
 "
AI
追问
内容
针对
具体
解题
步骤
拆
分
审视
，
如
'
这一
步
的
推导
依据
是什么
'
或
'
是否
漏
掉了
XX
特殊情况
'
类
句
式
，
逐
一步
骤
审视
逻辑
漏洞
",
   
 "
priority
":
 "
P
1
"
 
 },
 
 {
   
 "
id
":
 "
TC
-
0
29
",
   
 "
description
":
 "
评分
特殊
处理
-
回答
字
数
不足
50
字
时
完整
性和
清晰
度
各
扣
50
%
分数
",
   
 "
test
_module
":
 "
AI
评分
逻辑
-
特殊情况
",
   
 "
pre
conditions
":
 ["
学员
已
进入
讲
错
题
交互
流程
",
 "
AI
已
提出
问题
等待
回答
"],
   
 "
steps
":
 ["
学员
录制
回答
内容
不足
50
字
",
 "
点击
完成
提交
回答
",
 "
等待
AI
完成
评分
",
 "
查看
评分
结果
中
完整
性和
清晰
度
维度
得分
"],
   
 "
test
_input
":
 "
回答
内容
为
'
选
B
因为
公式
代
进去
算
出来
就是
B
'
（
不足
50
字
）
",
   
 "
expected
_result
":
 "
评分
结果
中
完整性
维度
得分
和
清晰
度
维度
得分
均
按
该
维度
应
得
分数
的
50
%
计算
，
低于
正常
同等
质量
回答
的
得分
",
   
 "
priority
":
 "
P
1
"
 
 },
 
 {
   
 "
id
":
 "
TC
-
0
30
",
   
 "
description
":
 "
评分
特殊
处理
-
答
非
所
问
时
准确性
维度
直接
计
0
分
",
   
 "
test
_module
":
 "
AI
评分
逻辑
-
特殊情况
",
   
 "
pre
conditions
":
 ["
学员
已
进入
讲
错
题
交互
流程
",
 "
AI
已
提出
具体
问题
"],
   
 "
steps
":
 ["
学员
录制
与
问题
无关
的回答
内容
",
 "
点击
完成
提交
",
 "
等待
AI
完成
评分
",
 "
查看
评分
结果
中
准确性
维度
得分
"],
   
 "
test
_input
":
 "
AI
问
化学
题
但
学员
回答
数学
相关
内容
",
   
 "
expected
_result
":
 "
评分
结果
中
准确性
维度
得
分为
0
分
，
综合
评分
显著
降低
",
   
 "
priority
":
 "
P
1
"
 
 },
 
 {
   
 "
id
":
 "
TC
-
03
1
",
   
 "
description
":
 "
评分
特殊
处理
-
创新
性
正确
思路
额外
加
5
分
",
   
 "
test
_module
":
 "
AI
评分
逻辑
-
特殊情况
",
   
 "
pre
conditions
":
 ["
学员
已
进入
讲
错
题
交互
流程
",
 "
AI
已
提出
问题
"],
   
 "
steps
":
 ["
学员
使用
非
标准
但
正确的
创新
思路
回答
",
 "
点击
完成
提交
",
 "
等待
AI
完成
评分
",
 "
查看
评分
结果
中
准确
性和
逻辑
性
维度
得分
"],
   
 "
test
_input
":
 "
学员
使用
与
标准
解
法
不同的
创新
方法
且
结论
正确
",
   
 "
expected
_result
":
 "
准确性
维度
和
逻辑
性
维度
各
额外
加
5
分
（
在
原
得分
基础上
叠加
），
总分
可能
超过
10
分
上限
时
按
上限
处理
[
待
确认
上限
规则
]",
   
 "
priority
":
 "
P
2
"
 
 },
 
 {
   
 "
id
":
 "
TC
-
03
2
",
   
 "
description
":
 "
四
轮
对话
框架
完整
闭环
-
从
暴露
认知
到
确认
理解
触发
打
分
",
   
 "
test
_module
":
 "
AI
交互
流程
-
四
轮
框架
",
   
 "
pre
conditions
":
 ["
学员
有
错
题
记录
",
 "
首次
进入
讲
知识
错
题
页面
并
完成
引导
"],
   
 "
steps
":
 ["
第
1
轮
：
学员
陈述
错误
答案
及
推理
过程
",
 "
第
2
轮
：
学员
提出
验证
性问题
检验
原理
理解
",
 "
第
3
轮
：
学员
提出
相似
情境
验证
方法
迁移
",
 "
第
4
轮
：
学员
请求
结构
化
总结
",
 "
观察
是否
触发
打
分
"],
   
 "
test
_input
":
 "
学员
按
四
轮
框架
逐步
完成
交互
",
   
 "
expected
_result
":
 "
四
轮
交互
完成后
系统
自动
触发
AI
打
分
，
显示
综合
评分
及
各
维度
得分
，
无需
学员
手动
触发
评分
",
   
 "
priority
":
 "
P
1
"
 
 },
 
 {
   
 "
id
":
 "
TC
-
03
3
",
   
 "
description
":
 "
学生
提问
缺乏
个人
理由
时
系统
二次
引导
补充
",
   
 "
test
_module
":
 "
AI
交互
-
异常
场景
处理
",
   
 "
pre
conditions
":
 ["
学员
已
进入
讲
错
题
交互
流程
",
 "
AI
已
提出
问题
"],
   
 "
steps
":
 ["
学员
回答
中
仅
说
'
我
选
A
错了
，
为啥
呀
'
等
无
个人
理由
的
提问
",
 "
提交
回答
",
 "
观察
AI
回应
内容
"],
   
 "
test
_input
":
 "
学员
回答
不含
个人
判断
依据
，
如
'
我
选
A
错了
为啥
'",
   
 "
expected
_result
":
 "
AI
自动
进行
二次
引导
，
提示
学员
补充
个人
理由
，
如
'
你
当时
选
A
是
看到
啥
、
想到
啥
了
呀
？
'
类
引导
文案
，
而非
直接
给出
解释
",
   
 "
priority
":
 "
P
1
"
 
 },
 
 {
   
 "
id
":
 "
TC
-
03
4
",
   
 "
description
":
 "
学生
重复
已
澄清
疑问
时
系统
识别
并
引导
至
未
理
清
逻辑
",
   
 "
test
_module
":
 "
AI
交互
-
异常
场景
处理
",
   
 "
pre
conditions
":
 ["
前
几
轮
交互
中
已
澄清
某个
疑问
点
",
 "
学员
再次
提出
相同
疑问
"],
   
 "
steps
":
 ["
学员
在
后续
交互
中
重复
询问
已
澄清
的问题
",
 "
提交
回答
",
 "
观察
AI
回应
内容
"],
   
 "
test
_input
":
 "
学员
再次
问
'
冰
块
变
水
是不是
液化
'
（
前
轮
已
澄清
不是
）
",
   
 "
expected
_result
":
 "
AI
识别
该
疑问
已
讨论
过
，
回应
'
之前
咱们
聊
过
哦
，
XX
不是
YY
，
咱们
现在
看看
ZZ
吧
'
类
文案
，
引导
至
未
理
清
的逻辑
链
而非
重复
解答
",
   
 "
priority
":
 "
P
1
"
 
 },
 
 {
   
 "
id
":
 "
TC
-
0
35
",
   
 "
description
":
 "
4
轮
交互
后
仍未
理解
时
系统
简化
为
1
个
核心
对比
确保
5
轮
内
完成
",
   
 "
test
_module
":
 "
AI
交互
-
异常
场景
处理
",
   
 "
pre
conditions
":
 ["
已完成
4
轮
交互
",
 "
学员
仍未
正确
理解
知识点
"],
   
 "
steps
":
 ["
第
4
轮
交互
中学
员
回答
仍
存在
概念
错误
",
 "
观察
AI
第
5
轮
回应
内容
"],
   
 "
test
_input
":
 "
4
轮
后
学员
仍
混淆
核心
概念
",
   
 "
expected
_result
":
 "
AI
第
5
轮
简化
交互
至
1
个
核心
对比
问题
，
如
'
XX
是
YY
，
对
吗
？
'
类
简化
问
法
，
不再
延伸
其他
疑问
，
确保
5
轮
内
完成
理解
确认
与
打
分
",
   
 "
priority
":
 "
P
1
"
 
 },
 
 {
   
 "
id
":
 "
TC
-
03
6
",
   
 "
description
":
 "
督导
端
弹
窗
详情
展示
完整
交互
记录
-A
I
问题
/
学生
回答
/A
I
追问
/
最终
评价
/
得分
",
   
 "
test
_module
":
 "
督导
端
-
讲
错
题
详情
查看
",
   
 "
pre
conditions
":
 ["
学员
已完成
讲
错
题
并获得
AI
评分
",
 "
督导
端
学员
列表
中
该
学员
操作
列
显示
'
查看
讲
错
题
讲
知识点
'
按钮
"],
   
 "
steps
":
 ["
督导
点击
'
查看
讲
错
题
讲
知识点
'
按钮
",
 "
查看
弹
窗
中
展示
的内容
"],
   
 "
test
_input
":
 "
点击
可
用的
'
查看
讲
错
题
讲
知识点
'
按钮
",
   
 "
expected
_result
":
 "
弹
窗
展示
最近
一
节课
的
完整
交互
记录
，
包含
：
AI
问题
、
学生
回答
、
AI
追问
、
学生
回答
、
最终
评价
结果
、
得分
等信息
，
右上
角
有关
闭
按钮
",
   
 "
priority
":
 "
P
1
"
 
 },
 
 {
   
 "
id
":
 "
TC
-
03
7
",
   
 "
description
":
 "
督导
端
学员
通过
时
标识
显示
'
学生
知识点
讲
错
题
通过
'
文字
",
   
 "
test
_module
":
 "
督导
端
-
通过
/
未
通过
标识
",
   
 "
pre
conditions
":
 ["
学员
讲
错
题
综合
评分
>=
8
分
（
通过
）
",
 "
督导
端
已
收到
通过
提醒
"],
   
 "
steps
":
 ["
督导
点击
通过
提醒
或
进入
查看
弹
窗
",
 "
查看
是否
通过
标识
"],
   
 "
test
_input
":
 "
查看
已
通过
学员
的
讲
错
题
详情
",
   
 "
expected
_result
":
 "
弹
窗
中
显示
文字
'
学生
知识点
讲
错
题
通过
'
，
标识
清晰
可见
",
   
 "
priority
":
 "
P
2
"
 
 },
 
 {
   
 "
id
":
 "
TC
-
03
8
",
   
 "
description
":
 "
督导
端
学员
未
通过
时
标识
显示
'
学生
知识点
讲
错
题
未
通过
'
文字
",
   
 "
test
_module
":
 "
督导
端
-
通过
/
未
通过
标识
",
   
 "
pre
conditions
":
 ["
学员
讲
错
题
综合
评分
<
8
分
（
未
通过
）
",
 "
督导
端
已
收到
未
通过
提醒
"],
   
 "
steps
":
 ["
督导
点击
未
通过
提醒
或
进入
查看
弹
窗
",
 "
查看
是否
通过
标识
"],
   
 "
test
_input
":
 "
查看
未
通过
学员
的
讲
错
题
详情
",
   
 "
expected
_result
":
 "
弹
窗
中
显示
文字
'
学生
知识点
讲
错
题
未
通过
'
，
标识
清晰
可见
",
   
 "
priority
":
 "
P
2
"
 
 },
 
 {
   
 "
id
":
 "
TC
-
03
9
",
   
 "
description
":
 "
随
堂
测
正确
率
>
50
%
反馈
弹
窗
显示
'
讲
知识
错
题
'
按钮
并
跳
转
至
讲
题
页面
",
   
 "
test
_module
":
 "
入口
与
导航
-
随
堂
测
入口
",
   
 "
pre
conditions
":
 ["
学员
已完成
随
堂
测
",
 "
随
堂
测
正确
率
超过
50
%
"],
   
 "
steps
":
 ["
随
堂
测
结果
反馈
弹
窗
显示
'
太
棒
啦
'
场景
",
 "
点击
'
讲
知识
错
题
'
按钮
",
 "
观察
跳
转
目标
页面
"],
   
 "
test
_input
":
 "
正确
率
60
%
的
随
堂
测
结果
",
   
 "
expected
_result
":
 "'
太
棒
啦
'
弹
窗
中
显示
'
讲
知识
错
题
'
按钮
，
点击
后
跳
转
至
讲
知识
错
题
页面
，
进入
费
曼
学习
法
互动
流程
",
   
 "
priority
":
 "
P
1
"
 
 },
 
 {
   
 "
id
":
 "
TC
-
0
40
",
   
 "
description
":
 "
随
堂
测
正确
率
<
50
%
反馈
弹
窗
显示
'
重
学
课程
'
按钮
并
跳
转
定位
至
相关
内容
",
   
 "
test
_module
":
 "
入口
与
导航
-
随
堂
测
入口
",
   
 "
pre
conditions
":
 ["
学员
已完成
随
堂
测
",
 "
随
堂
测
正确
率
不足
50
%
"],
   
 "
steps
":
 ["
随
堂
测
结果
反馈
弹
窗
显示
'
太
遗憾
了
'
场景
",
 "
点击
'
重
学
课程
'
按钮
",
 "
观察
跳
转
目标
页面
及
定位
位置
"],
   
 "
test
_input
":
 "
正确
率
40
%
的
随
堂
测
结果
",
   
 "
expected
_result
":
 "'
太
遗憾
了
'
弹
窗
中
显示
'
重
学
课程
'
按钮
，
点击
后
跳
转
至
随
堂
测
对应的
课程
学习
页面
，
并
自动
定位
到
与
随
堂
测
知识点
高度
相关的
课程
内容
起始
处
",
   
 "
priority
":
 "
P
1
"
 
 },
 
 {
   
 "
id
":
 "
TC
-
04
1
",
   
 "
description
":
 "
综合
评分
>=
8
分
页面
提示
后
自动
停留
5
秒
再
显示
'
去
日
清
'
按钮
",
   
 "
test
_module
":
 "
评分
结果
展示
-
通过
流程
",
   
 "
pre
conditions
":
 ["
学员
完成
讲
错
题
交互
",
 "
AI
综合
评分
>=
8
分
"],
   
 "
steps
":
 ["
AI
完成
最终
打
分
",
 "
观察
页面
提示
文案
和
按钮
出现
时机
",
 "
等待
5
秒
后
观察
按钮
状态
"],
   
 "
test
_input
":
 "
综合
评分
8
.
5
分
",
   
 "
expected
_result
":
 "
页面
显示
'
太
棒
啦
，
您
对
知识
点的
理解
非常
棒
'
提示
文案
，
自动
停留
5
秒
后
显示
'
去
日
清
'
按钮
，
5
秒
内
按钮
不可
见
或
不可
点击
",
   
 "
priority
":
 "
P
1
"
 
 },
 
 {
   
 "
id
":
 "
TC
-
04
2
",
   
 "
description
":
 "
综合
评分
<
8
分
突出
显示
'
联系
督导
'
按钮
视觉
层级
高于
'
去
日
清
'",
   
 "
test
_module
":
 "
评分
结果
展示
-
未
通过
流程
",
   
 "
pre
conditions
":
 ["
学员
完成
讲
错
题
交互
",
 "
AI
综合
评分
<
8
分
"],
   
 "
steps
":
 ["
AI
完成
最终
打
分
",
 "
观察
页面
提示
文案
和
两个
按钮
的
视觉
呈现
"],
   
 "
test
_input
":
 "
综合
评分
6
.
0
分
",
   
 "
expected
_result
":
 "
页面
显示
'
太
遗憾
了
，
您
对
知识点
理解
还需要
加深
，
快
去
联系
督导
老师
吧
'
提示
文案
，
'
联系
督导
'
按钮
视觉
层级
（
颜色
/
大小
/
位置
）
突出
于
'
去
日
清
'
按钮
",
   
 "
priority
":
 "
P
1
"
 
 },
 
 {
   
 "
id
":
 "
TC
-
04
3
",
   
 "
description
":
 "
点击
'
联系
督导
'
按钮
后
督导
端
收到
提示
消息
",
   
 "
test
_module
":
 "
评分
结果
展示
-
未
通过
流程
",
   
 "
pre
conditions
":
 ["
学员
综合
评分
<
8
分
",
 "
页面
显示
'
联系
督导
'
和
'
去
日
清
'
按钮
"],
   
 "
steps
":
 ["
学员
点击
'
联系
督导
'
按钮
",
 "
切换
至
督导
端
查看
消息
提醒
"],
   
 "
test
_input
":
 "
点击
'
联系
督导
'
按钮
",
   
 "
expected
_result
":
 "
督导
端
收到
该
学员
的联系
督导
提示
消息
，
消息
内容
关联
该
学员
及
讲
错
题
未
通过
状态
",
   
 "
priority
":
 "
P
1
"
 
 },
 
 {
   
 "
id
":
 "
TC
-
04
4
",
   
 "
description
":
 "
AI
执行
禁
令
-
不得
使用
'
画
图
/
列
公式
'
类
非
语言
解答
语言
",
   
 "
test
_module
":
 "
AI
交互
-
执行
禁
令
",
   
 "
pre
conditions
":
 ["
学员
已
进入
讲
错
题
交互
流程
",
 "
学员
提问
涉及
需要
图
示
或
公式
解释
的内容
"],
   
 "
steps
":
 ["
学员
提出
需要
图
示
或
公式
才能
直观
解释
的问题
",
 "
观察
AI
回应
内容
"],
   
 "
test
_input
":
 "
学员
问
'
这个
几何
题
怎么
证明
'
或
'
这个
公式
怎么
推导
'",
   
 "
expected
_result
":
 "
AI
回应
中
不
出现
'
画
个
图
你就
懂
了
'
或
'
列
个
公式
你就
明白了
'
类
语言
，
全程
使用
文字
描述
、
类比
和生活
化
例子
解释
，
不
依赖
图形
或
公式
直接
解答
",
   
 "
priority
":
 "
P
1
"
 
 },
 
 {
   
 "
id
":
 "
TC
-
0
45
",
   
 "
description
":
 "
AI
执行
禁
令
-
必须
先
肯定
后
纠正
，
不得
直接
批评
否定
",
   
 "
test
_module
":
 "
AI
交互
-
执行
禁
令
",
   
 "
pre
conditions
":
 ["
学员
已
进入
讲
错
题
交互
流程
",
 "
学员
回答
存在
明显
错误
"],
   
 "
steps
":
 ["
学员
提交
包含
错误的
回答
",
 "
观察
AI
回应
内容的
结构和
语气
"],
   
 "
test
_input
":
 "
学员
回答
中
概念
混淆
或
推理
错误
",
   
 "
expected
_result
":
 "
AI
回应
先
对
学员
的
思考
过程
或
发现
问题的
能力
给予
肯定
（
如
'
你
注意到
XX
这点
很好
'
），
然后再
指出
错误
并
纠正
，
不
出现
'
你想
错了
'
或
直接
否定
而无
肯定的
表述
",
   
 "
priority
":
 "
P
1
"
 
 },
 
 {
   
 "
id
":
 "
TC
-
04
6
",
   
 "
description
":
 "
新版
评分
维度
-
思路
准确性
0
-
3
分
/
步骤
完整性
0
-
3
分
/
表达
清晰
度
0
-
4
分
总分
10
分
",
   
 "
test
_module
":
 "
AI
评分
逻辑
-
新版
评分
维度
",
   
 "
pre
conditions
":
 ["
学员
已完成
讲
错
题
交互
",
 "
AI
触发
打
分
"],
   
 "
steps
":
 ["
学员
完成
4
轮
左右
交互
后
触发
AI
打
分
",
 "
查看
评分
结果
展示
的
维度
和
分
值
"],
   
 "
test
_input
":
 "
学员
完成
完整
交互
流程
",
   
 "
expected
_result
":
 "
评分
结果
展示
三个
维度
：
思路
准确性
（
0
.
0
-
3
.
0
分
）、
步骤
完整性
（
0
.
0
-
3
.
0
分
）、
表达
清晰
度
（
0
.
0
-
4
.
0
分
），
三个
维度
得分
之和
为
综合
评分
（
总分
10
.
0
分
）
",
   
 "
priority
":
 "
P
1
"
 
 },
 
 {
   
 "
id
":
 "
TC
-
04
7
",
   
 "
description
":
 "
新版
评分
-
各
维度
满分
时
综合
评分
恰好
为
10
.
0
分
",
   
 "
test
_module
":
 "
AI
评分
逻辑
-
新版
评分
计算
",
   
 "
pre
conditions
":
 ["
学员
回答
质量
极高
",
 "
AI
触发
打
分
"],
   
 "
steps
":
 ["
学员
给出
思路
准确
、
步骤
完整
、
表达
清晰的
回答
",
 "
触发
AI
打
分
",
 "
查看
各
维度
得分
和
综合
评分
"],
   
 "
test
_input
":
 "
学员
回答
完全
正确
、
步骤
连贯
、
表达
清晰
易懂
",
   
 "
expected
_result
":
 "
思路
准确性
=
3
.
0
分
，
步骤
完整性
=
3
.
0
分
，
表达
清晰
度
=
4
.
0
分
，
综合
评分
=
10
.
0
分
",
   
 "
priority
":
 "
P
2
"
 
 },
 
 {
   
 "
id
":
 "
TC
-
04
8
",
   
 "
description
":
 "
单
次
交互
约束
-
学员
堆
砌
多个
疑问
时
系统
自动
拆
分为
单
轮
单
问
",
   
 "
test
_module
":
 "
AI
交互
-
提问
频
次
约束
",
   
 "
pre
conditions
":
 ["
学员
已
进入
讲
错
题
交互
流程
",
 "
AI
已
提出
问题
"],
   
 "
steps
":
 ["
学员
一次
提出
2
个
以上
核心
疑问
（
如
'
冰
块
为啥
不是
液化
+
游泳
冷
为啥
是
汽
化
'
）
",
 "
提交
回答
",
 "
观察
AI
回应
是否
逐一
处理
"],
   
 "
test
_input
":
 "
学员
回答
中
同时
包含
多个
不
相关
疑问
",
   
 "
expected
_result
":
 "
AI
识别
多
疑问
并
自动
拆
分
，
仅
聚焦
其中
1
个
核心
疑问
进行
回应
，
其余
疑问
留
待
后续
轮
次
处理
，
确保
每
轮
仅
聚焦
1
个
具体
疑问
",
   
 "
priority
":
 "
P
1
"
 
 },
 
 {
   
 "
id
":
 "
TC
-
04
9
",
   
 "
description
":
 "
分数
段
鼓励
语
-
9
.
0
-
10
.
0
分
显示
'
太
厉害
啦
'
开头
鼓励
文案
",
   
 "
test
_module
":
 "
AI
评分
逻辑
-
鼓励
语
展示
",
   
 "
pre
conditions
":
 ["
学员
已完成
讲
错
题
交互
",
 "
综合
评
分为
9
.
0
-
10
.
0
分
"],
   
 "
steps
":
 ["
AI
完成
打
分
",
 "
查看
页面
显示
的
鼓励
语
内容
"],
   
 "
test
_input
":
 "
综合
评分
9
.
5
分
",
   
 "
expected
_result
":
 "
页面
显示
以
'
太
厉害
啦
！
'
开
头的
鼓励
文案
，
包含
'
解题
逻辑
闭环
，
步骤
完整
无
缺
，
表达
精准
易懂
'
等
描述
",
   
 "
priority
":
 "
P
2
"
 
 },
 
 {
   
 "
id
":
 "
TC
-
0
50
",
   
 "
description
":
 "
随
堂
测
'
查看
解析
'
按钮
点击
后
停留在
当前
页面
逐
题
查看
解析
",
   
 "
test
_module
":
 "
入口
与
导航
-
随
堂
测
入口
",
   
 "
pre
conditions
":
 ["
学员
已完成
随
堂
测
",
 "
随
堂
测
结果
反馈
弹
窗
已
显示
"],
   
 "
steps
":
 ["
在
随
堂
测
结果
反馈
弹
窗
中
点击
'
查看
解析
'
按钮
",
 "
观察
页面
跳
转
行为
",
 "
尝试
逐
题
查看
解析
"],
   
 "
test
_input
":
 "
点击
'
查看
解析
'
按钮
",
   
 "
expected
_result
":
 "
点击
后
停留在
当前
页面
不
跳
转
，
学员
可在
当前
页面
逐
题
查看
每
道
题
的
解析
内容
，
包含
知识点
与
解题
思路
",
   
 "
priority
":
 "
P
1
"
 
 }
]
```
GEN_DIAG:{"kind": "stream_batch_token_usage", "project_id": 8, "request_id": "7667a562d1a543c9b35cc707ebcbbf8e", "current_biz_key": "unknown", "multi_pass": true, "generation_mode": "full_functional_regression", "batch_index": 2, "total_batches": 4, "attempt": 1, "requested_count": 25, "input_tokens": null, "output_tokens": null, "total_tokens": null, "token_source": "unavailable", "token_unavailable_reason": "provider_usage_estimated", "estimate_method": "chars_div_4", "model": "glm-5.1"}

GEN_DIAG:{"kind": "stream_batch_quality", "project_id": 8, "request_id": "7667a562d1a543c9b35cc707ebcbbf8e", "current_biz_key": "unknown", "multi_pass": true, "generation_mode": "full_functional_regression", "batch_index": 2, "new_valid_cases_count": 25, "duplicate_rate": 0.0, "non_assertable_count": 0, "low_quality_filtered_count": 0, "coverage_gain_count": 25, "low_gain_detected": false, "low_gain_streak": 0}
@@STATUS@@:正在生成第 3/4 批次 (25 条) - 第 1 次尝试...
```
json

[
 
 {
   
 "
id
":
 "
TC
-
05
1
",
   
 "
description
":
 "
AI
追问
方向
-
类比
迁移
验证
，
验证
AI
用
相似
案例
或
简化
问题
验证
规则
普
适
性
，
避免
学生
机械
套
用
",
   
 "
test
_module
":
 "
AI
提问
逻辑
-
追问
方向
",
   
 "
pre
conditions
":
 ["
学生
已
进入
第五
步
讲
知识
错
题
页面
",
 "
AI
已
提出
初始
问题
且
学生
已
作
答
"],
   
 "
steps
":
 ["
学生
回答
初始
问题
后
",
 "
观察
AI
追问
内容
",
 "
验证
追问
是否
包含
类似
'
如果把
XX
条件
换成
YY
，
解
法
会有
什么
变化
'
或
'
能否
用
更
简单的
例子
验证
这个
结论
'
的
类比
迁移
类
问题
"],
   
 "
test
_input
":
 "
学生
回答
涉及
套
用
公式
但
未
理解
适用
范围
",
   
 "
expected
_result
":
 "
AI
追问
内容
包含
类比
迁移
验证
方向
的问题
，
如
提出
条件
替换
情境
或
简化
案例
，
引导学生
验证
规则
普
适
性
，
而非
仅
确认
当前
答案
正确
",
   
 "
priority
":
 "
P
1
"
 
 },
 
 {
   
 "
id
":
 "
TC
-
05
2
",
   
 "
description
":
 "
AI
追问
方向
-
质疑
例外
边界
，
验证
AI
探索
知识
边界
和
例外
情况
深化
学生对
规则的
完整
理解
",
   
 "
test
_module
":
 "
AI
提问
逻辑
-
追问
方向
",
   
 "
pre
conditions
":
 ["
学生
已
进入
第五
步
讲
知识
错
题
页面
",
 "
AI
已
进行
至少
一轮
追问
且
学生
回答
涉及
某
定理
/
公式
应用
"],
   
 "
steps
":
 ["
学生
回答
涉及
某
定理
或
公
式的
应用
",
 "
观察
AI
追问
内容
",
 "
验证
追问
是否
包含
类似
'
这个
结论
在
什么
情况下
不
成立
'
或
'
是否存在
XX
特殊
情形
'
的
边界
质疑
类
问题
"],
   
 "
test
_input
":
 "
学生
回答
正确
应用
某
公式
但
未
提及
适用
条件
限制
",
   
 "
expected
_result
":
 "
AI
追问
内容
包含
质疑
例外
边界
方向
的问题
，
如
询问
结论
不
成立的
条件
、
隐
含
前提
或
增加
限制
条件
后
解
法
的变化
，
引导学生
思考
知识
边界
",
   
 "
priority
":
 "
P
1
"
 
 },
 
 {
   
 "
id
":
 "
TC
-
05
3
",
   
 "
description
":
 "
AI
追问
方向
-
重构
知识
体系
，
验证
AI
要求
学生
用自己的
语言
复
述
正确
逻辑
确保
从
理解
到
能
表达
",
   
 "
test
_module
":
 "
AI
提问
逻辑
-
追问
方向
",
   
 "
pre
conditions
":
 ["
学生
已
进入
第五
步
讲
知识
错
题
页面
",
 "
AI
已
进行
多
轮
追问
且
学生
表现出
对
正确
逻辑
的理解
"],
   
 "
steps
":
 ["
经过
前
几
轮
追问
学生
已
逐步
理解
正确
逻辑
",
 "
观察
AI
追问
内容
",
 "
验证
追问
是否
包含
类似
'
正确的
解题
逻辑
应该是
XX
，
之前
错误
的原因
是
XX
，
现在
理解为
XX
'
或
'
这个
知识点
和
之前
学的
XX
内容
有什么
联系
'
的重
构
类
问题
"],
   
 "
test
_input
":
 "
学生
回答
已
接近
正确
理解
但
尚未
系统
总结
",
   
 "
expected
_result
":
 "
AI
追问
内容
包含
重构
知识
体系
方向
的问题
，
要求
学生
用自己的
语言
复
述
正确
逻辑
、
说明
错误
原因
与
当前
理解的
对比
，
或
建立
与
已
学
知识的
联系
，
确保
从
理解
到
能
表达
",
   
 "
priority
":
 "
P
1
"
 
 },
 
 {
   
 "
id
":
 "
TC
-
05
4
",
   
 "
description
":
 "
修订
版
四
轮
对话
第一
轮
-
学生
陈述
错误
答案
及
背后
完整
推理
过程
暴露
认知
误区
",
   
 "
test
_module
":
 "
AI
提问
逻辑
-
四
轮
对话
框架
",
   
 "
pre
conditions
":
 ["
学生
已
进入
第五
步
讲
知识
错
题
页面
",
 "
AI
已
展示
初始
提问
题目
"],
   
 "
steps
":
 ["
学生
首次
回答
AI
提问
",
 "
验证
学生
回答
是否
包含
错误
选项
及
个人
判断
理由
",
 "
验证
AI
是否
基于
学生
暴露
的认知
误区
进行
回应
"],
   
 "
test
_input
":
 "
学生
回答
包含
'
我
选
了
A
，
因为
看到
冰
块
在
饮料
里
变小
变成
水
，
以为
变成
液体
就是
液化
'",
   
 "
expected
_result
":
 "
第一
轮
交互
中
，
学生
陈述
错误
答案
及
完整
推理
过程
，
AI
基于
学生
暴露
的具体
认知
误区
进行
针对性
回应
，
而非
泛
泛
讲解
知识点
",
   
 "
priority
":
 "
P
1
"
 
 },
 
 {
   
 "
id
":
 "
TC
-
05
5
",
   
 "
description
":
 "
修订
版
四
轮
对话
第二轮
-
学生
提出
验证
性问题
如
'
如果
...
那么
...'
检验
对
核心
原理
的理解
",
   
 "
test
_module
":
 "
AI
提问
逻辑
-
四
轮
对话
框架
",
   
 "
pre
conditions
":
 ["
第一
轮
交互
已完成
",
 "
AI
已
对
学生的
认知
误区
做出
初步
解释
"],
   
 "
steps
":
 ["
AI
给出
初步
解释
后
",
 "
观察
AI
追问
是否
引导学生
提出
验证
性问题
",
 "
验证
追问
是否
采用
'
如果
...
那么
...'
句
式
检验
核心
原理
理解
"],
   
 "
test
_input
":
 "
AI
解释
液化
与
汽
化的
区别
后
",
   
 "
expected
_result
":
 "
第二轮
交互
中
，
AI
追问
引导学生
提出
验证
性问题
（
如
'
如果把
条件
换成
XX
，
结果
会
怎样
'
），
检验
学生
是否
真正
理解
核心
原理
而非
仅
记住
结论
",
   
 "
priority
":
 "
P
1
"
 
 },
 
 {
   
 "
id
":
 "
TC
-
05
6
",
   
 "
description
":
 "
修订
版
四
轮
对话
第三
轮
-
学生
提出
相似
情境
新
问题
验证
方法
迁移
能力
",
   
 "
test
_module
":
 "
AI
提问
逻辑
-
四
轮
对话
框架
",
   
 "
pre
conditions
":
 ["
前
两
轮
交互
已完成
",
 "
学生
已
表现出
对
核心
原理
的
初步
理解
"],
   
 "
steps
":
 ["
学生
回答
验证
性问题
后
",
 "
观察
AI
追问
是否
引导学生
提出
相似
情境
的新
问题
",
 "
验证
追问
是否
检验
学生
能否
将
刚
学到
的方法
论
迁移
到
新
情境
"],
   
 "
test
_input
":
 "
学生
正确
回答
验证
性问题
",
   
 "
expected
_result
":
 "
第三
轮
交互
中
，
AI
追问
引导学生
提出
相似
情境
或
条件
变化
的新
问题
，
询问
是否
可以使用
刚
学到
的方法
论
，
验证
学生的
方法
迁移
能力
",
   
 "
priority
":
 "
P
1
"
 
 },
 
 {
   
 "
id
":
 "
TC
-
05
7
",
   
 "
description
":
 "
修订
版
四
轮
对话
第四
轮
-
学生
请求
老师
用
简单
步骤
固定
解题
思路
触发
打
分
",
   
 "
test
_module
":
 "
AI
提问
逻辑
-
四
轮
对话
框架
",
   
 "
pre
conditions
":
 ["
前三
轮
交互
已完成
",
 "
学生
已
通过
方法
迁移
验证
"],
   
 "
steps
":
 ["
学生
回答
方法
迁移
问题
后
",
 "
观察
AI
追问
是否
要求
结构
化
总结
",
 "
验证
追问
是否
引导学生
用
简单
步骤
（
如
三
步
法
）
固定
解题
思路
",
 "
验证
第四
轮
结束后
是否
触发
打
分
"],
   
 "
test
_input
":
 "
学生
正确
完成
方法
迁移
回答
",
   
 "
expected
_result
":
 "
第四
轮
交互
中
，
AI
追问
引导学生
请求
用
简单
步骤
将
解题
思路
固定
下来
（
如
三
步
法
总结
），
学生
完成
结构
化
总结
后
系统
触发
AI
打
分
，
四
轮
对话
闭环
完成
",
   
 "
priority
":
 "
P
1
"
 
 },
 
 {
   
 "
id
":
 "
TC
-
05
8
",
   
 "
description
":
 "
教师
评分
纠
错
有效性
扣
分
-
学生
因
教师
解释
不清
再次
出现
概念
错误
每次
扣
5
分
扣
完
为止
",
   
 "
test
_module
":
 "
AI
评分
逻辑
",
   
 "
pre
conditions
":
 ["
学生
已
进入
讲
知识
错
题
交互
流程
",
 "
AI
已
对
学生的
某个
概念
错误
做出
解释
"],
   
 "
steps
":
 ["
学生
回答
中
暴露
概念
错误
A
",
 "
AI
解释
纠正
概念
错误
A
",
 "
后续
轮
次
中学生
再次
出现
同一
概念
错误
A
",
 "
观察
评分
结果
中
是否
包含
纠
错
有效性
扣
分
"],
   
 "
test
_input
":
 "
AI
解释
'
冰
块
变
水
是
熔
化
不是
液化
'
后
，
学生
后续
回答
仍
将
冰
块
变
水
称为
液化
",
   
 "
expected
_result
":
 "
评分
结果
中
纠
错
有效性
扣
分
项
扣除
5
分
；
若
多次
重复
出现
因
教师
解释
不清
导致的
概念
错误
，
每次
扣
5
分
直至
该
维度
扣
完
为止
",
   
 "
priority
":
 "
P
1
"
 
 },
 
 {
   
 "
id
":
 "
TC
-
05
9
",
   
 "
description
":
 "
学生
提问
句
式
约束
-
必须
以
'
我以为
...
因为
...'
开始
清晰
暴露
原始
错误
思路
",
   
 "
test
_module
":
 "
AI
提问
逻辑
-
角色
约束
",
   
 "
pre
conditions
":
 ["
学生
已
进入
第五
步
讲
知识
错
题
页面
",
 "
AI
已
展示
初始
提问
题目
"],
   
 "
steps
":
 ["
AI
以
学生
角色
提出
问题
",
 "
验证
AI
提问
是否
以
'
我以为
...
因为
...'
句
式
开始
",
 "
验证
提问
是否
包含
错误
选项
和个人
判断
理由
"],
   
 "
test
_input
":
 "
AI
针对
错
题
生成
初始
提问
",
   
 "
expected
_result
":
 "
AI
提问
内容
以
'
我以为
...
因为
...'
句
式
开始
，
清晰
陈述
错误
选项
及
个人
判断
理由
（
如
'
我以为
冰
块
变
水
是
液化
，
因为
看到
它
变成
液体
了
'
），
暴露
原始
错误
思路
而非
空
泛
询问
'
为什么
A
错
'",
   
 "
priority
":
 "
P
1
"
 
 },
 
 {
   
 "
id
":
 "
TC
-
0
60
",
   
 "
description
":
 "
教师
角色
精准
打击
-
解释
必须
直接
针对
学生
陈述
的错误
点
而非
泛
泛
而
谈
知识点
",
   
 "
test
_module
":
 "
AI
提问
逻辑
-
角色
约束
",
   
 "
pre
conditions
":
 ["
学生
已
回答
AI
提问
并
暴露
具体
错误
点
"],
   
 "
steps
":
 ["
学生
回答
中
暴露
具体
错误
点
（
如
将
熔
化
误
认为
液化
）
",
 "
观察
AI
回应
内容
",
 "
验证
AI
解释
是否
直接
针对
该
具体
错误
点
",
 "
验证
AI
是否
避免
泛
泛
讲解
整个
知识点
体系
"],
   
 "
test
_input
":
 "
学生
回答
'
我
选
A
是因为
冰
块
变
水
变成
液体
就是
液化
'",
   
 "
expected
_result
":
 "
AI
回应
直接
针对
'
冰
块
变
水
变成
液体
就是
液化
'
这个
具体
错误
点
进行
纠正
解释
，
而非
泛
泛
讲解
'
液
化和
汽
化的
所有
区别
'
等
宽
泛
知识点
",
   
 "
priority
":
 "
P
1
"
 
 },
 
 {
   
 "
id
":
 "
TC
-
06
1
",
   
 "
description
":
 "
具
象
化
关联
-A
I
交互
关联
日常
可
感知
具
象
事物
避免
纯
理论
抽象
概念
表述
",
   
 "
test
_module
":
 "
AI
提问
逻辑
-
内容
约束
",
   
 "
pre
conditions
":
 ["
学生
已
进入
讲
知识
错
题
页面
",
 "
题目
涉及
物理
或
化学
概念
"],
   
 "
steps
":
 ["
观察
AI
初始
提问
内容
",
 "
验证
提问
是否
关联
日常
可
感知
的
具
象
事物
（
如
水
、
冰
块
、
游泳
、
饮料
等
）
",
 "
验证
提问
是否
避免
纯
理论
抽象
概念
表述
（
如
不说
'
固态
变
液
态
'
而
说
'
冰
块
在
饮料
里
慢慢
化
掉
变成
水
'
）
"],
   
 "
test
_input
":
 "
题目
涉及
物
态
变化
概念
",
   
 "
expected
_result
":
 "
AI
提问
和
交互
内容
关联
学生
日常
可
感知
的
具
象
事物
进行
表述
，
不
出现
'
固态
变
液
态
'
等
纯
理论
抽象
概念
，
而是
使用
'
冰
块
在
饮料
里
化
掉
变成
水
'
等
具
象
化
描述
",
   
 "
priority
":
 "
P
2
"
 
 },
 
 {
   
 "
id
":
 "
TC
-
06
2
",
   
 "
description
":
 "
督导
端
科目
筛选
下拉
菜单
-
选择
科目
后
学员
列表
仅
显示
该
科目
相关
学员
",
   
 "
test
_module
":
 "
督导
端
-
学员
列表
",
   
 "
pre
conditions
":
 ["
督导
已
登录
督导
端
",
 "
学员
列表
中
存在
多个
不同
科
目的
学员
数据
"],
   
 "
steps
":
 ["
点击
顶部
科目
筛选
下拉
菜单
",
 "
选择
某一
具体
科目
（
如
数学
）
",
 "
观察
学员
列表
变化
"],
   
 "
test
_input
":
 "
科目
筛选
选择
'
数学
'",
   
 "
expected
_result
":
 "
学员
列表
仅
显示
与
数
学科
目
相关的
学员
信息
，
其他
科目
学员
不再
显示
；
切换
回
'
全部
科目
'
时
恢复
显示
所有
学员
",
   
 "
priority
":
 "
P
2
"
 
 },
 
 {
   
 "
id
":
 "
TC
-
06
3
",
   
 "
description
":
 "
督导
端
搜索
框
-
输入
关键词
搜索
匹配
学员
",
   
 "
test
_module
":
 "
督导
端
-
学员
列表
",
   
 "
pre
conditions
":
 ["
督导
已
登录
督导
端
",
 "
学员
列表
中
存在
多名
学员
"],
   
 "
steps
":
 ["
在
顶部
搜索
框
输入
学员
姓名
关键词
",
 "
观察
学员
列表
筛选
结果
",
 "
清
空
搜索
框
观察
列表
恢复
"],
   
 "
test
_input
":
 "
搜索
框
输入
学员
姓名
的部分
字符
",
   
 "
expected
_result
":
 "
学员
列表
实时
筛选
显示
姓名
匹配
的
学员
；
清
空
搜索
框
后
列表
恢复
显示
全部
学员
",
   
 "
priority
":
 "
P
2
"
 
 },
 
 {
   
 "
id
":
 "
TC
-
06
4
",
   
 "
description
":
 "
督导
端
学习
进度
-
未
开始
学习的
课程
章节
不
展示
进度
信息
",
   
 "
test
_module
":
 "
督导
端
-
学员
列表
",
   
 "
pre
conditions
":
 ["
督导
已
登录
督导
端
",
 "
存在
尚未
开始
任何
课程
学习的
学员
"],
   
 "
steps
":
 ["
查看
学员
列表
中
未
开始
学习的
学员
",
 "
观察
该
学员
的
'
学习
进度
'
列
"],
   
 "
test
_input
":
 "
查看
未
开始
学习
学员
的学习
进度
列
",
   
 "
expected
_result
":
 "
未
开始
学习的
学员
的
'
学习
进度
'
列
不
展示
任何
内容
（
空白
），
而非
显示
'
未
开始
'
等
文案
",
   
 "
priority
":
 "
P
2
"
 
 },
 
 {
   
 "
id
":
 "
TC
-
06
5
",
   
 "
description
":
 "
督导
端
状态
标记
-
学员
点击
完成
含
对
答案
完成
和
督导
沟通
跳
过
两种
完成
方式
均
标记
为
完成
",
   
 "
test
_module
":
 "
督导
端
-
学员
列表
",
   
 "
pre
conditions
":
 ["
督导
已
登录
督导
端
",
 "
存在
通过对
答案
完成
和
通过
督导
沟通
跳
过
完成
两种
学员
"],
   
 "
steps
":
 ["
查看
通过对
答案
完成
讲
错
题
的
学员
状态
列
",
 "
查看
通过
督导
沟通
跳
过
完成的
学员
状态
列
",
 "
对比
两种
完成
方式
的状态
显示
"],
   
 "
test
_input
":
 "
分别
查看
两种
完成
方式的
学员
状态
",
   
 "
expected
_result
":
 "
两种
完成
方式的
学员
状态
列
均
显示
'
完成
'
标记
，
不
区分
完成
方式
（
对
答案
完成
和
督导
沟通
跳
过
均
标记
为
完成
）
",
   
 "
priority
":
 "
P
1
"
 
 },
 
 {
   
 "
id
":
 "
TC
-
06
6
",
   
 "
description
":
 "
督导
端
近期
学习
计划
-
教材
最后
课程
和
未
定
教材
两种
情况
均
不
展示
计划
内容
",
   
 "
test
_module
":
 "
督导
端
-
学员
列表
",
   
 "
pre
conditions
":
 ["
督导
已
登录
督导
端
",
 "
存在
学习
计划
为
教材
最后
课程的
学员
",
 "
存在
未
定
教材
的
学员
"],
   
 "
steps
":
 ["
查看
教材
最后
课程
学员
的
'
近期
学习
计划
'
列
",
 "
查看
未
定
教材
学员
的
'
近期
学习
计划
'
列
"],
   
 "
test
_input
":
 "
分别
查看
两种
边界
情况
学员
的
近期
学习
计划
",
   
 "
expected
_result
":
 "
教材
最后
课程的
学员
'
近期
学习
计划
'
列
不
展示
内容
；
未
定
教材
的
学员
'
近期
学习
计划
'
列
也不
展示
内容
，
两种
情况
均
显示
为
空白
",
   
 "
priority
":
 "
P
2
"
 
 },
 
 {
   
 "
id
":
 "
TC
-
06
7
",
   
 "
description
":
 "
督导
端
'
编辑
课后
报告
'
按钮
点击
进入
编辑
页面
",
   
 "
test
_module
":
 "
督导
端
-
操作
列
",
   
 "
pre
conditions
":
 ["
督导
已
登录
督导
端
",
 "
学员
列表
中
存在
学员
数据
"],
   
 "
steps
":
 ["
找到
某
学员
操作
列
中的
'
编辑
课后
报告
'
按钮
",
 "
点击
该
按钮
",
 "
观察
页面
跳
转
"],
   
 "
test
_input
":
 "
点击
'
编辑
课后
报告
'
按钮
",
   
 "
expected
_result
":
 "
点击
后
跳
转
至
该
学员
的
课后
报告
编辑
页面
，
可
进行
报告
编辑
操作
",
   
 "
priority
":
 "
P
2
"
 
 },
 
 {
   
 "
id
":
 "
TC
-
06
8
",
   
 "
description
":
 "
交互
记录
自动
存储
-
系统
存储
所有
历史
含
提问
题目
/
学生
回答
/A
I
反馈
追问
/
交互
时间
",
   
 "
test
_module
":
 "
AI
提问
逻辑
-
记录
存储
",
   
 "
pre
conditions
":
 ["
学生
已完成
讲
知识
错
题
交互
流程
",
 "
交互
过程中
有多
轮
问答
"],
   
 "
steps
":
 ["
学生
完成
讲
错
题
交互
后
",
 "
督导
端
点击
'
查看
讲
错
题
讲
知识点
'
按钮
",
 "
查看
弹
窗
中的
详细
内容
",
 "
验证
是否
包含
AI
问题
、
学生
回答
、
AI
追问
、
交互
时间
等
完整
信息
"],
   
 "
test
_input
":
 "
查看
已完成
讲
错
题
学员
的
交互
记录
",
   
 "
expected
_result
":
 "
弹
窗
中
展示
完整的
交互
记录
，
包含
每一
轮
的
AI
提问
题目
、
学生
回答
内容
、
AI
反馈
及
追问
内容
、
交互
时间
，
信息
无
遗漏
",
   
 "
priority
":
 "
P
1
"
 
 },
 
 {
   
 "
id
":
 "
TC
-
06
9
",
   
 "
description
":
 "
督导
端
弹
窗
右上
角
关闭
按钮
点击
关闭
详情
弹
窗
",
   
 "
test
_module
":
 "
督导
端
-
讲
错
题
详情
弹
窗
",
   
 "
pre
conditions
":
 ["
督导
已
登录
督导
端
",
 "
已
点击
'
查看
讲
错
题
讲
知识点
'
按钮
打开
弹
窗
"],
   
 "
steps
":
 ["
弹
窗
已
打开
显示
学员
讲
错
题
详情
",
 "
点击
弹
窗
右上
角
关闭
按钮
",
 "
观察
弹
窗
是否
GEN_DIAG:{"kind": "stream_batch_token_usage", "project_id": 8, "request_id": "7667a562d1a543c9b35cc707ebcbbf8e", "current_biz_key": "unknown", "multi_pass": true, "generation_mode": "full_functional_regression", "batch_index": 3, "total_batches": 4, "attempt": 1, "requested_count": 25, "input_tokens": null, "output_tokens": null, "total_tokens": null, "token_source": "unavailable", "token_unavailable_reason": "provider_usage_estimated", "estimate_method": "chars_div_4", "model": "glm-5.1"}

GEN_DIAG:{"kind": "stream_batch_quality", "project_id": 8, "request_id": "7667a562d1a543c9b35cc707ebcbbf8e", "current_biz_key": "unknown", "multi_pass": true, "generation_mode": "full_functional_regression", "batch_index": 3, "new_valid_cases_count": 18, "duplicate_rate": 0.0, "non_assertable_count": 0, "low_quality_filtered_count": 0, "coverage_gain_count": 18, "low_gain_detected": false, "low_gain_streak": 0}
@@STATUS@@:正在生成第 4/4 批次 (25 条) - 第 1 次尝试...
```
json

[
 
 {
   
 "
id
":
 "
TC
-
07
6
",
   
 "
description
":
 "
验证
'
第五
步
讲
知识
错
题
'
页面
左侧
导航
栏
展示
6
个
步骤
且
当前
步骤
高
亮
",
   
 "
test
_module
":
 "
界面
展示
",
   
 "
pre
conditions
":
 ["
学员
已
进入
某
课程
学习
页
",
 "
当前
处于
'
第五
步
讲
知识
错
题
'
环节
"],
   
 "
steps
":
 ["
进入
课程
学习
页面
",
 "
导航
至
'
第五
步
讲
知识
错
题
'",
 "
观察
左侧
垂直
排列
的学习
步骤
导航
栏
"],
   
 "
test
_input
":
 "
课程
学习
页面
",
   
 "
expected
_result
":
 "
左侧
导航
栏
依次
显示
'
第一步
复习
''
第二
+
三
步
学
&
练
''
第四
步
随
堂
测
''
第五
步
讲
知识
错
题
''
第六
步
日
清
'
，
其中
'
第五
步
讲
知识
错
题
'
为
高
亮
/
选中
状态
",
   
 "
priority
":
 "
P
1
"
 
 },
 
 {
   
 "
id
":
 "
TC
-
07
7
",
   
 "
description
":
 "
验证
课程
信息
区
标题
正确
读取
当前
讲的
名称
",
   
 "
test
_module
":
 "
界面
展示
",
   
 "
pre
conditions
":
 ["
学员
已
进入
某
课程
",
 "
该
课程
讲
名称
为
'
第
3
讲
：
一
元
二次
方程
'
"],
   
 "
steps
":
 ["
进入
'
第五
步
讲
知识
错
题
'
页面
",
 "
查看
课程
信息
区
标题
"],
   
 "
test
_input
":
 "
课程
讲
名称
：
第
3
讲
：
一
元
二次
方程
",
   
 "
expected
_result
":
 "
课程
信息
区
标题
显示
'
第
3
讲
：
一
元
二次
方程
'
，
与
当前
课程
讲
名称
一致
",
   
 "
priority
":
 "
P
1
"
 
 },
 
 {
   
 "
id
":
 "
TC
-
07
8
",
   
 "
description
":
 "
验证
'
返回
'
按钮
从
不同
入口
进入
时
均
返回
上一
级
页面
（
从
哪
来回
哪
去
）
",
   
 "
test
_module
":
 "
界面
展示
-
导航
",
   
 "
pre
conditions
":
 ["
学员
分别
从
随
堂
测
结果
弹
窗
和
课程
列表
进入
讲
错
题
页面
"],
   
 "
steps
":
 ["
路径
A
：
从
随
堂
测
结果
弹
窗
点击
'
讲
知识
错
题
'
进入
讲
错
题
页面
，
点击
'
返回
'
按钮
",
 "
路径
B
：
从
课程
列表
点击
某
课程
进入
讲
错
题
页面
，
点击
'
返回
'
按钮
"],
   
 "
test
_input
":
 "
两条
不同
入口
路径
",
   
 "
expected
_result
":
 "
路径
A
点击
返回
后
回到
随
堂
测
结果
弹
窗
页面
；
路径
B
点击
返回
后
回到
课程
列表
页面
，
均
遵循
'
从
哪
来回
哪
去
'
原则
",
   
 "
priority
":
 "
P
1
"
 
 },
 
 {
   
 "
id
":
 "
TC
-
07
9
",
   
 "
description
":
 "
验证
'
打印
'
按钮
点击
后
弹
窗
可选择
打印
内容
",
   
 "
test
_module
":
 "
界面
展示
-
功能
按钮
",
   
 "
pre
conditions
":
 ["
学员
已
进入
'
第五
步
讲
知识
错
题
'
页面
"],
   
 "
steps
":
 ["
点击
课程
信息
区的
'
打印
'
按钮
",
 "
观察
弹
窗
内容
"],
   
 "
test
_input
":
 "
点击
打印
按钮
",
   
 "
expected
_result
":
 "
弹出
打印
内容
选择
弹
窗
，
弹
窗
中
提供
可
选择的
打印
内容
选项
",
   
 "
priority
":
 "
P
2
"
 
 },
 
 {
   
 "
id
":
 "
TC
-
0
80
",
   
 "
description
":
 "
验证
'
切换
课程
'
按钮
可
让
学员
切换
到
其他
课程
的学习
页面
",
   
 "
test
_module
":
 "
界面
展示
-
功能
按钮
",
   
 "
pre
conditions
":
 ["
学员
已
进入
课程
A
的
'
第五
步
讲
知识
错
题
'
页面
",
 "
学员
还有
课程
B
可
学习
"],
   
 "
steps
":
 ["
点击
课程
信息
区的
'
切换
课程
'
按钮
",
 "
在
弹
出的
课程
列表
中选择
课程
B
",
 "
观察
页面
变化
"],
   
 "
test
_input
":
 "
选择
切换
至
课程
B
",
   
 "
expected
_result
":
 "
页面
跳
转
至
课程
B
的学习
页面
，
课程
信息
区
标题
更新
为
课程
B
的
讲
名称
，
左侧
导航
栏
状态
同步
更新
",
   
 "
priority
":
 "
P
1
"
 
 },
 
 {
   
 "
id
":
 "
TC
-
08
1
",
   
 "
description
":
 "
验证
AI
提问
以
对话框
样式
展示
在
课程
信息
区
下方
",
   
 "
test
_module
":
 "
界面
展示
-A
I
提问
区
",
   
 "
pre
conditions
":
 ["
学员
首次
进入
'
第五
步
讲
知识
错
题
'
页面
",
 "
完成
使用
引导
流程
"],
   
 "
steps
":
 ["
完成
引导
后
等待
AI
生成
问题
",
 "
观察
AI
提问
展示
区域
"],
   
 "
test
_input
":
 "
AI
生成
的问题
内容
",
   
 "
expected
_result
":
 "
AI
提出
的问题
以
对话框
样式
展示
在
课程
信息
区
下方
，
占据
页面
大部分
空间
，
对话框
内
可见
AI
提问
文本
",
   
 "
priority
":
 "
P
1
"
 
 },
 
 {
   
 "
id
":
 "
TC
-
08
2
",
   
 "
description
":
 "
验证
点击
'
点击
对话
'
按钮
开始
语音
录制
",
   
 "
test
_module
":
 "
交互
流程
-
录音
",
   
 "
pre
conditions
":
 ["
学员
已
进入
讲
错
题
页面
",
 "
AI
已
展示
问题
"],
   
 "
steps
":
 ["
点击
界面
底
部的
'
点击
对话
'
麦克风
图标
按钮
",
 "
观察
录音
状态
变化
"],
   
 "
test
_input
":
 "
点击
对话
按钮
",
   
 "
expected
_result
":
 "
弹出
输入
框
和
语音
录制
按钮
，
系统
进入
录音
状态
，
界面
显示
录音
中
标识
（
如
录音
动画
或
计时
）
",
   
 "
priority
":
 "
P
1
"
 
 },
 
 {
   
 "
id
":
 "
TC
-
08
3
",
   
 "
description
":
 "
验证
学员
完成
录制
后
点击
提交
，
语音
内容
转
成
文字
发送
",
   
 "
test
_module
":
 "
交互
流程
-
回答
提交
",
   
 "
pre
conditions
":
 ["
学员
已
点击
'
点击
对话
'
开始
录音
",
 "
学员
已
说完
回答
内容
"],
   
 "
steps
":
 ["
完成
语音
录制
",
 "
点击
提交
按钮
",
 "
观察
对话
区域
"],
   
 "
test
_input
":
 "
语音
内容
：
'
因为
冰
块
变成
水
是
固态
变
液
态
，
所以
是
熔
化
'",
   
 "
expected
_result
":
 "
语音
内容
被
转换为
文字
并以
学员
消息
形式
展示
在
对话
区域
，
文字
内容
与
语音
内容
一致
",
   
 "
priority
":
 "
P
1
"
 
 },
 
 {
   
 "
id
":
 "
TC
-
08
4
",
   
 "
description
":
 "
验证
AI
追问
在
原
反馈
内容
下方
以
新
对话框
形式
展示
",
   
 "
test
_module
":
 "
交互
流程
-
追问
交互
",
   
 "
pre
conditions
":
 ["
学员
已
提交
第一次
回答
",
 "
AI
已
生成
追问
内容
"],
   
 "
steps
":
 ["
学员
提交
回答
后
等待
AI
回应
",
 "
观察
AI
追问
的
展示
位置
和
形式
"],
   
 "
test
_input
":
 "
学员
回答
后
AI
生成
追问
",
   
 "
expected
_result
":
 "
AI
追问
内容
在
学员
原
回答
内容的
下方
以
新的
对话框
形式
展示
，
对话框
样式
与
初始
提问
一致
，
对话
按
时间
顺序
纵向
排列
",
   
 "
priority
":
 "
P
1
"
 
 },
 
 {
   
 "
id
":
 "
TC
-
08
5
",
   
 "
description
":
 "
验证
本
讲
全部
做
对
时
AI
随机
抽取
任意
两
道
题目
进行
追问
",
   
 "
test
_module
":
 "
AI
提问
逻辑
-
题目
来源
",
   
 "
pre
conditions
":
 ["
学员
本
讲
所有
题目
均
回答
正确
，
无
错
题
"],
   
 "
steps
":
 ["
进入
'
第五
步
讲
知识
错
题
'
页面
",
 "
完成
引导
后
观察
AI
抽取
的
题目
"],
   
 "
test
_input
":
 "
本
讲
全部
做
对的
答题
记录
",
   
 "
expected
_result
":
 "
AI
从
本
讲
题目
中
随机
抽取
2
道
题目
进行
提问
，
题目
为
回答
正确的
题目
（
因
无
错
题
可
抽
）
",
   
 "
priority
":
 "
P
1
"
 
 },
 
 {
   
 "
id
":
 "
TC
-
08
6
",
   
 "
description
":
 "
验证
本
讲
一道
题
没
做
时
显示
淡
白色
文案
提示
并
随机
抽取
两
道
题目
",
   
 "
test
_module
":
 "
AI
提问
逻辑
-
边界
场景
",
   
 "
pre
conditions
":
 ["
学员
本
讲
一道
题目
都
未
做过
"],
   
 "
steps
":
 ["
进入
'
第五
步
讲
知识
错
题
'
页面
",
 "
观察
页面
提示
和
AI
抽取
题目
"],
   
 "
test
_input
":
 "
本
讲
一道
题
未
做的
记录
",
   
 "
expected
_result
":
 "
页面
显示
淡
白色
文案
提示
'
当前
您
还没有
做过
题
，
快
去做
题
来
检测
一下
自己的
知识
掌握
程度
吧
'
，
AI
随机
抽取
2
道
题目
进行
追问
",
   
 "
priority
":
 "
P
1
"
 
 },
 
 {
   
 "
id
":
 "
TC
-
08
7
",
   
 "
description
":
 "
验证
错
题
数量
为
1
时
AI
抽取
1
道
错
题
+
1
道
正确
题目
",
   
 "
test
_module
":
 "
AI
提问
逻辑
-
题目
来源
边界
",
   
 "
pre
conditions
":
 ["
学员
本
讲
只有
1
道
错
题
，
其余
均为
正确
"],
   
 "
steps
":
 ["
进入
'
第五
步
讲
知识
错
题
'
页面
",
 "
观察
AI
抽取
的
题目
数量
和
来源
"],
   
 "
test
_input
":
 "
本
讲
1
道
错
题
+
多
道
正确
题
目的
记录
",
   
 "
expected
_result
":
 "
AI
优先
抽取
1
道
错
题
，
因
错
题
不够
2
道
，
补充
抽取
1
道
回答
正确的
题目
，
共
抽取
2
道
题目
",
   
 "
priority
":
 "
P
1
"
 
 },
 
 {
   
 "
id
":
 "
TC
-
08
8
",
   
 "
description
":
 "
验证
首次
进入
讲
错
题
页
面的
使用
引导
步骤
1
-
费
曼
学习
法
互动
启动
引导
",
   
 "
test
_module
":
 "
使用
引导
流程
",
   
 "
pre
conditions
":
 ["
学员
本
节课
第一次
使用
AI
讲
题
功能
",
 "
进入
'
第五
步
讲
知识
错
题
'
页面
"],
   
 "
steps
":
 ["
进入
页面
后
观察
弹
出的
引导
对话框
",
 "
查看
对话框
内容和
按钮
"],
   
 "
test
_input
":
 "
首次
进入
讲
错
题
页面
",
   
 "
expected
_result
":
 "
弹出
引导
对话框
，
内容
包含
'
接下来
咱们
会用
「
费
曼
学习
法
」
互动
！
我会
扮演
刚
学
完
知识点
、
有很多
困惑
的学生
，
你可以
像
老师
一样
帮我
讲解
'
等
说明
，
对话框
下方
有
'
好的
，
接受
挑战
'
按钮
，
左侧
导航
栏
高
亮
'
第五
步
讲
知识
错
题
'",
   
 "
priority
":
 "
P
1
"
 
 },
 
 {
   
 "
id
":
 "
TC
-
08
9
",
   
 "
description
":
 "
验证
使用
引导
步骤
2
-
题目
互动
规则
说明
",
   
 "
test
_module
":
 "
使用
引导
流程
",
   
 "
pre
conditions
":
 ["
学员
已
点击
步骤
1
的
'
好的
，
接受
挑战
'
按钮
"],
   
 "
steps
":
 ["
点击
'
好的
，
接受
挑战
'
按钮
",
 "
观察
弹
出的
新
对话框
内容
"],
   
 "
test
_input
":
 "
点击
接受
挑战
",
   
 "
expected
_result
":
 "
弹出
新的
对话框
，
内容
包含
'
接下来
咱们
这样
互动
哦
〜
我会
从
你
之前
做
过的
题目
里
，
随机
抽
1
-
2
道
，
然后
针对
题目
里的
点
向你
提问
'
等
规则
说明
，
对话框
下方
有
'
知道了
'
按钮
",
   
 "
priority
":
 "
P
1
"
 
 },
 
 {
   
 "
id
":
 "
TC
-
0
90
",
   
 "
description
":
 "
验证
使用
引导
步骤
3
-
用户
表达
引导
",
   
 "
test
_module
":
 "
使用
引导
流程
",
   
 "
pre
conditions
":
 ["
学员
已
点击
步骤
2
的
'
知道了
'
按钮
"],
   
 "
steps
":
 ["
点击
步骤
2
的
'
知道了
'
按钮
",
 "
观察
弹
出的
新
对话框
内容
"],
   
 "
test
_input
":
 "
点击
知道了
",
   
 "
expected
_result
":
 "
弹出
对话框
，
内容
为
'
你
点击
对话
后
，
跟着
自己的
思路
把
想法
说出来
就好
，
咱们
现在
就可以
开始
啦
！
'
，
对话框
下方
有
'
知道了
'
按钮
",
   
 "
priority
":
 "
P
2
"
 
 },
 
 {
   
 "
id
":
 "
TC
-
09
1
",
   
 "
description
":
 "
验证
使用
引导
步骤
4
-
回答
后
操作
引导
及
'
继续
录音
''
完成
'
按钮
出现
",
   
 "
test
_module
":
 "
使用
引导
流程
",
   
 "
pre
conditions
":
 ["
学员
已
点击
步骤
3
的
'
知道了
'
按钮
"],
   
 "
steps
":
 ["
点击
步骤
3
的
'
知道了
'
按钮
",
 "
观察
弹
出的
对话框
内容和
界面
右侧
按钮
"],
   
 "
test
_input
":
 "
点击
知道了
",
   
 "
expected
_result
":
 "
弹出
对话框
说明
'
继续
录音
'
和
'
完成
'
两种
操作
选择
，
界面
右侧
同步
出现
'
继续
录音
'
和
'
完成
'
操作
按钮
，
对话框
下方
有
'
知道了
'
按钮
，
点击
后
正式
进入
互动
讲解
环节
",
   
 "
priority
":
 "
P
1
"
 
 },
 
 {
   
 "
id
":
 "
TC
-
09
2
",
   
 "
description
":
 "
验证
使用
引导
完整
4
步
流程
后
正式
进入
AI
提问
互动
",
   
 "
test
_module
":
 "
使用
引导
流程
-
闭环
",
   
 "
pre
conditions
":
 ["
学员
首次
进入
讲
错
题
页面
"],
   
 "
steps
":
 ["
依次
完成
步骤
1
至
步骤
4
的
引导
，
每
步
点击
对应
按钮
",
 "
步骤
4
点击
'
知道了
'
后
观察
页面
状态
"],
   
 "
test
_input
":
 "
完整
走
完
4
步
引导
",
   
 "
expected
_result
":
 "
4
步
引导
全部
完成后
，
引导
对话框
消失
，
AI
自动
展示
第一
道
问题
，
学员
可通过
'
点击
对话
'
开始
回答
，
对话
交互
功能
正常
可用
",
   
 "
priority
":
 "
P
1
"
 
 },
 
 {
   
 "
id
":
 "
TC
-
09
3
",
   
 "
description
":
 "
验证
'
继续
录音
'
按钮
可
补充
录音
内容
",
   
 "
test
_module
":
 "
交互
流程
-
继续
录音
",
   
 "
pre
conditions
":
 ["
学员
已完成
一次
录音
并
提交
",
 "
AI
已
追问
",
 "
学员
正在
录制
回答
"],
   
 "
steps
":
 ["
学员
录制
部分
回答
后
暂停
",
 "
点击
'
继续
录音
'
按钮
",
 "
继续
录制
补充
内容
",
 "
点击
'
完成
'
提交
"],
   
 "
test
_input
":
 "
分段
录
制的
回答
内容
",
   
 "
expected
_result
":
 "
点击
'
继续
录音
'
后
可
继续
录制
补充
内容
，
最终
点击
'
完成
'
后
，
所有
录音
内容
合并
转换为
文字
一次性
发送
展示
在
对话
区域
",
   
 "
priority
":
 "
P
1
"
 
 },
 
 {
   
 "
id
":
 "
TC
-
09
4
",
   
 "
description
":
 "
验证
'
完成
'
按钮
提交
当前
录音
内容
结束
本轮
回答
",
   
 "
test
_module
":
 "
交互
流程
-
完成
提交
",
   
 "
pre
conditions
":
 ["
学员
正在
录制
回答
"],
   
 "
steps
":
 ["
学员
录制
回答
内容
",
 "
点击
'
完成
'
按钮
",
 "
观察
对话
区域
和
AI
回应
"],
   
 "
test
_input
":
 "
录音
内容
",
   
 "
expected
_result
":
 "
点击
'
完成
'
后
录音
停止
，
语音
转
文字
内容
作为
学员
回答
发送
并
展示
在
对话
区域
，
随后
AI
生成
追问
或
评价
回应
",
   
 "
priority
":
 "
P
1
"
 
 },
 
 {
   
 "
id
":
 "
TC
-
09
5
",
   
 "
description
":
 "
验证
非
首次
进入
讲
错
题
页面
不
重复
展示
使用
引导
",
   
 "
test
_module
":
 "
使用
引导
流程
-
状态
",
   
 "
pre
conditions
":
 ["
学员
本
节课
已
使用
过
AI
讲
题
功能
并
完成
引导
",
 "
学员
再次
进入
'
第五
步
讲
知识
错
题
'
页面
"],
   
 "
steps
":
 ["
从
其他
步骤
返回
或
重新
进入
'
第五
步
讲
知识
错
题
'
页面
",
 "
观察
是否
弹出
引导
对话框
"],
   
 "
test
_input
":
 "
非
首次
进入
讲
错
题
页面
",
   
 "
expected
_result
":
 "
不再
弹出
4
步
使用
引导
对话框
，
直接
展示
之前的
对话
内容
或
AI
提问
，
学员
可
继续
交互
",
   
 "
priority
":
 "
P
1
"
 
 },
 
 {
   
 "
id
":
 "
TC
-
09
6
",
   
 "
description
":
 "
验证
AI
提问
包装
成
学生
身份
提问
（
如
'
老师
这
题
我不会
'
）
而非
直接
知识点
提问
",
   
 "
test
_module
":
 "
AI
提问
逻辑
-
角色
设定
",
   
 "
pre
conditions
":
 ["
学员
进入
讲
错
题
页面
",
 "
AI
生成
问题
"],
   
 "
steps
":
 ["
观察
AI
提出
问题的
文案
风格
和
身份
设定
"],
   
 "
test
_input
":
 "
AI
生成
的问题
",
   
 "
expected
_result
":
 "
AI
提问
以
学生
身份
包装
，
如
包含
'
老师
，
这
题
我不会
'
等
学生
视角
文案
，
减少
知识点
直接
引导
，
以
提问
方式
引
出
知识点
",
   
 "
priority
":
 "
P
1
"
 
 },
 
 {
   
 "
id
":
 "
TC
-
09
7
",
   
 "
description
":
 "
验证
本
讲
错
题
数量
>=
2
时
AI
优先
抽取
2
道
错
题
",
   
 "
test
_module
":
 "
AI
提问
逻辑
-
题目
来源
",
   
 "
pre
conditions
":
 ["
学员
本
讲
有
3
道
错
题
"],
   
 "
steps
":
 ["
进入
'
第五
步
讲
知识
错
题
'
页面
",
 "
观察
AI
抽取
的
题目
"],
   
 "
test
_input
":
 "
本
讲
3
道
错
题
的
记录
",
   
 "
expected
_result
":
 "
AI
优先
从
3
道
错
题
中
抽取
2
道
进行
提问
，
不
抽取
回答
正确的
题目
",
   
 "
priority
":
 "
P
1
"
 
 },
 
 {
   
 "
id
":
 "
TC
-
09
8
",
   
 "
description
":
 "
验证
切换
课程
后
AI
提问
题目
来源
为新
课程的
错
题
",
   
 "
test
_module
":
 "
跨
模块
-
切换
课程
与
AI
提问
联动
",
   
 "
pre
conditions
":
 ["
学员
在
课程
A
的
讲
错
题
页面
",
 "
课程
B
有
错
题
记录
"],
   
 "
steps
":
 ["
点击
'
切换
课程
'
按钮
切换
至
课程
B
",
 "
观察
AI
提问
的
题目
来源
"],
   
 "
test
_input
":
 "
切换
至
课程
B
",
   
 "
expected
_result
":
 "
AI
提问
的
题目
从
课程
B
的本
讲
错
题
中
抽取
，
不再
展示
课程
A
的
题目
内容
",
   
 "
priority
":
 "
P
1
"
 
 },
 
 {
   
 "
id
":
 "
TC
-
09
9
",
   
 "
description
":
 "
验证
学员
回答
正确
答案
时
AI
直接
复
述
一遍
正确
答案
",
   
 "
test
_module
":
 "
AI
提问
逻辑
-
正确
答案
处理
",
   
 "
pre
conditions
":
 ["
学员
在
交互
中
给出了
正确
答案
"],
   
 "
steps
":
 ["
学员
回答
时
说出
正确
答案
",
 "
观察
AI
的
回应
内容
"],
   
 "
test
_input
":
 "
学员
回答
包含
正确
答案
",
   
 "
expected
_result
":
 "
AI
直接
复
述
一遍
正确
答案
，
确认
学员
理解
正确
，
而非
继续
追问
错误
原因
",
   
 "
priority
":
 "
P
1
"
 
 }
]
```
GEN_DIAG:{"kind": "stream_batch_token_usage", "project_id": 8, "request_id": "7667a562d1a543c9b35cc707ebcbbf8e", "current_biz_key": "unknown", "multi_pass": true, "generation_mode": "full_functional_regression", "batch_index": 4, "total_batches": 4, "attempt": 1, "requested_count": 25, "input_tokens": null, "output_tokens": null, "total_tokens": null, "token_source": "unavailable", "token_unavailable_reason": "provider_usage_estimated", "estimate_method": "chars_div_4", "model": "glm-5.1"}

GEN_DIAG:{"kind": "stream_batch_quality", "project_id": 8, "request_id": "7667a562d1a543c9b35cc707ebcbbf8e", "current_biz_key": "unknown", "multi_pass": true, "generation_mode": "full_functional_regression", "batch_index": 4, "new_valid_cases_count": 24, "duplicate_rate": 0.0, "non_assertable_count": 0, "low_quality_filtered_count": 0, "coverage_gain_count": 24, "low_gain_detected": false, "low_gain_streak": 0}
@@STATUS@@:[multi-pass] Stage 2/3 gap supplement started...
@@STATUS@@:Gap supplement attempt #1...
```
json

[
 
 {
   
 "
id
":
 "
TC
-
101
",
   
 "
description
":
 "
阶段
5
学生
复
述
逻辑
仍
错误
时
返回
阶段
4
重新
梳理
且
不
触发
打
分
",
   
 "
test
_module
":
 "
AI
交互
流程
-
四
轮
框架
",
   
 "
pre
conditions
":
 [
     
 "
学员
已完成
前
4
轮
交互
",
     
 "
进入
阶段
5
确认
理解
环节
",
     
 "
学员
复
述
的逻辑
仍
存在
关键
错误
"
   
 ],
   
 "
steps
":
 [
     
 "
1
.
 阶
段
5
中
学员
复
述
正确
逻辑
，
但
核心
结论
仍
错误
（
如
仍
说
'
冰
块
变
水
是
液化
'
）
",
     
 "
2
.
 提
交
回答
",
     
 "
3
.
 观
察
AI
回应
内容
",
     
 "
4
.
 验
证
是否
触发
打
分
",
     
 "
5
.
 观
察
后续
交互
走向
"
   
 ],
   
 "
test
_input
":
 "
学员
回答
：
'
那
我现在
理
清
了
：
冰
块
变
水
是
液化
不是
汽
化
，
B
里
身上的
水
变
没了
就是
汽
化
，
所以
选
B
'
——
逻辑
中
冰
块
变
水
仍
误
称为
液化
",
   
 "
expected
_result
":
 "
AI
不
触发
打
分
，
回应
指出
逻辑
中
仍
存在的
错误
点
（
冰
块
变
水
不是
液化
），
并
引导
返回
阶段
4
重新
梳理
错误
现象
与
正确
现象
的差异
对比
，
交互
继续
而非
结束
",
   
 "
priority
":
 "
P
0
"
 
 },
 
 {
   
 "
id
":
 "
TC
-
102
",
   
 "
description
":
 "
阶段
1
 AI
提问
正确
填充
错误
选项
和
正确
选项
变量
引用
实际
题目
数据
",
   
 "
test
_module
":
 "
AI
交互
流程
-
四
轮
框架
",
   
 "
pre
conditions
":
 [
     
 "
学员
本
讲
有
错
题
记录
",
     
 "
错
题为
化学
选择题
，
错误
选项
A
，
正确
选项
D
",
     
 "
学员
已
进入
讲
知识
错
题
页面
并
完成
引导
"
   
 ],
   
 "
steps
":
 [
     
 "
1
.
 AI
生成
阶段
1
初始
提问
",
     
 "
2
.
 检
查
提问
内容
是否
引用
了
实际的
错误
选项
标识
（
如
A
）
",
     
 "
3
.
 检
查
提问
内容
是否
引用
了
实际的
正确
选项
标识
（
如
D
）
",
     
 "
4
.
 验
证
选项
内容
与
题目
数据库
一致
"
   
 ],
   
 "
test
_input
":
 "
错
题
：
化学
研究
内容
选择题
，
学员
选
了
A
，
正确
答案
D
",
   
 "
expected
_result
":
 "
AI
阶段
1
提问
中
包含
具体的
错误
选项
标识
和
内容
（
如
'
我
之前
选
了
A
，
①
②
'
）
以及
正确
选项
标识
和
内容
（
如
'
正确
答案是
D
，
①
②
③
④
'
），
变量
从
题目
数据库
正确
填充
而非
使用
占
位
符
或
通用
描述
",
   
 "
priority
":
 "
P
1
"
 
 },
 
 {
   
 "
id
":
 "
TC
-
103
",
   
 "
description
":
 "
阶段
2
 AI
提问
正确
提取
并
引用
正确
选项
的关键
信息
填充
话
术
模板
",
   
 "
test
_module
":
 "
AI
交互
流程
-
四
轮
框架
",
   
 "
pre
conditions
":
 [
     
 "
阶段
1
交互
已完成
",
     
 "
题目
正确
选项
B
的内容
为
'
游泳
后
出来
感觉
冷
'"
   
 ],
   
 "
steps
":
 [
     
 "
1
.
 阶
段
1
完成后
观察
AI
阶段
2
提问
",
     
 "
2
.
 检
查
提问
是否
引用
了
正确
选项
B
的具体
内容
",
     
 "
3
.
 检
查
提问
是否
引导学生
说出
'
个人
盲
区
'
（
如
'
我
之前
只
觉得
__
，
没
注意
__
'
）
"
   
 ],
   
 "
test
_input
":
 "
正确
选项
B
内容
为
'
游泳
后
出来
感觉
冷
'",
   
 "
expected
_result
":
 "
AI
阶段
2
提问
中
包含
正确
选项
B
的具体
关键
信息
（
如
'
游泳
后
出来
感觉
冷
'
），
并
使用
引导学生
暴露
个人
盲
区的
句
式
（
如
'
我
之前
只
觉得
__
，
没
注意
__
'
），
确保
聚焦
学生
未
注意
的
细节
",
   
 "
priority
":
 "
P
1
"
 
 },
 
 {
   
 "
id
":
 "
TC
-
104
",
   
 "
description
":
 "
阶段
3
 AI
正确
识别
题目
核心
概念
作为
混淆
概念
变量
即使
题目
涉及
多个
相关
概念
",
   
 "
test
_module
":
 "
AI
交互
流程
-
四
轮
框架
",
   
 "
pre
conditions
":
 [
     
 "
前
两
轮
交互
已完成
",
     
 "
题目
涉及
多个
相关
概念
（
如
汽
化
、
液化
、
熔
化
）
",
     
 "
学员
的核心
混淆
在
液化
与
熔
化
之间
"
   
 ],
   
 "
steps
":
 [
     
 "
1
.
 观
察
AI
阶段
3
提问
内容
",
     
 "
2
.
 检
查
AI
是否
识别
了
与
学员
错误
最
相关的
核心
概念
作为
混淆
概念
",
     
 "
3
.
 检
查
提问
是否
引导学生
举例
说明
对
概念的
误解
"
   
 ],
   
 "
test
_input
":
 "
题目
涉及
汽
化
、
液化
、
熔
化
三个
概念
，
学员
将
熔
化
误
认为
液化
",
   
 "
expected
_result
":
 "
AI
阶段
3
提问
中
识别
并
引用
与
学员
错误
最
直接
相关的
核心
概念
（
如
'
液化
'
）
作为
混淆
概念
变量
，
而非
列举
所有
概念
；
提问
引导学生
用自己的
话
举例
说明
误解
（
如
'
我觉得
__
是因为
__
，
比如
__
'
句
式
）
",
   
 "
priority
":
 "
P
1
"
 
 },
 
 {
   
 "
id
":
 "
TC
-
105
",
   
 "
description
":
 "
阶段
4
 AI
正确
关联
错误
现象
和
正确
现象
的
描述
引导学生
对比
推导
逻辑
",
   
 "
test
_module
":
 "
AI
交互
流程
-
四
轮
框架
",
   
 "
pre
conditions
":
 [
     
 "
前三
轮
交互
已完成
",
     
 "
题目
错误
选项
A
涉及
冰
块
变小
现象
",
     
 "
正确
选项
B
涉及
身上
水
变
没
现象
"
   
 ],
   
 "
steps
":
 [
     
 "
1
.
 观
察
AI
阶段
4
提问
内容
",
     
 "
2
.
 检
查
提问
是否
同时
引用
了
错误
现象
和
正确
现象
",
     
 "
3
.
 检
查
提问
是否
引导学生
对比
差异
并
推导
正确
逻辑
"
   
 ],
   
 "
test
_input
":
 "
错误
选项
A
现象
：
冰
块
变小
；
正确
选项
B
现象
：
身上
水
变
没
",
   
 "
expected
_result
":
 "
AI
阶段
4
提问
中
同时
引用
错误
现象
（
如
'
冰
块
变小
'
）
和
正确
现象
（
如
'
身上的
水
变
没了
'
），
引导学生
对比
两者
状态
变化
差异
，
并
使用
推导
逻辑
句
式
（
如
'
是不是
__
得
是
__
，
所以
__
才
对
呀
？
'
）
鼓励
学生
主动
建立
逻辑
链
",
   
 "
priority
":
 "
P
1
"
 
 },
 
 {
   
 "
id
":
 "
TC
-
106
",
   
 "
description
":
 "
阶段
5
 AI
判断
学生
复
述
逻辑
部分
正确
时的
边界
处理
-
核心
结论
对
但
细节
有
偏差
",
   
 "
test
_module
":
 "
AI
交互
流程
-
四
轮
框架
",
   
 "
pre
conditions
":
 [
     
 "
前
4
轮
交互
已完成
",
     
 "
进入
阶段
5
确认
理解
环节
"
   
 ],
   
 "
steps
":
 [
     
 "
1
.
 学
员
复
述
逻辑
核心
结论
正确
但
存在
细节
表述
偏差
（
如
'
汽
化
是
液体
变
气体
'
而非
精确
的
'
液
态
变
气
态
'
）
",
     
 "
2
.
 提
交
回答
",
     
 "
3
.
 观
察
AI
判断
结果
",
     
 "
4
.
 验
证
是否
触发
打
分
"
   
 ],
   
 "
test
_input
":
 "
学员
回答
：
'
冰
块
变
水
是
固态
变
液
态
不是
液化
，
B
里
水
变
气体
就是
汽
化
，
所以
选
B
'
——
核心
逻辑
正确
但
'
水
变
气体
'
表述
不够
精确
（
应为
液
态
变
气
态
）
",
   
 "
expected
_result
":
 "
AI
判定
核心
逻辑
方向
正确
，
可
触发
打
分
但
评分
中
表达
清晰
度
维度
酌
情
扣
分
；
或
AI
先
轻微
纠正
表述
细节
后再
触发
打
分
，
不
返回
阶段
4
重新
梳理
（
因
核心
结论
无误
）
",
   
 "
priority
":
 "
P
1
"
 
 },
 
 {
   
 "
id
":
 "
TC
-
107
",
   
 "
description
":
 "
阶段
5
学生
复
述
逻辑
完全
正确
时
自动
触发
打
分
并
输出
正向
反馈
文案
",
   
 "
test
_module
":
 "
AI
交互
流程
-
四
轮
框架
",
   
 "
pre
conditions
":
 [
     
 "
前
4
轮
交互
已完成
",
     
 "
进入
阶段
5
确认
理解
环节
",
     
 "
学员
复
述
逻辑
完全
正确
无
偏差
"
   
 ],
   
 "
steps
":
 [
     
 "
1
.
 学
员
复
述
完全
正确的
逻辑
（
如
'
冰
块
变
水
是
固态
变
液
态
是
熔
化
不是
液化
，
身上
水
变
气
态
是
汽
化
，
所以
选
B
'
）
",
     
 "
2
.
 提
交
回答
",
     
 "
3
.
 观
察
AI
是否
触发
打
分
",
     
 "
4
.
 检
查
是否
输出
正向
反馈
文案
"
   
 ],
   
 "
test
_input
":
 "
学员
完整
正确
复
述
：
'
冰
块
变
水
是
固态
变
液
态
是
熔
化
不是
液化
，
B
选项
身上
水
变
气
态
就是
汽
化
，
所以
选
B
——
我
这次
理解
得
没错
吧
？
'",
   
 "
expected
_result
":
 "
AI
自动
触发
打
分
功能
，
显示
评分
结果
；
同时
输出
正向
反馈
文案
（
如
'
后续
遇到
类似
题
，
记得
看
状态
变化
哦
〜
'
），
确认
学生
理解
正确
并
给予
鼓励
，
交互
闭环
完成
",
   
 "
priority
":
 "
P
2
"
 
 }
]
```
@@STATUS@@:Gap supplement attempt #2...
```
json

[
 
 {
   
 "
id
":
 "
TC
-
09
9
",
   
 "
description
":
 "
新版
评分
各
维度
最低
分
0
.
0
-
学员
完全
错误
回答
时
三个
维度
均
得
0
.
0
分
综合
评分
0
.
0
",
   
 "
test
_module
":
 "
AI
评分
逻辑
",
   
 "
pre
conditions
":
 [
     
 "
学员
已
进入
讲
错
题
交互
流程
",
     
 "
AI
已
提出
问题
",
     
 "
学员
回答
存在
严重
事实
性
错误
且
逻辑
混乱
表达
不清
"
   
 ],
   
 "
steps
":
 [
     
 "
1
.
 学
员
给出
完全
错误的
回答
（
概念
混淆
、
解题
思路
完全
错误
、
结论
与
正确
答案
无关
）
",
     
 "
2
.
 回
答
内容
字
数
>=
50
字
且
与
问题
相关
",
     
 "
3
.
 点击
完成
提交
",
     
 "
4
.
 等
待
AI
完成
评分
",
     
 "
5
.
 查
看
各
维度
得分
和
综合
评分
"
   
 ],
   
 "
test
_input
":
 "
学员
回答
完全
错误
，
如
将
汽
化
解释
为
固态
变
液
态
且
步骤
混乱
表达
不清
",
   
 "
expected
_result
":
 "
思路
准确性
=
0
.
0
分
，
步骤
完整性
=
0
.
0
分
，
表达
清晰
度
=
0
.
0
分
，
综合
评分
=
0
.
0
分
",
   
 "
priority
":
 "
P
1
"
 
 },
 
 {
   
 "
id
":
 "
 "
test
_module
":
 "
AI
评分
逻辑
",
   
 "
pre
conditions
":
 [
     
 "
学员
已
进入
讲
错
题
交互
流程
",
     
 "
AI
已
提出
具体
问题
",
     
 "
学员
提交
的回答
内容
不足
50
字
且
与
问题
完全
无关
"
   
 ],
   
 "
steps
":
 [
     
 "
1
.
 学
员
录制
不足
50
字
且
答
非
所
问
的回答
内容
",
     
 "
2
.
 点击
完成
提交
",
     
 "
3
.
 等
待
AI
完成
评分
",
     
 "
4
.
 查
看
准确性
维度
得分
",
     
 "
5
.
 查
看
完整
性和
清晰
度
维度
得分
是否
同时
扣
50
%"
   
 ],
   
 "
test
_input
":
 "
AI
问
化学
物
态
变化
题
但
学员
回答
不足
50
字的
数学
内容
如
'
勾
股
定理
a
方
加
b
方
'",
   
 "
expected
_result
":
 "
准确性
维度
直接
计
0
分
（
答
非
所
问
规则
）；
完整
性和
清晰
度
维度
均
按
应
得
分数
的
50
%
计算
（
字
数
不足
50
字
规则
），
两项
特殊
处理
叠加
生效
",
   
 "
priority
":
 "
P
1
"
 
 },
 
 {
   
 "
id
":
 "
TC
-
101
",
   
 "
description
":
 "
学员
在第
5
阶段
正确
复
述
逻辑
后
自动
触发
打
分
并
显示
正向
反馈
文案
",
   
 "
test
_module
":
 "
AI
评分
逻辑
",
   
 "
pre
conditions
":
 [
     
 "
学员
已
进入
讲
错
题
交互
流程
",
     
 "
前
4
轮
交互
已完成
",
     
 "
学员
在第
5
阶段
主动
复
述
正确
逻辑
"
   
 ],
   
 "
steps
":
 [
     
 "
1
.
 学
员
在第
5
阶段
回答
中
正确
复
述
解题
逻辑
（
如
'
冰
块
变小
是
固态
变
液
态
不是
液化
，
身上的
水
变
气
态
就是
汽
化
'
）
",
     
 "
2
.
 点击
完成
提交
",
     
 "
3
.
 观
察
系统
是否
自动
触发
打
分
",
     
 "
4
.
 查
看
评分
结果
和
正向
反馈
文案
"
   
 ],
   
 "
test
_input
":
 "
学员
正确
复
述
完整
逻辑
并
请求
确认
'
我
这次
理解
得
没错
吧
'",
   
 "
expected
_result
":
 "
系统
自动
触发
AI
打
分
，
显示
综合
评分
及
各
维度
得分
，
并
输出
正向
反馈
文案
（
如
'
后续
遇到
类似
题
，
记得
看
状态
变化
哦
〜
'
）；
若
逻辑
错误
则
不
触发
打
分
，
返回
上一
阶段
重新
梳理
",
   
 "
priority
":
 "
P
1
"
 
 },
 
 {
   
 "
id
":
 "
TC
-
102
",
   
 "
description
":
 "
新版
评分
中间
分数
段
-
学员
部分
正确
回答
时
各
维度
得分
在
中间
范围
合理
分布
",
   
 "
test
_module
":
 "
AI
评分
逻辑
",
   
 "
pre
conditions
":
 [
     
 "
学员
已
进入
讲
错
题
交互
流程
",
     
 "
AI
已
提出
问题
",
     
 "
学员
回答
核心
结论
正确
但
存在
次要
步骤
错误
和
表述
不
清晰
"
   
 ],
   
 "
steps
":
 [
     
 "
1
.
 学
员
给出
部分
正确的
回答
（
核心
结论
对
但
步骤
有
遗漏
、
表述
有
模糊
之处
）
",
     
 "
2
.
 点击
完成
提交
",
     
 "
3
.
 等
待
AI
完成
评分
",
     
 "
4
.
 查
看
各
维度
得分
是否
在
中间
范围
",
     
 "
5
.
 验
证
综合
评分
等于
三
维度
之和
"
   
 ],
   
 "
test
_input
":
 "
学员
回答
'
这道
题
选
B
因为
汽
化
，
就是
水
变成
气体
那种
，
具体
步骤
我
记
不太
清
了
'",
   
 "
expected
_result
":
 "
思路
准确性
在
1
.
0
-
2
.
5
分
之间
（
核心
结论
对
但有
偏差
），
步骤
完整性
在
1
.
0
-
2
.
0
分
之间
（
有
遗漏
），
表达
清晰
度
在
1
.
5
-
3
.
0
分
之间
（
表述
有
模糊
），
综合
评分
=
三
维度
得分
之和
且
在
合理
中间
范围
",
   
 "
priority
":
 "
P
1
"
 
 },
 
 {
   
 "
id
":
 "
TC
-
103
",
   
 "
description
":
 "
学员
提交
空
回答
或
仅
含
标
点
无
实质
内容
时
评分
处理
",
   
 "
test
_module
":
 "
AI
评分
逻辑
",
   
 "
pre
conditions
":
 [
     
 "
学员
已
进入
讲
错
题
交互
流程
",
     
 "
AI
已
提出
问题
",
     
 "
学员
点击
录音
后
未
说话
或
仅
发出
无
意义
声音
"
   
 ],
   
 "
steps
":
 [
     
 "
1
.
 学
员
点击
'
点击
对话
'
开始
录音
",
     
 "
2
.
 不
说话
或
仅
录入
环境
噪音
/
无
实质
内容
",
     
 "
3
.
 点击
完成
提交
",
     
 "
4
.
 观
察
语音
转
文字
结果
",
     
 "
5
.
 查
看
AI
评分
结果
"
   
 ],
   
 "
test
_input
":
 "
录音
内容
为
空
或
转
文字
后
仅
含
标
点
符号
无
实质
内容
",
   
 "
expected
_result
":
 "
系统
识别
为
无效
回答
，
准确性
维度
计
0
分
，
完整
性和
清晰
度
维度
按
字
数
不足
50
字
规则
各
扣
50
%
分数
，
综合
评分
极
低
；
或
系统
提示
学员
重新
回答
待
确认
",
   
 "
priority
":
 "
P
1
"
 
 },
 
 {
   
 "
id
":
 "
TC
-
104
",
   
 "
description
":
 "
学员
在第
5
阶段
复
述
逻辑
错误
时不
触发
打
分
返回
上一
阶段
重新
梳理
",
   
 "
test
_module
":
 "
AI
评分
逻辑
",
   
 "
pre
conditions
":
 [
     
 "
学员
已
进入
讲
错
题
交互
流程
",
     
 "
前
4
轮
交互
已完成
",
     
 "
学员
在第
5
阶段
复
述
的逻辑
仍
存在
错误
"
   
 ],
   
 "
steps
":
 [
     
 "
1
.
 学
员
在第
5
阶段
回答
中
复
述
逻辑
但仍
包含
概念
错误
",
     
 "
2
.
 点击
完成
提交
",
     
 "
3
.
 观
察
系统
是否
触发
打
分
",
     
 "
4
.
 观
察
AI
回应
内容
"
   
 ],
   
 "
test
_input
":
 "
学员
复
述
'
冰
块
变
水
是
液化
不是
汽
化
，
所以
选
A
'
（
逻辑
仍
错误
）
",
   
 "
expected
_result
":
 "
系统
不
触发
打
分
，
AI
返回
阶段
4
重新
梳理
逻辑
，
引导
学员
纠正
错误
理解
，
确保
只在
逻辑
正确
时
才
触发
评分
",
   
 "
priority
":
 "
P
1
"
 
 }
]
```
@@STATUS@@:Gap supplement attempt #3...
```
json

[
 
 {
   
 "
id
":
 "
TC
-
09
9
",
   
 "
description
":
 "
阶段
5
学生
复
述
逻辑
仍
错误
时不
触发
打
分
返回
阶段
4
重新
梳理
",
   
 "
test
_module
":
 "
AI
评分
逻辑
-
打
分
触发
条件
",
   
 "
pre
conditions
":
 ["
学员
已完成
4
轮
交互
进入
阶段
5
确认
理解
环节
",
 "
学员
复
述
的正确
逻辑
仍然
存在
错误
"],
   
 "
steps
":
 ["
1
.
 学
员
在
阶段
5
复
述
逻辑
但
逻辑
仍
存在
错误
",
 "
2
.
 
观
察
系统
是否
触发
打
分
",
 "
3
.
 
观
察
AI
回应
和
交互
走向
"],
   
 "
test
_input
":
 "
学员
在
阶段
5
回答
'
冰
块
变
水
是
液化
不是
熔
化
，
所以
选
A
'
（
逻辑
仍
错误
）
",
   
 "
expected
_result
":
 "
系统
不
触发
打
分
功能
，
AI
识别
逻辑
错误
后
引导
学员
返回
阶段
4
重新
梳理
，
不
显示
任何
评分
结果
",
   
 "
priority
":
 "
P
0
"
 
 },
 
 {
   
 "
id
":
 "
TC
-
100
",
   
 "
description
":
 "
新版
评分
三个
维度
均为
0
.
0
时
综合
评
分为
0
.
0
分
-
最低
边界
",
   
 "
test
_module
":
 "
AI
评分
逻辑
-
新版
评分
计算
",
   
 "
pre
conditions
":
 ["
学员
已完成
讲
错
题
交互
",
 "
学员
全程
回答
思路
完全
错误
、
步骤
完全
缺失
、
表达
极度
混乱
"],
   
 "
steps
":
 ["
1
.
 学
员
完成
交互
流程
触发
打
分
",
 "
2
.
 
查
看
各
维度
得分
和
综合
评分
"],
   
 "
test
_input
":
 "
学员
回答
思路
完全
错误
、
无
有效
解题
步骤
、
表达
混乱
无法
理解
",
   
 "
expected
_result
":
 "
思路
准确性
=
0
.
0
分
，
步骤
完整性
=
0
.
0
分
，
表达
清晰
度
=
0
.
0
分
，
综合
评分
=
0
.
0
分
",
   
 "
priority
":
 "
P
1
"
 
 },
 
 {
   
 "
id
":
 "
TC
-
101
",
   
 "
description
":
 "
AI
评分
服务
异常
时
系统
不
显示
错误
评分
结果
并提供
重
试
",
   
 "
test
_module
":
 "
AI
评分
逻辑
-
异常
处理
",
   
 "
pre
conditions
":
 ["
学员
已完成
讲
错
题
交互
",
 "
AI
评分
服务
出现
超
时
或
返回
异常
"],
   
 "
steps
":
 ["
1
.
 学
员
完成
交互
触发
打
分
",
 "
2
.
 AI
评分
服务
超
时
或
返回
错误
",
 "
3
.
 
观
察
页面
展示
和
错误
处理
",
 "
4
.
 
尝
试
重新
触发
评分
"],
   
 "
test
_input
":
 "
AI
评分
服务
响应
超
时
或
返回
异常
状态
码
",
   
 "
expected
_result
":
 "
系统
不
显示
错误的
评分
结果
，
页面
给出
评分
失败的
友好
提示
，
学员
可
重
试
触发
评分
，
交互
记录
保留
不
丢失
",
   
 "
priority
":
 "
P
1
"
 
 },
 
 {
   
 "
id
":
 "
TC
-
102
",
   
 "
description
":
 "
新版
评分
三
维度
之和
恰好
为
8
.
0
分
时
通过
判定
-
阈值
边界
计算
",
   
 "
test
_module
":
 "
AI
评分
逻辑
-
新版
评分
计算
",
   
 "
pre
conditions
":
 ["
学员
已完成
讲
错
题
交互
",
 "
AI
评分
三个
维度
得分
之和
恰好
为
8
.
0
"],
   
 "
steps
":
 ["
1
.
 学
员
完成
交互
触发
打
分
",
 "
2
.
 AI
给出
各
维度
得分
如
思路
准确性
=
2
.
5
、
步骤
完整性
=
2
.
5
、
表达
清晰
度
=
3
.
0
",
 "
3
.
 
查
看
综合
评分
和
通过
判定
结果
"],
   
 "
test
_input
":
 "
三
维度
得分
分别为
2
.
5
+
2
.
5
+
3
.
0
=
8
.
0
",
   
 "
expected
_result
":
 "
综合
评分
=
8
.
0
分
，
判定
为
通过
（
>=
8
分
阈值
），
显示
通过
提示
文案
及
'
去
日
清
'
按钮
",
   
 "
priority
":
 "
P
1
"
 
 },
 
 {
   
 "
id
":
 "
TC
-
103
",
   
 "
description
":
 "
新版
评分
下
回答
字
数
不足
50
字
时
步骤
完整
性和
表达
清晰
度
各
扣
50
%
分数
",
   
 "
test
_module
":
 "
AI
评分
逻辑
-
特殊情况
",
   
 "
pre
conditions
":
 ["
学员
已
进入
讲
错
题
交互
流程
",
 "
学员
回答
字
数
不足
50
字
但
思路
方向
正确
"],
   
 "
steps
":
 ["
1
.
 学
员
录制
回答
内容
不足
50
字
",
 "
2
.
 点击
完成
提交
回答
",
 "
3
.
 
等
待
AI
完成
评分
",
 "
4
.
 
查
看
各
维度
得分
，
对比
步骤
完整
性和
表达
清晰
度
是否
被
扣
50
%
"],
   
 "
test
_input
":
 "
回答
内容
为
'
选
B
因为
汽
化
是
液
态
变
气
态
'
（
不足
50
字
但
思路
正确
）
",
   
 "
expected
_result
":
 "
步骤
完整性
维度
得分
和
表达
清晰
度
维度
得分
均
按
该
维度
应
得
分数
的
50
%
计算
，
思路
准确性
不受
字
数
不足
影响
按
正常
评分
",
   
 "
priority
":
 "
P
1
"
 
 },
 
 {
   
 "
id
":
 "
TC
-
104
",
   
 "
description
":
 "
新版
评分
下
答
非
所
问
时
思路
准确性
维度
直接
计
0
.
0
分
",
   
 "
test
_module
":
 "
AI
评分
逻辑
-
特殊情况
",
   
 "
pre
conditions
":
 ["
学员
已
进入
讲
错
题
交互
流程
",
 "
AI
已
提出
具体
学科
问题
"],
   
 "
steps
":
 ["
1
.
 学
员
录制
与
问题
完全
无关
的回答
内容
",
 "
2
.
 点击
完成
提交
",
 "
3
.
 
等
待
AI
完成
评分
",
 "
4
.
 
查
看
思路
准确性
维度
得分
及其他
维度
得分
"],
   
 "
test
_input
":
 "
AI
问
化学
物
态
变化
题
但
学员
回答
数学
方程
式
相关
内容
",
   
 "
expected
_result
":
 "
评分
结果
中
思路
准确性
维度
得
分为
0
.
0
分
，
步骤
完整
性和
表达
清晰
度
按
实际
回答
内容
独立
评分
",
   
 "
priority
":
 "
P
2
"
 
 },
 
 {
   
 "
id
":
 "
TC
-
105
",
   
 "
description
":
 "
新版
评分
综合
评
分为
7
.
9
分
时
判定
为
未
通过
-
阈值
下
边界
",
   
 "
test
_module
":
 "
AI
评分
逻辑
-
新版
评分
计算
",
   
 "
pre
conditions
":
 ["
学员
已完成
讲
错
题
交互
",
 "
AI
评分
三个
维度
得分
之和
为
7
.
9
"],
   
 "
steps
":
 ["
1
.
 学
员
完成
交互
触发
打
分
",
 "
2
.
 AI
给出
各
维度
得分
合计
7
.
9
分
（
如
2
.
5
+
2
.
4
+
3
.
0
）
",
 "
3
.
 
查
看
综合
评分
和
通过
判定
结果
"],
   
 "
test
_input
":
 "
三
维度
得分
合计
7
.
9
分
",
   
 "
expected
_result
":
 "
综合
评分
=
7
.
9
分
，
判定
为
未
通过
（
<8
分
阈值
），
显示
未
通过
提示
文案
及
'
联系
督导
'
和
'
去
日
清
'
按钮
",
   
 "
priority
":
 "
P
2
"
 
 }
]
```
@@STATUS@@:[multi-pass] Stage 3/3 review selection started...
@@STATUS@@:Full regression shortfall supplement started...
GEN_DIAG:{"kind": "persistence_gate", "passed": true, "gate_mode": "enforce", "blocked": false, "failure_code": "", "quality_would_block": false, "execution_plan_would_block": false, "quality_gate": {"passed": true, "failed_checks": [], "priority_final_null_count": 0, "invalid_priority_final_count": 0, "invalid_priority_final_case_ids": [], "non_assertable_expected_result_count": 0, "truncated_text_count": 0, "non_assertable_case_ids": [], "truncated_case_ids": [], "metrics": {"persistable_case_count": 92, "persistable_required_field_missing_count": 0, "persistable_priority_final_invalid_count": 0, "persistable_reasoning_leakage_count": 0, "final_count": 92, "min_acceptable_final": 85, "judge_rejected_count": 7, "final_scenario_duplicate_case_count": 0, "final_flow_misordered_count": 0, "reasoning_leak_count": 0, "role_mismatch_count": 0}, "persistable_required_field_missing_case_ids": [], "persistable_priority_final_invalid_case_ids": [], "persistable_reasoning_leakage_case_ids": []}, "execution_plan_validation": {"passed": true, "failure_code": "", "failure_reasons": [], "generation_mode": "full_functional_regression", "metrics": {"final_case_count": 92, "main_smoke_count": 9, "p0_count": 15, "state_field_coverage": 1.0, "workflow_id_missing_count": 0, "workflow_id_missing_rate": 0.0, "state_conflict_count": 0, "semantic_conflict_count": 0, "linear_executable": true, "workflow_blueprint_count": 1, "trusted_workflow_contract_count": 1, "untrusted_workflow_blueprint_count": 0, "workflow_contract_source_types": ["human_reviewed"], "workflow_blueprint_source": "feedback_control_state", "main_chain_stage_kinds": ["entry", "configure", "configure", "preview", "commit", "downstream_visibility", "downstream_visibility", "consume", "completion_sync"], "commit_step_count": 1, "downstream_or_completion_step_count": 4, "commit_downstream_completion_closed": true}, "state_conflicts": [], "semantic_conflicts": []}, "request_id": "7667a562d1a543c9b35cc707ebcbbf8e", "project_id": 8}
GEN_DIAG:{"kind": "generation_persisted", "generation_id": 474, "project_id": 8, "request_id": "7667a562d1a543c9b35cc707ebcbbf8e"}
GEN_DIAG:{"kind": "generation_mode", "mode": "full_functional_regression", "biz_keys": ["unknown"], "current_biz_key": "unknown", "multi_pass": true}
GEN_DIAG:{"kind": "generation_stage", "stage": "primary", "case_count": 92, "multi_pass": true, "generation_mode": "full_functional_regression"}
GEN_DIAG:{"kind": "generation_stage", "stage": "gap", "case_count": 19, "multi_pass": true, "generation_mode": "full_functional_regression"}
GEN_DIAG:{"kind": "generation_stage", "stage": "review", "case_count": 101, "multi_pass": true, "generation_mode": "full_functional_regression"}
GEN_DIAG:{"kind": "gen_diag", "mode": "stream", "doc_type": "requirement", "compress": false, "expected_count": 100, "generated_count": 92, "content_length": 11258, "kb_length": 9257, "model": "glm-5.1", "max_tokens": 10000, "multi_pass": true, "generation_mode": "full_functional_regression", "context_compression_ratio": 0.2839, "context_retained_chunk_count": 1, "context_relevance_distribution": {"sample_size": 1, "high_count": 1, "medium_count": 0, "low_count": 0, "high_ratio": 1.0, "medium_ratio": 0.0, "low_ratio": 0.0, "mean_score": 0.935, "min_score": 0.935, "max_score": 0.935}}
GEN_DIAG:{"kind": "generation_context_compression", "context_source": "snapshot+rag", "input_chars": 5635, "output_chars": 1600, "compression_ratio": 0.2839, "compression_rate": 0.7161, "input_chunk_count": 10, "retained_chunk_count": 1, "chunk_retention_ratio": 0.1, "relevance_distribution": {"sample_size": 1, "high_count": 1, "medium_count": 0, "low_count": 0, "high_ratio": 1.0, "medium_ratio": 0.0, "low_ratio": 0.0, "mean_score": 0.935, "min_score": 0.935, "max_score": 0.935}, "snapshot_id": "31", "corpus_hash": "d36dee1b4224213b5134c6fa81ace75b008fedd5851af891c2dc8bd871ffef25", "retrieval_hash": "2278ce539fcd24ad", "multi_pass": true, "generation_mode": "full_functional_regression", "request_id": "7667a562d1a543c9b35cc707ebcbbf8e"}
GEN_DIAG:{"kind": "generation_convergence", "suggested_count": 100, "final_count": 92, "reference_gap": 8, "converged": false, "duplication_rate_estimate": 0.09900990099009901, "primary_count": 92, "gap_count": 19, "review_count": 101, "candidate_count_before_review": 111, "review_selected_count": 101, "post_review_dedup_drop": 9, "judge_reject_count": 7, "judge_pending_count": 0, "judge_pass_count": 94, "final_input_count": 94, "final_output_count": 92, "final_non_judge_drop_count": 2, "scenario_duplicate_pruned_count": 0, "post_review_dedup_reorder_drop_count": 1, "final_description_dedup_drop_count": 1, "total_dedup_drop_count": 10, "gap_attempts": 3, "gap_remaining_after_attempts": 6, "missing_rules_count": 5, "missing_types_exists": true, "low_quality_dropped_count": 5, "low_quality_dropped_examples": [{"stage": "post_judge_quality_filter", "reason": "non_assertable_expected_result", "case_id": "TC-006", "test_module": "AI交互流程-四轮框架", "priority": "P2", "description": "阶段1 AI提问正确填充错误选项和正确选项变量引用实际题目数据", "expected_result": "AI阶段1提问中包含具体的错误选项标识和内容（如'我之前选了A，①②'）以及正确选项标识和内容（如'正确答案是D，①②③④'），变量从题目数据库正确填充而非使用占位符或通用描述"}, {"stage": "post_judge_quality_filter", "reason": "non_assertable_expected_result", "case_id": "TC-019", "test_module": "AI评分逻辑", "priority": "P0", "description": "学员提交空回答或仅含标点无实质内容时评分处理", "expected_result": "执行查看AI评分结果后，应成功完成学员提交空回答或仅含标点无实质内容时评分处理，且后续查询可验证结果"}, {"stage": "post_judge_quality_filter", "reason": "non_assertable_expected_result", "case_id": "TC-048", "test_module": "页面入口与导航", "priority": "P2", "description": "验证打印按钮弹窗选择打印内容", "expected_result": "弹出打印内容选择弹窗，包含可选择的打印内容选项"}, {"stage": "post_judge_quality_filter", "reason": "non_assertable_expected_result", "case_id": "TC-055", "test_module": "界面展示-功能按钮", "priority": "P2", "description": "验证'打印'按钮点击后弹窗可选择打印内容", "expected_result": "弹出打印内容选择弹窗，弹窗中提供可选择的打印内容选项"}, {"stage": "post_judge_quality_filter", "reason": "non_assertable_expected_result", "case_id": "TC-065", "test_module": "AI评分逻辑-特殊情况", "priority": "P0", "description": "评分特殊处理-创新性正确思路额外加5分", "expected_result": "执行查看评分结果中准确性和逻辑性维度得分后，应成功完成评分特殊处理-创新性正确思路额外加5分，且后续查询可验证结果"}], "postprocess_filter_drop_total": 5, "semantic_dedup_dropped_count": 0, "governance_hard_drop_count": 0, "duplicate_pruned_count": 10, "invalid_pruned_count": 5, "quality_rejected_count": 12, "review_selector_pruned_count": 0, "valid_unique_candidate_count": 111, "expected_count": 100, "expected_count_explicit": true, "recommended_min": 80, "recommended_max": 120, "target_final_count": 100, "soft_min_count": 80, "hard_min_count": 85, "min_acceptable_final": 85, "target_satisfaction_ratio": 0.92, "underfilled": false, "underfill_level": "", "underfill_reason": "", "underfill_root_cause": "", "append_target_count": 0, "append_final_cap_count": 0, "append_cap_drop_count": 0, "flow_governance": {"applied": true, "reason": "", "scenario_policy_registry_version": 1, "scenario_policy_registered_count": 93, "scenario_policy_candidate_count": 0, "scenario_policy_pending_candidate_count": 0, "domain_policy_registered_count": 4, "scenario_policy_domains": {"ai_wrong_question_teaching": 10, "recent_course_scheduling": 7, "essay_writing": 23, "course_access": 2, "general": 51}, "scenario_policy_sources": {"manual_seed": 1, "registry": 16, "legacy_duplicate_policy": 19, "legacy_coverage_pattern": 28, "legacy_judge_duplicate_policy": 29}, "scenario_policy_documents": ["讲错题接入AI.pdf"], "flow_reordered": false, "flow_order": ["stage:页面入口与导航", "stage:入口与导航", "stage:界面展示", "stage:交互", "stage:督导端", "stage:使用引导", "stage:ai交互", "stage:ai提问逻辑", "stage:ai评分逻辑", "stage:状态管理与重复进入", "stage:评分与结果", "stage:评分结果展示"], "cross_cutting_order": [], "scenario_duplicate_pruned_count": 0, "scenario_duplicate_pruned_indices": [], "scenario_cap_policy": {}, "scenario_duplicate_cluster_count": 23, "flow_misordered_count_before": 0, "missing_flow_stage_count": 0, "registry_impact": {"registry_version": 1, "total_policies_available": 93, "candidate_policies_active": 0, "candidate_policies_pending": 0, "scenario_kinds_seen": {"": 1, "sorting_limit": 7, "title_format": 4, "source_consistency": 5, "quiz_result_action_navigation": 4, "workflow_navigation": 14, "feedback": 7, "permission": 1, "ai_recording_input_state": 5, "ai_supervisor_detail_button_state": 10, "print_export": 1, "filter_toggle": 2, "ai_completed_reentry_readonly": 2, "manual_correction": 2, "report_comment_ai": 1, "statistics": 4, "generation_trigger": 1, "quota_consumption": 2, "load_failure": 1, "ai_teacher_score_conversion": 1, "ai_answer_irrelevant_score_zero": 4, "ai_short_answer_score_boundary": 2, "ai_score_popup_threshold": 4}, "policies_matched": [{"key": "sorting_limit", "domain": "general", "source": "legacy_coverage_pattern", "specific": false, "default_cap": 1, "mode_cap": null, "cross_module": false, "judge_duplicate": false, "judge_threshold": {"score": 0.2, "overlap": 5}, "status": "active"}, {"key": "title_format", "domain": "general", "source": "legacy_coverage_pattern", "specific": false, "default_cap": 1, "mode_cap": null, "cross_module": false, "judge_duplicate": false, "judge_threshold": {"score": 0.2, "overlap": 5}, "status": "active"}, {"key": "source_consistency", "domain": "general", "source": "legacy_coverage_pattern", "specific": false, "default_cap": 1, "mode_cap": null, "cross_module": false, "judge_duplicate": false, "judge_threshold": {"score": 0.2, "overlap": 5}, "status": "active"}, {"key": "quiz_result_action_navigation", "domain": "ai_wrong_question_teaching", "source": "registry", "specific": true, "default_cap": 2, "mode_cap": null, "cross_module": true, "judge_duplicate": false, "judge_threshold": {"score": 0.2, "overlap": 5}, "status": "active"}, {"key": "workflow_navigation", "domain": "general", "source": "legacy_coverage_pattern", "specific": false, "default_cap": 2, "mode_cap": null, "cross_module": false, "judge_duplicate": false, "judge_threshold": {"score": 0.2, "overlap": 5}, "status": "active"}, {"key": "feedback", "domain": "general", "source": "legacy_coverage_pattern", "specific": false, "default_cap": 1, "mode_cap": null, "cross_module": false, "judge_duplicate": false, "judge_threshold": {"score": 0.2, "overlap": 5}, "status": "active"}, {"key": "permission", "domain": "general", "source": "legacy_coverage_pattern", "specific": false, "default_cap": 1, "mode_cap": null, "cross_module": false, "judge_duplicate": false, "judge_threshold": {"score": 0.2, "overlap": 5}, "status": "active"}, {"key": "ai_recording_input_state", "domain": "ai_wrong_question_teaching", "source": "registry", "specific": true, "default_cap": 2, "mode_cap": null, "cross_module": true, "judge_duplicate": false, "judge_threshold": {"score": 0.2, "overlap": 5}, "status": "active"}, {"key": "ai_supervisor_detail_button_state", "domain": "ai_wrong_question_teaching", "source": "registry", "specific": true, "default_cap": 1, "mode_cap": null, "cross_module": true, "judge_duplicate": false, "judge_threshold": {"score": 0.2, "overlap": 5}, "status": "active"}, {"key": "print_export", "domain": "general", "source": "legacy_coverage_pattern", "specific": false, "default_cap": 1, "mode_cap": null, "cross_module": false, "judge_duplicate": false, "judge_threshold": {"score": 0.2, "overlap": 5}, "status": "active"}, {"key": "filter_toggle", "domain": "general", "source": "legacy_coverage_pattern", "specific": false, "default_cap": 1, "mode_cap": null, "cross_module": false, "judge_duplicate": false, "judge_threshold": {"score": 0.2, "overlap": 5}, "status": "active"}, {"key": "ai_completed_reentry_readonly", "domain": "ai_wrong_question_teaching", "source": "registry", "specific": true, "default_cap": 1, "mode_cap": null, "cross_module": true, "judge_duplicate": false, "judge_threshold": {"score": 0.2, "overlap": 5}, "status": "active"}, {"key": "manual_correction", "domain": "general", "source": "legacy_coverage_pattern", "specific": false, "default_cap": 2, "mode_cap": null, "cross_module": false, "judge_duplicate": false, "judge_threshold": {"score": 0.2, "overlap": 5}, "status": "active"}, {"key": "report_comment_ai", "domain": "general", "source": "legacy_judge_duplicate_policy", "specific": false, "default_cap": 1, "mode_cap": null, "cross_module": false, "judge_duplicate": true, "judge_threshold": {"score": 0.2, "overlap": 5}, "status": "active"}, {"key": "statistics", "domain": "general", "source": "legacy_coverage_pattern", "specific": false, "default_cap": 2, "mode_cap": null, "cross_module": false, "judge_duplicate": false, "judge_threshold": {"score": 0.2, "overlap": 5}, "status": "active"}, {"key": "generation_trigger", "domain": "general", "source": "legacy_coverage_pattern", "specific": false, "default_cap": 1, "mode_cap": null, "cross_module": false, "judge_duplicate": false, "judge_threshold": {"score": 0.2, "overlap": 5}, "status": "active"}, {"key": "quota_consumption", "domain": "general", "source": "legacy_judge_duplicate_policy", "specific": false, "default_cap": 1, "mode_cap": null, "cross_module": false, "judge_duplicate": true, "judge_threshold": {"score": 0.22, "overlap": 8}, "status": "active"}, {"key": "load_failure", "domain": "general", "source": "legacy_coverage_pattern", "specific": false, "default_cap": 1, "mode_cap": null, "cross_module": false, "judge_duplicate": false, "judge_threshold": {"score": 0.2, "overlap": 5}, "status": "active"}, {"key": "ai_teacher_score_conversion", "domain": "ai_wrong_question_teaching", "source": "registry", "specific": true, "default_cap": 2, "mode_cap": null, "cross_module": true, "judge_duplicate": false, "judge_threshold": {"score": 0.2, "overlap": 5}, "status": "active"}, {"key": "ai_answer_irrelevant_score_zero", "domain": "ai_wrong_question_teaching", "source": "manual_seed", "specific": true, "default_cap": 1, "mode_cap": null, "cross_module": true, "judge_duplicate": true, "judge_threshold": {"score": 0.2, "overlap": 5}, "status": "active"}, {"key": "ai_short_answer_score_boundary", "domain": "ai_wrong_question_teaching", "source": "registry", "specific": true, "default_cap": 2, "mode_cap": null, "cross_module": true, "judge_duplicate": false, "judge_threshold": {"score": 0.2, "overlap": 5}, "status": "active"}, {"key": "ai_score_popup_threshold", "domain": "ai_wrong_question_teaching", "source": "registry", "specific": true, "default_cap": 2, "mode_cap": null, "cross_module": true, "judge_duplicate": false, "judge_threshold": {"score": 0.2, "overlap": 5}, "status": "active"}], "caps_applied": {"sorting_limit": 1, "title_format": 1, "source_consistency": 1, "quiz_result_action_navigation": 2, "workflow_navigation": 2, "feedback": 1, "permission": 1, "ai_recording_input_state": 2, "ai_supervisor_detail_button_state": 1, "print_export": 1, "filter_toggle": 1, "ai_completed_reentry_readonly": 1, "manual_correction": 2, "report_comment_ai": 1, "statistics": 2, "generation_trigger": 1, "quota_consumption": 1, "load_failure": 1, "ai_teacher_score_conversion": 2, "ai_answer_irrelevant_score_zero": 1, "ai_short_answer_score_boundary": 2, "ai_score_popup_threshold": 2}, "judge_thresholds_used": {}, "cross_module_policies_in_effect": ["ai_answer_irrelevant_score_zero", "ai_completed_reentry_readonly", "ai_direct_answer_guard", "ai_print_dialog", "ai_recording_input_state", "ai_score_popup_threshold", "ai_short_answer_score_boundary", "ai_supervisor_detail_button_state", "ai_teacher_score_conversion", "delete_restore_unsubmitted", "essay_empty_state", "essay_submission_success_state", "featured_sorting", "free_first_lesson", "my_essay_limit", "nonlinear_course_unlock", "pdf_download_content", "quiz_result_action_navigation", "schedule_analytics_event", "schedule_auto_course_selection", "schedule_fast_forward_answer_control", "schedule_lesson_time_shift", "schedule_plan_edit_lifecycle", "schedule_task_card_display", "schedule_week_progress_empty", "secret_overlay"]}, "relaxed_for_floor_backfill": true}, "needs_priority_review": false, "priority_conflict_count": 0, "priority_undetermined_count": 0, "priority_optional_count": 0, "reasons": ["coverage_gap_still_exists", "gap_attempt_limit_reached", "coverage_missing_rules", "coverage_missing_types", "dedup_reduced_count_stop", "no_backfill_after_dedup", "final_description_dedup_reduced_count", "low_quality_filtered"], "generation_coverage_mode": "full_functional_regression", "generation_target_case_range": {"min": 80, "max": 120}, "multi_pass": true, "generation_mode": "full_functional_regression"}
GEN_DIAG:{"kind": "review_decision_summary", "candidate_total": 111, "retained_total": 85, "dropped_total": 26, "flow_order": ["stage:入口与导航", "stage:页面入口与导航", "stage:界面展示", "stage:交互", "stage:督导端", "stage:使用引导", "stage:ai评分逻辑", "stage:ai交互", "stage:评分与结果", "stage:ai提问逻辑", "stage:评分结果展示", "stage:状态管理与重复进入"], "flow_labels": {"stage:界面展示": "界面展示", "stage:交互": "交互", "stage:督导端": "督导端", "stage:使用引导": "使用引导", "stage:ai评分逻辑": "AI评分逻辑", "stage:ai交互": "AI交互", "stage:评分与结果": "评分与结果", "stage:ai提问逻辑": "AI提问逻辑", "stage:评分结果展示": "评分结果展示", "stage:状态管理与重复进入": "状态管理与重复进入", "stage:入口与导航": "入口与导航", "stage:页面入口与导航": "页面入口与导航"}, "flow_stage_breakdown": {"stage:ai评分逻辑": 19, "stage:ai交互": 14, "stage:评分与结果": 4, "stage:交互": 10, "stage:ai提问逻辑": 25, "stage:评分结果展示": 3, "stage:督导端": 11, "stage:状态管理与重复进入": 2, "stage:界面展示": 6, "stage:使用引导": 8, "stage:入口与导航": 3, "stage:页面入口与导航": 5, "unknown": 1}, "flow_missing_stages": [], "flow_missing_stage_count": 0, "flow_misordered_count": 100, "scenario_duplicate_cluster_count": 31, "scenario_duplicate_case_count": 67, "scenario_duplicate_clusters": [{"cluster_id": "SC-001", "scenario_key": "global:ai_answer_irrelevant_score_zero", "group_type": "scenario", "size": 8, "first_case_id": "TC-099", "candidate_indices": [1, 2, 16, 17, 21, 23, 29, 33]}, {"cluster_id": "SC-002", "scenario_key": "stage:ai评分逻辑:intent:submit:评分逻辑_新版_版评:content", "group_type": "intent", "size": 4, "first_case_id": "TC-099", "candidate_indices": [1, 2, 7, 16]}, {"cluster_id": "SC-003", "scenario_key": "global:ai_recording_input_state", "group_type": "scenario", "size": 7, "first_case_id": "TC-103", "candidate_indices": [4, 18, 24, 47, 52, 83, 92]}, {"cluster_id": "SC-004", "scenario_key": "global:ai_short_answer_score_boundary", "group_type": "scenario", "size": 2, "first_case_id": "TC-103", "candidate_indices": [7, 9]}, {"cluster_id": "SC-005", "scenario_key": "global:ai_score_popup_threshold", "group_type": "scenario", "size": 6, "first_case_id": "TC-019", "candidate_indices": [8, 14, 20, 22, 31, 42]}, {"cluster_id": "SC-006", "scenario_key": "stage:ai评分逻辑:intent:submit:评分逻辑_评分_分特:content", "group_type": "intent", "size": 2, "first_case_id": "TC-029", "candidate_indices": [9, 17]}, {"cluster_id": "SC-007", "scenario_key": "stage:ai交互:workflow_navigation:obj:交互_阶段_提问", "group_type": "scenario", "size": 2, "first_case_id": "TC-102", "candidate_indices": [10, 68]}, {"cluster_id": "SC-008", "scenario_key": "stage:ai评分逻辑:intent:submit:评分逻辑_学员在第_阶段:navigate", "group_type": "intent", "size": 2, "first_case_id": "TC-101", "candidate_indices": [12, 13]}, {"cluster_id": "SC-009", "scenario_key": "stage:交互:intent:submit:交互_验证_继续录音:content", "group_type": "intent", "size": 2, "first_case_id": "TC-015", "candidate_indices": [18, 52]}, {"cluster_id": "SC-010", "scenario_key": "stage:评分结果展示:intent:open:评分_分结_结果:toast", "group_type": "intent", "size": 2, "first_case_id": "TC-041", "candidate_indices": [20, 37]}, {"cluster_id": "SC-011", "scenario_key": "stage:ai评分逻辑:intent:open:评分逻辑_新版_版评:toast", "group_type": "intent", "size": 2, "first_case_id": "TC-102", "candidate_indices": [21, 22]}, {"cluster_id": "SC-012", "scenario_key": "stage:交互:intent:submit:交互_验证_完成:content", "group_type": "intent", "size": 2, "first_case_id": "TC-094", "candidate_indices": [24, 100]}, {"cluster_id": "SC-013", "scenario_key": "global:ai_completed_reentry_readonly", "group_type": "scenario", "size": 2, "first_case_id": "TC-023", "candidate_indices": [28, 75]}, {"cluster_id": "SC-014", "scenario_key": "stage:状态管理与重复进入:intent:open:状态_态管_管理:content", "group_type": "intent", "size": 2, "first_case_id": "TC-023", "candidate_indices": [28, 73]}, {"cluster_id": "SC-015", "scenario_key": "stage:ai评分逻辑:intent:open:评分逻辑_新版_版评:content", "group_type": "intent", "size": 2, "first_case_id": "TC-046", "candidate_indices": [29, 33]}, {"cluster_id": "SC-016", "scenario_key": "global:ai_supervisor_detail_button_state", "group_type": "scenario", "size": 12, "first_case_id": "TC-036", "candidate_indices": [30, 37, 48, 57, 72, 73, 76, 80, 87, 91, 96, 100]}, {"cluster_id": "SC-017", "scenario_key": "stage:督导端:intent:open:督导端_督导_导端:dialog", "group_type": "intent", "size": 3, "first_case_id": "TC-036", "candidate_indices": [30, 87, 91]}, {"cluster_id": "SC-018", "scenario_key": "stage:交互:feedback:obj:交互_验证_追问", "group_type": "scenario", "size": 2, "first_case_id": "TC-017", "candidate_indices": [34, 35]}, {"cluster_id": "SC-019", "scenario_key": "stage:ai提问逻辑:intent:open:提问逻辑_验证_证错:content", "group_type": "intent", "size": 2, "first_case_id": "TC-009", "candidate_indices": [40, 95]}, {"cluster_id": "SC-020", "scenario_key": "stage:ai提问逻辑:workflow_navigation:obj:提问逻辑_修订_订版", "group_type": "scenario", "size": 3, "first_case_id": "TC-057", "candidate_indices": [50, 55, 67]}], "final_flow_stage_breakdown": {"stage:入口与导航": 2, "stage:页面入口与导航": 3, "stage:界面展示": 4, "stage:交互": 9, "stage:督导端": 9, "stage:使用引导": 6, "stage:ai交互": 11, "stage:ai评分逻辑": 13, "stage:ai提问逻辑": 18, "stage:评分与结果": 3, "stage:状态管理与重复进入": 2, "stage:评分结果展示": 2, "unknown": 1}, "final_flow_missing_stages": [], "final_flow_missing_stage_count": 0, "final_flow_misordered_count": 0, "final_scenario_duplicate_cluster_count": 0, "final_scenario_duplicate_case_count": 0, "final_scenario_duplicate_clusters": [], "final_scenario_duplicate_raw_cluster_count": 26, "final_scenario_duplicate_raw_case_count": 44, "final_reasoning_leakage_case_count": 0, "final_order_flow_governance": {"applied": true, "reason": "", "scenario_policy_registry_version": 1, "scenario_policy_registered_count": 93, "scenario_policy_candidate_count": 0, "scenario_policy_pending_candidate_count": 0, "domain_policy_registered_count": 4, "scenario_policy_domains": {"ai_wrong_question_teaching": 10, "recent_course_scheduling": 7, "essay_writing": 23, "course_access": 2, "general": 51}, "scenario_policy_sources": {"manual_seed": 1, "registry": 16, "legacy_duplicate_policy": 19, "legacy_coverage_pattern": 28, "legacy_judge_duplicate_policy": 29}, "scenario_policy_documents": ["讲错题接入AI.pdf"], "flow_reordered": true, "flow_order": ["stage:入口与导航", "stage:页面入口与导航", "stage:界面展示", "stage:交互", "stage:督导端", "stage:使用引导", "stage:ai交互", "stage:ai评分逻辑", "stage:ai提问逻辑", "stage:评分与结果", "stage:状态管理与重复进入", "stage:评分结果展示"], "cross_cutting_order": [], "scenario_duplicate_pruned_count": 0, "scenario_duplicate_pruned_indices": [], "scenario_cap_policy": {}, "scenario_duplicate_cluster_count": 23, "flow_misordered_count_before": 0, "missing_flow_stage_count": 0, "registry_impact": {"registry_version": 1, "total_policies_available": 93, "candidate_policies_active": 0, "candidate_policies_pending": 0, "scenario_kinds_seen": {"": 1, "feedback": 7, "load_failure": 1, "manual_correction": 2, "sorting_limit": 6, "statistics": 4, "ai_answer_irrelevant_score_zero": 4, "ai_score_popup_threshold": 4, "print_export": 1, "generation_trigger": 1, "ai_short_answer_score_boundary": 2, "workflow_navigation": 14, "report_comment_ai": 1, "source_consistency": 5, "ai_teacher_score_conversion": 1, "ai_supervisor_detail_button_state": 10, "ai_recording_input_state": 5, "quota_consumption": 2, "permission": 1, "quiz_result_action_navigation": 4, "title_format": 3, "ai_completed_reentry_readonly": 2, "filter_toggle": 2}, "policies_matched": [{"key": "feedback", "domain": "general", "source": "legacy_coverage_pattern", "specific": false, "default_cap": 1, "mode_cap": null, "cross_module": false, "judge_duplicate": false, "judge_threshold": {"score": 0.2, "overlap": 5}, "status": "active"}, {"key": "load_failure", "domain": "general", "source": "legacy_coverage_pattern", "specific": false, "default_cap": 1, "mode_cap": null, "cross_module": false, "judge_duplicate": false, "judge_threshold": {"score": 0.2, "overlap": 5}, "status": "active"}, {"key": "manual_correction", "domain": "general", "source": "legacy_coverage_pattern", "specific": false, "default_cap": 2, "mode_cap": null, "cross_module": false, "judge_duplicate": false, "judge_threshold": {"score": 0.2, "overlap": 5}, "status": "active"}, {"key": "sorting_limit", "domain": "general", "source": "legacy_coverage_pattern", "specific": false, "default_cap": 1, "mode_cap": null, "cross_module": false, "judge_duplicate": false, "judge_threshold": {"score": 0.2, "overlap": 5}, "status": "active"}, {"key": "statistics", "domain": "general", "source": "legacy_coverage_pattern", "specific": false, "default_cap": 2, "mode_cap": null, "cross_module": false, "judge_duplicate": false, "judge_threshold": {"score": 0.2, "overlap": 5}, "status": "active"}, {"key": "ai_answer_irrelevant_score_zero", "domain": "ai_wrong_question_teaching", "source": "manual_seed", "specific": true, "default_cap": 1, "mode_cap": null, "cross_module": true, "judge_duplicate": true, "judge_threshold": {"score": 0.2, "overlap": 5}, "status": "active"}, {"key": "ai_score_popup_threshold", "domain": "ai_wrong_question_teaching", "source": "registry", "specific": true, "default_cap": 2, "mode_cap": null, "cross_module": true, "judge_duplicate": false, "judge_threshold": {"score": 0.2, "overlap": 5}, "status": "active"}, {"key": "print_export", "domain": "general", "source": "legacy_coverage_pattern", "specific": false, "default_cap": 1, "mode_cap": null, "cross_module": false, "judge_duplicate": false, "judge_threshold": {"score": 0.2, "overlap": 5}, "status": "active"}, {"key": "generation_trigger", "domain": "general", "source": "legacy_coverage_pattern", "specific": false, "default_cap": 1, "mode_cap": null, "cross_module": false, "judge_duplicate": false, "judge_threshold": {"score": 0.2, "overlap": 5}, "status": "active"}, {"key": "ai_short_answer_score_boundary", "domain": "ai_wrong_question_teaching", "source": "registry", "specific": true, "default_cap": 2, "mode_cap": null, "cross_module": true, "judge_duplicate": false, "judge_threshold": {"score": 0.2, "overlap": 5}, "status": "active"}, {"key": "workflow_navigation", "domain": "general", "source": "legacy_coverage_pattern", "specific": false, "default_cap": 2, "mode_cap": null, "cross_module": false, "judge_duplicate": false, "judge_threshold": {"score": 0.2, "overlap": 5}, "status": "active"}, {"key": "report_comment_ai", "domain": "general", "source": "legacy_judge_duplicate_policy", "specific": false, "default_cap": 1, "mode_cap": null, "cross_module": false, "judge_duplicate": true, "judge_threshold": {"score": 0.2, "overlap": 5}, "status": "active"}, {"key": "source_consistency", "domain": "general", "source": "legacy_coverage_pattern", "specific": false, "default_cap": 1, "mode_cap": null, "cross_module": false, "judge_duplicate": false, "judge_threshold": {"score": 0.2, "overlap": 5}, "status": "active"}, {"key": "ai_teacher_score_conversion", "domain": "ai_wrong_question_teaching", "source": "registry", "specific": true, "default_cap": 2, "mode_cap": null, "cross_module": true, "judge_duplicate": false, "judge_threshold": {"score": 0.2, "overlap": 5}, "status": "active"}, {"key": "ai_supervisor_detail_button_state", "domain": "ai_wrong_question_teaching", "source": "registry", "specific": true, "default_cap": 1, "mode_cap": null, "cross_module": true, "judge_duplicate": false, "judge_threshold": {"score": 0.2, "overlap": 5}, "status": "active"}, {"key": "ai_recording_input_state", "domain": "ai_wrong_question_teaching", "source": "registry", "specific": true, "default_cap": 2, "mode_cap": null, "cross_module": true, "judge_duplicate": false, "judge_threshold": {"score": 0.2, "overlap": 5}, "status": "active"}, {"key": "quota_consumption", "domain": "general", "source": "legacy_judge_duplicate_policy", "specific": false, "default_cap": 1, "mode_cap": null, "cross_module": false, "judge_duplicate": true, "judge_threshold": {"score": 0.22, "overlap": 8}, "status": "active"}, {"key": "permission", "domain": "general", "source": "legacy_coverage_pattern", "specific": false, "default_cap": 1, "mode_cap": null, "cross_module": false, "judge_duplicate": false, "judge_threshold": {"score": 0.2, "overlap": 5}, "status": "active"}, {"key": "quiz_result_action_navigation", "domain": "ai_wrong_question_teaching", "source": "registry", "specific": true, "default_cap": 2, "mode_cap": null, "cross_module": true, "judge_duplicate": false, "judge_threshold": {"score": 0.2, "overlap": 5}, "status": "active"}, {"key": "title_format", "domain": "general", "source": "legacy_coverage_pattern", "specific": false, "default_cap": 1, "mode_cap": null, "cross_module": false, "judge_duplicate": false, "judge_threshold": {"score": 0.2, "overlap": 5}, "status": "active"}, {"key": "ai_completed_reentry_readonly", "domain": "ai_wrong_question_teaching", "source": "registry", "specific": true, "default_cap": 1, "mode_cap": null, "cross_module": true, "judge_duplicate": false, "judge_threshold": {"score": 0.2, "overlap": 5}, "status": "active"}, {"key": "filter_toggle", "domain": "general", "source": "legacy_coverage_pattern", "specific": false, "default_cap": 1, "mode_cap": null, "cross_module": false, "judge_duplicate": false, "judge_threshold": {"score": 0.2, "overlap": 5}, "status": "active"}], "caps_applied": {"feedback": 1, "load_failure": 1, "manual_correction": 2, "sorting_limit": 1, "statistics": 2, "ai_answer_irrelevant_score_zero": 1, "ai_score_popup_threshold": 2, "print_export": 1, "generation_trigger": 1, "ai_short_answer_score_boundary": 2, "workflow_navigation": 2, "report_comment_ai": 1, "source_consistency": 1, "ai_teacher_score_conversion": 2, "ai_supervisor_detail_button_state": 1, "ai_recording_input_state": 2, "quota_consumption": 1, "permission": 1, "quiz_result_action_navigation": 2, "title_format": 1, "ai_completed_reentry_readonly": 1, "filter_toggle": 1}, "judge_thresholds_used": {}, "cross_module_policies_in_effect": ["ai_answer_irrelevant_score_zero", "ai_completed_reentry_readonly", "ai_direct_answer_guard", "ai_print_dialog", "ai_recording_input_state", "ai_score_popup_threshold", "ai_short_answer_score_boundary", "ai_supervisor_detail_button_state", "ai_teacher_score_conversion", "delete_restore_unsubmitted", "essay_empty_state", "essay_submission_success_state", "featured_sorting", "free_first_lesson", "my_essay_limit", "nonlinear_course_unlock", "pdf_download_content", "quiz_result_action_navigation", "schedule_analytics_event", "schedule_auto_course_selection", "schedule_fast_forward_answer_control", "schedule_lesson_time_shift", "schedule_plan_edit_lifecycle", "schedule_task_card_display", "schedule_week_progress_empty", "secret_overlay"]}}, "fact_profile_source": "requirement_semantics", "fact_profile_confidence": 0.0, "fact_profile_confirmed_count": 8, "fact_profile_forbidden_count": 0, "fact_profile_pending_count": 0, "project_profile_source": "document_extracted", "project_profile_confidence": 0.0, "flow_governance_applied": true, "flow_reordered": false, "flow_governance_reason": "", "scenario_duplicate_pruned_count": 0, "scenario_duplicate_pruned_indices": [], "execution_plan": {"applied": true, "coverage_mode": "full_functional_regression", "workflow_blueprint_count": 1, "trusted_workflow_contract_count": 1, "plan_workflow_blueprint_count": 1, "workflow_blueprint_source": "feedback_control_state", "linear_executable": true, "linear_scope": "main_smoke_chain_only", "main_chain_case_count": 9, "main_chain_stage_order": ["schedule_create_started", "courses_selected", "schedule_time_configured", "schedule_preview_ready", "schedule_plan_saved", "student_home_weekly_task_visible", "student_learning_plan_visible", "student_enters_course", "progress_updated"], "main_chain_stage_kinds": ["entry", "configure", "configure", "preview", "commit", "downstream_visibility", "downstream_visibility", "consume", "completion_sync"], "main_chain_incomplete_reason": "", "derived_workflow_debug": {"candidate_total": 85, "action_state_candidate_count": 0, "primary_candidate_count": 0, "fallback_candidate_count": 0, "selected_candidate_count": 0, "closure_reason": ""}, "main_chain_excluded_candidates": [{"case_id": "TC-021", "description": "督导端近期学习计划-教材最后课程和未定教材两种情况均不展示计划内容", "stage_key": "student_learning_plan_visible", "reason": "boundary_capacity"}], "independent_case_count": 83, "isolation_case_count": 83, "role_switch_count": 1, "broken_dependency_count": 0, "state_conflict_count": 0, "state_conflicts": [], "selected_stage_state_conflicts": [], "semantic_conflict_count": 0, "semantic_conflicts": [], "execution_group_breakdown": {"boundary": 9, "display": 28, "exception": 4, "independent_functional": 42, "main_smoke": 9}, "generated_bridge_case_count": 0, "workflow_contract_materialized_case_count": 7, "group_setup": {"boundary": "seed_boundary_dataset()", "display": "seed_display_ready_dataset()", "exception": "enable_fault_injection_for_case()", "independent_functional": "seed_functional_dataset()", "main_smoke": "seed_workflow_blueprint_dataset()"}, "group_teardown": {"boundary": "delete_boundary_dataset()", "display": "delete_display_ready_dataset()", "exception": "disable_fault_injection()", "independent_functional": "cleanup_functional_dataset()", "main_smoke": "cleanup_workflow_blueprint_dataset()"}, "fixture_keys": ["boundary_dataset", "display_ready_dataset", "fault_injection_case", "independent_functional_dataset", "workflow_blueprint_chain_seed"]}, "linear_executable": true, "linear_scope": "main_smoke_chain_only", "main_chain_case_count": 9, "independent_case_count": 83, "isolation_case_count": 83, "broken_dependency_count": 0, "state_conflict_count": 0, "role_switch_count": 1, "priority_decision_state_breakdown": {"decided": 111, "conflict": 0, "undetermined": 0, "optional": 0, "invalid": 0}, "priority_final_breakdown": {"P0": 9, "P1": 51, "P2": 51, "null": 0}, "legacy_priority_breakdown": {"P0": 70, "P1": 23, "P2": 18, "UNKNOWN": 0}, "priority_conflict_count": 0, "priority_undetermined_count": 0, "priority_optional_count": 0, "priority_invalid_count": 0, "priority_quality_gate_failed": false, "invalid_case_count": 0, "reasoning_leakage_case_count": 0, "needs_priority_review": false, "review_llm_filter_applied": false, "review_input_size": 101, "review_output_size": 101, "review_target_min_count": 67, "review_target_max_count": 93, "review_shortfall_detected": false, "review_shortfall_before_count": 101, "review_shortfall_recovered_count": 0, "review_post_rerank_floor_count": 35, "review_post_rerank_recovered_count": 0, "final_target_floor_count": 85, "final_floor_recovery_attempted": true, "final_floor_recovery_applied": true, "final_floor_recovered_count": 22, "final_floor_recovery_reason": "recovered_after_confirmed_conflict_filter", "final_confirmed_conflict_drop_count": 0, "final_shortfall_supplement_attempted": true, "final_shortfall_supplement_applied": false, "final_shortfall_supplement_count": 0, "final_shortfall_supplement_reason": "supplement_empty_response", "review_fill_source": "none", "review_llm_selected_count": 0, "review_llm_runtime_debug": {"invoked": true, "pool_non_empty": true, "pool_size": 103, "primary_model": "glm-5.1", "primary_invalid_reason": "error_response", "primary_reason_incomplete": false, "primary_dropped_reason_count": 0, "primary_dropped_reason_payload_count": 0, "primary_reason_coverage_ratio": 0.0, "response_len": 177, "response_preview": "Error: HTTP 504 - <html>\r\n<head><title>504 Gateway Time-out</title></head>\r\n<body>\r\n<center><h1>504 Gateway Time-out</h1></center>\r\n<hr><center>stgw</center>\r\n</body>\r\n</html>\r\n", "primary_response_metadata": {"model": "glm-5.1", "wire_api": "chat_completions", "max_tokens": 10000, "http_status": 504, "url_path": "/chat/completions", "error_preview": "<html>\r\n<head><title>504 Gateway Time-out</title></head>\r\n<body>\r\n<center><h1>504 Gateway Time-out</h1></center>\r\n<hr><center>stgw</center>\r\n</body>\r\n</html>\r\n", "input_tokens_estimated": 12957, "output_tokens_estimated": 44, "token_estimate_method": "chars_div_4"}, "primary_compact_retry_invoked": false, "primary_compact_retry_model": "", "primary_compact_retry_invalid_reason": "", "primary_compact_retry_response_len": 0, "primary_compact_retry_response_metadata": {}, "retry_invoked": true, "retry_reason": "error_response", "retry_model": "", "retry_attempts": [{"model": "glm-5.1", "response_len": 177, "is_error": true, "invalid_reason": "error_response", "parsed_type": "dict", "mapped_count": 0, "dropped_reason_count": 0, "dropped_reason_payload_count": 0, "dropped_reason_unmapped_count": 0, "payload_has_selection_signal": false}, {"model": "kimi-k2.5", "response_len": 177, "is_error": true, "invalid_reason": "error_response", "parsed_type": "dict", "mapped_count": 0, "dropped_reason_count": 0, "dropped_reason_payload_count": 0, "dropped_reason_unmapped_count": 0, "payload_has_selection_signal": false}], "retry_response_len": 177, "retry_parse_success": false, "retry_mapped_count": 0, "retry_payload_has_selection_signal": false, "parsed_type": "dict", "parsed_len": 2, "mapped_count": 0, "mapped_signature_count": 0, "dropped_reason_count": 0, "dropped_reason_payload_count": 0, "dropped_reason_unmapped_count": 0, "payload_has_selection_signal": false, "final_selected_and_dropped_overlap_count": 0, "final_selected_and_dropped_overlap_case_ids": [], "final_payload_consistent": true, "reason_repair_invoked": false, "reason_repair_model": "", "reason_repair_candidate_count": 0, "reason_repair_response_len": 0, "reason_repair_mapped_count": 0, "reason_repair_invalid_reason": "", "reason_repair_response_metadata": {}, "final_source": "review_selector", "applied": false, "applied_reason": "error_response", "exception": "", "forced_reset_by_fallback": false, "fallback_reason_incomplete": false, "final_reason_incomplete": false, "final_reason_coverage_ratio": 1.0, "prompt_chars": 44341, "prompt_est_tokens": 11085, "candidate_count": 103, "append_target_count": 0, "append_final_cap_count": 0, "retry_dropped_reason_count": 0, "retry_dropped_reason_payload_count": 0, "retry_dropped_reason_unmapped_count": 0}, "review_constraint_selected_count": 0, "review_llm_drop_reason_breakdown": {}, "review_llm_drop_reason_raw_breakdown": {}, "review_llm_drop_reason_source_breakdown": {}, "fallback_reason_incomplete": false, "final_reason_incomplete": false, "final_reason_coverage_ratio": 1.0, "fallback_dropped_reason_count": 0, "fallback_dropped_reason_mapped_count": 0, "fallback_dropped_reason_unmapped_count": 0, "fallback_reason_coverage_ratio": 0.0, "llm_reason_coverage_ratio": 0.0, "deterministic_backfill_ratio": 0.0, "reason_source_breakdown": {"primary": 0, "fallback": 0, "backfill": 0}, "primary_reason_incomplete": false, "primary_dropped_reason_count": 0, "primary_dropped_reason_payload_count": 0, "primary_reason_coverage_ratio": 0.0, "fallback_with_positive_evidence_count": 0, "fallback_without_positive_evidence_count": 0, "review_llm_pool_count": 103, "candidate_by_pass": {"primary": 92, "gap": 19}, "must_keep_candidate_count": 8, "must_keep_retained_count": 7, "must_keep_dropped_count": 1, "drop_by_review_llm_count": 0, "drop_by_review_selector_count": 10, "drop_by_review_gate_count": 0, "drop_by_pre_gate_dedup_count": 0, "drop_by_post_review_dedup_count": 16, "drop_no_new_signal_count": 0, "drop_rule_cap_count": 0, "drop_ui_like_redundant_count": 0, "drop_ui_like_ratio_cap_count": 0, "drop_outside_target_window_count": 10, "drop_by_rerank_low_signal_count": 0, "dropped_model_priority_p0_p1_count": 21, "dropped_core_rule_hit_count": 0, "dropped_missing_rule_hit_count": 0, "dropped_high_signal_count": 15, "dropped_has_coverage_value_count": 14, "retained_due_to_coverage_value_count": 34, "must_cover_rule_hit_count": 0, "forbidden_pattern_violation_count": 0, "soft_constraint_hit_count": 0, "quality_hint_satisfied_count": 0, "drop_ui_like_ratio_postprocess_count": 0, "drop_final_description_duplicate_count": 1, "multi_pass": true, "generation_mode": "full_functional_regression", "request_id": "7667a562d1a543c9b35cc707ebcbbf8e"}
GEN_DIAG:{"kind": "feedback_control_state", "control_state_applied": true, "generation_coverage_mode": "full_functional_regression", "generation_target_case_range": {"min": 80, "max": 120}, "fact_profile_source": "requirement_semantics", "fact_profile_confidence": 0.0, "fact_profile_confirmed_count": 8, "fact_profile_pending_count": 0, "fact_profile_forbidden_count": 0, "project_profile_source": "document_extracted", "project_profile_confidence": 0.0, "project_profile_flow_count": 15, "manual_quality_profile_source": "priority_sample_pool_manual_verified", "manual_quality_profile_version": "d7ad8a659c760415", "manual_quality_profile_trusted_count": 51, "manual_quality_profile_high_priority_ratio": 0.9375, "manual_quality_profile_display_ratio_cap": 0.45, "must_cover_rules_count": 0, "rule_quota_keys": [], "soft_constraints_count": 1, "quality_fix_hints_count": 14, "preferred_patterns_count": 0, "forbidden_patterns_count": 0, "source_meta": {"sources": ["workflow_blueprint_repository", "priority_sample_pool_manual_profile", "anomaly_pool", "evaluation_report", "generation_coverage_profile", "fact_profile", "project_profile"], "workflow_blueprint_repository_count": 1, "trusted_workflow_contract_count": 1, "priority_pool_sample_count": 93, "manual_quality_profile": {"kind": "manual_quality_profile", "profile_source": "priority_sample_pool_manual_verified", "profile_version": "d7ad8a659c760415", "sample_set_hash": "d7ad8a659c760415208704efa039ec49bbc0b20a8b1e9d6a814e8f2ec8538cc7", "locked": true, "project_id": 8, "user_id": 1, "active_sample_count": 93, "trusted_sample_count": 51, "profile_case_count": 32, "positive_sample_count": 32, "negative_sample_count": 19, "priority_distribution": {"P1": 28, "P0": 2}, "priority_ratios": {"P1": 0.875, "P0": 0.0625}, "high_priority_count": 30, "high_priority_ratio": 0.9375, "module_distribution_top": {}, "module_ratios_top": {}, "pattern_category_distribution": {"recall_gap_missing_business_coverage": 15, "quality_fix_hint": 10, "hallucination_or_redundant_case": 6, "core_flow_closure": 2, "critical_path_coverage": 1, "cross_page_flow": 1, "multi_step_interaction": 1}, "reason_category_distribution": {"recall_gap": 15, "quality_fix_hint": 10, "hallucination_or_redundant_case": 6, "redundant_case": 6, "core_flow": 3, "display_issue": 3, "exception_path": 1, "state_transition": 1}, "source_type_distribution": {"quality_evaluation_defect": 31, "priority_debug_manual_add": 20}, "execution_lifecycle_fields": [], "execution_lifecycle_field_count": 0, "execution_status_distribution": {}, "display_signal_count": 22, "display_signal_ratio": 0.4314, "display_ratio_cap": 0.45}, "manual_quality_profile_version": "d7ad8a659c760415", "manual_quality_profile_trusted_count": 51, "manual_quality_profile_case_count": 32, "manual_quality_profile_high_priority_ratio": 0.9375, "manual_quality_profile_display_ratio_cap": 0.45, "generation_id": null, "retrieval_query_used": true, "retrieval_top_k": 5, "retrieval_hit_count": 0, "retrieval_selected_count": 0, "retrieval_fallback": "domain_no_match", "retrieval_selected_weight_avg": 0.0, "retrieval_selected_quality_avg": 0.0, "retrieval_diversity_cluster_cap": 2, "retrieval_diversity_skipped_count": 0, "retrieval_lexical_fallback_used": false, "retrieval_active_sample_count": 73, "retrieval_disabled_sample_count": 0, "retrieval_low_confidence_sample_count": 20, "retrieval_min_pattern_confidence": 0.6, "retrieval_signal_quota_applied": false, "retrieval_signal_quota_relaxed": false, "retrieval_positive_min_quota": 2, "retrieval_negative_max_quota": 3, "retrieval_selected_positive_count": 0, "retrieval_selected_negative_count": 0, "retrieval_pool_positive_count": 66, "retrieval_pool_negative_count": 7, "retrieval_raw_positive_count": 0, "retrieval_raw_negative_count": 0, "retrieval_after_diversity_positive_count": 0, "retrieval_after_diversity_negative_count": 0, "retrieval_after_quota_merge_positive_count": 0, "retrieval_after_quota_merge_negative_count": 0, "retrieval_final_selected_positive_count": 0, "retrieval_final_selected_negative_count": 0, "retrieval_query_domain_tags": ["ai_wrong_question_teaching"], "retrieval_domain_filter_applied": true, "retrieval_domain_matched_sample_count": 0, "retrieval_domain_skipped_sample_count": 73, "retrieval_domain_no_match": true, "retrieval_sample_id_hit_count": 0, "retrieval_index_mismatch_count": 0, "retrieval_query_primary_domain": "ai_wrong_question_teaching", "workflow_blueprint_direct_candidate_count": 0, "workflow_blueprint_direct_selected_count": 0, "retrieval_index_resync_attempted": false, "retrieval_index_resync_success": false, "retrieval_index_resync_error": "", "sample_count": 0, "challenge_sample_count": 0, "regression_sample_count": 0, "rule_frequency": {}, "doc_count": 3, "doc_types": {"evaluation_report": 3}, "generation_coverage_profile": {"coverage_mode": "full_functional_regression", "case_density": "high", "target_case_range": {"min": 80, "max": 120}, "activation_evidence": {"expected_count": 100, "linked_final_case_count": 0, "full_regression_token_hit": false, "expanded_regression_token_hit": false, "standard_regression_token_hit": true}, "coverage_layers": ["入口与导航：覆盖入口展示、跳转、返回、空状态和旧入口残留。", "核心流程：按主业务流程拆分步骤级用例，不把多功能点合并为一条。", "状态矩阵：覆盖未开始、进行中、已完成、已下架、已删除、无数据等状态。", "配置与权限：覆盖开关配置、版本兼容、角色/端差异和不可操作状态。", "边界异常：覆盖数量不足、时间冲突、无数据、失败提示、不可删除/不可编辑等异常。", "跨模块回归：覆盖首页、详情页、管理页、历史记录、报告等关联页面的数据流转。"]}, "fact_profile": {"profile_version": "fact-profile-v1", "profile_source": "requirement_semantics", "confidence": 0, "confirmed_facts": ["ii.“返回”\u0001按钮⽤于返回上⼀级", "iii.打印”\u0001按钮弹窗选择打印内", "iv.“切换课程”\u0001按钮", "展⽰区。以对话框样式展⽰\u0001AI\u0001提出", "题中抽取，优先抽取错题，1-2道题", "⽬，错题不够可以讲回答正确的题", "钮吗？点击按钮再调⽤AI⽣成", "AI\u0001提问的题⽬在本讲错题中抽取，优先抽…"], "scoped_rules": [], "forbidden_facts": [], "pending_items": [], "reuse_declarations": [], "hard_flow_constraints": ["ii.“返回”\u0001按钮⽤于返回上⼀级", "题中抽取，优先抽取错题，1-2道题", "钮吗？点击按钮再调⽤AI⽣成", "AI\u0001提问的题⽬在本讲错题中抽取，优先抽…"], "reuse_risks": [], "source_priority": ["current_requirement", "rag_requirement", "supplement_boundary", "testcase_style_only", "historical_feedback"], "conflict_policy": "current_requirement_wins", "strategy_only": 0}, "project_profile": {"profile_version": "project-profile-v1", "profile_source": "document_extracted", "confidence": 0, "flow_outline": {"source": "requirement_keyword_positions", "flow_order": ["stage:确认错误表象_追问方向", "stage:课程信息区", "stage:ai提问提问", "stage:biz", "stage:原型", "stage:ai讲错题打分", "stage:界面展示", "stage:左侧设置垂直排列的学习步骤导航", "stage:标题_读取讲的名称", "stage:点击对话", "stage:ai_提问逻辑", "stage:一道题没做的逻辑补一下", "stage:题目来源", "stage:追问逻辑", "stage:做了全对"], "document_flow_order": ["stage:biz", "stage:原型", "stage:ai讲错题打分", "stage:界面展示", "stage:左侧设置垂直排列的学习步骤导航", "stage:课程信息区", "stage:标题_读取讲的名称", "stage:ai提问提问", "stage:点击对话", "stage:ai_提问逻辑", "stage:一道题没做的逻辑补一下", "stage:题目来源", "stage:追问逻辑", "stage:做了全对", "stage:确认错误表象_追问方向"], "flow_labels": {"stage:biz": "biz_key: unknown (当前业务)", "stage:原型": "原型", "stage:ai讲错题打分": "AI讲错题打分", "stage:界面展示": "界面展示", "stage:左侧设置垂直排列的学习步骤导航": "左侧设置垂直排列的学习步骤导航", "stage:课程信息区": "课程信息区", "stage:标题_读取讲的名称": "标题,读取讲的名称", "stage:ai提问提问": "AI提问提问:在课程信息区下方,", "stage:点击对话": "点击对话:点击开始录音", "stage:ai_提问逻辑": "AI 提问逻辑", "stage:一道题没做的逻辑补一下": "一道题没做的逻辑补一下", "stage:题目来源": "题目来源:AI 提问的题目在本讲错", "stage:追问逻辑": "追问逻辑", "stage:做了全对": "做了全对/一道没做 b.随机抽", "stage:确认错误表象_追问方向": "确认错误表象,追问方向:明"}, "flow_stage_positions": {"stage:biz": 2, "stage:原型": 5, "stage:ai讲错题打分": 6, "stage:界面展示": 13, "stage:左侧设置垂直排列的学习步骤导航": 14, "stage:课程信息区": 21, "stage:标题_读取讲的名称": 22, "stage:ai提问提问": 32, "stage:点击对话": 37, "stage:ai_提问逻辑": 38, "stage:一道题没做的逻辑补一下": 39, "stage:题目来源": 40, "stage:追问逻辑": 45, "stage:做了全对": 54, "stage:确认错误表象_追问方向": 58}, "cross_cutting": [], "cross_cutting_labels": {}, "data_flow_edges": [{"from": "stage:确认错误表象_追问方向", "to": "stage:课程信息区", "from_label": "确认错误表象,追问方向:明", "to_label": "课程信息区"}, {"from": "stage:课程信息区", "to": "stage:ai提问提问", "from_label": "课程信息区", "to_label": "AI提问提问:在课程信息区下方,"}, {"from": "stage:ai提问提问", "to": "stage:biz", "from_label": "AI提问提问:在课程信息区下方,", "to_label": "biz_key: unknown (当前业务)"}, {"from": "stage:biz", "to": "stage:原型", "from_label": "biz_key: unknown (当前业务)", "to_label": "原型"}, {"from": "stage:原型", "to": "stage:ai讲错题打分", "from_label": "原型", "to_label": "AI讲错题打分"}, {"from": "stage:ai讲错题打分", "to": "stage:界面展示", "from_label": "AI讲错题打分", "to_label": "界面展示"}, {"from": "stage:界面展示", "to": "stage:左侧设置垂直排列的学习步骤导航", "from_label": "界面展示", "to_label": "左侧设置垂直排列的学习步骤导航"}, {"from": "stage:左侧设置垂直排列的学习步骤导航", "to": "stage:标题_读取讲的名称", "from_label": "左侧设置垂直排列的学习步骤导航", "to_label": "标题,读取讲的名称"}, {"from": "stage:标题_读取讲的名称", "to": "stage:点击对话", "from_label": "标题,读取讲的名称", "to_label": "点击对话:点击开始录音"}, {"from": "stage:点击对话", "to": "stage:ai_提问逻辑", "from_label": "点击对话:点击开始录音", "to_label": "AI 提问逻辑"}, {"from": "stage:ai_提问逻辑", "to": "stage:一道题没做的逻辑补一下", "from_label": "AI 提问逻辑", "to_label": "一道题没做的逻辑补一下"}, {"from": "stage:一道题没做的逻辑补一下", "to": "stage:题目来源", "from_label": "一道题没做的逻辑补一下", "to_label": "题目来源:AI 提问的题目在本讲错"}, {"from": "stage:题目来源", "to": "stage:追问逻辑", "from_label": "题目来源:AI 提问的题目在本讲错", "to_label": "追问逻辑"}, {"from": "stage:追问逻辑", "to": "stage:做了全对", "from_label": "追问逻辑", "to_label": "做了全对/一道没做 b.随机抽"}], "data_flow_phase_rank": {"stage:确认错误表象_追问方向": "review_confirm", "stage:课程信息区": "learning_plan", "stage:ai提问提问": "learning_plan"}, "data_flow_order_applied": false}, "ordering_policy": "flow_first_then_cross_cutting", "scenario_cluster_policy": {"default_max_per_scenario": 2}, "profile_constraints": ["strategy_only_not_fact_source"], "strategy_only": 1}}, "request_id": "7667a562d1a543c9b35cc707ebcbbf8e"}
GEN_DIAG:{"kind": "judge_summary", "pass_count": 94, "repairable_count": 1, "raw_repairable_count": 1, "remaining_repairable_count": 0, "unrepaired_repairable_count": 1, "reject_count": 7, "pending_count": 0, "repaired_case_count": 0, "appended_case_count": 0, "confirmed_pass_out_count": 94, "repaired_pass_out_count": 0, "rejected_out_count": 7, "pending_out_count": 0, "fact_violation_count": 0, "core_flow_covered": false, "reuse_risk_covered": true, "fact_profile_source": "requirement_semantics", "fact_profile_confidence": 0.0, "fact_profile_confirmed_count": 8, "fact_profile_forbidden_count": 0, "fact_profile_pending_count": 0, "generation_id": 474, "request_id": "7667a562d1a543c9b35cc707ebcbbf8e"}
GEN_DIAG:{"kind": "judge_decision_table", "generation_id": 474, "rows": [{"generation_id": 474, "request_id": "7667a562d1a543c9b35cc707ebcbbf8e", "case_id": "TC-013", "judge_status": "REJECT", "reject_reason": "semantic_duplicate:TC-012", "pending_reason": "", "signals": {"violates_confirmed_fact": false, "missing_core_flow": false, "missing_reuse_risk": false, "contains_pending_logic": false, "confirmed_fact_hits": [], "confirmed_fact_violations": [], "reuse_risk_hits": [], "pending_hits": [], "vague_or_unconfirmed_hits": []}, "violates_confirmed_fact": false, "missing_core_flow": false, "missing_reuse_risk": false, "contains_pending_logic": false, "confirmed_fact_hits": [], "confirmed_fact_violations": [], "reuse_risk_hits": [], "pending_hits": [], "vague_or_unconfirmed_hits": [], "before_case_snapshot": {"id": "TC-013", "description": "验证AI追问在原反馈内容下方以新对话框形式展示", "test_module": "交互流程", "preconditions": ["学员已提交第一轮回答", "AI正在生成追问"], "steps": ["1. 等待AI追问生成", "2. 观察追问内容的展示位置和样式"], "test_input": "学员回答后等待AI追问", "expected_result": "AI追问内容在学员原回答内容的下方展示，以新的对话框样式呈现，与初始提问的对话框样式一致", "priority": "P1", "model_priority_current": "P0", "model_priority": "P0", "legacy_priority": "P0", "priority_final": "P1", "priority_decision_state": "conflict_resolved", "priority_decision_source": "conflict_resolved_by_core_business_rule", "priority_confidence": "medium", "priority_conflict_reason": "model=P0,suggested=P2", "priority_resolution_reason": "core_business_evidence"}, "after_case_snapshot": {"id": "TC-013", "description": "验证AI追问在原反馈内容下方以新对话框形式展示", "test_module": "交互流程", "preconditions": ["学员已提交第一轮回答", "AI正在生成追问"], "steps": ["1. 等待AI追问生成", "2. 观察追问内容的展示位置和样式"], "test_input": "学员回答后等待AI追问", "expected_result": "AI追问内容在学员原回答内容的下方展示，以新的对话框样式呈现，与初始提问的对话框样式一致", "priority": "P1", "model_priority_current": "P0", "model_priority": "P0", "legacy_priority": "P0", "priority_final": "P1", "priority_decision_state": "conflict_resolved", "priority_decision_source": "conflict_resolved_by_core_business_rule", "priority_confidence": "medium", "priority_conflict_reason": "model=P0,suggested=P2", "priority_resolution_reason": "core_business_evidence"}}, {"generation_id": 474, "request_id": "7667a562d1a543c9b35cc707ebcbbf8e", "case_id": "TC-014", "judge_status": "REJECT", "reject_reason": "semantic_duplicate:TC-056", "pending_reason": "", "signals": {"violates_confirmed_fact": false, "missing_core_flow": false, "missing_reuse_risk": false, "contains_pending_logic": false, "confirmed_fact_hits": [], "confirmed_fact_violations": [], "reuse_risk_hits": [], "pending_hits": [], "vague_or_unconfirmed_hits": []}, "violates_confirmed_fact": false, "missing_core_flow": false, "missing_reuse_risk": false, "contains_pending_logic": false, "confirmed_fact_hits": [], "confirmed_fact_violations": [], "reuse_risk_hits": [], "pending_hits": [], "vague_or_unconfirmed_hits": [], "before_case_snapshot": {"id": "TC-014", "description": "验证点击对话按钮开始录音", "test_module": "交互流程", "preconditions": ["学员已进入正式互动环节", "AI已展示问题", "设备麦克风权限已授权"], "steps": ["1. 点击'点击对话'按钮（麦克风图标）", "2. 观察录音状态变化"], "test_input": "点击麦克风图标", "expected_result": "弹出输入框和语音录制按钮；录音功能启动，界面显示录音中状态", "priority": "P2", "model_priority_current": "P2", "model_priority": "P2", "legacy_priority": "P2", "priority_final": "P2", "priority_decision_state": "decided", "priority_decision_source": "p2_cap_guard", "priority_confidence": "high", "priority_conflict_reason": "", "priority_resolution_reason": ""}, "after_case_snapshot": {"id": "TC-014", "description": "验证点击对话按钮开始录音", "test_module": "交互流程", "preconditions": ["学员已进入正式互动环节", "AI已展示问题", "设备麦克风权限已授权"], "steps": ["1. 点击'点击对话'按钮（麦克风图标）", "2. 观察录音状态变化"], "test_input": "点击麦克风图标", "expected_result": "弹出输入框和语音录制按钮；录音功能启动，界面显示录音中状态", "priority": "P2", "model_priority_current": "P2", "model_priority": "P2", "legacy_priority": "P2", "priority_final": "P2", "priority_decision_state": "decided", "priority_decision_source": "p2_cap_guard", "priority_confidence": "high", "priority_conflict_reason": "", "priority_resolution_reason": ""}}, {"generation_id": 474, "request_id": "7667a562d1a543c9b35cc707ebcbbf8e", "case_id": "TC-025", "judge_status": "REJECT", "reject_reason": "semantic_duplicate:TC-026", "pending_reason": "", "signals": {"violates_confirmed_fact": false, "missing_core_flow": false, "missing_reuse_risk": false, "contains_pending_logic": false, "confirmed_fact_hits": [], "confirmed_fact_violations": [], "reuse_risk_hits": [], "pending_hits": [], "vague_or_unconfirmed_hits": []}, "violates_confirmed_fact": false, "missing_core_flow": false, "missing_reuse_risk": false, "contains_pending_logic": false, "confirmed_fact_hits": [], "confirmed_fact_violations": [], "reuse_risk_hits": [], "pending_hits": [], "vague_or_unconfirmed_hits": [], "before_case_snapshot": {"id": "TC-025", "description": "新版评分各维度最低分0.0-学员完全错误回答时三个维度均得0.0分综合评分0.0", "test_module": "AI评分逻辑", "preconditions": ["学员已进入讲错题交互流程", "AI已提出问题", "学员回答存在严重事实性错误且逻辑混乱表达不清"], "steps": ["1. 学员给出完全错误的回答（概念混淆、解题思路完全错误、结论与正确答案无关）", "2. 回答内容字数>=50字且与问题相关", "3. 点击完成提交", "4. 等待AI完成评分", "5. 查看各维度得分和综合评分"], "test_input": "学员回答完全错误，如将汽化解释为固态变液态且步骤混乱表达不清", "expected_result": "思路准确性=0.0分，步骤完整性=0.0分，表达清晰度=0.0分，综合评分=0.0分", "priority": "P0", "model_priority_current": "P1", "model_priority": "P1", "legacy_priority": "P1", "priority_final": "P0", "priority_decision_state": "decided", "priority_decision_source": "hard_guard_promotion", "priority_confidence": "high", "priority_conflict_reason": "", "priority_resolution_reason": ""}, "after_case_snapshot": {"id": "TC-025", "description": "新版评分各维度最低分0.0-学员完全错误回答时三个维度均得0.0分综合评分0.0", "test_module": "AI评分逻辑", "preconditions": ["学员已进入讲错题交互流程", "AI已提出问题", "学员回答存在严重事实性错误且逻辑混乱表达不清"], "steps": ["1. 学员给出完全错误的回答（概念混淆、解题思路完全错误、结论与正确答案无关）", "2. 回答内容字数>=50字且与问题相关", "3. 点击完成提交", "4. 等待AI完成评分", "5. 查看各维度得分和综合评分"], "test_input": "学员回答完全错误，如将汽化解释为固态变液态且步骤混乱表达不清", "expected_result": "思路准确性=0.0分，步骤完整性=0.0分，表达清晰度=0.0分，综合评分=0.0分", "priority": "P0", "model_priority_current": "P1", "model_priority": "P1", "legacy_priority": "P1", "priority_final": "P0", "priority_decision_state": "decided", "priority_decision_source": "hard_guard_promotion", "priority_confidence": "high", "priority_conflict_reason": "", "priority_resolution_reason": ""}}, {"generation_id": 474, "request_id": "7667a562d1a543c9b35cc707ebcbbf8e", "case_id": "TC-036", "judge_status": "REJECT", "reject_reason": "semantic_duplicate:TC-026", "pending_reason": "", "signals": {"violates_confirmed_fact": false, "missing_core_flow": false, "missing_reuse_risk": false, "contains_pending_logic": false, "confirmed_fact_hits": [], "confirmed_fact_violations": [], "reuse_risk_hits": [], "pending_hits": [], "vague_or_unconfirmed_hits": []}, "violates_confirmed_fact": false, "missing_core_flow": false, "missing_reuse_risk": false, "contains_pending_logic": false, "confirmed_fact_hits": [], "confirmed_fact_violations": [], "reuse_risk_hits": [], "pending_hits": [], "vague_or_unconfirmed_hits": [], "before_case_snapshot": {"id": "TC-036", "description": "新版评分三维度之和恰好为8.0分时通过判定-阈值边界计算", "test_module": "AI评分逻辑-新版评分计算", "preconditions": ["学员已完成讲错题交互", "AI评分三个维度得分之和恰好为8.0"], "steps": ["1. 学员完成交互触发打分", "2. AI给出各维度得分如思路准确性=2.5、步骤完整性=2.5、表达清晰度=3.0", "3. 查看综合评分和通过判定结果"], "test_input": "三维度得分分别为2.5+2.5+3.0=8.0", "expected_result": "综合评分=8.0分，判定为通过（>=8分阈值），显示通过提示文案及'去日清'按钮", "priority": "P2", "model_priority_current": "P2", "model_priority": "P2", "legacy_priority": "P2", "priority_final": "P2", "priority_decision_state": "decided", "priority_decision_source": "model_semantic_consistent", "priority_confidence": "high", "priority_conflict_reason": "", "priority_resolution_reason": ""}, "after_case_snapshot": {"id": "TC-036", "description": "新版评分三维度之和恰好为8.0分时通过判定-阈值边界计算", "test_module": "AI评分逻辑-新版评分计算", "preconditions": ["学员已完成讲错题交互", "AI评分三个维度得分之和恰好为8.0"], "steps": ["1. 学员完成交互触发打分", "2. AI给出各维度得分如思路准确性=2.5、步骤完整性=2.5、表达清晰度=3.0", "3. 查看综合评分和通过判定结果"], "test_input": "三维度得分分别为2.5+2.5+3.0=8.0", "expected_result": "综合评分=8.0分，判定为通过（>=8分阈值），显示通过提示文案及'去日清'按钮", "priority": "P2", "model_priority_current": "P2", "model_priority": "P2", "legacy_priority": "P2", "priority_final": "P2", "priority_decision_state": "decided", "priority_decision_source": "model_semantic_consistent", "priority_confidence": "high", "priority_conflict_reason": "", "priority_resolution_reason": ""}}, {"generation_id": 474, "request_id": "7667a562d1a543c9b35cc707ebcbbf8e", "case_id": "TC-038", "judge_status": "REJECT", "reject_reason": "semantic_duplicate:TC-026", "pending_reason": "", "signals": {"violates_confirmed_fact": false, "missing_core_flow": false, "missing_reuse_risk": false, "contains_pending_logic": false, "confirmed_fact_hits": [], "confirmed_fact_violations": [], "reuse_risk_hits": [], "pending_hits": [], "vague_or_unconfirmed_hits": []}, "violates_confirmed_fact": false, "missing_core_flow": false, "missing_reuse_risk": false, "contains_pending_logic": false, "confirmed_fact_hits": [], "confirmed_fact_violations": [], "reuse_risk_hits": [], "pending_hits": [], "vague_or_unconfirmed_hits": [], "before_case_snapshot": {"id": "TC-038", "description": "新版评分三个维度均为0.0时综合评分为0.0分-最低边界", "test_module": "AI评分逻辑-新版评分计算", "preconditions": ["学员已完成讲错题交互", "学员全程回答思路完全错误、步骤完全缺失、表达极度混乱"], "steps": ["1. 学员完成交互流程触发打分", "2. 查看各维度得分和综合评分"], "test_input": "学员回答思路完全错误、无有效解题步骤、表达混乱无法理解", "expected_result": "思路准确性=0.0分，步骤完整性=0.0分，表达清晰度=0.0分，综合评分=0.0分", "priority": "P0", "model_priority_current": "P2", "model_priority": "P2", "legacy_priority": "P2", "priority_final": "P0", "priority_decision_state": "decided", "priority_decision_source": "strong_p0_signal_guard", "priority_confidence": "medium", "priority_conflict_reason": "", "priority_resolution_reason": ""}, "after_case_snapshot": {"id": "TC-038", "description": "新版评分三个维度均为0.0时综合评分为0.0分-最低边界", "test_module": "AI评分逻辑-新版评分计算", "preconditions": ["学员已完成讲错题交互", "学员全程回答思路完全错误、步骤完全缺失、表达极度混乱"], "steps": ["1. 学员完成交互流程触发打分", "2. 查看各维度得分和综合评分"], "test_input": "学员回答思路完全错误、无有效解题步骤、表达混乱无法理解", "expected_result": "思路准确性=0.0分，步骤完整性=0.0分，表达清晰度=0.0分，综合评分=0.0分", "priority": "P0", "model_priority_current": "P2", "model_priority": "P2", "legacy_priority": "P2", "priority_final": "P0", "priority_decision_state": "decided", "priority_decision_source": "strong_p0_signal_guard", "priority_confidence": "medium", "priority_conflict_reason": "", "priority_resolution_reason": ""}}, {"generation_id": 474, "request_id": "7667a562d1a543c9b35cc707ebcbbf8e", "case_id": "TC-072", "judge_status": "REJECT", "reject_reason": "semantic_duplicate:TC-026", "pending_reason": "", "signals": {"violates_confirmed_fact": false, "missing_core_flow": false, "missing_reuse_risk": false, "contains_pending_logic": false, "confirmed_fact_hits": [], "confirmed_fact_violations": [], "reuse_risk_hits": [], "pending_hits": [], "vague_or_unconfirmed_hits": []}, "violates_confirmed_fact": false, "missing_core_flow": false, "missing_reuse_risk": false, "contains_pending_logic": false, "confirmed_fact_hits": [], "confirmed_fact_violations": [], "reuse_risk_hits": [], "pending_hits": [], "vague_or_unconfirmed_hits": [], "before_case_snapshot": {"id": "TC-072", "description": "新版评分下答非所问时思路准确性维度直接计0.0分", "test_module": "AI评分逻辑-特殊情况", "preconditions": ["学员已进入讲错题交互流程", "AI已提出具体学科问题"], "steps": ["1. 学员录制与问题完全无关的回答内容", "2. 点击完成提交", "3. 等待AI完成评分", "4. 查看思路准确性维度得分及其他维度得分"], "test_input": "AI问化学物态变化题但学员回答数学方程式相关内容", "expected_result": "评分结果中思路准确性维度得分为0.0分，步骤完整性和表达清晰度按实际回答内容独立评分", "priority": "P0", "model_priority_current": "P1", "model_priority": "P1", "legacy_priority": "P1", "priority_final": "P0", "priority_decision_state": "decided", "priority_decision_source": "hard_guard_promotion", "priority_confidence": "high", "priority_conflict_reason": "", "priority_resolution_reason": ""}, "after_case_snapshot": {"id": "TC-072", "description": "新版评分下答非所问时思路准确性维度直接计0.0分", "test_module": "AI评分逻辑-特殊情况", "preconditions": ["学员已进入讲错题交互流程", "AI已提出具体学科问题"], "steps": ["1. 学员录制与问题完全无关的回答内容", "2. 点击完成提交", "3. 等待AI完成评分", "4. 查看思路准确性维度得分及其他维度得分"], "test_input": "AI问化学物态变化题但学员回答数学方程式相关内容", "expected_result": "评分结果中思路准确性维度得分为0.0分，步骤完整性和表达清晰度按实际回答内容独立评分", "priority": "P0", "model_priority_current": "P1", "model_priority": "P1", "legacy_priority": "P1", "priority_final": "P0", "priority_decision_state": "decided", "priority_decision_source": "hard_guard_promotion", "priority_confidence": "high", "priority_conflict_reason": "", "priority_resolution_reason": ""}}, {"generation_id": 474, "request_id": "7667a562d1a543c9b35cc707ebcbbf8e", "case_id": "TC-073", "judge_status": "REJECT", "reject_reason": "semantic_duplicate:TC-026", "pending_reason": "", "signals": {"violates_confirmed_fact": false, "missing_core_flow": false, "missing_reuse_risk": false, "contains_pending_logic": false, "confirmed_fact_hits": [], "confirmed_fact_violations": [], "reuse_risk_hits": [], "pending_hits": [], "vague_or_unconfirmed_hits": []}, "violates_confirmed_fact": false, "missing_core_flow": false, "missing_reuse_risk": false, "contains_pending_logic": false, "confirmed_fact_hits": [], "confirmed_fact_violations": [], "reuse_risk_hits": [], "pending_hits": [], "vague_or_unconfirmed_hits": [], "before_case_snapshot": {"id": "TC-073", "description": "评分特殊处理-答非所问时准确性维度直接计0分", "test_module": "AI评分逻辑-特殊情况", "preconditions": ["学员已进入讲错题交互流程", "AI已提出具体问题"], "steps": ["1. 学员录制与问题无关的回答内容", "2. 点击完成提交", "3. 等待AI完成评分", "4. 查看评分结果中准确性维度得分"], "test_input": "AI问化学题但学员回答数学相关内容", "expected_result": "评分结果中准确性维度得分为0分，综合评分显著降低", "priority": "P0", "model_priority_current": "P1", "model_priority": "P1", "legacy_priority": "P1", "priority_final": "P0", "priority_decision_state": "decided", "priority_decision_source": "hard_guard_promotion", "priority_confidence": "high", "priority_conflict_reason": "", "priority_resolution_reason": ""}, "after_case_snapshot": {"id": "TC-073", "description": "评分特殊处理-答非所问时准确性维度直接计0分", "test_module": "AI评分逻辑-特殊情况", "preconditions": ["学员已进入讲错题交互流程", "AI已提出具体问题"], "steps": ["1. 学员录制与问题无关的回答内容", "2. 点击完成提交", "3. 等待AI完成评分", "4. 查看评分结果中准确性维度得分"], "test_input": "AI问化学题但学员回答数学相关内容", "expected_result": "评分结果中准确性维度得分为0分，综合评分显著降低", "priority": "P0", "model_priority_current": "P1", "model_priority": "P1", "legacy_priority": "P1", "priority_final": "P0", "priority_decision_state": "decided", "priority_decision_source": "hard_guard_promotion", "priority_confidence": "high", "priority_conflict_reason": "", "priority_resolution_reason": ""}}], "row_count": 7, "row_count_total": 102, "row_count_reject_pending": 7, "rows_scope": "reject_pending_only", "row_evidence_incomplete": false, "multi_pass": true, "generation_mode": "full_functional_regression", "request_id": "7667a562d1a543c9b35cc707ebcbbf8e"}
GEN_DIAG:{"kind": "memory_fabric_diag", "memory_fabric_used": true, "memory_reads": {"working": 0, "episodic": 0, "semantic": 3, "rule": 1}, "request_id": "7667a562d1a543c9b35cc707ebcbbf8e"}
GEN_DIAG:{"kind": "review_decision_table", "generation_id": 474, "rows": [{"candidate_index": 1, "signature": "ai评分逻辑|新版评分各维度最低分0.0-学员完全错误回答时三个维度均得0.0分综合评分0.0|思路准确性=0.0分，步骤完整性=0.0分，表达清晰度=0.0分，综合评分=0.0分|学员回答完全错误，如将汽化解释为固态变液态且步骤混乱表达不清", "case_id": "TC-099", "description": "新版评分各维度最低分0.0-学员完全错误回答时三个维度均得0.0分综合评分0.0", "test_module": "AI评分逻辑", "expected_result": "思路准确性=0.0分，步骤完整性=0.0分，表达清晰度=0.0分，综合评分=0.0分", "flow_stage": "stage:ai评分逻辑", "flow_stage_label": "AI评分逻辑", "flow_rank": 6, "cross_cutting": [], "scenario_key": "global:ai_answer_irrelevant_score_zero", "is_scenario_duplicate": false, "duplicate_cluster_id": "SC-002", "duplicate_cluster_size": 4, "duplicate_of_case_id": "", "misordered_against_requirement_flow": false, "expected_result_quality": "assertable", "expected_result_quality_reason": "contains_concrete_assertion", "expected_result_alignment_warning": true, "truncated_text_detected": false, "case_quality": "valid_case", "invalid_case_reason": "", "invalid_case_signals": [], "model_priority_current": "P0", "model_priority": "P0", "legacy_priority": "P0", "priority_final": "P1", "priority_decision_state": "decided", "priority_decision_source": "conflict_resolved_by_core_business_rule", "priority_confidence": "medium", "priority_conflict_reason": "model=P0,suggested=P2", "priority_resolution_reason": "core_business_evidence", "priority_score": 11, "suggested_priority": "P2", "priority_reasons": ["main_workflow_hit", "coverage_gain_non_positive", "low_risk_only_covered_rules_penalty", "no_release_blocking_guard"], "selected_by_review_llm": true, "selected_by_review_must_keep": false, "selected_by_review_constraints": false, "review_constraint_reason": "", "review_llm_drop_reason_raw": "", "review_llm_drop_reason": "", "review_llm_drop_reason_resolved": "", "review_llm_drop_reason_source": "", "review_llm_drop_reason_evidence": {}, "has_positive_evidence": false, "has_coverage_signal": false, "has_high_signal": false, "has_competition_signal": false, "review_llm_filter_applied": false, "must_keep_candidate": false, "must_keep_reasons": [], "selected_by_review_gate": true, "retained_final": true, "dropped_stage": "retained", "dropped_reason": "retained", "rule_keys": [], "bucket": "ai评分逻辑|exception", "adds_rule": false, "adds_bucket": false, "high_signal": true, "has_coverage_value": true, "retained_reason": "retained_due_to_coverage_value", "rerank_rank": 71, "focus_score": 2, "covered_rule_ids": ["RULE-020", "RULE-048"], "missing_rule_hits": [], "core_rule_hits": [], "coverage_gain_score": -8, "reuse_risk_hit": false, "hit_must_cover_rule": false, "violates_forbidden_pattern": false, "hits_soft_constraint": false, "satisfies_quality_hint": false}, {"candidate_index": 2, "signature": "ai评分逻辑|新版评分中间分数段-学员部分正确回答时各维度得分在中间范围合理分布|思路准确性在1.0-2.5分之间（核心结论对但有偏差），步骤完整性在1.0-2.0分之间（有遗漏），表达清晰度在1.5-3.0分之间（表述有模糊），综合评分=三维度得分之和且在合理中间范围|学员回答'这道题选b因为汽化，就是水变成气体那种，具体步骤我记不太清了'", "case_id": "TC-102", "description": "新版评分中间分数段-学员部分正确回答时各维度得分在中间范围合理分布", "test_module": "AI评分逻辑", "expected_result": "思路准确性在1.0-2.5分之间（核心结论对但有偏差），步骤完整性在1.0-2.0分之间（有遗漏），表达清晰度在1.5-3.0分之间（表述有模糊），综合评分=三维度得分之和且在合理中间范围", "flow_stage": "stage:ai评分逻辑", "flow_stage_label": "AI评分逻辑", "flow_rank": 6, "cross_cutting": [], "scenario_key": "global:ai_answer_irrelevant_score_zero", "is_scenario_duplicate": true, "duplicate_cluster_id": "SC-002", "duplicate_cluster_size": 4, "duplicate_of_case_id": "TC-099", "misordered_against_requirement_flow": false, "expected_result_quality": "assertable", "expected_result_quality_reason": "contains_concrete_assertion", "expected_result_alignment_warning": true, "truncated_text_detected": false, "case_quality": "valid_case", "invalid_case_reason": "", "invalid_case_signals": [], "model_priority_current": "P0", "model_priority": "P0", "legacy_priority": "P0", "priority_final": "P1", "priority_decision_state": "decided", "priority_decision_source": "conflict_resolved_by_core_business_rule", "priority_confidence": "medium", "priority_conflict_reason": "model=P0,suggested=P2", "priority_resolution_reason": "core_business_evidence", "priority_score": 11, "suggested_priority": "P2", "priority_reasons": ["main_workflow_hit", "coverage_gain_non_positive", "low_risk_only_covered_rules_penalty", "no_release_blocking_guard"], "selected_by_review_llm": true, "selected_by_review_must_keep": false, "selected_by_review_constraints": false, "review_constraint_reason": "", "review_llm_drop_reason_raw": "", "review_llm_drop_reason": "", "review_llm_drop_reason_resolved": "", "review_llm_drop_reason_source": "", "review_llm_drop_reason_evidence": {}, "has_positive_evidence": false, "has_coverage_signal": false, "has_high_signal": false, "has_competition_signal": false, "review_llm_filter_applied": false, "must_keep_candidate": false, "must_keep_reasons": [], "selected_by_review_gate": true, "retained_final": false, "dropped_stage": "post_review_dedup_or_reorder", "dropped_reason": "drop_post_review_dedup_or_reorder", "rule_keys": [], "bucket": "ai评分逻辑|happy", "adds_rule": false, "adds_bucket": false, "high_signal": true, "has_coverage_value": true, "retained_reason": "retained_due_to_coverage_value", "rerank_rank": 91, "focus_score": 0, "covered_rule_ids": ["RULE-020", "RULE-048"], "missing_rule_hits": [], "core_rule_hits": [], "coverage_gain_score": -8, "reuse_risk_hit": false, "hit_must_cover_rule": false, "violates_forbidden_pattern": false, "hits_soft_constraint": false, "satisfies_quality_hint": false}, {"candidate_index": 3, "signature": "ai交互流程-四轮框架|四轮对话框架完整闭环-从暴露认知到确认理解触发打分|四轮交互完成后系统自动触发ai打分，显示综合评分及各维度得分，无需学员手动触发评分|学员按四轮框架逐步完成交互", "case_id": "TC-032", "description": "四轮对话框架完整闭环-从暴露认知到确认理解触发打分", "test_module": "AI交互流程-四轮框架", "expected_result": "四轮交互完成后系统自动触发AI打分，显示综合评分及各维度得分，无需学员手动触发评分", "flow_stage": "stage:ai交互", "flow_stage_label": "AI交互", "flow_rank": 7, "cross_cutting": [], "scenario_key": "stage:ai交互:manual_correction:obj:交互_四轮_轮对", "is_scenario_duplicate": false, "duplicate_cluster_id": "", "duplicate_cluster_size": 0, "duplicate_of_case_id": "", "misordered_against_requirement_flow": false, "expected_result_quality": "assertable", "expected_result_quality_reason": "contains_concrete_assertion", "expected_result_alignment_warning": true, "truncated_text_detected": false, "case_quality": "valid_case", "invalid_case_reason": "", "invalid_case_signals": [], "model_priority_current": "P0", "model_priority": "P0", "legacy_priority": "P0", "priority_final": "P0", "priority_decision_state": "decided", "priority_decision_source": "conflict_resolved_by_high_risk_business_rule", "priority_confidence": "medium", "priority_conflict_reason": "model=P0,suggested=P2", "priority_resolution_reason": "high_risk_guard_or_keyword", "priority_score": 0, "suggested_priority": "P2", "priority_reasons": ["coverage_gain_non_positive", "low_risk_only_covered_rules_penalty", "no_release_blocking_guard"], "selected_by_review_llm": true, "selected_by_review_must_keep": true, "selected_by_review_constraints": false, "review_constraint_reason": "", "review_llm_drop_reason_raw": "", "review_llm_drop_reason": "", "review_llm_drop_reason_resolved": "", "review_llm_drop_reason_source": "", "review_llm_drop_reason_evidence": {}, "has_positive_evidence": false, "has_coverage_signal": false, "has_high_signal": false, "has_competition_signal": false, "review_llm_filter_applied": false, "must_keep_candidate": true, "must_keep_reasons": ["priority_p0"], "selected_by_review_gate": true, "retained_final": true, "dropped_stage": "retained", "dropped_reason": "retained", "rule_keys": [], "bucket": "ai交互流程-四轮框架|exception", "adds_rule": false, "adds_bucket": false, "high_signal": true, "has_coverage_value": true, "retained_reason": "retained_due_to_coverage_value", "rerank_rank": 65, "focus_score": 2, "covered_rule_ids": ["RULE-007"], "missing_rule_hits": [], "core_rule_hits": [], "coverage_gain_score": -8, "reuse_risk_hit": false, "hit_must_cover_rule": false, "violates_forbidden_pattern": false, "hits_soft_constraint": false, "satisfies_quality_hint": false}, {"candidate_index": 4, "signature": "ai评分逻辑|学员提交空回答或仅含标点无实质内容时评分处理|执行查看ai评分结果后，应成功完成学员提交空回答或仅含标点无实质内容时评分处理，且后续查询可验证结果|录音内容为空或转文字后仅含标点符号无实质内容", "case_id": "TC-103", "description": "学员提交空回答或仅含标点无实质内容时评分处理", "test_module": "AI评分逻辑", "expected_result": "执行查看AI评分结果后，应成功完成学员提交空回答或仅含标点无实质内容时评分处理，且后续查询可验证结果", "flow_stage": "stage:ai评分逻辑", "flow_stage_label": "AI评分逻辑", "flow_rank": 6, "cross_cutting": [], "scenario_key": "global:ai_recording_input_state", "is_scenario_duplicate": false, "duplicate_cluster_id": "SC-003", "duplicate_cluster_size": 7, "duplicate_of_case_id": "", "misordered_against_requirement_flow": true, "expected_result_quality": "non_assertable", "expected_result_quality_reason": "template_or_weak_assertion", "expected_result_alignment_warning": false, "truncated_text_detected": false, "case_quality": "valid_case", "invalid_case_reason": "", "invalid_case_signals": [], "model_priority_current": "P0", "model_priority": "P0", "legacy_priority": "P0", "priority_final": "P1", "priority_decision_state": "decided", "priority_decision_source": "conflict_resolved_by_core_business_rule", "priority_confidence": "medium", "priority_conflict_reason": "model=P0,suggested=P2", "priority_resolution_reason": "core_business_evidence", "priority_score": 11, "suggested_priority": "P2", "priority_reasons": ["main_workflow_hit", "coverage_gain_non_positive", "low_risk_only_covered_rules_penalty", "no_release_blocking_guard"], "selected_by_review_llm": true, "selected_by_review_must_keep": false, "selected_by_review_constraints": false, "review_constraint_reason": "", "review_llm_drop_reason_raw": "", "review_llm_drop_reason": "", "review_llm_drop_reason_resolved": "", "review_llm_drop_reason_source": "", "review_llm_drop_reason_evidence": {}, "has_positive_evidence": false, "has_coverage_signal": false, "has_high_signal": false, "has_competition_signal": false, "review_llm_filter_applied": false, "must_keep_candidate": false, "must_keep_reasons": [], "selected_by_review_gate": true, "retained_final": false, "dropped_stage": "post_review_dedup_or_reorder", "dropped_reason": "drop_post_review_dedup_or_reorder", "rule_keys": [], "bucket": "ai评分逻辑|happy", "adds_rule": false, "adds_bucket": true, "high_signal": true, "has_coverage_value": true, "retained_reason": "retained_default", "rerank_rank": 36, "focus_score": 0, "covered_rule_ids": ["RULE-020", "RULE-043", "RULE-048"], "missing_rule_hits": [], "core_rule_hits": [], "coverage_gain_score": -8, "reuse_risk_hit": false, "hit_must_cover_rule": false, "violates_forbidden_pattern": false, "hits_soft_constraint": false, "satisfies_quality_hint": false}, {"candidate_index": 5, "signature": "ai评分逻辑|教师评分纠错有效性扣分-学生因教师解释不清再次出现概念错误每次扣5分扣完为止|评分结果中纠错有效性扣分项扣除5分；若多次重复出现因教师解释不清导致的概念错误，每次扣5分直至该维度扣完为止|ai解释'冰块变水是熔化不是液化'后，学生后续回答仍将冰块变水称为液化", "case_id": "TC-058", "description": "教师评分纠错有效性扣分-学生因教师解释不清再次出现概念错误每次扣5分扣完为止", "test_module": "AI评分逻辑", "expected_result": "评分结果中纠错有效性扣分项扣除5分；若多次重复出现因教师解释不清导致的概念错误，每次扣5分直至该维度扣完为止", "flow_stage": "stage:ai评分逻辑", "flow_stage_label": "AI评分逻辑", "flow_rank": 6, "cross_cutting": [], "scenario_key": "global:ai_teacher_score_conversion", "is_scenario_duplicate": false, "duplicate_cluster_id": "", "duplicate_cluster_size": 0, "duplicate_of_case_id": "", "misordered_against_requirement_flow": true, "expected_result_quality": "assertable", "expected_result_quality_reason": "contains_concrete_assertion", "expected_result_alignment_warning": true, "truncated_text_detected": false, "case_quality": "valid_case", "invalid_case_reason": "", "invalid_case_signals": [], "model_priority_current": "P0", "model_priority": "P0", "legacy_priority": "P0", "priority_final": "P1", "priority_decision_state": "decided", "priority_decision_source": "conflict_resolved_by_conservative_middle_priority", "priority_confidence": "medium", "priority_conflict_reason": "model=P0,suggested=P2", "priority_resolution_reason": "conservative_middle_priority", "priority_score": 0, "suggested_priority": "P2", "priority_reasons": ["coverage_gain_non_positive", "low_risk_only_covered_rules_penalty", "no_release_blocking_guard"], "selected_by_review_llm": true, "selected_by_review_must_keep": false, "selected_by_review_constraints": false, "review_constraint_reason": "", "review_llm_drop_reason_raw": "", "review_llm_drop_reason": "", "review_llm_drop_reason_resolved": "", "review_llm_drop_reason_source": "", "review_llm_drop_reason_evidence": {}, "has_positive_evidence": false, "has_coverage_signal": false, "has_high_signal": false, "has_competition_signal": false, "review_llm_filter_applied": false, "must_keep_candidate": false, "must_keep_reasons": [], "selected_by_review_gate": true, "retained_final": true, "dropped_stage": "retained", "dropped_reason": "retained", "rule_keys": [], "bucket": "ai评分逻辑|exception", "adds_rule": false, "adds_bucket": false, "high_signal": true, "has_coverage_value": true, "retained_reason": "retained_due_to_coverage_value", "rerank_rank": 67, "focus_score": 2, "covered_rule_ids": ["RULE-053"], "missing_rule_hits": [], "core_rule_hits": [], "coverage_gain_score": -8, "reuse_risk_hit": false, "hit_must_cover_rule": false, "violates_forbidden_pattern": false, "hits_soft_constraint": false, "satisfies_quality_hint": false}, {"candidate_index": 6, "signature": "ai交互流程-四轮框架|阶段5 ai判断学生复述逻辑部分正确时的边界处理-核心结论对但细节有偏差|ai判定核心逻辑方向正确，可触发打分但评分中表达清晰度维度酌情扣分；或ai先轻微纠正表述细节后再触发打分，不返回阶段4重新梳理（因核心结论无误）|学员回答：'冰块变水是固态变液态不是液化，b里水变气体就是汽化，所以选b'——核心逻辑正确但'水变气体'表述不够精确（应为液态变气态）", "case_id": "TC-106", "description": "阶段5 AI判断学生复述逻辑部分正确时的边界处理-核心结论对但细节有偏差", "test_module": "AI交互流程-四轮框架", "expected_result": "AI判定核心逻辑方向正确，可触发打分但评分中表达清晰度维度酌情扣分；或AI先轻微纠正表述细节后再触发打分，不返回阶段4重新梳理（因核心结论无误）", "flow_stage": "stage:ai交互", "flow_stage_label": "AI交互", "flow_rank": 7, "cross_cutting": [], "scenario_key": "stage:ai交互:manual_correction:obj:交互_阶段_判断", "is_scenario_duplicate": false, "duplicate_cluster_id": "", "duplicate_cluster_size": 0, "duplicate_of_case_id": "", "misordered_against_requirement_flow": false, "expected_result_quality": "assertable", "expected_result_quality_reason": "contains_concrete_assertion", "expected_result_alignment_warning": false, "truncated_text_detected": false, "case_quality": "valid_case", "invalid_case_reason": "", "invalid_case_signals": [], "model_priority_current": "P0", "model_priority": "P0", "legacy_priority": "P0", "priority_final": "P0", "priority_decision_state": "decided", "priority_decision_source": "conflict_resolved_by_core_business_rule", "priority_confidence": "medium", "priority_conflict_reason": "model=P0,suggested=P2", "priority_resolution_reason": "core_business_evidence", "priority_score": 0, "suggested_priority": "P2", "priority_reasons": ["main_workflow_hit", "boundary_or_low_risk_validation", "non_critical_perf_or_ui", "low_risk_supplemental_rule_only", "coverage_gain_non_positive", "low_risk_only_covered_rules_penalty", "no_release_blocking_guard"], "selected_by_review_llm": true, "selected_by_review_must_keep": false, "selected_by_review_constraints": false, "review_constraint_reason": "", "review_llm_drop_reason_raw": "", "review_llm_drop_reason": "", "review_llm_drop_reason_resolved": "", "review_llm_drop_reason_source": "", "review_llm_drop_reason_evidence": {}, "has_positive_evidence": false, "has_coverage_signal": false, "has_high_signal": false, "has_competition_signal": false, "review_llm_filter_applied": false, "must_keep_candidate": false, "must_keep_reasons": [], "selected_by_review_gate": true, "retained_final": true, "dropped_stage": "retained", "dropped_reason": "retained", "rule_keys": [], "bucket": "ai交互流程-四轮框架|boundary", "adds_rule": false, "adds_bucket": true, "high_signal": true, "has_coverage_value": true, "retained_reason": "retained_default", "rerank_rank": 11, "focus_score": 2, "covered_rule_ids": ["RULE-001", "RULE-042"], "missing_rule_hits": [], "core_rule_hits": [], "coverage_gain_score": -16, "reuse_risk_hit": false, "hit_must_cover_rule": false, "violates_forbidden_pattern": false, "hits_soft_constraint": false, "satisfies_quality_hint": false}, {"candidate_index": 7, "signature": "ai评分逻辑-特殊情况|新版评分下回答字数不足50字时步骤完整性和表达清晰度各扣50%分数|步骤完整性维度得分和表达清晰度维度得分均按该维度应得分数的50%计算，思路准确性不受字数不足影响按正常评分|回答内容为'选b因为汽化是液态变气态'（不足50字但思路正确）", "case_id": "TC-103", "description": "新版评分下回答字数不足50字时步骤完整性和表达清晰度各扣50%分数", "test_module": "AI评分逻辑-特殊情况", "expected_result": "步骤完整性维度得分和表达清晰度维度得分均按该维度应得分数的50%计算，思路准确性不受字数不足影响按正常评分", "flow_stage": "stage:ai评分逻辑", "flow_stage_label": "AI评分逻辑", "flow_rank": 6, "cross_cutting": [], "scenario_key": "global:ai_short_answer_score_boundary", "is_scenario_duplicate": false, "duplicate_cluster_id": "SC-004", "duplicate_cluster_size": 2, "duplicate_of_case_id": "", "misordered_against_requirement_flow": true, "expected_result_quality": "assertable", "expected_result_quality_reason": "contains_concrete_assertion", "expected_result_alignment_warning": false, "truncated_text_detected": false, "case_quality": "valid_case", "invalid_case_reason": "", "invalid_case_signals": [], "model_priority_current": "P0", "model_priority": "P0", "legacy_priority": "P0", "priority_final": "P1", "priority_decision_state": "decided", "priority_decision_source": "conflict_resolved_by_core_business_rule", "priority_confidence": "medium", "priority_conflict_reason": "model=P0,suggested=P2", "priority_resolution_reason": "core_business_evidence", "priority_score": 11, "suggested_priority": "P2", "priority_reasons": ["main_workflow_hit", "coverage_gain_non_positive", "low_risk_only_covered_rules_penalty", "no_release_blocking_guard"], "selected_by_review_llm": true, "selected_by_review_must_keep": false, "selected_by_review_constraints": false, "review_constraint_reason": "", "review_llm_drop_reason_raw": "", "review_llm_drop_reason": "", "review_llm_drop_reason_resolved": "", "review_llm_drop_reason_source": "", "review_llm_drop_reason_evidence": {}, "has_positive_evidence": false, "has_coverage_signal": false, "has_high_signal": false, "has_competition_signal": false, "review_llm_filter_applied": false, "must_keep_candidate": false, "must_keep_reasons": [], "selected_by_review_gate": true, "retained_final": true, "dropped_stage": "retained", "dropped_reason": "retained", "rule_keys": [], "bucket": "ai评分逻辑-特殊情况|happy", "adds_rule": false, "adds_bucket": true, "high_signal": true, "has_coverage_value": true, "retained_reason": "retained_default", "rerank_rank": 35, "focus_score": 0, "covered_rule_ids": ["RULE-020", "RULE-048"], "missing_rule_hits": [], "core_rule_hits": [], "coverage_gain_score": -8, "reuse_risk_hit": false, "hit_must_cover_rule": false, "violates_forbidden_pattern": false, "hits_soft_constraint": false, "satisfies_quality_hint": false}, {"candidate_index": 8, "signature": "评分与结果|验证综合评分<8分时显示未通过提示及'联系督导'和'去日清'按钮|页面显示'太遗憾了，您对知识点理解还需要加深，快去联系督导老师吧'；'联系督导'按钮突出显示；点击'联系督导'后督导端收到提示消息；'去日清'按钮可点击，点击后跳转至日清页面|综合评分7.5分", "case_id": "TC-019", "description": "验证综合评分<8分时显示未通过提示及'联系督导'和'去日清'按钮", "test_module": "评分与结果", "expected_result": "页面显示'太遗憾了，您对知识点理解还需要加深，快去联系督导老师吧'；'联系督导'按钮突出显示；点击'联系督导'后督导端收到提示消息；'去日清'按钮可点击，点击后跳转至日清页面", "flow_stage": "stage:评分与结果", "flow_stage_label": "评分与结果", "flow_rank": 8, "cross_cutting": [], "scenario_key": "global:ai_score_popup_threshold", "is_scenario_duplicate": false, "duplicate_cluster_id": "SC-005", "duplicate_cluster_size": 6, "duplicate_of_case_id": "", "misordered_against_requirement_flow": false, "expected_result_quality": "assertable", "expected_result_quality_reason": "contains_concrete_assertion", "expected_result_alignment_warning": true, "truncated_text_detected": false, "case_quality": "valid_case", "invalid_case_reason": "", "invalid_case_signals": [], "model_priority_current": "P0", "model_priority": "P0", "legacy_priority": "P0", "priority_final": "P1", "priority_decision_state": "decided", "priority_decision_source": "conflict_resolved_by_core_business_rule", "priority_confidence": "medium", "priority_conflict_reason": "model=P0,suggested=P2", "priority_resolution_reason": "core_business_evidence", "priority_score": 0, "suggested_priority": "P2", "priority_reasons": ["cross_page_flow_hit", "boundary_or_low_risk_validation", "low_risk_supplemental_rule_only", "coverage_gain_non_positive", "low_risk_only_covered_rules_penalty", "no_release_blocking_guard"], "selected_by_review_llm": true, "selected_by_review_must_keep": false, "selected_by_review_constraints": false, "review_constraint_reason": "", "review_llm_drop_reason_raw": "", "review_llm_drop_reason": "", "review_llm_drop_reason_resolved": "", "review_llm_drop_reason_source": "", "review_llm_drop_reason_evidence": {}, "has_positive_evidence": false, "has_coverage_signal": false, "has_high_signal": false, "has_competition_signal": false, "review_llm_filter_applied": false, "must_keep_candidate": false, "must_keep_reasons": [], "selected_by_review_gate": true, "retained_final": true, "dropped_stage": "retained", "dropped_reason": "retained", "rule_keys": [], "bucket": "评分与结果|happy", "adds_rule": false, "adds_bucket": false, "high_signal": true, "has_coverage_value": true, "retained_reason": "retained_due_to_coverage_value", "rerank_rank": 93, "focus_score": 0, "covered_rule_ids": ["RULE-002", "RULE-009", "RULE-019", "RULE-020", "RULE-048"], "missing_rule_hits": [], "core_rule_hits": [], "coverage_gain_score": -16, "reuse_risk_hit": false, "hit_must_cover_rule": false, "violates_forbidden_pattern": false, "hits_soft_constraint": false, "satisfies_quality_hint": false}, {"candidate_index": 9, "signature": "ai评分逻辑-特殊情况|评分特殊处理-回答字数不足50字时完整性和清晰度各扣50%分数|评分结果中完整性维度得分和清晰度维度得分均按该维度应得分数的50%计算，低于正常同等质量回答的得分|回答内容为'选b因为公式代进去算出来就是b'（不足50字）", "case_id": "TC-029", "description": "评分特殊处理-回答字数不足50字时完整性和清晰度各扣50%分数", "test_module": "AI评分逻辑-特殊情况", "expected_result": "评分结果中完整性维度得分和清晰度维度得分均按该维度应得分数的50%计算，低于正常同等质量回答的得分", "flow_stage": "stage:ai评分逻辑", "flow_stage_label": "AI评分逻辑", "flow_rank": 6, "cross_cutting": [], "scenario_key": "global:ai_short_answer_score_boundary", "is_scenario_duplicate": false, "duplicate_cluster_id": "SC-006", "duplicate_cluster_size": 2, "duplicate_of_case_id": "", "misordered_against_requirement_flow": true, "expected_result_quality": "assertable", "expected_result_quality_reason": "contains_concrete_assertion", "expected_result_alignment_warning": false, "truncated_text_detected": false, "case_quality": "valid_case", "invalid_case_reason": "", "invalid_case_signals": [], "model_priority_current": "P0", "model_priority": "P0", "legacy_priority": "P0", "priority_final": "P0", "priority_decision_state": "decided", "priority_decision_source": "conflict_resolved_by_core_business_rule", "priority_confidence": "medium", "priority_conflict_reason": "model=P0,suggested=P2", "priority_resolution_reason": "core_business_evidence", "priority_score": 11, "suggested_priority": "P2", "priority_reasons": ["main_workflow_hit", "coverage_gain_non_positive", "low_risk_only_covered_rules_penalty", "no_release_blocking_guard"], "selected_by_review_llm": true, "selected_by_review_must_keep": false, "selected_by_review_constraints": false, "review_constraint_reason": "", "review_llm_drop_reason_raw": "", "review_llm_drop_reason": "", "review_llm_drop_reason_resolved": "", "review_llm_drop_reason_source": "", "review_llm_drop_reason_evidence": {}, "has_positive_evidence": false, "has_coverage_signal": false, "has_high_signal": false, "has_competition_signal": false, "review_llm_filter_applied": false, "must_keep_candidate": false, "must_keep_reasons": [], "selected_by_review_gate": true, "retained_final": true, "dropped_stage": "retained", "dropped_reason": "retained", "rule_keys": [], "bucket": "ai评分逻辑-特殊情况|happy", "adds_rule": false, "adds_bucket": false, "high_signal": true, "has_coverage_value": true, "retained_reason": "retained_due_to_coverage_value", "rerank_rank": 77, "focus_score": 0, "covered_rule_ids": ["RULE-020", "RULE-048"], "missing_rule_hits": [], "core_rule_hits": [], "coverage_gain_score": -8, "reuse_risk_hit": false, "hit_must_cover_rule": false, "violates_forbidden_pattern": false, "hits_soft_constraint": false, "satisfies_quality_hint": false}, {"candidate_index": 10, "signature": "ai交互流程-四轮框架|阶段1 ai提问正确填充错误选项和正确选项变量引用实际题目数据|ai阶段1提问中包含具体的错误选项标识和内容（如'我之前选了a，①②'）以及正确选项标识和内容（如'正确答案是d，①②③④'），变量从题目数据库正确填充而非使用占位符或通用描述|错题：化学研究内容选择题，学员选了a，正确答案d", "case_id": "TC-102", "description": "阶段1 AI提问正确填充错误选项和正确选项变量引用实际题目数据", "test_module": "AI交互流程-四轮框架", "expected_result": "AI阶段1提问中包含具体的错误选项标识和内容（如'我之前选了A，①②'）以及正确选项标识和内容（如'正确答案是D，①②③④'），变量从题目数据库正确填充而非使用占位符或通用描述", "flow_stage": "stage:ai交互", "flow_stage_label": "AI交互", "flow_rank": 7, "cross_cutting": [], "scenario_key": "stage:ai交互:workflow_navigation:obj:交互_阶段_提问", "is_scenario_duplicate": false, "duplicate_cluster_id": "SC-007", "duplicate_cluster_size": 2, "duplicate_of_case_id": "", "misordered_against_requirement_flow": true, "expected_result_quality": "non_assertable", "expected_result_quality_reason": "no_concrete_assertion", "expected_result_alignment_warning": false, "truncated_text_detected": false, "case_quality": "valid_case", "invalid_case_reason": "", "invalid_case_signals": [], "model_priority_current": "P0", "model_priority": "P0", "legacy_priority": "P0", "priority_final": "P2", "priority_decision_state": "decided", "priority_decision_source": "conflict_resolved_by_non_blocking_experience_rule", "priority_confidence": "medium", "priority_conflict_reason": "model=P0,suggested=P2", "priority_resolution_reason": "explicit_low_value_or_experience_case", "priority_score": 0, "suggested_priority": "P2", "priority_reasons": ["structural_p2_low_value_signal", "coverage_gain_non_positive", "low_risk_only_covered_rules_penalty", "structural_display_mapping_penalty", "no_release_blocking_guard"], "selected_by_review_llm": true, "selected_by_review_must_keep": false, "selected_by_review_constraints": false, "review_constraint_reason": "", "review_llm_drop_reason_raw": "", "review_llm_drop_reason": "", "review_llm_drop_reason_resolved": "", "review_llm_drop_reason_source": "", "review_llm_drop_reason_evidence": {}, "has_positive_evidence": false, "has_coverage_signal": false, "has_high_signal": false, "has_competition_signal": false, "review_llm_filter_applied": false, "must_keep_candidate": false, "must_keep_reasons": [], "selected_by_review_gate": true, "retained_final": false, "dropped_stage": "post_review_dedup_or_reorder", "dropped_reason": "drop_post_review_dedup_or_reorder", "rule_keys": [], "bucket": "ai交互流程-四轮框架|exception", "adds_rule": false, "adds_bucket": false, "high_signal": true, "has_coverage_value": true, "retained_reason": "retained_due_to_coverage_value", "rerank_rank": 70, "focus_score": 2, "covered_rule_ids": ["RULE-007", "RULE-036"], "missing_rule_hits": [], "core_rule_hits": [], "coverage_gain_score": -8, "reuse_risk_hit": false, "hit_must_cover_rule": false, "violates_forbidden_pattern": false, "hits_soft_constraint": false, "satisfies_quality_hint": false}, {"candidate_index": 11, "signature": "ai交互流程-四轮框架|阶段5学生复述逻辑完全正确时自动触发打分并输出正向反馈文案|ai自动触发打分功能，显示评分结果；同时输出正向反馈文案（如'后续遇到类似题，记得看状态变化哦〜'），确认学生理解正确并给予鼓励，交互闭环完成|学员完整正确复述：'冰块变水是固态变液态是熔化不是液化，b选项身上水变气态就是汽化，所以选b——我这次理解得没错吧？'", "case_id": "TC-107", "description": "阶段5学生复述逻辑完全正确时自动触发打分并输出正向反馈文案", "test_module": "AI交互流程-四轮框架", "expected_result": "AI自动触发打分功能，显示评分结果；同时输出正向反馈文案（如'后续遇到类似题，记得看状态变化哦〜'），确认学生理解正确并给予鼓励，交互闭环完成", "flow_stage": "stage:ai交互", "flow_stage_label": "AI交互", "flow_rank": 7, "cross_cutting": [], "scenario_key": "stage:ai交互:feedback:obj:交互_阶段_学生", "is_scenario_duplicate": false, "duplicate_cluster_id": "", "duplicate_cluster_size": 0, "duplicate_of_case_id": "", "misordered_against_requirement_flow": true, "expected_result_quality": "assertable", "expected_result_quality_reason": "contains_concrete_assertion", "expected_result_alignment_warning": false, "truncated_text_detected": false, "case_quality": "valid_case", "invalid_case_reason": "", "invalid_case_signals": [], "model_priority_current": "P0", "model_priority": "P0", "legacy_priority": "P0", "priority_final": "P1", "priority_decision_state": "decided", "priority_decision_source": "conflict_resolved_by_high_risk_business_rule", "priority_confidence": "medium", "priority_conflict_reason": "model=P0,suggested=P2", "priority_resolution_reason": "high_risk_guard_or_keyword", "priority_score": 15, "suggested_priority": "P2", "priority_reasons": ["main_workflow_hit", "boundary_or_low_risk_validation", "no_release_blocking_guard"], "selected_by_review_llm": true, "selected_by_review_must_keep": true, "selected_by_review_constraints": false, "review_constraint_reason": "", "review_llm_drop_reason_raw": "", "review_llm_drop_reason": "", "review_llm_drop_reason_resolved": "", "review_llm_drop_reason_source": "", "review_llm_drop_reason_evidence": {}, "has_positive_evidence": false, "has_coverage_signal": false, "has_high_signal": false, "has_competition_signal": false, "review_llm_filter_applied": false, "must_keep_candidate": true, "must_keep_reasons": ["priority_p0"], "selected_by_review_gate": true, "retained_final": true, "dropped_stage": "retained", "dropped_reason": "retained", "rule_keys": [], "bucket": "ai交互流程-四轮框架|state", "adds_rule": false, "adds_bucket": true, "high_signal": false, "has_coverage_value": false, "retained_reason": "retained_default", "rerank_rank": 1, "focus_score": 1, "covered_rule_ids": [], "missing_rule_hits": [], "core_rule_hits": [], "coverage_gain_score": 0, "reuse_risk_hit": false, "hit_must_cover_rule": false, "violates_forbidden_pattern": false, "hits_soft_constraint": false, "satisfies_quality_hint": false}, {"candidate_index": 12, "signature": "ai评分逻辑|学员在第5阶段正确复述逻辑后自动触发打分并显示正向反馈文案|系统自动触发ai打分，显示综合评分及各维度得分，并输出正向反馈文案（如'后续遇到类似题，记得看状态变化哦〜'）；若逻辑错误则不触发打分，返回上一阶段重新梳理|学员正确复述完整逻辑并请求确认'我这次理解得没错吧'", "case_id": "TC-101", "description": "学员在第5阶段正确复述逻辑后自动触发打分并显示正向反馈文案", "test_module": "AI评分逻辑", "expected_result": "系统自动触发AI打分，显示综合评分及各维度得分，并输出正向反馈文案（如'后续遇到类似题，记得看状态变化哦〜'）；若逻辑错误则不触发打分，返回上一阶段重新梳理", "flow_stage": "stage:ai评分逻辑", "flow_stage_label": "AI评分逻辑", "flow_rank": 6, "cross_cutting": [], "scenario_key": "stage:ai评分逻辑:feedback:obj:评分逻辑_学员在第_阶段", "is_scenario_duplicate": false, "duplicate_cluster_id": "SC-008", "duplicate_cluster_size": 2, "duplicate_of_case_id": "", "misordered_against_requirement_flow": true, "expected_result_quality": "assertable", "expected_result_quality_reason": "contains_concrete_assertion", "expected_result_alignment_warning": true, "truncated_text_detected": false, "case_quality": "valid_case", "invalid_case_reason": "", "invalid_case_signals": [], "model_priority_current": "P0", "model_priority": "P0", "legacy_priority": "P0", "priority_final": "P1", "priority_decision_state": "decided", "priority_decision_source": "conflict_resolved_by_core_business_rule", "priority_confidence": "medium", "priority_conflict_reason": "model=P0,suggested=P2", "priority_resolution_reason": "core_business_evidence", "priority_score": 0, "suggested_priority": "P2", "priority_reasons": ["main_workflow_hit", "boundary_or_low_risk_validation", "low_risk_supplemental_rule_only", "coverage_gain_non_positive", "low_risk_only_covered_rules_penalty", "no_release_blocking_guard"], "selected_by_review_llm": true, "selected_by_review_must_keep": false, "selected_by_review_constraints": false, "review_constraint_reason": "", "review_llm_drop_reason_raw": "", "review_llm_drop_reason": "", "review_llm_drop_reason_resolved": "", "review_llm_drop_reason_source": "", "review_llm_drop_reason_evidence": {}, "has_positive_evidence": false, "has_coverage_signal": false, "has_high_signal": false, "has_competition_signal": false, "review_llm_filter_applied": false, "must_keep_candidate": false, "must_keep_reasons": [], "selected_by_review_gate": true, "retained_final": true, "dropped_stage": "retained", "dropped_reason": "retained", "rule_keys": [], "bucket": "ai评分逻辑|exception", "adds_rule": false, "adds_bucket": true, "high_signal": true, "has_coverage_value": true, "retained_reason": "retained_default", "rerank_rank": 10, "focus_score": 3, "covered_rule_ids": ["RULE-001", "RULE-020", "RULE-042", "RULE-048"], "missing_rule_hits": [], "core_rule_hits": [], "coverage_gain_score": -16, "reuse_risk_hit": false, "hit_must_cover_rule": false, "violates_forbidden_pattern": false, "hits_soft_constraint": false, "satisfies_quality_hint": false}, {"candidate_index": 13, "signature": "ai评分逻辑|学员在第5阶段复述逻辑错误时不触发打分返回上一阶段重新梳理|系统不触发打分，ai返回阶段4重新梳理逻辑，引导学员纠正错误理解，确保只在逻辑正确时才触发评分|学员复述'冰块变水是液化不是汽化，所以选a'（逻辑仍错误）", "case_id": "TC-104", "description": "学员在第5阶段复述逻辑错误时不触发打分返回上一阶段重新梳理", "test_module": "AI评分逻辑", "expected_result": "系统不触发打分，AI返回阶段4重新梳理逻辑，引导学员纠正错误理解，确保只在逻辑正确时才触发评分", "flow_stage": "stage:ai评分逻辑", "flow_stage_label": "AI评分逻辑", "flow_rank": 6, "cross_cutting": [], "scenario_key": "stage:ai评分逻辑:workflow_navigation:obj:评分逻辑_学员在第_阶段", "is_scenario_duplicate": true, "duplicate_cluster_id": "SC-008", "duplicate_cluster_size": 2, "duplicate_of_case_id": "TC-101", "misordered_against_requirement_flow": true, "expected_result_quality": "assertable", "expected_result_quality_reason": "contains_concrete_assertion", "expected_result_alignment_warning": false, "truncated_text_detected": false, "case_quality": "valid_case", "invalid_case_reason": "", "invalid_case_signals": [], "model_priority_current": "P0", "model_priority": "P0", "legacy_priority": "P0", "priority_final": "P1", "priority_decision_state": "decided", "priority_decision_source": "conflict_resolved_by_core_business_rule", "priority_confidence": "medium", "priority_conflict_reason": "model=P0,suggested=P2", "priority_resolution_reason": "core_business_evidence", "priority_score": 11, "suggested_priority": "P2", "priority_reasons": ["main_workflow_hit", "coverage_gain_non_positive", "low_risk_only_covered_rules_penalty", "no_release_blocking_guard"], "selected_by_review_llm": true, "selected_by_review_must_keep": false, "selected_by_review_constraints": false, "review_constraint_reason": "", "review_llm_drop_reason_raw": "", "review_llm_drop_reason": "", "review_llm_drop_reason_resolved": "", "review_llm_drop_reason_source": "", "review_llm_drop_reason_evidence": {}, "has_positive_evidence": false, "has_coverage_signal": false, "has_high_signal": false, "has_competition_signal": false, "review_llm_filter_applied": false, "must_keep_candidate": false, "must_keep_reasons": [], "selected_by_review_gate": true, "retained_final": true, "dropped_stage": "retained", "dropped_reason": "retained", "rule_keys": [], "bucket": "ai评分逻辑|exception", "adds_rule": false, "adds_bucket": false, "high_signal": true, "has_coverage_value": true, "retained_reason": "retained_due_to_coverage_value", "rerank_rank": 66, "focus_score": 2, "covered_rule_ids": ["RULE-001", "RULE-020", "RULE-042", "RULE-048"], "missing_rule_hits": [], "core_rule_hits": [], "coverage_gain_score": -8, "reuse_risk_hit": false, "hit_must_cover_rule": false, "violates_forbidden_pattern": false, "hits_soft_constraint": false, "satisfies_quality_hint": false}], "row_count": 13, "multi_pass": true, "generation_mode": "full_functional_regression", "request_id": "7667a562d1a543c9b35cc707ebcbbf8e", "row_count_total": 111, "rows_scope": "sampled_due_to_size"}
GEN_DIAG:{"kind": "generation_summary", "recommended_range": "80-120", "generation_coverage_mode": "full_functional_regression", "expected_count": 100, "expected_count_explicit": true, "recommended_min": 80, "recommended_max": 120, "target_final_count": 100, "soft_min_count": 80, "hard_min_count": 85, "min_acceptable_final": 85, "target_satisfaction_ratio": 0.92, "underfilled": false, "underfill_level": "", "underfill_reason": "", "underfill_root_cause": "", "final_count": 92, "status": "completed_with_quality_stop", "stop_reason": ["stopped_due_to_diminishing_returns"], "quality_assessment": "low", "needs_priority_review": false, "priority_conflict_count": 0, "priority_undetermined_count": 0, "priority_optional_count": 0, "final_priority_breakdown": {"P0": 15, "P1": 40, "P2": 37}, "final_execution_group_breakdown": {"main_smoke": 9, "display": 28, "independent_functional": 42, "boundary": 9, "exception": 4}, "final_module_breakdown_top": {"AI交互流程-四轮框架": 7, "AI提问逻辑-追问方向": 5, "业务主链路": 5, "AI评分逻辑": 4, "AI评分逻辑-特殊情况": 4, "交互流程": 4, "使用引导流程": 4, "督导端-学员列表": 4, "页面入口与导航": 4, "AI交互-异常场景处理": 3, "AI提问逻辑": 3, "评分与结果": 3, "AI提问逻辑-角色约束": 2, "AI提问逻辑-题目来源": 2, "AI评分逻辑-新版评分计算": 2, "入口与导航-随堂测入口": 2, "学生端主链路": 2, "状态管理与重复进入": 2, "界面展示": 2, "督导端": 2}, "final_display_case_count": 16, "final_display_ratio": 0.1739, "final_high_priority_ratio": 0.5978, "multi_pass": true, "generation_mode": "full_functional_regression"}
@@STATUS@@:正常完成
@@STATUS@@:停止原因：stopped_due_to_diminishing_returns（继续生成收益递减）
GEN_DIAG:{"kind": "generation_quality_ledger", "generation_id": 474, "request_id": "7667a562d1a543c9b35cc707ebcbbf8e", "generation_mode": "full_functional_regression", "final_count": 92, "quality_assessment": "low", "initial_quality_score": 28, "quality_score": 28, "quality_score_grade": "critical", "quality_score_source": "backend_diagnostic_v1", "quality_score_basis": "coverage+review+judge+funnel+context+manual_profile", "quality_score_confidence": "high", "quality_score_deductions": [{"key": "coverage_gap", "label": "规则覆盖缺口", "count": 0.1087, "points": 3.8}, {"key": "missing_rules", "label": "未覆盖阻断规则", "count": 5, "points": 30.0}, {"key": "judge_rejected", "label": "判定拒绝", "count": 7, "points": 21.0}, {"key": "low_quality_dropped", "label": "低质量用例被过滤", "count": 5, "points": 15.0}, {"key": "semantic_dedup", "label": "语义去重压力", "count": 1, "points": 0.5}, {"key": "manual_high_priority_shortfall", "label": "人工画像P0/P1偏低", "count": 0.0022, "points": 0.04}, {"key": "manual_priority_distribution_drift", "label": "人工画像优先级分布偏移", "count": 0.1252, "points": 1.5}], "quality_score_inputs": {"coverage_rate": 0.8913, "total_rules": 46, "missing_rules_count": 5, "final_count": 92, "candidate_total": 111, "retained_total": 85, "judge_total": 102, "rejected_count": 7, "pending_count": 0, "repairable_count": 0, "raw_repairable_count": 1, "repaired_pass_count": 0, "unrepaired_repairable_count": 1, "fact_profile_forbidden_count": 0, "fact_violation_count": 0, "flow_missing_count": 0, "flow_misordered_count": 0, "scenario_duplicate_cluster_count": 0, "scenario_duplicate_case_count": 0, "low_quality_dropped_count": 5, "semantic_dedup_dropped_count": 0, "semantic_dedup_pressure_count": 10, "semantic_dedup_penalty_count": 1, "structure_metric_scope": "final_cases", "manual_quality_profile_applied": true, "manual_quality_profile_version": "d7ad8a659c760415", "manual_high_priority_ratio_shortfall": 0.0022, "manual_display_ratio_excess": 0.0, "manual_priority_distribution_drift": 0.1252, "manual_module_distribution_drift": 0.0}, "manual_delivery": {"applied": true, "profile_source": "priority_sample_pool_manual_verified", "profile_version": "d7ad8a659c760415", "profile_trusted_sample_count": 51, "raw_target_high_priority_ratio": 0.9375, "target_high_priority_ratio": 0.6, "high_priority_target_calibrated": true, "high_priority_target_calibration_reason": "full_functional_regression_suite_mix_cap", "final_high_priority_ratio": 0.5978, "high_priority_ratio_shortfall": 0.0022, "effective_priority_distribution_target": {"P0": 0.04, "P1": 0.56, "P2": 0.4}, "target_display_ratio_cap": 0.45, "final_display_ratio": 0.1739, "display_ratio_excess": 0.0, "priority_distribution_drift": 0.1252, "module_distribution_drift": 0.0}, "stop_reason": ["stopped_due_to_diminishing_returns"], "coverage": {"coverage_rate": 0.8913, "total_rules": 46, "total_extracted_rules": 54, "missing_rules_count": 5, "missing_boundary_count": 0, "missing_exception_count": 0, "non_blocking_rules_count": 8}, "funnel": {"primary_count": 92, "gap_count": 19, "review_count": 101, "candidate_count_before_review": 111, "review_selected_count": 101, "post_review_dedup_drop": 9, "final_description_dedup_drop_count": 1, "total_dedup_drop_count": 10, "low_quality_dropped_count": 5, "low_quality_dropped_examples": [{"stage": "post_judge_quality_filter", "reason": "non_assertable_expected_result", "case_id": "TC-006", "test_module": "AI交互流程-四轮框架", "priority": "P2", "description": "阶段1 AI提问正确填充错误选项和正确选项变量引用实际题目数据", "expected_result": "AI阶段1提问中包含具体的错误选项标识和内容（如'我之前选了A，①②'）以及正确选项标识和内容（如'正确答案是D，①②③④'），变量从题目数据库正确填充而非使用占位符或通用描述"}, {"stage": "post_judge_quality_filter", "reason": "non_assertable_expected_result", "case_id": "TC-019", "test_module": "AI评分逻辑", "priority": "P0", "description": "学员提交空回答或仅含标点无实质内容时评分处理", "expected_result": "执行查看AI评分结果后，应成功完成学员提交空回答或仅含标点无实质内容时评分处理，且后续查询可验证结果"}, {"stage": "post_judge_quality_filter", "reason": "non_assertable_expected_result", "case_id": "TC-048", "test_module": "页面入口与导航", "priority": "P2", "description": "验证打印按钮弹窗选择打印内容", "expected_result": "弹出打印内容选择弹窗，包含可选择的打印内容选项"}, {"stage": "post_judge_quality_filter", "reason": "non_assertable_expected_result", "case_id": "TC-055", "test_module": "界面展示-功能按钮", "priority": "P2", "description": "验证'打印'按钮点击后弹窗可选择打印内容", "expected_result": "弹出打印内容选择弹窗，弹窗中提供可选择的打印内容选项"}, {"stage": "post_judge_quality_filter", "reason": "non_assertable_expected_result", "case_id": "TC-065", "test_module": "AI评分逻辑-特殊情况", "priority": "P0", "description": "评分特殊处理-创新性正确思路额外加5分", "expected_result": "执行查看评分结果中准确性和逻辑性维度得分后，应成功完成评分特殊处理-创新性正确思路额外加5分，且后续查询可验证结果"}], "semantic_dedup_dropped_count": 0}, "review": {"candidate_total": 111, "retained_total": 85, "drop_by_review_llm_count": 0, "drop_by_review_gate_count": 0, "drop_by_post_review_dedup_count": 16, "drop_final_description_duplicate_count": 1, "flow_missing_stage_count": 0, "flow_misordered_count": 100, "final_flow_missing_stage_count": 0, "final_flow_misordered_count": 0, "scenario_duplicate_cluster_count": 31, "scenario_duplicate_case_count": 67, "final_scenario_duplicate_cluster_count": 0, "final_scenario_duplicate_case_count": 0, "fact_profile_forbidden_count": 0, "fact_profile_pending_count": 0}, "judge": {"total": 102, "rejected_out_count": 7, "pending_out_count": 0, "repairable_count": 0, "raw_repairable_count": 1, "repaired_pass_out_count": 0, "unrepaired_repairable_count": 1, "fact_violation_count": 0, "rejected_total": 7, "reason_clusters": {"semantic_duplicate": 7}, "dominant_reason": "semantic_duplicate"}, "context": {"snapshot_status": "success", "snapshot_used": true, "realtime_rag_used": true, "current_document_used": true, "fusion_mode": "snapshot+rag", "compression_ratio": 0.2839, "retained_chunk_count": 1}, "control": {"control_state_applied": true, "generation_coverage_mode": "full_functional_regression", "must_cover_rules_count": 0, "quality_fix_hints_count": 14}, "case_quality_gate": {"kind": "case_quality_gate", "mode": "shadow", "passed": false, "blocked": false, "failure_reasons": ["quality_score_critical"], "metrics": {"final_count": 92, "min_acceptable_final": 85, "quality_score": 28, "quality_score_grade": "critical", "final_scenario_duplicate_case_count": 0, "final_flow_misordered_count": 0, "judge_rejected_count": 7, "reasoning_leak_count": 0, "role_mismatch_count": 0}}}
GEN_DIAG:{"kind": "case_quality_gate", "mode": "shadow", "passed": false, "blocked": false, "failure_reasons": ["quality_score_critical"], "metrics": {"final_count": 92, "min_acceptable_final": 85, "quality_score": 28, "quality_score_grade": "critical", "final_scenario_duplicate_case_count": 0, "final_flow_misordered_count": 0, "judge_rejected_count": 7, "reasoning_leak_count": 0, "role_mismatch_count": 0}, "generation_id": 474, "request_id": "7667a562d1a543c9b35cc707ebcbbf8e"}
GEN_DIAG:{"kind": "coverage_check", "total_rules": 46, "total_extracted_rules": 54, "non_blocking_rules": ["RULE-005", "RULE-014", "RULE-018", "RULE-035", "RULE-037", "RULE-038", "RULE-039", "RULE-040"], "covered_rules": ["RULE-001", "RULE-002", "RULE-003", "RULE-004", "RULE-006", "RULE-007", "RULE-008", "RULE-009", "RULE-010", "RULE-011", "RULE-012", "RULE-013", "RULE-015", "RULE-016", "RULE-017", "RULE-019", "RULE-020", "RULE-021", "RULE-022", "RULE-023", "RULE-024", "RULE-025", "RULE-026", "RULE-027", "RULE-028", "RULE-029", "RULE-030", "RULE-031", "RULE-032", "RULE-033", "RULE-036", "RULE-042", "RULE-043", "RULE-044", "RULE-045", "RULE-046", "RULE-047", "RULE-048", "RULE-049", "RULE-051", "RULE-053"], "missing_rules": ["RULE-034", "RULE-041", "RULE-050", "RULE-052", "RULE-054"], "rule_diagnostics": [{"rule_id": "RULE-001", "rule_text": "ii.“返回” 按钮用于返回上一级", "biz_key": "unknown", "rule_level": "hard", "confidence": "high", "source_type": "confirmed_requirement", "blocking": true, "non_blocking_reason": "", "covered": true, "coverage_types": ["exception", "happy"], "missing_types": []}, {"rule_id": "RULE-002", "rule_text": "iv.“切换课程” 按钮", "biz_key": "unknown", "rule_level": "hard", "confidence": "high", "source_type": "confirmed_requirement", "blocking": true, "non_blocking_reason": "", "covered": true, "coverage_types": ["boundary", "happy", "risk"], "missing_types": []}, {"rule_id": "RULE-003", "rule_text": "能’‘’‘’‘让学员切换到", "biz_key": "unknown", "rule_level": "hard", "confidence": "high", "source_type": "confirmed_requirement", "blocking": true, "non_blocking_reason": "", "covered": true, "coverage_types": ["happy"], "missing_types": []}, {"rule_id": "RULE-004", "rule_text": "展示区。以对话框样式展示 AI 提出", "biz_key": "unknown", "rule_level": "hard", "confidence": "high", "source_type": "confirmed_requirement", "blocking": true, "non_blocking_reason": "", "covered": true, "coverage_types": ["exception", "happy", "risk"], "missing_types": []}, {"rule_id": "RULE-005", "rule_text": "界面展示", "biz_key": "unknown", "rule_level": "soft", "confidence": "low", "source_type": "short_fragment", "blocking": false, "non_blocking_reason": "short_fragment", "covered": true, "coverage_types": ["happy"], "missing_types": []}, {"rule_id": "RULE-006", "rule_text": "3.重复进入:保留对话内容,未完成可以", "biz_key": "unknown", "rule_level": "hard", "confidence": "high", "source_type": "confirmed_requirement", "blocking": true, "non_blocking_reason": "", "covered": true, "coverage_types": ["exception", "happy", "risk"], "missing_types": []}, {"rule_id": "RULE-007", "rule_text": "识错题” 页面,AI 自动展示一道问", "biz_key": "unknown", "rule_level": "hard", "confidence": "high", "source_type": "confirmed_requirement", "blocking": true, "non_blocking_reason": "", "covered": true, "coverage_types": ["boundary", "exception", "happy"], "missing_types": []}, {"rule_id": "RULE-008", "rule_text": "内容下方以新的对话框形式展示追", "biz_key": "unknown", "rule_level": "hard", "confidence": "high", "source_type": "confirmed_requirement", "blocking": true, "non_blocking_reason": "", "covered": true, "coverage_types": ["boundary", "exception", "happy", "risk"], "missing_types": []}, {"rule_id": "RULE-009", "rule_text": "去日清,点击后进入日清页面;", "biz_key": "unknown", "rule_level": "hard", "confidence": "high", "source_type": "confirmed_requirement", "blocking": true, "non_blocking_reason": "", "covered": true, "coverage_types": ["boundary", "exception", "happy"], "missing_types": []}, {"rule_id": "RULE-010", "rule_text": "按钮提示:联系督导,点击之后督", "biz_key": "unknown", "rule_level": "hard", "confidence": "high", "source_type": "confirmed_requirement", "blocking": true, "non_blocking_reason": "", "covered": true, "coverage_types": ["happy"], "missing_types": []}, {"rule_id": "RULE-011", "rule_text": "a.顶部信息栏:页面顶部显示机构名", "biz_key": "unknown", "rule_level": "hard", "confidence": "high", "source_type": "confirmed_requirement", "blocking": true, "non_blocking_reason": "", "covered": true, "coverage_types": ["happy"], "missing_types": []}, {"rule_id": "RULE-012", "rule_text": "b.学员信息列表:以表格形式展示学", "biz_key": "unknown", "rule_level": "hard", "confidence": "high", "source_type": "confirmed_requirement", "blocking": true, "non_blocking_reason": "", "covered": true, "coverage_types": ["boundary", "exception", "happy"], "missing_types": []}, {"rule_id": "RULE-013", "rule_text": "i. 学员姓名:显示学员真实姓", "biz_key": "unknown", "rule_level": "hard", "confidence": "high", "source_type": "confirmed_requirement", "blocking": true, "non_blocking_reason": "", "covered": true, "coverage_types": ["boundary", "exception", "happy", "risk"], "missing_types": []}, {"rule_id": "RULE-014", "rule_text": "就不展示;", "biz_key": "unknown", "rule_level": "soft", "confidence": "low", "source_type": "short_fragment", "blocking": false, "non_blocking_reason": "short_fragment", "covered": false, "coverage_types": [], "missing_types": []}, {"rule_id": "RULE-015", "rule_text": "员点击了完成(包括对答案", "biz_key": "unknown", "rule_level": "hard", "confidence": "high", "source_type": "confirmed_requirement", "blocking": true, "non_blocking_reason": "", "covered": true, "coverage_types": ["boundary", "exception", "happy", "risk"], "missing_types": []}, {"rule_id": "RULE-016", "rule_text": "v.近期学习计划:展示学员接下", "biz_key": "unknown", "rule_level": "hard", "confidence": "high", "source_type": "confirmed_requirement", "blocking": true, "non_blocking_reason": "", "covered": true, "coverage_types": ["boundary", "exception", "happy"], "missing_types": []}, {"rule_id": "RULE-017", "rule_text": "该教材的最后课程,则不展示", "biz_key": "unknown", "rule_level": "hard", "confidence": "high", "source_type": "confirmed_requirement", "blocking": true, "non_blocking_reason": "", "covered": true, "coverage_types": ["boundary", "happy"], "missing_types": []}, {"rule_id": "RULE-018", "rule_text": "材,也不展示;", "biz_key": "unknown", "rule_level": "soft", "confidence": "low", "source_type": "short_fragment", "blocking": false, "non_blocking_reason": "short_fragment", "covered": true, "coverage_types": ["boundary", "happy"], "missing_types": []}, {"rule_id": "RULE-019", "rule_text": "vi.督导:显示负责该学员的督导", "biz_key": "unknown", "rule_level": "hard", "confidence": "high", "source_type": "confirmed_requirement", "blocking": true, "non_blocking_reason": "", "covered": true, "coverage_types": ["boundary", "exception", "happy", "risk"], "missing_types": []}, {"rule_id": "RULE-020", "rule_text": "1.查看讲错题讲知识点:点击", "biz_key": "unknown", "rule_level": "hard", "confidence": "high", "source_type": "confirmed_requirement", "blocking": true, "non_blocking_reason": "", "covered": true, "coverage_types": ["boundary", "exception", "happy"], "missing_types": []}, {"rule_id": "RULE-021", "rule_text": "弹窗展示当节课详情,其他", "biz_key": "unknown", "rule_level": "hard", "confidence": "high", "source_type": "confirmed_requirement", "blocking": true, "non_blocking_reason": "", "covered": true, "coverage_types": ["happy"], "missing_types": []}, {"rule_id": "RULE-022", "rule_text": "页面以模态框形式展示学员讲错题", "biz_key": "unknown", "rule_level": "hard", "confidence": "high", "source_type": "confirmed_requirement", "blocking": true, "non_blocking_reason": "", "covered": true, "coverage_types": ["boundary", "exception", "happy"], "missing_types": []}, {"rule_id": "RULE-023", "rule_text": "1.弹出窗口:当督导点击 “查看讲错题讲", "biz_key": "unknown", "rule_level": "hard", "confidence": "high", "source_type": "confirmed_requirement", "blocking": true, "non_blocking_reason": "", "covered": true, "coverage_types": ["boundary", "exception", "happy"], "missing_types": []}, {"rule_id": "RULE-024", "rule_text": "通过,显示文字 “学生知识点讲错题通", "biz_key": "unknown", "rule_level": "hard", "confidence": "high", "source_type": "confirmed_requirement", "blocking": true, "non_blocking_reason": "", "covered": true, "coverage_types": ["boundary", "exception", "happy"], "missing_types": []}, {"rule_id": "RULE-025", "rule_text": "显示文字 “学生知识点讲错题未通", "biz_key": "unknown", "rule_level": "hard", "confidence": "high", "source_type": "confirmed_requirement", "blocking": true, "non_blocking_reason": "", "covered": true, "coverage_types": ["boundary", "exception", "happy"], "missing_types": []}, {"rule_id": "RULE-026", "rule_text": "a.展示章节:就是最近一节课的", "biz_key": "unknown", "rule_level": "hard", "confidence": "high", "source_type": "confirmed_requirement", "blocking": true, "non_blocking_reason": "", "covered": true, "coverage_types": ["happy"], "missing_types": []}, {"rule_id": "RULE-027", "rule_text": "什么情况下展示这个按钮", "biz_key": "unknown", "rule_level": "hard", "confidence": "high", "source_type": "confirmed_requirement", "blocking": true, "non_blocking_reason": "", "covered": true, "coverage_types": ["boundary", "exception", "happy"], "missing_types": []}, {"rule_id": "RULE-028", "rule_text": "AI给最终得分了,就展示", "biz_key": "unknown", "rule_level": "hard", "confidence": "high", "source_type": "confirmed_requirement", "blocking": true, "non_blocking_reason": "", "covered": true, "coverage_types": ["happy"], "missing_types": []}, {"rule_id": "RULE-029", "rule_text": "场景)中,点击该按钮。", "biz_key": "unknown", "rule_level": "hard", "confidence": "high", "source_type": "confirmed_requirement", "blocking": true, "non_blocking_reason": "", "covered": true, "coverage_types": ["happy", "risk"], "missing_types": []}, {"rule_id": "RULE-030", "rule_text": "2.跳转逻辑:点击后,停留在当前页面。学", "biz_key": "unknown", "rule_level": "hard", "confidence": "high", "source_type": "confirmed_requirement", "blocking": true, "non_blocking_reason": "", "covered": true, "coverage_types": ["happy"], "missing_types": []}, {"rule_id": "RULE-031", "rule_text": "点击该按钮。", "biz_key": "unknown", "rule_level": "hard", "confidence": "high", "source_type": "confirmed_requirement", "blocking": true, "non_blocking_reason": "", "covered": true, "coverage_types": ["happy", "risk"], "missing_types": []}, {"rule_id": "RULE-032", "rule_text": "2.跳转逻辑:点击后,直接跳转至本次随堂", "biz_key": "unknown", "rule_level": "hard", "confidence": "high", "source_type": "confirmed_requirement", "blocking": true, "non_blocking_reason": "", "covered": true, "coverage_types": ["happy"], "missing_types": []}, {"rule_id": "RULE-033", "rule_text": "2.跳转逻辑:点击后,跳转至讲讲题页面。", "biz_key": "unknown", "rule_level": "hard", "confidence": "high", "source_type": "confirmed_requirement", "blocking": true, "non_blocking_reason": "", "covered": true, "coverage_types": ["happy"], "missing_types": []}, {"rule_id": "RULE-034", "rule_text": "式调整一下,", "biz_key": "unknown", "rule_level": "hard", "confidence": "high", "source_type": "confirmed_requirement", "blocking": true, "non_blocking_reason": "", "covered": false, "coverage_types": [], "missing_types": ["happy"]}, {"rule_id": "RULE-035", "rule_text": "开发适配点:", "biz_key": "unknown", "rule_level": "soft", "confidence": "low", "source_type": "label_fragment", "blocking": false, "non_blocking_reason": "label_fragment", "covered": false, "coverage_types": [], "missing_types": []}, {"rule_id": "RULE-036", "rule_text": "a.需支持 “错误选项”“正确选项”", "biz_key": "unknown", "rule_level": "hard", "confidence": "high", "source_type": "confirmed_requirement", "blocking": true, "non_blocking_reason": "", "covered": true, "coverage_types": ["exception", "happy"], "missing_types": []}, {"rule_id": "RULE-037", "rule_text": "开发适配点:", "biz_key": "unknown", "rule_level": "soft", "confidence": "low", "source_type": "label_fragment", "blocking": false, "non_blocking_reason": "label_fragment", "covered": false, "coverage_types": [], "missing_types": []}, {"rule_id": "RULE-038", "rule_text": "开发适配点:", "biz_key": "unknown", "rule_level": "soft", "confidence": "low", "source_type": "label_fragment", "blocking": false, "non_blocking_reason": "label_fragment", "covered": false, "coverage_types": [], "missing_types": []}, {"rule_id": "RULE-039", "rule_text": "开发适配点:", "biz_key": "unknown", "rule_level": "soft", "confidence": "low", "source_type": "label_fragment", "blocking": false, "non_blocking_reason": "label_fragment", "covered": false, "coverage_types": [], "missing_types": []}, {"rule_id": "RULE-040", "rule_text": "开发适配点:", "biz_key": "unknown", "rule_level": "soft", "confidence": "low", "source_type": "label_fragment", "blocking": false, "non_blocking_reason": "label_fragment", "covered": false, "coverage_types": [], "missing_types": []}, {"rule_id": "RULE-041", "rule_text": "能”(如显示 “满分”),并输出", "biz_key": "unknown", "rule_level": "hard", "confidence": "high", "source_type": "confirmed_requirement", "blocking": true, "non_blocking_reason": "", "covered": false, "coverage_types": [], "missing_types": ["happy"]}, {"rule_id": "RULE-042", "rule_text": "误,返回阶段 4 重新梳理,不触发打", "biz_key": "unknown", "rule_level": "hard", "confidence": "high", "source_type": "confirmed_requirement", "blocking": true, "non_blocking_reason": "", "covered": true, "coverage_types": ["boundary", "exception", "happy"], "missing_types": []}, {"rule_id": "RULE-043", "rule_text": "◦ 界面底部有 **“点击对话”** ⻨克", "biz_key": "unknown", "rule_level": "hard", "confidence": "high", "source_type": "confirmed_requirement", "blocking": true, "non_blocking_reason": "", "covered": true, "coverage_types": ["happy"], "missing_types": []}, {"rule_id": "RULE-044", "rule_text": "戶参与互动;用戶点击 “好的,接受挑", "biz_key": "unknown", "rule_level": "hard", "confidence": "high", "source_type": "confirmed_requirement", "blocking": true, "non_blocking_reason": "", "covered": true, "coverage_types": ["happy"], "missing_types": []}, {"rule_id": "RULE-045", "rule_text": "题提问、用戶逐步讲解);用戶点击", "biz_key": "unknown", "rule_level": "hard", "confidence": "high", "source_type": "confirmed_requirement", "blocking": true, "non_blocking_reason": "", "covered": true, "coverage_types": ["exception", "happy"], "missing_types": []}, {"rule_id": "RULE-046", "rule_text": "◦ 弹出对话框,内容为:“你点击对话", "biz_key": "unknown", "rule_level": "hard", "confidence": "high", "source_type": "confirmed_requirement", "blocking": true, "non_blocking_reason": "", "covered": true, "coverage_types": ["exception", "happy", "risk"], "missing_types": []}, {"rule_id": "RULE-047", "rule_text": "击 “点击对话” 后表达思路);用戶点", "biz_key": "unknown", "rule_level": "hard", "confidence": "high", "source_type": "confirmed_requirement", "blocking": true, "non_blocking_reason": "", "covered": true, "coverage_types": ["boundary", "exception", "happy"], "missing_types": []}, {"rule_id": "RULE-048", "rule_text": "点击 “完成”;如果还有补充的思", "biz_key": "unknown", "rule_level": "hard", "confidence": "high", "source_type": "confirmed_requirement", "blocking": true, "non_blocking_reason": "", "covered": true, "coverage_types": ["boundary", "exception", "happy", "risk"], "missing_types": []}, {"rule_id": "RULE-049", "rule_text": "路或细节,点击 “继续录音” 就能", "biz_key": "unknown", "rule_level": "hard", "confidence": "high", "source_type": "confirmed_requirement", "blocking": true, "non_blocking_reason": "", "covered": true, "coverage_types": ["happy"], "missing_types": []}, {"rule_id": "RULE-050", "rule_text": "选择(收尾 / 补充讲解);用戶点击", "biz_key": "unknown", "rule_level": "hard", "confidence": "high", "source_type": "confirmed_requirement", "blocking": true, "non_blocking_reason": "", "covered": false, "coverage_types": [], "missing_types": ["happy"]}, {"rule_id": "RULE-051", "rule_text": "节,可通过 “点击对话” 开始表达,并", "biz_key": "unknown", "rule_level": "hard", "confidence": "high", "source_type": "confirmed_requirement", "blocking": true, "non_blocking_reason": "", "covered": true, "coverage_types": ["happy"], "missing_types": []}, {"rule_id": "RULE-052", "rule_text": "2.新增了高中数理化之后,需要各科老师,评估数理化英语各科目的效果之后,决定是", "biz_key": "unknown", "rule_level": "hard", "confidence": "high", "source_type": "confirmed_requirement", "blocking": true, "non_blocking_reason": "", "covered": false, "coverage_types": [], "missing_types": ["happy"]}, {"rule_id": "RULE-053", "rule_text": "◦ 【新增】纠错有效性 (扣分项):若学生在后续提问中因教师解释不清而再次出现", "biz_key": "unknown", "rule_level": "hard", "confidence": "high", "source_type": "confirmed_requirement", "blocking": true, "non_blocking_reason": "", "covered": true, "coverage_types": ["exception", "happy"], "missing_types": []}, {"rule_id": "RULE-054", "rule_text": "用得超棒〜 保持这份严谨,成绩一定稳步攀升!", "biz_key": "unknown", "rule_level": "hard", "confidence": "high", "source_type": "confirmed_requirement", "blocking": true, "non_blocking_reason": "", "covered": false, "coverage_types": [], "missing_types": ["happy"]}], "coverage_rate": 0.8913, "missing_types": {"boundary": [], "exception": []}, "multi_pass": true, "generation_mode": "full_functional_regression"}
GEN_COVERAGE_DIAG:{"diag_version": "2.5", "expected_count": 100, "generated_count": 92, "missing_count": 8, "positive_count": 62, "negative_count": 21, "edge_count": 9, "missing_boundary_class": false, "missing_exception_class": false, "avg_steps": 2.663, "possible_gap_reasons": ["under_generated_vs_expected_count"], "generated_case_count": 92, "module_count": 45, "modules_preview": ["AI交互-异常场景处理", "AI交互-执行禁令", "AI交互流程-四轮框架", "AI提问逻辑", "AI提问逻辑-内容约束", "AI提问逻辑-四轮对话框架", "AI提问逻辑-正确答案处理", "AI提问逻辑-角色约束", "AI提问逻辑-角色设定", "AI提问逻辑-边界场景", "AI提问逻辑-追问方向", "AI提问逻辑-题目来源"], "priority_distribution": {"P0": 15, "P1": 40, "P2": 37, "other": 0}, "requirement_keyword_count": 40, "requirement_keyword_hit_count": 24, "requirement_keyword_coverage": 0.6, "missing_requirement_keywords": ["讲错题接", "原型", "讲错题打分", "初中标准化", "习数理化", "原型图", "需求描述", "左侧设置垂直排列的学习步骤导航", "包括", "读取讲的名称", "于返回上", "iii", "打印", "按钮弹窗选择打印内", "提问提问"], "kb_keyword_count": 30, "kb_keyword_hit_count": 3, "kb_keyword_coverage": 0.1, "context_anchor_term_count": 0, "context_anchor_term_hit_count": 0, "context_anchor_coverage": 0.0, "requirement_constraints_count": 20, "covered_constraints_count": 3, "missing_constraints_preview": ["0-19", "0-3", "0-4", "0-5", "0-7", "0-9", "10-19", "12-15", "15-20", "20-25", "20-34", "35-40"]}
{"event": "finish", "stream_generation_id": 474, "latest_generation_id": 474, "new_generation_created": true, "result_len": 94396, "requirement_len": 11258}
