
===== base_generation started 2026-07-14T16:34:18 =====
@@CONTEXT_DEBUG@@:{"snapshot_status": "success", "snapshot_ready": true, "snapshot_used": true, "snapshot_fallback_reason": "", "realtime_rag_used": true, "current_document_used": true, "snapshot_rebuild_triggered": false, "snapshot_rebuild_reason": "none"}
@@STATUS@@:snapshot gate result: gate_disabled_proceed (poll=0, elapsed_ms=0)
@@STATUS@@:preparing project snapshot context...
@@STATUS@@:snapshot ready and reusable -> using snapshot (reason=snapshot_success_and_hash_matched)
@@STATUS@@:precision retrieval enabled (explicit_precision_mode,generation_default_precision,keyword_triggered)
@@STATUS@@:hybrid fusion done: mode=snapshot+rag rag_chunks=1 tokens~2314
@@STATUS@@:current requirement blueprint applied (count=1,steps=6)
@@STATUS@@:[multi-pass] 阶段1/3 主生成开始...
@@STATUS@@:正在进行需求元分析 (Meta-Analysis)，识别系统类型与测试策略...
@@STATUS@@:分析完成 - 系统类型: Tablet + Web, 复杂度: High, 策略: {"functional": 0.65, "regression": 0.15, "non_functional": 0.2}...
@@STATUS@@:正在生成第 1/2 批次 (25 条) - 第 1 次尝试...
GEN_DIAG:{"kind": "prompt_context_intake", "diag_version": "1.0", "mode": "stream", "doc_type": "requirement", "compress": false, "project_id": 8, "request_id": "59a2f31f0e1a4a12a4aaa62109da3773", "batch_index": 1, "total_batches": 2, "attempt": 1, "expected_count": 25, "multi_pass": true, "generation_mode": "multi_pass", "model": "glm-5.1", "max_output_tokens": 10000, "max_tokens_semantics": "output_tokens", "current_biz_key": "unknown", "only_current_biz": false, "section_sizes": {"requirement_user": {"chars": 9464, "approx_tokens": 2366, "sha256_16": "29d26833ae12aa67", "noise_flags": []}, "kb_context": {"chars": 9259, "approx_tokens": 2314, "sha256_16": "d4cdc5a8be3d7990", "noise_flags": []}, "requirement_context": {"chars": 2457, "approx_tokens": 614, "sha256_16": "ad719b851d242616", "noise_flags": []}, "requirement_semantics_context": {"chars": 312, "approx_tokens": 78, "sha256_16": "b94786f6bb3003b2", "noise_flags": []}, "testcase_context": {"chars": 7, "approx_tokens": 1, "sha256_16": "d29a0939bcb51176", "noise_flags": ["short_fragment", "label_fragment"]}, "supplement_context": {"chars": 329, "approx_tokens": 82, "sha256_16": "4e83209e22e23cb1", "noise_flags": []}, "control_context": {"chars": 2931, "approx_tokens": 732, "sha256_16": "aa6d0043b86b1d5c", "noise_flags": []}, "base_prompt": {"chars": 15142, "approx_tokens": 3785, "sha256_16": "da0de4a7a6480a27", "noise_flags": []}, "system_prompt": {"chars": 20122, "approx_tokens": 5030, "sha256_16": "f22f13a4d7c83a24", "noise_flags": []}, "full_input": {"chars": 29586, "approx_tokens": 7396, "sha256_16": "29708706da227a1b", "noise_flags": []}}, "source_lanes": {"context_source": "snapshot+rag", "snapshot": {"used": true, "status": "success", "version": 37}, "rag": {"used": true, "chunk_count": 1, "final_status": "success", "retrieval_profile": {"profile_version": "2.5", "query_type": "process", "query_length": 1000, "rewrite_count": 1, "recall_lane_hits": {"original_raw": 5, "original_summary": 0, "rewrite_raw": 5, "rewrite_summary": 0, "keyword_docs": 42}, "raw_topk_scores": [0.875, 0.485, 0.485, 0.40279, 0.357441, 0.2725, 0.2725, 0.2725, 0.2725, 0.2725], "rerank_top_scores": [0.935, 0.43, 0.43, 0.42279, 0.382441, 0.291667, 0.2725, 0.2725, 0.270833, 0.270833], "final_chunk_count": 1, "final_doc_type_distribution": {"requirement": 1}, "compressed_before_chars": 3255, "compressed_after_chars": 1600, "snapshot_related_hit": false, "question_length": 1000, "lane_health": {"counts": {"original_raw": 5, "original_summary": 0, "rewrite_raw": 5, "rewrite_summary": 0, "keyword_docs": 42}, "reasons": {"original_raw": "ok", "original_summary": "no_hit", "rewrite_raw": "ok", "rewrite_summary": "no_hit", "keyword_docs": "ok"}, "topk": {"original_raw": 40, "original_summary": 20, "rewrite_raw": 20, "rewrite_summary": 10, "keyword_docs": 40}, "merged_count": 52, "deduped_count": 45}, "score_profile": {"rerank_top1": 0.935, "rerank_topk_avg": 0.3479832029220469, "selected_top1": 0.935, "selected_topk_avg": 0.935, "rerank_score_bands": {"gte_0_9": 1, "0_8_to_0_9": 0, "0_7_to_0_8": 0, "lt_0_7": 15}, "selected_score_bands": {"gte_0_9": 1, "0_8_to_0_9": 0, "0_7_to_0_8": 0, "lt_0_7": 0}}, "selection_profile": {"selected_count": 1, "kept_by_query_source": {"original": 1, "rewrite": 0, "unknown": 0}, "kept_by_chunk_source": {"raw": 1, "summary": 0, "unknown": 0}}, "stability": {"attempt_count": 1, "retry_triggered_count": 0, "retry_reasons": [], "final_status": "success", "final_failure_reason": ""}}}}, "rag_sources": [{"rank": 1, "doc_id": "238", "chunk_id": "238_0", "filename": "学习激励+错题推荐.pdf", "score": 0.935, "chars": 1200, "approx_tokens": 300, "sha256_16": "086a97471d9eade9", "preview": "学习激励+错题推荐\u0001 范围：初中数理化的标准化⾃习\u0001 整体结构调整\u0001 \u0001 \u0001 课中积分逻辑\u0001 ⼀、计分规则\u0001 • 每道题答对得\u00011\u0001分，答错得\u00010\u0001分\u0001 • 模块得分\u0001=\u0001该模块答对题数\u0001 • 每节课题量由题库配置决定，最⾼分各不相同\u0001 ⼆、模块说明\u0001 快问快答\u0001 • 可反复刷的模块，取历史最⾼分\u0001 • 中途退出...", "noise_flags": []}], "control": {"workflow_blueprint_count": 1, "generation_execution_plan_blueprint_count": 1, "generation_execution_plan_step_count": 6, "generation_execution_plan_in_context": true, "generation_execution_independent_suite_order": ["permission/security", "exception/recovery", "boundary/state rollback", "independent functional", "UI/display"], "must_cover_rules_count": 0, "quality_fix_hints_count": 6, "fact_profile_source": "requirement_semantics", "fact_profile_confidence": 0.75, "fact_profile_confirmed_count": 5, "fact_profile_pending_count": 0, "fact_profile_forbidden_count": 0, "scoped_rules_count": 0, "hard_flow_constraints_count": 3, "reuse_risks_count": 0}, "requirement_understanding": {"present": true, "visual_fact_count": 4, "invalid_visual_block_count": 0, "aligned_evidence_count": 4}, "business_scope": {"biz_key_order": ["unknown"], "module_order_hint": [], "module_order_source": "none", "requirement_semantics_by_biz": [{"biz_key": "unknown", "confirmed_facts_count": 5, "scoped_rules_count": 0, "pending_items_count": 0, "forbidden_facts_count": 0, "reuse_risks_count": 0}]}, "noise_summary": {"section_noise_flags": {"short_fragment": 1, "label_fragment": 1}, "rag_source_noise_flags": {}}, "risk_flags": []}
```json
[
  {
    "id": "TC-001",
    "description": "申请查看答案-老师拍照设置关闭时跳过拍照直接进入对答案页面",
    "test_module": "拍照对答案自评流程-申请查看答案",
    "preconditions": [
      "学生已完成出门测纸上作答",
      "督导端「查看答案前需拍照上传」开关为关闭状态"
    ],
    "steps": [
      "学生在出门测页面点击「申请看答案」按钮",
      "观察系统是否弹出拍照弹窗",
      "观察页面跳转结果"
    ],
    "test_input": "点击「申请看答案」按钮，拍照设置关闭",
    "expected_result": "不弹出拍照弹窗，直接跳转进入对答案页面，页面展示题号+正确答案及标记按钮",
    "priority": "P1"
  },
  {
    "id": "TC-002",
    "description": "申请查看答案-老师拍照设置开启时弹出拍照弹窗必须完成拍照才能查看答案",
    "test_module": "拍照对答案自评流程-申请查看答案",
    "preconditions": [
      "学生已完成出门测纸上作答",
      "督导端「查看答案前需拍照上传」开关为开启状态"
    ],
    "steps": [
      "学生在出门测页面点击「申请看答案」按钮",
      "观察是否弹出拍照弹窗",
      "尝试不拍照直接关闭弹窗",
      "观察是否能看到答案内容"
    ],
    "test_input": "点击「申请看答案」按钮，拍照设置开启",
    "expected_result": "弹出拍照弹窗，标题为「请先拍照上传作业」；不拍照无法查看答案内容，关闭弹窗后返回做题页面",
    "priority": "P0"
  },
  {
    "id": "TC-003",
    "description": "拍照上传-每拍一张追加到缩略图列表计数+1",
    "test_module": "拍照对答案自评流程-拍照上传作业",
    "preconditions": [
      "拍照弹窗已弹出",
      "已拍照片数为0"
    ],
    "steps": [
      "点击「点击拍照上传」按钮拍摄第1张照片",
      "观察缩略图列表和计数变化",
      "点击拍照按钮拍摄第2张照片",
      "观察缩略图列表和计数变化"
    ],
    "test_input": "连续拍摄2张照片",
    "expected_result": "第1张拍摄后缩略图列表出现1张缩略图，计数显示「已拍1张」；第2张拍摄后列表出现2张缩略图，计数显示「已拍2张」，确认按钮变为可点击状态",
    "priority": "P1"
  },
  {
    "id": "TC-004",
    "description": "拍照上传-照片自动附加水印包含学生ID+时间戳+课程名称",
    "test_module": "拍照对答案自评流程-拍照上传作业",
    "preconditions": [
      "拍照弹窗已弹出",
      "学生ID为STU001，课程名称为「认识多位数」"
    ],
    "steps": [
      "点击拍照按钮拍摄1张照片",
      "在督导端查看上传的照片",
      "检查照片水印内容"
    ],
    "test_input": "拍摄1张照片并确认上传",
    "expected_result": "督导端收到的照片上可见水印，水印包含学生ID「STU001」、拍摄时间戳、课程名称「认识多位数」三项信息",
    "priority": "P2"
  },
  {
    "id": "TC-005",
    "description": "照片管理-删除单张照片后计数更新，照片数为0时确认按钮置灰",
    "test_module": "拍照对答案自评流程-拍照上传作业",
    "preconditions": [
      "已拍摄2张照片，计数显示「已拍2张」，确认按钮可点击"
    ],
    "steps": [
      "点击第1张缩略图右上角「×」删除按钮",
      "观察计数和确认按钮状态",
      "点击第2张缩略图右上角「×」删除按钮",
      "观察计数和确认按钮状态"
    ],
    "test_input": "依次删除2张已拍照片",
    "expected_result": "删除第1张后计数变为「已拍1张」，缩略图列表仅剩1张，确认按钮仍可点击；删除第2张后计数变为「已拍0张」，缩略图列表为空，确认按钮变为置灰不可点击",
    "priority": "P1"
  },
  {
    "id": "TC-006",
    "description": "拍照确认-至少拍1张后点击确认，照片上传至服务器转发督导端并提示发送成功",
    "test_module": "拍照对答案自评流程-拍照上传作业",
    "preconditions": [
      "已拍摄1张照片，确认按钮可点击"
    ],
    "steps": [
      "点击「已拍照，查看答案」确认按钮",
      "观察学生端是否弹出提示",
      "在督导端检查是否收到照片",
      "观察页面跳转结果"
    ],
    "test_input": "拍摄1张照片后点击确认按钮",
    "expected_result": "照片立即上传至服务器并转发到督导端；学生端弹出提示「照片已发送至督导端，老师可查看你的原始作业」；随后直接进入对答案页面",
    "priority": "P0"
  },
  {
    "id": "TC-007",
    "description": "拍照确认-确认后学生端不保留不展示任何已拍照片",
    "test_module": "拍照对答案自评流程-拍照上传作业",
    "preconditions": [
      "已拍摄2张照片并点击确认按钮完成上传"
    ],
    "steps": [
      "确认上传后进入对答案页面",
      "返回做题页面或任意页面检查是否有照片残留展示",
      "检查本地存储是否保留照片数据"
    ],
    "test_input": "确认上传后检查照片残留",
    "expected_result": "学生端所有页面均不展示已拍照片缩略图，本地不保留照片数据，仅显示「发送成功」提示文字",
    "priority": "P1"
  },
  {
    "id": "TC-008",
    "description": "拍照取消-点击稍后再拍关闭弹窗返回做题页面不保存任何照片",
    "test_module": "拍照对答案自评流程-拍照上传作业",
    "preconditions": [
      "已拍摄1张照片，拍照弹窗处于打开状态"
    ],
    "steps": [
      "点击「稍后再拍」取消按钮",
      "观察弹窗是否关闭",
      "观察页面位置",
      "再次点击「申请看答案」检查是否需要重新拍照"
    ],
    "test_input": "拍摄1张后点击「稍后再拍」",
    "expected_result": "弹窗关闭，返回做题页面；之前拍摄的照片未保存，再次点击「申请看答案」时需重新拍照，计数从0开始",
    "priority": "P1"
  },
  {
    "id": "TC-009",
    "description": "拍照中断-拍照后未点确认直接关闭浏览器照片未上传下次需重新拍照",
    "test_module": "拍照对答案自评流程-异常恢复",
    "preconditions": [
      "已拍摄1张照片，未点击确认按钮"
    ],
    "steps": [
      "直接关闭浏览器窗口",
      "重新打开浏览器并进入该课程出门测页面",
      "点击「申请看答案」按钮",
      "观察拍照弹窗状态"
    ],
    "test_input": "拍摄1张后未确认直接关闭浏览器",
    "expected_result": "再次进入时拍照弹窗计数从0开始，之前拍摄的照片未上传至服务器，需重新拍照才能查看答案",
    "priority": "P2"
  },
  {
    "id": "TC-010",
    "description": "逐题标记-标记做对显示绿色微光动画+随机正向文案+金币+1",
    "test_module": "拍照对答案自评流程-逐题标记对错",
    "preconditions": [
      "已进入对答案页面",
      "当前金币数为N"
    ],
    "steps": [
      "点击某道题的「我做对了 ✓」按钮",
      "观察反馈动画和文案",
      "观察右上角金币数变化"
    ],
    "test_input": "标记1道题为做对",
    "expected_result": "显示绿色微光动画效果，弹出随机正向文案（如「太棒了！继续加油💪」），右上角金币数从N变为N+1，数字有跳动效果",
    "priority": "P1"
  },
  {
    "id": "TC-011",
    "description": "逐题标记-标记做错显示柔和红色提示+随机鼓励文案+金币+1鼓励诚实",
    "test_module": "拍照对答案自评流程-逐题标记对错",
    "preconditions": [
      "已进入对答案页面",
      "当前金币数为N"
    ],
    "steps": [
      "点击某道题的「我做错了 ✗」按钮",
      "观察反馈提示和文案",
      "观察右上角金币数变化"
    ],
    "test_input": "标记1道题为做错",
    "expected_result": "显示柔和红色提示，弹出随机鼓励文案（如「没关系，加练一下就掌握🌟」），右上角金币数从N变为N+1（鼓励诚实标记）",
    "priority": "P1"
  },
  {
    "id": "TC-012",
    "description": "确认标记结果-全部标记后显示提交标记按钮显示对X/总Y",
    "test_module": "拍照对答案自评流程-确认标记结果",
    "preconditions": [
      "已进入对答案页面",
      "出门测共5道题"
    ],
    "steps": [
      "逐题标记所有5道题的对错状态",
      "观察底部提交按钮的变化"
    ],
    "test_input": "标记3道做对、2道做错",
    "expected_result": "底部显示「提交标记 (对3/总5)」按钮，按钮可点击；按钮中X值为标记做对的题数，Y值为总题数",
    "priority": "P1"
  },
  {
    "id": "TC-013",
    "description": "提交自评结果-提交时统计答对题数计算积分对题数×1分",
    "test_module": "拍照对答案自评流程-提交自评结果",
    "preconditions": [
      "已逐题标记完成，出门测共5道题，标记3道做对2道做错"
    ],
    "steps": [
      "点击「提交标记」按钮",
      "观察积分计算结果"
    ],
    "test_input": "提交标记：3道做对、2道做错",
    "expected_result": "出门测模块得分=3分（答对题数×1分），答错题数2道不计分，模块得分等于该模块答对题数",
    "priority": "P0"
  },
  {
    "id": "TC-014",
    "description": "提交自评结果-错题加入错题本并同步至习题集和课后报告",
    "test_module": "拍照对答案自评流程-提交自评结果",
    "preconditions": [
      "出门测标记2道题为做错",
      "已点击提交标记"
    ],
    "steps": [
      "提交标记后进入学生端错题本查看",
      "进入督导端习题集查看全部错题",
      "进入课后报告查看错题打包"
    ],
    "test_input": "提交含2道错题的标记结果",
    "expected_result": "学生端错题本包含出门测2道错题；督导端习题集包含该学生全部错题（含出门测错题）；课后报告中错题打包包含出门测错题",
    "priority": "P0"
  },
  {
    "id": "TC-015",
    "description": "触发相似题推荐-出门测/牛刀小试/基础巩固提交后存在错题时触发",
    "test_module": "拍照对答案自评流程-触发相似题推荐",
    "preconditions": [
      "牛刀小试共5题，标记2道做错",
      "已提交标记结果"
    ],
    "steps": [
      "提交牛刀小试标记结果（含错题）",
      "观察是否触发相似题推荐入口",
      "点击进入相似题推荐页面",
      "观察页面标题和提示文案"
    ],
    "test_input": "牛刀小试提交含2道错题",
    "expected_result": "提交后触发相似题推荐，页面标题为「举一反三练习题」，提示文案为「请在纸上完成以下练习题，全部做完后申请查看答案」，每题标注「针对牛刀小试第X题（难度降低）」",
    "priority": "P0"
  },
  {
    "id": "TC-016",
    "description": "相似题推荐-最多3轮每轮独立计分，某知识点全部答对后停止推荐该知识点",
    "test_module": "拍照对答案自评流程-触发相似题推荐",
    "preconditions": [
      "出门测错题涉及知识点A和知识点B",
      "每轮相似题3道题"
    ],
    "steps": [
      "进入第1轮相似题推荐（同难度），将知识点A的题全部答对、知识点B的题答错",
      "提交第1轮标记，观察轮次指示器变化",
      "进入第2轮（降低1级难度），观察知识点A是否继续推荐",
      "将知识点B全部答对，提交第2轮标记",
      "观察是否进入第3轮"
    ],
    "test_input": "知识点A第1轮全对，知识点B第1轮错第2轮全对",
    "expected_result": "第1轮提交后知识点A停止推荐；第2轮仅推荐知识点B的相似题（难度降低1级），轮次指示器显示「第2轮」；知识点B第2轮全对后停止推荐，无剩余错题知识点，结束推荐不进入第3轮",
    "priority": "P1"
  },
  {
    "id": "TC-017",
    "description": "督导端开关组合-两个开关都关闭时学生直接查看答案",
    "test_module": "权限安全-督导端答案查看控制",
    "preconditions": [
      "督导端「查看答案需老师同意」开关为关闭",
      "督导端「查看答案前需拍照上传」开关为关闭"
    ],
    "steps": [
      "学生在做题页面点击查看答案",
      "观察流程是否需要审批或拍照"
    ],
    "test_input": "两个答案查看控制开关均关闭",
    "expected_result": "学生点击查看答案后直接展示答案内容，无需老师审批，无需拍照上传",
    "priority": "P1"
  },
  {
    "id": "TC-018",
    "description": "督导端开关组合-仅开启查看答案需老师同意时流程为申请→老师同意→查看答案",
    "test_module": "权限安全-督导端答案查看控制",
    "preconditions": [
      "督导端「查看答案需老师同意」开关为开启",
      "督导端「查看答案前需拍照上传」开关为关闭"
    ],
    "steps": [
      "学生点击查看答案",
      "观察系统是否向老师发送审批请求",
      "老师在督导端同意审批",
      "观察学生端是否展示答案"
    ],
    "test_input": "仅开启查看答案需老师同意",
    "expected_result": "学生点击查看答案后系统向老师发送审批请求，老师同意前学生无法看到答案内容；老师同意后学生端展示答案，无需拍照",
    "priority": "P1"
  },
  {
    "id": "TC-019",
    "description": "督导端开关组合-两个开关都开启时流程为申请→老师同意→拍照上传→查看答案",
    "test_module": "权限安全-督导端答案查看控制",
    "preconditions": [
      "督导端「查看答案需老师同意」开关为开启",
      "督导端「查看答案前需拍照上传」开关为开启"
    ],
    "steps": [
      "学生点击查看答案",
      "观察是否需要老师审批",
      "老师同意审批后观察是否弹出拍照弹窗",
      "完成拍照并确认上传",
      "观察是否展示答案"
    ],
    "test_input": "两个答案查看控制开关均开启",
    "expected_result": "学生点击查看答案后先向老师发送审批请求；老师同意后弹出拍照弹窗；完成拍照确认上传后才能查看答案内容，流程为申请→老师同意→拍照上传→查看答案",
    "priority": "P1"
  },
  {
    "id": "TC-020",
    "description": "断网时本地保存标记状态恢复后自动提交",
    "test_module": "异常恢复-对答案标记断网处理",
    "preconditions": [
      "已进入对答案页面并标记3道题",
      "网络断开"
    ],
    "steps": [
      "在断网状态下标记剩余2道题并点击提交",
      "观察本地是否保存标记数据",
      "恢复网络连接",
      "观察系统是否自动提交标记结果"
    ],
    "test_input": "断网时标记并提交，恢复网络",
    "expected_result": "断网时标记数据本地保存；网络恢复后系统自动提交标记结果，积分和错题本数据与标记一致，不丢失已标记状态",
    "priority": "P2"
  },
  {
    "id": "TC-021",
    "description": "刷新页面恢复之前的标记状态",
    "test_module": "异常恢复-对答案标记刷新恢复",
    "preconditions": [
      "已进入对答案页面并标记3道题（2对1错）",
      "尚未提交"
    ],
    "steps": [
      "刷新浏览器页面",
      "观察已标记的题目状态是否保留",
      "观察未标记的题目状态"
    ],
    "test_input": "标记3道后刷新页面",
    "expected_result": "刷新后已标记的3道题保持之前的对错标记状态（2道做对、1道做错），未标记的2道题仍为未标记状态，金币数保持刷新前数值",
    "priority": "P2"
  },
  {
    "id": "TC-022",
    "description": "快问快答中途退出不计分不记录",
    "test_module": "边界状态回滚-模块中途退出",
    "preconditions": [
      "快问快答模块共10题",
      "已完成5题后中途退出"
    ],
    "steps": [
      "进入快问快答模块完成5题",
      "中途退出模块（不完成全部题目）",
      "查看模块得分记录",
      "重新进入快问快答模块观察是否从0开始"
    ],
    "test_input": "快问快答完成5题后中途退出",
    "expected_result": "中途退出后模块不计分、不记录历史得分；重新进入时从0开始做题，之前中途退出的5题不计入任何分数",
    "priority": "P1"
  },
  {
    "id": "TC-023",
    "description": "出门测与基础巩固至少完成一个才可进入后续流程",
    "test_module": "边界状态回滚-流程解锁约束",
    "preconditions": [
      "出门测和基础巩固均未完成",
      "本课配置了基础巩固模块"
    ],
    "steps": [
      "尝试点击左侧导航中后续流程步骤（如讲知识&错题）",
      "完成出门测模块并提交",
      "再次尝试进入后续流程步骤"
    ],
    "test_input": "出门测和基础巩固均未完成时尝试进入后续步骤",
    "expected_result": "未完成出门测和基础巩固时，后续流程步骤不可进入（导航项置灰或提示需先完成）；完成出门测后，后续流程步骤解锁可进入",
    "priority": "P0"
  },
  {
    "id": "TC-024",
    "description": "基础巩固本课未配置时不展示入口",
    "test_module": "边界状态回滚-模块配置缺失",
    "preconditions": [
      "本课程未配置基础巩固(ABS测试)题目"
    ],
    "steps": [
      "进入课程页面查看左侧导航和模块列表",
      "搜索基础巩固模块入口"
    ],
    "test_input": "本课未配置基础巩固题目",
    "expected_result": "页面中不展示基础巩固模块的入口，左侧导航中无基础巩固步骤项，最高分计算中基础巩固题数为0",
    "priority": "P1"
  },
  {
    "id": "TC-025",
    "description": "最高分计算公式验证-各模块题数之和加相似题最多可答题数",
    "test_module": "独立功能-最高分计算",
    "preconditions": [
      "快问快答10题、牛刀小试5题、出门测5题、基础巩固5题、相似题每轮3题"
    ],
    "steps": [
      "查看本节课最高分配置",
      "验证最高分计算公式",
      "对比实际最高分数值"
    ],
    "test_input": "快问快答10+牛刀小试5+出门测5+基础巩固5+相似题3轮×3题",
    "expected_result": "最高分=10+5+5+5+9=34分，与需求举例一致；最高分=快问快答题数+牛刀小试题数+出门测题数+基础巩固题数+相似题最多可答题数（3轮×每轮题数）",
    "priority": "P1"
  }
]
```GEN_DIAG:{"kind": "stream_batch_token_usage", "project_id": 8, "request_id": "59a2f31f0e1a4a12a4aaa62109da3773", "current_biz_key": "unknown", "multi_pass": true, "generation_mode": "multi_pass", "batch_index": 1, "total_batches": 2, "attempt": 1, "requested_count": 25, "input_tokens": null, "output_tokens": null, "total_tokens": null, "token_source": "unavailable", "token_unavailable_reason": "provider_usage_estimated", "estimate_method": "chars_div_4", "model": "glm-5.1", "duration_ms": 146389, "response_chars": 10599, "attempt_status": "received", "provider_error": ""}

GEN_DIAG:{"kind": "stream_batch_quality", "project_id": 8, "request_id": "59a2f31f0e1a4a12a4aaa62109da3773", "current_biz_key": "unknown", "multi_pass": true, "generation_mode": "multi_pass", "batch_index": 1, "new_valid_cases_count": 25, "duplicate_rate": 0.0, "non_assertable_count": 0, "low_quality_filtered_count": 0, "coverage_gain_count": 25, "low_gain_detected": false, "low_gain_streak": 0}
@@STATUS@@:正在生成第 2/2 批次 (11 条) - 第 1 次尝试...
GEN_DIAG:{"kind": "prompt_context_intake", "diag_version": "1.0", "mode": "stream", "doc_type": "requirement", "compress": false, "project_id": 8, "request_id": "59a2f31f0e1a4a12a4aaa62109da3773", "batch_index": 2, "total_batches": 2, "attempt": 1, "expected_count": 11, "multi_pass": true, "generation_mode": "multi_pass", "model": "glm-5.1", "max_output_tokens": 10000, "max_tokens_semantics": "output_tokens", "current_biz_key": "unknown", "only_current_biz": false, "section_sizes": {"requirement_user": {"chars": 9464, "approx_tokens": 2366, "sha256_16": "29d26833ae12aa67", "noise_flags": []}, "kb_context": {"chars": 9259, "approx_tokens": 2314, "sha256_16": "d4cdc5a8be3d7990", "noise_flags": []}, "requirement_context": {"chars": 2457, "approx_tokens": 614, "sha256_16": "ad719b851d242616", "noise_flags": []}, "requirement_semantics_context": {"chars": 312, "approx_tokens": 78, "sha256_16": "b94786f6bb3003b2", "noise_flags": []}, "testcase_context": {"chars": 7, "approx_tokens": 1, "sha256_16": "d29a0939bcb51176", "noise_flags": ["short_fragment", "label_fragment"]}, "supplement_context": {"chars": 329, "approx_tokens": 82, "sha256_16": "4e83209e22e23cb1", "noise_flags": []}, "control_context": {"chars": 2931, "approx_tokens": 732, "sha256_16": "aa6d0043b86b1d5c", "noise_flags": []}, "base_prompt": {"chars": 16048, "approx_tokens": 4012, "sha256_16": "9fa398970a07bc2e", "noise_flags": []}, "system_prompt": {"chars": 22317, "approx_tokens": 5579, "sha256_16": "23f9b4faedc8c84d", "noise_flags": []}, "full_input": {"chars": 31781, "approx_tokens": 7945, "sha256_16": "4fa40b32ca9ddec5", "noise_flags": []}}, "source_lanes": {"context_source": "snapshot+rag", "snapshot": {"used": true, "status": "success", "version": 37}, "rag": {"used": true, "chunk_count": 1, "final_status": "success", "retrieval_profile": {"profile_version": "2.5", "query_type": "process", "query_length": 1000, "rewrite_count": 1, "recall_lane_hits": {"original_raw": 5, "original_summary": 0, "rewrite_raw": 5, "rewrite_summary": 0, "keyword_docs": 42}, "raw_topk_scores": [0.875, 0.485, 0.485, 0.40279, 0.357441, 0.2725, 0.2725, 0.2725, 0.2725, 0.2725], "rerank_top_scores": [0.935, 0.43, 0.43, 0.42279, 0.382441, 0.291667, 0.2725, 0.2725, 0.270833, 0.270833], "final_chunk_count": 1, "final_doc_type_distribution": {"requirement": 1}, "compressed_before_chars": 3255, "compressed_after_chars": 1600, "snapshot_related_hit": false, "question_length": 1000, "lane_health": {"counts": {"original_raw": 5, "original_summary": 0, "rewrite_raw": 5, "rewrite_summary": 0, "keyword_docs": 42}, "reasons": {"original_raw": "ok", "original_summary": "no_hit", "rewrite_raw": "ok", "rewrite_summary": "no_hit", "keyword_docs": "ok"}, "topk": {"original_raw": 40, "original_summary": 20, "rewrite_raw": 20, "rewrite_summary": 10, "keyword_docs": 40}, "merged_count": 52, "deduped_count": 45}, "score_profile": {"rerank_top1": 0.935, "rerank_topk_avg": 0.3479832029220469, "selected_top1": 0.935, "selected_topk_avg": 0.935, "rerank_score_bands": {"gte_0_9": 1, "0_8_to_0_9": 0, "0_7_to_0_8": 0, "lt_0_7": 15}, "selected_score_bands": {"gte_0_9": 1, "0_8_to_0_9": 0, "0_7_to_0_8": 0, "lt_0_7": 0}}, "selection_profile": {"selected_count": 1, "kept_by_query_source": {"original": 1, "rewrite": 0, "unknown": 0}, "kept_by_chunk_source": {"raw": 1, "summary": 0, "unknown": 0}}, "stability": {"attempt_count": 1, "retry_triggered_count": 0, "retry_reasons": [], "final_status": "success", "final_failure_reason": ""}}}}, "rag_sources": [{"rank": 1, "doc_id": "238", "chunk_id": "238_0", "filename": "学习激励+错题推荐.pdf", "score": 0.935, "chars": 1200, "approx_tokens": 300, "sha256_16": "086a97471d9eade9", "preview": "学习激励+错题推荐\u0001 范围：初中数理化的标准化⾃习\u0001 整体结构调整\u0001 \u0001 \u0001 课中积分逻辑\u0001 ⼀、计分规则\u0001 • 每道题答对得\u00011\u0001分，答错得\u00010\u0001分\u0001 • 模块得分\u0001=\u0001该模块答对题数\u0001 • 每节课题量由题库配置决定，最⾼分各不相同\u0001 ⼆、模块说明\u0001 快问快答\u0001 • 可反复刷的模块，取历史最⾼分\u0001 • 中途退出...", "noise_flags": []}], "control": {"workflow_blueprint_count": 1, "generation_execution_plan_blueprint_count": 1, "generation_execution_plan_step_count": 6, "generation_execution_plan_in_context": true, "generation_execution_independent_suite_order": ["permission/security", "exception/recovery", "boundary/state rollback", "independent functional", "UI/display"], "must_cover_rules_count": 0, "quality_fix_hints_count": 6, "fact_profile_source": "requirement_semantics", "fact_profile_confidence": 0.75, "fact_profile_confirmed_count": 5, "fact_profile_pending_count": 0, "fact_profile_forbidden_count": 0, "scoped_rules_count": 0, "hard_flow_constraints_count": 3, "reuse_risks_count": 0}, "requirement_understanding": {"present": true, "visual_fact_count": 4, "invalid_visual_block_count": 0, "aligned_evidence_count": 4}, "business_scope": {"biz_key_order": ["unknown"], "module_order_hint": [], "module_order_source": "none", "requirement_semantics_by_biz": [{"biz_key": "unknown", "confirmed_facts_count": 5, "scoped_rules_count": 0, "pending_items_count": 0, "forbidden_facts_count": 0, "reuse_risks_count": 0}]}, "noise_summary": {"section_noise_flags": {"short_fragment": 1, "label_fragment": 1}, "rag_source_noise_flags": {}}, "risk_flags": []}
```json
[
  {
    "id": "TC-026",
    "description": "左侧导航手风琴效果-展开一个步骤时自动收起其他步骤",
    "test_module": "左侧导航交互",
    "preconditions": [
      "学生已进入课中学习页面",
      "左侧导航包含多个步骤卡片"
    ],
    "steps": [
      "点击左侧导航中「第一步 复习」步骤卡片，观察其展开",
      "点击左侧导航中「第四步 随堂测」步骤卡片，观察变化"
    ],
    "test_input": "依次点击两个不同步骤卡片",
    "expected_result": "点击「第四步 随堂测」后，该步骤内容目录向下展开，同时「第一步 复习」内容目录自动收起，同一时刻仅一个步骤处于展开状态",
    "priority": "P1"
  },
  {
    "id": "TC-027",
    "description": "左侧导航步骤卡片展开时箭头旋转180°收起时复位",
    "test_module": "左侧导航交互",
    "preconditions": [
      "学生已进入课中学习页面",
      "步骤卡片处于收起状态，箭头指向下方"
    ],
    "steps": [
      "点击某一步骤卡片使其展开，观察箭头方向",
      "再次点击该步骤卡片使其收起，观察箭头方向"
    ],
    "test_input": "点击同一步骤卡片两次",
    "expected_result": "展开时箭头旋转180°指向上方；收起时箭头恢复原位指向下方",
    "priority": "P2"
  },
  {
    "id": "TC-028",
    "description": "奖励进度条-按已获金币/总金币实时填充并显示剩余提示",
    "test_module": "奖励进度条",
    "preconditions": [
      "学生已进入课中学习页面",
      "本节课总金币为170（牛刀小试+20、快问快答+30×2、出门测+10、巩固练习+10、出门测加练+50）",
      "学生当前已获得30金币"
    ],
    "steps": [
      "观察奖励进度条填充比例",
      "观察右侧提示文案",
      "完成一个模块获得20金币后，再次观察进度条和提示"
    ],
    "test_input": "已获30金币，总金币170",
    "expected_result": "进度条填充约17.6%（30/170）；右侧显示"再得140金币拿满奖励"；获得20金币后进度条填充更新为约29.4%，提示更新为"再得120金币拿满奖励"",
    "priority": "P1"
  },
  {
    "id": "TC-029",
    "description": "按学习计划顺序学习-开启后学生无法跳过节次和自选课程",
    "test_module": "督导端学习进度控制",
    "preconditions": [
      "督导端已开启「按学习计划顺序学习」设置",
      "学生当前节次为第2讲，第3讲尚未解锁",
      "学习计划中包含多节课程"
    ],
    "steps": [
      "学生尝试在课程列表中选择第5讲的课程",
      "学生尝试跳过当前节次直接进入第3讲",
      "学生完成第2讲全部学习任务后，查看第3讲状态"
    ],
    "test_input": "开启顺序学习设置后的学生操作",
    "expected_result": "学生无法在课程列表中自选第5讲，课程列表中非当前节次不可点击；无法跳过第2讲进入第3讲；完成第2讲全部任务后第3讲自动解锁变为可进入状态",
    "priority": "P0"
  },
  {
    "id": "TC-030",
    "description": "按学习计划顺序学习-关闭后学生可自主选择任意课程和跳过节次",
    "test_module": "督导端学习进度控制",
    "preconditions": [
      "督导端已关闭「按学习计划顺序学习」设置",
      "学习计划中编排了多节课程"
    ],
    "steps": [
      "学生在课程列表中选择非当前节次的课程",
      "学生跳过某节次直接进入后续节次"
    ],
    "test_input": "关闭顺序学习设置后的学生操作",
    "expected_result": "学生可在课程列表中自由选择任意课程进入；可以跳过节次不受计划顺序约束",
    "priority": "P1"
  },
  {
    "id": "TC-031",
    "description": "允许拖动视频进度条-关闭后学生无法拖动进度条但倍速播放不受影响",
    "test_module": "督导端学习进度控制",
    "preconditions": [
      "督导端已关闭「允许拖动视频进度条」设置",
      "学生正在观看视频讲解"
    ],
    "steps": [
      "学生尝试拖动视频进度条快进或回退",
      "学生点击倍速播放按钮切换播放速度"
    ],
    "test_input": "关闭拖动进度条设置后的视频操作",
    "expected_result": "视频进度条不可拖动，学生无法快进或跳转到任意时间点；倍速播放功能正常可用，不受此设置影响",
    "priority": "P1"
  },
  {
    "id": "TC-032",
    "description": "相似题推荐轮次难度递减-第1轮同难度第2轮降1级第3轮降2级",
    "test_module": "相似题推荐",
    "preconditions": [
      "学生在出门测中答错了某知识点题目",
      "已触发相似题推荐",
      "题库中存在不同难度等级的对应题目"
    ],
    "steps": [
      "进入第1轮相似题推荐，观察题目难度标注",
      "完成第1轮（仍有错题），进入第2轮，观察题目难度标注",
      "完成第2轮（仍有错题），进入第3轮，观察题目难度标注"
    ],
    "test_input": "连续3轮相似题推荐流程",
    "expected_result": "第1轮题目与出门测原题同难度，标注"针对出门测第X题"；第2轮题目难度降低1级，标注"针对出门测第X题（难度降低）"；第3轮题目难度降低2级，每轮显示对应轮次指示器",
    "priority": "P1"
  },
  {
    "id": "TC-033",
    "description": "可反复刷模块重新进入修改对错后历史最高分更新",
    "test_module": "课中积分逻辑",
    "preconditions": [
      "学生已完成牛刀小试，答对3题（共5题），当前最高分为3分",
      "牛刀小试为可反复刷模块"
    ],
    "steps": [
      "学生重新进入牛刀小试模块",
      "修改之前标记的答案，将1道错题改为对题",
      "提交自评结果，观察模块得分"
    ],
    "test_input": "重新进入牛刀小试修改1道错题为对题",
    "expected_result": "提交后模块得分更新为4分（4题答对），历史最高分从3分更新为4分；若修改后得分低于历史最高分则保持原最高分不变",
    "priority": "P1"
  },
  {
    "id": "TC-034",
    "description": "结束庆祝页金币发放幂等-重复刷新结果页金币只发放一次",
    "test_module": "结束庆祝逻辑",
    "preconditions": [
      "学生已完成出门测及相似题加练",
      "结束庆祝页已展示，金币已发放"
    ],
    "steps": [
      "记录当前顶部总金币数",
      "刷新结束庆祝结果页",
      "再次观察顶部总金币数"
    ],
    "test_input": "刷新已发放金币的庆祝结果页",
    "expected_result": "刷新后顶部总金币数与刷新前一致，金币不会重复发放；页面正常显示静态结果内容和金币数值",
    "priority": "P1"
  },
  {
    "id": "TC-035",
    "description": "庆祝动画播放时退出或刷新-直接显示静态结果页金币已正常发放",
    "test_module": "结束庆祝逻辑",
    "preconditions": [
      "学生刚完成出门测阶段",
      "庆祝动画正在播放中（奖杯弹跳、金币滚动）"
    ],
    "steps": [
      "在动画播放期间（约0.8秒奖杯弹跳+1秒金币滚动）刷新页面",
      "观察页面展示状态和金币数"
    ],
    "test_input": "动画播放期间刷新页面",
    "expected_result": "页面直接显示静态结果页（无动画），金币已正常发放到顶部总金币数，进度条已同步更新",
    "priority": "P2"
  },
  {
    "id": "TC-036",
    "description": "错题三端同步-错题同时进入学生端错题本、督导端习题集、课后报告",
    "test_module": "错题流向",
    "preconditions": [
      "学生在出门测中答错了2道题",
      "已完成对答案自评并提交"
    ],
    "steps": [
      "提交自评后进入学生端错题本查看",
      "督导端进入习题集查看全部错题",
      "查看课后报告中的错题打包内容"
    ],
    "test_input": "出门测提交含2道错题",
    "expected_result": "学生端错题本包含该2道出门测错题及对应相似题；督导端习题集全部错题中包含该2道题；课后报告错题打包中包含该2道题，三端数据一致",
    "priority": "P1"
  }
]
```GEN_DIAG:{"kind": "stream_batch_token_usage", "project_id": 8, "request_id": "59a2f31f0e1a4a12a4aaa62109da3773", "current_biz_key": "unknown", "multi_pass": true, "generation_mode": "multi_pass", "batch_index": 2, "total_batches": 2, "attempt": 1, "requested_count": 11, "input_tokens": null, "output_tokens": null, "total_tokens": null, "token_source": "unavailable", "token_unavailable_reason": "provider_usage_estimated", "estimate_method": "chars_div_4", "model": "glm-5.1", "duration_ms": 78187, "response_chars": 4669, "attempt_status": "received", "provider_error": ""}

GEN_DIAG:{"kind": "stream_batch_quality", "project_id": 8, "request_id": "59a2f31f0e1a4a12a4aaa62109da3773", "current_biz_key": "unknown", "multi_pass": true, "generation_mode": "multi_pass", "batch_index": 2, "new_valid_cases_count": 9, "duplicate_rate": 0.0, "non_assertable_count": 0, "low_quality_filtered_count": 0, "coverage_gain_count": 9, "low_gain_detected": false, "low_gain_streak": 0}
@@STATUS@@:[multi-pass] Stage 3/3 review selection started...
@@STATUS@@:Final shortfall supplement started...
@@STATUS@@:Final shortfall supplement added 5 cases.
GEN_DIAG:{"kind": "persistence_gate", "passed": true, "gate_mode": "enforce", "blocked": false, "failure_code": "", "quality_would_block": false, "quality_would_warn": false, "quality_soft_failures": [], "quality_hard_failures": [], "execution_plan_would_block": false, "quality_gate": {"passed": true, "failed_checks": [], "priority_final_null_count": 0, "invalid_priority_final_count": 0, "invalid_priority_final_case_ids": [], "non_assertable_expected_result_count": 0, "truncated_text_count": 0, "non_assertable_case_ids": [], "truncated_case_ids": [], "metrics": {"persistable_case_count": 35, "persistable_required_field_missing_count": 0, "persistable_priority_final_invalid_count": 0, "persistable_reasoning_leakage_count": 0, "final_count": 35, "min_acceptable_final": 29, "judge_rejected_count": 0, "final_scenario_duplicate_case_count": 0, "final_flow_misordered_count": 0, "reasoning_leak_count": 0, "role_mismatch_count": 0}, "persistable_required_field_missing_case_ids": [], "persistable_priority_final_invalid_case_ids": [], "persistable_reasoning_leakage_case_ids": []}, "execution_plan_validation": {"passed": true, "failure_code": "", "failure_reasons": [], "generation_mode": "multi_pass", "metrics": {"final_case_count": 35, "main_smoke_count": 6, "p0_count": 18, "state_field_coverage": 1.0, "workflow_id_missing_count": 0, "workflow_id_missing_rate": 0.0, "state_conflict_count": 0, "semantic_conflict_count": 0, "execution_group_order_conflict_count": 0, "linear_executable": true, "workflow_blueprint_count": 1, "trusted_workflow_contract_count": 0, "current_requirement_blueprint_count": 1, "untrusted_workflow_blueprint_count": 1, "workflow_contract_source_types": [], "workflow_blueprint_source": "current_requirement_blueprint", "current_requirement_blueprint_allowed": true, "candidate_blueprint_without_contract_allowed": false, "main_chain_stage_kinds": ["consume", "completion_sync", "edit", "preview", "commit", "downstream_visibility"], "commit_step_count": 1, "downstream_or_completion_step_count": 3, "commit_downstream_completion_closed": true}, "state_conflicts": [], "semantic_conflicts": [], "execution_group_order_conflicts": []}, "request_id": "59a2f31f0e1a4a12a4aaa62109da3773", "project_id": 8}
GEN_DIAG:{"kind": "generation_execution_suite", "generation_id": 514, "project_id": 8, "request_id": "59a2f31f0e1a4a12a4aaa62109da3773", "source": "persistence_gate_pre_projection", "case_count": 35, "execution_readiness": "ready", "execution_suite": {"kind": "execution_suite", "version": "execution-suite-v1", "case_count": 35, "suite_count": 6, "runnable_suite_count": 6, "linear_executable": true, "execution_readiness": "ready", "main_suite_id": "main_smoke_chain", "metadata_quality": {"complete_execution_metadata": true, "has_any_execution_metadata": true, "field_counts": {"execution_group": 35, "execution_sequence": 35, "role": 35, "session_key": 35}, "missing_dependency_count": 0}, "warnings": [], "suites": [{"suite_id": "main_smoke_chain", "suite_name": "主链路冒烟", "execution_group": "main_smoke", "run_mode": "sequential", "group_setup": "seed_workflow_blueprint_dataset()", "group_teardown": "cleanup_workflow_blueprint_dataset()", "case_count": 6, "roles": ["student"], "fixture_keys": ["workflow_blueprint_chain_seed"], "missing_dependencies": [], "runnable": true, "warnings": [], "cases": [{"case_id": "TC-001", "suite_order": 1, "execution_sequence": 1, "description": "触发相似题推荐-出门测/牛刀小试/基础巩固提交后存在错题时触发", "test_module": "拍照对答案自评流程-触发相似题推荐", "priority": "P0", "role": "student", "session_key": "student_session", "depends_on": [], "fixture_key": "workflow_blueprint_chain_seed", "setup_hint": "组级准备：seed_workflow_blueprint_dataset()；然后执行本主链路首个用例", "teardown_hint": "主链路末尾执行清理；中间步骤不清理，供下一条用例复用状态", "preconditions": ["牛刀小试共5题，标记2道做错", "已提交标记结果"], "steps": ["1. 提交牛刀小试标记结果（含错题）", "2. 观察是否触发相似题推荐入口", "3. 点击进入相似题推荐页面", "4. 观察页面标题和提示文案"], "test_input": "牛刀小试提交含2道错题", "expected_result": "提交后触发相似题推荐，页面标题为「举一反三练习题」，提示文案为「请在纸上完成以下练习题，全部做完后申请查看答案」，每题标注「针对牛刀小试第X题（难度降低）」", "source_state": "initial", "target_state": "photo_popup", "action": "1. 提交牛刀小试标记结果（含错题）", "transition_action": "点击申请看答案按钮", "runnable": true}, {"case_id": "TC-002", "suite_order": 2, "execution_sequence": 2, "description": "拍照上传作业", "test_module": "拍照对答案自评流程", "priority": "P0", "role": "student", "session_key": "student_session", "depends_on": ["TC-001"], "fixture_key": "workflow_blueprint_chain_seed", "setup_hint": "依赖 TC-001 的执行结果：提交后触发相似题推荐，页面标题为「举一反三练习题」，提示文案为「请在纸上完成以下练习题，全部做完后申请查看答案」，每题标注「针对牛刀小试第X题（难度降低）」", "teardown_hint": "主链路末尾执行清理；中间步骤不清理，供下一条用例复用状态", "preconditions": ["已具备执行“拍照上传作业”的前置业务状态"], "steps": ["拍照上传手写作业照片"], "test_input": "拍照上传手写作业照片", "expected_result": "拍照上传作业完成，进度状态更新", "source_state": "photo_popup", "target_state": "photo_uploaded", "action": "拍照上传手写作业照片", "transition_action": "拍照上传手写作业照片", "runnable": true}, {"case_id": "TC-003", "suite_order": 3, "execution_sequence": 3, "description": "逐题标记-标记做错显示柔和红色提示+随机鼓励文案+金币+1鼓励诚实", "test_module": "拍照对答案自评流程-逐题标记对错", "priority": "P0", "role": "student", "session_key": "student_session", "depends_on": ["TC-002"], "fixture_key": "workflow_blueprint_chain_seed", "setup_hint": "依赖 TC-002 的执行结果：拍照上传作业完成，进度状态更新", "teardown_hint": "主链路末尾执行清理；中间步骤不清理，供下一条用例复用状态", "preconditions": ["已进入对答案页面", "当前金币数为N"], "steps": ["1. 点击某道题的「我做错了 ✗」按钮", "2. 观察反馈提示和文案", "3. 观察右上角金币数变化"], "test_input": "标记1道题为做错", "expected_result": "显示柔和红色提示，弹出随机鼓励文案（如「没关系，加练一下就掌握🌟」），右上角金币数从N变为N+1（鼓励诚实标记）", "source_state": "photo_uploaded", "target_state": "marking_done", "action": "1. 点击某道题的「我做错了 ✗」按钮", "transition_action": "逐题标记我做对或做错", "runnable": true}, {"case_id": "TC-004", "suite_order": 4, "execution_sequence": 4, "description": "确认标记结果", "test_module": "拍照对答案自评流程", "priority": "P0", "role": "student", "session_key": "student_session", "depends_on": ["TC-003"], "fixture_key": "workflow_blueprint_chain_seed", "setup_hint": "依赖 TC-003 的执行结果：显示柔和红色提示，弹出随机鼓励文案（如「没关系，加练一下就掌握🌟」），右上角金币数从N变为N+1（鼓励诚实标记）", "teardown_hint": "主链路末尾执行清理；中间步骤不清理，供下一条用例复用状态", "preconditions": ["已具备执行“确认标记结果”的前置业务状态"], "steps": ["核对标记并准备提交"], "test_input": "核对标记并准备提交", "expected_result": "确认标记结果完成，预览内容展示当前配置结果", "source_state": "marking_done", "target_state": "ready_submit", "action": "核对标记并准备提交", "transition_action": "核对标记并准备提交", "runnable": true}, {"case_id": "TC-005", "suite_order": 5, "execution_sequence": 5, "description": "提交自评结果-提交时统计答对题数计算积分对题数×1分", "test_module": "拍照对答案自评流程-提交自评结果", "priority": "P0", "role": "student", "session_key": "student_session", "depends_on": ["TC-004"], "fixture_key": "workflow_blueprint_chain_seed", "setup_hint": "依赖 TC-004 的执行结果：确认标记结果完成，预览内容展示当前配置结果", "teardown_hint": "主链路末尾执行清理；中间步骤不清理，供下一条用例复用状态", "preconditions": ["已逐题标记完成，出门测共5道题，标记3道做对2道做错"], "steps": ["1. 点击「提交标记」按钮", "2. 观察积分计算结果"], "test_input": "提交标记：3道做对、2道做错", "expected_result": "出门测模块得分=3分（答对题数×1分），答错题数2道不计分，模块得分等于该模块答对题数", "source_state": "ready_submit", "target_state": "submitted", "action": "1. 点击「提交标记」按钮", "transition_action": "提交标记并计算积分", "runnable": true}, {"case_id": "TC-006", "suite_order": 6, "execution_sequence": 6, "description": "触发相似题推荐", "test_module": "拍照对答案自评流程", "priority": "P0", "role": "student", "session_key": "student_session", "depends_on": ["TC-005"], "fixture_key": "workflow_blueprint_chain_seed", "setup_hint": "依赖 TC-005 的执行结果：出门测模块得分=3分（答对题数×1分），答错题数2道不计分，模块得分等于该模块答对题数", "teardown_hint": "主链路末尾执行清理；中间步骤不清理，供下一条用例复用状态", "preconditions": ["已具备执行“触发相似题推荐”的前置业务状态"], "steps": ["错题触发相似题推荐练习"], "test_input": "错题触发相似题推荐练习", "expected_result": "触发相似题推荐完成，下游页面展示最新业务结果", "source_state": "submitted", "target_state": "recommend_triggered", "action": "错题触发相似题推荐练习", "transition_action": "错题触发相似题推荐练习", "runnable": true}]}, {"suite_id": "permission_independent", "suite_name": "权限与鉴权", "execution_group": "permission", "run_mode": "isolated", "group_setup": "seed_permission_state_dataset()", "group_teardown": "reset_permission_state_dataset()", "case_count": 4, "roles": ["supervisor"], "fixture_keys": ["permission_state_dataset"], "missing_dependencies": [], "runnable": true, "warnings": [], "cases": [{"case_id": "TC-007", "suite_order": 1, "execution_sequence": 7, "description": "督导端开关组合-两个开关都关闭时学生直接查看答案", "test_module": "权限安全-督导端答案查看控制", "priority": "P0", "role": "supervisor", "session_key": "supervisor_session", "depends_on": [], "fixture_key": "permission_state_dataset", "setup_hint": "独立准备：督导端「查看答案需老师同意」开关为关闭；督导端「查看答案前需拍照上传」开关为关闭", "teardown_hint": "执行后恢复本用例改动的数据，避免影响其他独立用例", "preconditions": ["督导端「查看答案需老师同意」开关为关闭", "督导端「查看答案前需拍照上传」开关为关闭"], "steps": ["1. 学生在做题页面点击查看答案", "2. 观察流程是否需要审批或拍照"], "test_input": "两个答案查看控制开关均关闭", "expected_result": "学生点击查看答案后直接展示答案内容，无需老师审批，无需拍照上传", "source_state": "", "target_state": "", "action": "1. 学生在做题页面点击查看答案", "transition_action": "", "runnable": true}, {"case_id": "TC-008", "suite_order": 2, "execution_sequence": 8, "description": "督导端开关组合-两个开关都开启时流程为申请→老师同意→拍照上传→查看答案", "test_module": "权限安全-督导端答案查看控制", "priority": "P0", "role": "supervisor", "session_key": "supervisor_session", "depends_on": [], "fixture_key": "permission_state_dataset", "setup_hint": "独立准备：督导端「查看答案需老师同意」开关为开启；督导端「查看答案前需拍照上传」开关为开启", "teardown_hint": "执行后恢复本用例改动的数据，避免影响其他独立用例", "preconditions": ["督导端「查看答案需老师同意」开关为开启", "督导端「查看答案前需拍照上传」开关为开启"], "steps": ["1. 学生点击查看答案", "2. 观察是否需要老师审批", "3. 老师同意审批后观察是否弹出拍照弹窗", "4. 完成拍照并确认上传", "5. 观察是否展示答案"], "test_input": "两个答案查看控制开关均开启", "expected_result": "学生点击查看答案后先向老师发送审批请求；老师同意后弹出拍照弹窗；完成拍照确认上传后才能查看答案内容，流程为申请→老师同意→拍照上传→查看答案", "source_state": "", "target_state": "", "action": "1. 学生点击查看答案", "transition_action": "", "runnable": true}, {"case_id": "TC-009", "suite_order": 3, "execution_sequence": 9, "description": "督导端开关组合-仅开启查看答案前需拍照上传时流程为拍照上传→查看答案", "test_module": "权限安全-督导端答案查看控制", "priority": "P0", "role": "supervisor", "session_key": "supervisor_session", "depends_on": [], "fixture_key": "permission_state_dataset", "setup_hint": "独立准备：督导端学习规则设置中「查看答案需老师同意」开关为关闭；「查看答案前需拍照上传」开关为开启", "teardown_hint": "执行后恢复本用例改动的数据，避免影响其他独立用例", "preconditions": ["督导端学习规则设置中「查看答案需老师同意」开关为关闭", "「查看答案前需拍照上传」开关为开启"], "steps": ["1. 学生进入出门测做题页面", "2. 完成作答后点击「申请看答案」", "3. 系统弹出拍照弹窗，学生完成至少1张拍照并点击确认", "4. 照片上传成功后，系统直接展示对答案页面"], "test_input": "开关组合：同意=关，拍照=开", "expected_result": "学生无需向老师发起审批申请，完成拍照上传后直接进入对答案页面查看答案内容", "source_state": "", "target_state": "", "action": "1. 学生进入出门测做题页面", "transition_action": "", "runnable": true}, {"case_id": "TC-010", "suite_order": 4, "execution_sequence": 10, "description": "督导端开关组合-仅开启查看答案需老师同意时流程为申请→老师同意→查看答案", "test_module": "权限安全-督导端答案查看控制", "priority": "P0", "role": "supervisor", "session_key": "supervisor_session", "depends_on": [], "fixture_key": "permission_state_dataset", "setup_hint": "独立准备：督导端「查看答案需老师同意」开关为开启；督导端「查看答案前需拍照上传」开关为关闭", "teardown_hint": "执行后恢复本用例改动的数据，避免影响其他独立用例", "preconditions": ["督导端「查看答案需老师同意」开关为开启", "督导端「查看答案前需拍照上传」开关为关闭"], "steps": ["1. 学生点击查看答案", "2. 观察系统是否向老师发送审批请求", "3. 老师在督导端同意审批", "4. 观察学生端是否展示答案"], "test_input": "仅开启查看答案需老师同意", "expected_result": "学生点击查看答案后系统向老师发送审批请求，老师同意前学生无法看到答案内容；老师同意后学生端展示答案，无需拍照", "source_state": "", "target_state": "", "action": "1. 学生点击查看答案", "transition_action": "", "runnable": true}]}, {"suite_id": "exception_independent", "suite_name": "异常与失败路径", "execution_group": "exception", "run_mode": "isolated", "group_setup": "enable_fault_injection_for_case()", "group_teardown": "disable_fault_injection()", "case_count": 3, "roles": ["business_user", "student"], "fixture_keys": ["fault_injection_case"], "missing_dependencies": [], "runnable": true, "warnings": [], "cases": [{"case_id": "TC-012", "suite_order": 1, "execution_sequence": 11, "description": "拍照后未点确认直接关闭浏览器-照片未上传下次需重新拍照", "test_module": "异常恢复-拍照对答案流程", "priority": "P1", "role": "student", "session_key": "student_session", "depends_on": [], "fixture_key": "fault_injection_case", "setup_hint": "独立准备：督导端「查看答案前需拍照上传」开关为开启；学生已点击「申请看答案」弹出拍照弹窗并拍摄3张照片", "teardown_hint": "执行后恢复本用例改动的数据，避免影响其他独立用例", "preconditions": ["督导端「查看答案前需拍照上传」开关为开启", "学生已点击「申请看答案」弹出拍照弹窗并拍摄3张照片"], "steps": ["1. 在拍照弹窗中拍摄3张照片，不点击「已拍照，查看答案」确认按钮", "2. 直接关闭浏览器或标签页", "3. 重新打开浏览器并登录学生端，进入同一节课的出门测", "4. 再次点击「申请看答案」"], "test_input": "拍照3张后直接关闭浏览器", "expected_result": "1. 关闭浏览器后照片未上传至服务器；2. 重新触发拍照弹窗时，之前拍摄的3张照片丢失，已拍计数为0，缩略图列表为空，确认按钮置灰，需重新完成拍照流程", "source_state": "", "target_state": "", "action": "1. 在拍照弹窗中拍摄3张照片，不点击「已拍照，查看答案」确认按钮", "transition_action": "", "runnable": true}, {"case_id": "TC-011", "suite_order": 2, "execution_sequence": 12, "description": "断网时本地保存标记状态恢复后自动提交", "test_module": "异常恢复-对答案标记断网处理", "priority": "P0", "role": "business_user", "session_key": "business_user_session", "depends_on": [], "fixture_key": "fault_injection_case", "setup_hint": "独立准备：已进入对答案页面并标记3道题；网络断开", "teardown_hint": "执行后恢复本用例改动的数据，避免影响其他独立用例", "preconditions": ["已进入对答案页面并标记3道题", "网络断开"], "steps": ["1. 在断网状态下标记剩余2道题并点击提交", "2. 观察本地是否保存标记数据", "3. 恢复网络连接", "4. 观察系统是否自动提交标记结果"], "test_input": "断网时标记并提交，恢复网络", "expected_result": "断网时标记数据本地保存；网络恢复后系统自动提交标记结果，积分和错题本数据与标记一致，不丢失已标记状态", "source_state": "", "target_state": "", "action": "1. 在断网状态下标记剩余2道题并点击提交", "transition_action": "", "runnable": true}, {"case_id": "TC-013", "suite_order": 3, "execution_sequence": 13, "description": "刷新页面恢复之前的标记状态", "test_module": "异常恢复-对答案标记刷新恢复", "priority": "P1", "role": "business_user", "session_key": "business_user_session", "depends_on": [], "fixture_key": "fault_injection_case", "setup_hint": "独立准备：已进入对答案页面并标记3道题（2对1错）；尚未提交", "teardown_hint": "执行后恢复本用例改动的数据，避免影响其他独立用例", "preconditions": ["已进入对答案页面并标记3道题（2对1错）", "尚未提交"], "steps": ["1. 刷新浏览器页面", "2. 观察已标记的题目状态是否保留", "3. 观察未标记的题目状态"], "test_input": "标记3道后刷新页面", "expected_result": "刷新后已标记的3道题保持之前的对错标记状态（2道做对、1道做错），未标记的2道题仍为未标记状态，金币数保持刷新前数值", "source_state": "", "target_state": "", "action": "1. 刷新浏览器页面", "transition_action": "", "runnable": true}]}, {"suite_id": "boundary_independent", "suite_name": "边界数据", "execution_group": "boundary", "run_mode": "isolated", "group_setup": "seed_boundary_dataset()", "group_teardown": "delete_boundary_dataset()", "case_count": 5, "roles": ["business_user"], "fixture_keys": ["boundary_dataset"], "missing_dependencies": [], "runnable": true, "warnings": [], "cases": [{"case_id": "TC-014", "suite_order": 1, "execution_sequence": 14, "description": "相似题推荐-最多3轮每轮独立计分，某知识点全部答对后停止推荐该知识点", "test_module": "拍照对答案自评流程-触发相似题推荐", "priority": "P0", "role": "business_user", "session_key": "business_user_session", "depends_on": [], "fixture_key": "boundary_dataset", "setup_hint": "独立准备：出门测错题涉及知识点A和知识点B；每轮相似题3道题", "teardown_hint": "执行后恢复本用例改动的数据，避免影响其他独立用例", "preconditions": ["出门测错题涉及知识点A和知识点B", "每轮相似题3道题"], "steps": ["1. 进入第1轮相似题推荐（同难度），将知识点A的题全部答对、知识点B的题答错", "2. 提交第1轮标记，观察轮次指示器变化", "3. 进入第2轮（降低1级难度），观察知识点A是否继续推荐", "4. 将知识点B全部答对，提交第2轮标记", "5. 观察是否进入第3轮"], "test_input": "知识点A第1轮全对，知识点B第1轮错第2轮全对", "expected_result": "第1轮提交后知识点A停止推荐；第2轮仅推荐知识点B的相似题（难度降低1级），轮次指示器显示「第2轮」；知识点B第2轮全对后停止推荐，无剩余错题知识点，结束推荐不进入第3轮", "source_state": "", "target_state": "", "action": "1. 进入第1轮相似题推荐（同难度），将知识点A的题全部答对、知识点B的题答错", "transition_action": "", "runnable": true}, {"case_id": "TC-018", "suite_order": 2, "execution_sequence": 15, "description": "出门测与基础巩固至少完成一个才可进入后续流程", "test_module": "边界状态回滚-流程解锁约束", "priority": "P2", "role": "business_user", "session_key": "business_user_session", "depends_on": [], "fixture_key": "boundary_dataset", "setup_hint": "独立准备：出门测和基础巩固均未完成；本课配置了基础巩固模块", "teardown_hint": "执行后恢复本用例改动的数据，避免影响其他独立用例", "preconditions": ["出门测和基础巩固均未完成", "本课配置了基础巩固模块"], "steps": ["1. 尝试点击左侧导航中后续流程步骤（如讲知识&错题）", "2. 完成出门测模块并提交", "3. 再次尝试进入后续流程步骤"], "test_input": "出门测和基础巩固均未完成时尝试进入后续步骤", "expected_result": "未完成出门测和基础巩固时，后续流程步骤不可进入（导航项置灰或提示需先完成）；完成出门测后，后续流程步骤解锁可进入", "source_state": "", "target_state": "", "action": "1. 尝试点击左侧导航中后续流程步骤（如讲知识&错题）", "transition_action": "", "runnable": true}, {"case_id": "TC-015", "suite_order": 3, "execution_sequence": 16, "description": "最高分计算公式验证-各模块题数之和加相似题最多可答题数", "test_module": "独立功能-最高分计算", "priority": "P2", "role": "business_user", "session_key": "business_user_session", "depends_on": [], "fixture_key": "boundary_dataset", "setup_hint": "独立准备：快问快答10题、牛刀小试5题、出门测5题、基础巩固5题、相似题每轮3题", "teardown_hint": "执行后恢复本用例改动的数据，避免影响其他独立用例", "preconditions": ["快问快答10题、牛刀小试5题、出门测5题、基础巩固5题、相似题每轮3题"], "steps": ["1. 查看本节课最高分配置", "2. 验证最高分计算公式", "3. 对比实际最高分数值"], "test_input": "快问快答10+牛刀小试5+出门测5+基础巩固5+相似题3轮×3题", "expected_result": "最高分=10+5+5+5+9=34分，与需求举例一致；最高分=快问快答题数+牛刀小试题数+出门测题数+基础巩固题数+相似题最多可答题数（3轮×每轮题数）", "source_state": "", "target_state": "", "action": "1. 查看本节课最高分配置", "transition_action": "", "runnable": true}, {"case_id": "TC-017", "suite_order": 4, "execution_sequence": 17, "description": "基础巩固本课未配置时不展示入口", "test_module": "边界状态回滚-模块配置缺失", "priority": "P2", "role": "business_user", "session_key": "business_user_session", "depends_on": [], "fixture_key": "boundary_dataset", "setup_hint": "独立准备：本课程未配置基础巩固(ABS测试)题目", "teardown_hint": "执行后恢复本用例改动的数据，避免影响其他独立用例", "preconditions": ["本课程未配置基础巩固(ABS测试)题目"], "steps": ["1. 进入课程页面查看左侧导航和模块列表", "2. 搜索基础巩固模块入口"], "test_input": "本课未配置基础巩固题目", "expected_result": "页面中不展示基础巩固模块的入口，左侧导航中无基础巩固步骤项，最高分计算中基础巩固题数为0", "source_state": "", "target_state": "", "action": "1. 进入课程页面查看左侧导航和模块列表", "transition_action": "", "runnable": true}, {"case_id": "TC-016", "suite_order": 5, "execution_sequence": 18, "description": "快问快答中途退出不计分不记录", "test_module": "边界状态回滚-模块中途退出", "priority": "P2", "role": "business_user", "session_key": "business_user_session", "depends_on": [], "fixture_key": "boundary_dataset", "setup_hint": "独立准备：快问快答模块共10题；已完成5题后中途退出", "teardown_hint": "执行后恢复本用例改动的数据，避免影响其他独立用例", "preconditions": ["快问快答模块共10题", "已完成5题后中途退出"], "steps": ["1. 进入快问快答模块完成5题", "2. 中途退出模块（不完成全部题目）", "3. 查看模块得分记录", "4. 重新进入快问快答模块观察是否从0开始"], "test_input": "快问快答完成5题后中途退出", "expected_result": "中途退出后模块不计分、不记录历史得分；重新进入时从0开始做题，之前中途退出的5题不计入任何分数", "source_state": "", "target_state": "", "action": "1. 进入快问快答模块完成5题", "transition_action": "", "runnable": true}]}, {"suite_id": "independent_functional_independent", "suite_name": "独立功能", "execution_group": "independent_functional", "run_mode": "isolated", "group_setup": "seed_functional_dataset()", "group_teardown": "cleanup_functional_dataset()", "case_count": 10, "roles": ["business_user", "student", "supervisor"], "fixture_keys": ["independent_functional_dataset"], "missing_dependencies": [], "runnable": true, "warnings": [], "cases": [{"case_id": "TC-027", "suite_order": 1, "execution_sequence": 19, "description": "结束庆祝页金币发放幂等-重复刷新结果页金币只发放一次", "test_module": "结束庆祝逻辑", "priority": "P2", "role": "business_user", "session_key": "business_user_session", "depends_on": [], "fixture_key": "independent_functional_dataset", "setup_hint": "独立准备：学生已完成出门测及相似题加练；结束庆祝页已展示，金币已发放", "teardown_hint": "执行后恢复本用例改动的数据，避免影响其他独立用例", "preconditions": ["学生已完成出门测及相似题加练", "结束庆祝页已展示，金币已发放"], "steps": ["1. 记录当前顶部总金币数", "2. 刷新结束庆祝结果页", "3. 再次观察顶部总金币数"], "test_input": "刷新已发放金币的庆祝结果页", "expected_result": "刷新后顶部总金币数与刷新前一致，金币不会重复发放；页面正常显示静态结果内容和金币数值", "source_state": "", "target_state": "", "action": "1. 记录当前顶部总金币数", "transition_action": "", "runnable": true}, {"case_id": "TC-021", "suite_order": 2, "execution_sequence": 20, "description": "可反复刷模块重新进入修改对错后历史最高分更新", "test_module": "课中积分逻辑", "priority": "P0", "role": "student", "session_key": "student_session", "depends_on": [], "fixture_key": "independent_functional_dataset", "setup_hint": "独立准备：学生已完成牛刀小试，答对3题（共5题），当前最高分为3分；牛刀小试为可反复刷模块", "teardown_hint": "执行后恢复本用例改动的数据，避免影响其他独立用例", "preconditions": ["学生已完成牛刀小试，答对3题（共5题），当前最高分为3分", "牛刀小试为可反复刷模块"], "steps": ["1. 学生重新进入牛刀小试模块", "2. 修改之前标记的答案，将1道错题改为对题", "3. 提交自评结果，观察模块得分"], "test_input": "重新进入牛刀小试修改1道错题为对题", "expected_result": "提交后模块得分更新为4分（4题答对），历史最高分从3分更新为4分；若修改后得分低于历史最高分则保持原最高分不变", "source_state": "", "target_state": "", "action": "1. 学生重新进入牛刀小试模块", "transition_action": "", "runnable": true}, {"case_id": "TC-028", "suite_order": 3, "execution_sequence": 21, "description": "奖励进度条动态计算-实时填充已获金币/总金币并提示再得X金币拿满奖励", "test_module": "课中积分逻辑", "priority": "P2", "role": "business_user", "session_key": "business_user_session", "depends_on": [], "fixture_key": "independent_functional_dataset", "setup_hint": "独立准备：本节课总金币170；当前已获金币120", "teardown_hint": "执行后恢复本用例改动的数据，避免影响其他独立用例", "preconditions": ["本节课总金币170", "当前已获金币120"], "steps": ["1. 观察顶部奖励进度条当前填充比例", "2. 观察右侧提示文案", "3. 完成下一阶段获得20金币", "4. 再次观察进度条填充比例及右侧提示文案"], "test_input": "已获120/总170，新增20金币", "expected_result": "1. 初始进度条填充约70.6%；2. 初始提示「再得50金币拿满奖励」；3. 获得20金币后进度条实时更新填充至约82.4%；4. 提示文案动态更新为「再得30金币拿满奖励」", "source_state": "", "target_state": "", "action": "1. 观察顶部奖励进度条当前填充比例", "transition_action": "", "runnable": true}, {"case_id": "TC-022", "suite_order": 4, "execution_sequence": 22, "description": "左侧导航步骤卡片展开时箭头旋转180°收起时复位", "test_module": "左侧导航交互", "priority": "P1", "role": "business_user", "session_key": "business_user_session", "depends_on": [], "fixture_key": "independent_functional_dataset", "setup_hint": "独立准备：学生已进入课中学习页面；步骤卡片处于收起状态，箭头指向下方", "teardown_hint": "执行后恢复本用例改动的数据，避免影响其他独立用例", "preconditions": ["学生已进入课中学习页面", "步骤卡片处于收起状态，箭头指向下方"], "steps": ["1. 点击某一步骤卡片使其展开，观察箭头方向", "2. 再次点击该步骤卡片使其收起，观察箭头方向"], "test_input": "点击同一步骤卡片两次", "expected_result": "展开时箭头旋转180°指向上方；收起时箭头恢复原位指向下方", "source_state": "", "target_state": "", "action": "1. 点击某一步骤卡片使其展开，观察箭头方向", "transition_action": "", "runnable": true}, {"case_id": "TC-026", "suite_order": 5, "execution_sequence": 23, "description": "左侧导航手风琴效果-展开一个步骤时自动收起其他步骤", "test_module": "左侧导航交互", "priority": "P2", "role": "business_user", "session_key": "business_user_session", "depends_on": [], "fixture_key": "independent_functional_dataset", "setup_hint": "独立准备：学生已进入课中学习页面；左侧导航包含多个步骤卡片", "teardown_hint": "执行后恢复本用例改动的数据，避免影响其他独立用例", "preconditions": ["学生已进入课中学习页面", "左侧导航包含多个步骤卡片"], "steps": ["1. 点击左侧导航中「第一步 复习」步骤卡片，观察其展开", "2. 点击左侧导航中「第四步 随堂测」步骤卡片，观察变化"], "test_input": "依次点击两个不同步骤卡片", "expected_result": "点击「第四步 随堂测」后，该步骤内容目录向下展开，同时「第一步 复习」内容目录自动收起，同一时刻仅一个步骤处于展开状态", "source_state": "", "target_state": "", "action": "1. 点击左侧导航中「第一步 复习」步骤卡片，观察其展开", "transition_action": "", "runnable": true}, {"case_id": "TC-025", "suite_order": 6, "execution_sequence": 24, "description": "允许拖动视频进度条-关闭后学生无法拖动进度条但倍速播放不受影响", "test_module": "督导端学习进度控制", "priority": "P1", "role": "supervisor", "session_key": "supervisor_session", "depends_on": [], "fixture_key": "independent_functional_dataset", "setup_hint": "独立准备：督导端已关闭「允许拖动视频进度条」设置；学生正在观看视频讲解", "teardown_hint": "执行后恢复本用例改动的数据，避免影响其他独立用例", "preconditions": ["督导端已关闭「允许拖动视频进度条」设置", "学生正在观看视频讲解"], "steps": ["1. 学生尝试拖动视频进度条快进或回退", "2. 学生点击倍速播放按钮切换播放速度"], "test_input": "关闭拖动进度条设置后的视频操作", "expected_result": "视频进度条不可拖动，学生无法快进或跳转到任意时间点；倍速播放功能正常可用，不受此设置影响", "source_state": "", "target_state": "", "action": "1. 学生尝试拖动视频进度条快进或回退", "transition_action": "", "runnable": true}, {"case_id": "TC-024", "suite_order": 7, "execution_sequence": 25, "description": "确认标记结果-全部标记后显示提交标记按钮显示对X/总Y", "test_module": "拍照对答案自评流程-确认标记结果", "priority": "P1", "role": "business_user", "session_key": "business_user_session", "depends_on": [], "fixture_key": "independent_functional_dataset", "setup_hint": "独立准备：已进入对答案页面；出门测共5道题", "teardown_hint": "执行后恢复本用例改动的数据，避免影响其他独立用例", "preconditions": ["已进入对答案页面", "出门测共5道题"], "steps": ["1. 逐题标记所有5道题的对错状态", "2. 观察底部提交按钮的变化"], "test_input": "标记3道做对、2道做错", "expected_result": "底部显示「提交标记 (对3/总5)」按钮，按钮可点击；按钮中X值为标记做对的题数，Y值为总题数", "source_state": "", "target_state": "", "action": "1. 逐题标记所有5道题的对错状态", "transition_action": "", "runnable": true}, {"case_id": "TC-019", "suite_order": 8, "execution_sequence": 26, "description": "拍照上传-照片自动附加水印包含学生ID+时间戳+课程名称", "test_module": "拍照对答案自评流程-拍照上传作业", "priority": "P0", "role": "supervisor", "session_key": "supervisor_session", "depends_on": [], "fixture_key": "independent_functional_dataset", "setup_hint": "独立准备：拍照弹窗已弹出；学生ID为STU001，课程名称为「认识多位数」", "teardown_hint": "执行后恢复本用例改动的数据，避免影响其他独立用例", "preconditions": ["拍照弹窗已弹出", "学生ID为STU001，课程名称为「认识多位数」"], "steps": ["1. 点击拍照按钮拍摄1张照片", "2. 在督导端查看上传的照片", "3. 检查照片水印内容"], "test_input": "拍摄1张照片并确认上传", "expected_result": "督导端收到的照片上可见水印，水印包含学生ID「STU001」、拍摄时间戳、课程名称「认识多位数」三项信息", "source_state": "", "target_state": "", "action": "1. 点击拍照按钮拍摄1张照片", "transition_action": "", "runnable": true}, {"case_id": "TC-020", "suite_order": 9, "execution_sequence": 27, "description": "相似题推荐轮次难度递减-第1轮同难度，第2轮降低1级，第3轮降低2级", "test_module": "拍照对答案自评流程-触发相似题推荐", "priority": "P0", "role": "business_user", "session_key": "business_user_session", "depends_on": [], "fixture_key": "independent_functional_dataset", "setup_hint": "独立准备：出门测提交后存在错题；触发相似题推荐；题库配置了3轮不同难度的相似题", "teardown_hint": "执行后恢复本用例改动的数据，避免影响其他独立用例", "preconditions": ["出门测提交后存在错题", "触发相似题推荐", "题库配置了3轮不同难度的相似题"], "steps": ["1. 进入第1轮举一反三练习题，检查题目标注及难度", "2. 提交第1轮且存在错题，进入第2轮，检查题目标注及难度", "3. 提交第2轮且存在错题，进入第3轮，检查题目标注及难度"], "test_input": "连续3轮均存在错题", "expected_result": "1. 第1轮题目标注「针对出门测第X题」，难度与原错题相同；2. 第2轮题目标注包含「难度降低」，难度比原错题低1级；3. 第3轮题目标注包含「难度降低」，难度比原错题低2级", "source_state": "", "target_state": "", "action": "1. 进入第1轮举一反三练习题，检查题目标注及难度", "transition_action": "", "runnable": true}, {"case_id": "TC-023", "suite_order": 10, "execution_sequence": 28, "description": "拍照确认-至少拍1张后点击确认，照片上传至服务器转发督导端并提示发送成功", "test_module": "拍照对答案自评流程-拍照上传作业", "priority": "P1", "role": "supervisor", "session_key": "supervisor_session", "depends_on": [], "fixture_key": "independent_functional_dataset", "setup_hint": "独立准备：已拍摄1张照片，确认按钮可点击", "teardown_hint": "执行后恢复本用例改动的数据，避免影响其他独立用例", "preconditions": ["已拍摄1张照片，确认按钮可点击"], "steps": ["1. 点击「已拍照，查看答案」确认按钮", "2. 观察学生端是否弹出提示", "3. 在督导端检查是否收到照片", "4. 观察页面跳转结果"], "test_input": "拍摄1张照片后点击确认按钮", "expected_result": "照片立即上传至服务器并转发到督导端；学生端弹出提示「照片已发送至督导端，老师可查看你的原始作业」；随后直接进入对答案页面", "source_state": "", "target_state": "", "action": "1. 点击「已拍照，查看答案」确认按钮", "transition_action": "", "runnable": true}]}, {"suite_id": "display_independent", "suite_name": "展示与查询", "execution_group": "display", "run_mode": "isolated", "group_setup": "seed_display_ready_dataset()", "group_teardown": "delete_display_ready_dataset()", "case_count": 7, "roles": ["business_user", "student", "supervisor"], "fixture_keys": ["display_ready_dataset"], "missing_dependencies": [], "runnable": true, "warnings": [], "cases": [{"case_id": "TC-035", "suite_order": 1, "execution_sequence": 29, "description": "庆祝动画播放时退出或刷新-直接显示静态结果页金币已正常发放", "test_module": "结束庆祝逻辑", "priority": "P2", "role": "business_user", "session_key": "business_user_session", "depends_on": [], "fixture_key": "display_ready_dataset", "setup_hint": "独立准备：学生刚完成出门测阶段；庆祝动画正在播放中（奖杯弹跳、金币滚动）", "teardown_hint": "执行后恢复本用例改动的数据，避免影响其他独立用例", "preconditions": ["学生刚完成出门测阶段", "庆祝动画正在播放中（奖杯弹跳、金币滚动）"], "steps": ["1. 在动画播放期间（约0.8秒奖杯弹跳+1秒金币滚动）刷新页面", "2. 观察页面展示状态和金币数"], "test_input": "动画播放期间刷新页面", "expected_result": "页面直接显示静态结果页（无动画），金币已正常发放到顶部总金币数，进度条已同步更新", "source_state": "", "target_state": "", "action": "1. 在动画播放期间（约0.8秒奖杯弹跳+1秒金币滚动）刷新页面", "transition_action": "", "runnable": true}, {"case_id": "TC-033", "suite_order": 2, "execution_sequence": 30, "description": "按学习计划顺序学习-开启后学生无法跳过节次和自选课程", "test_module": "督导端学习进度控制", "priority": "P1", "role": "supervisor", "session_key": "supervisor_session", "depends_on": [], "fixture_key": "display_ready_dataset", "setup_hint": "独立准备：督导端已开启「按学习计划顺序学习」设置；学生当前节次为第2讲，第3讲尚未解锁；学习计划中包含多节课程", "teardown_hint": "执行后恢复本用例改动的数据，避免影响其他独立用例", "preconditions": ["督导端已开启「按学习计划顺序学习」设置", "学生当前节次为第2讲，第3讲尚未解锁", "学习计划中包含多节课程"], "steps": ["1. 学生尝试在课程列表中选择第5讲的课程", "2. 学生尝试跳过当前节次直接进入第3讲", "3. 学生完成第2讲全部学习任务后，查看第3讲状态"], "test_input": "开启顺序学习设置后的学生操作", "expected_result": "学生无法在课程列表中自选第5讲，课程列表中非当前节次不可点击；无法跳过第2讲进入第3讲；完成第2讲全部任务后第3讲自动解锁变为可进入状态", "source_state": "", "target_state": "", "action": "1. 学生尝试在课程列表中选择第5讲的课程", "transition_action": "", "runnable": true}, {"case_id": "TC-029", "suite_order": 3, "execution_sequence": 31, "description": "拍照取消-点击稍后再拍关闭弹窗返回做题页面不保存任何照片", "test_module": "拍照对答案自评流程-拍照上传作业", "priority": "P0", "role": "business_user", "session_key": "business_user_session", "depends_on": [], "fixture_key": "display_ready_dataset", "setup_hint": "独立准备：督导端「查看答案前需拍照上传」开关为开启；学生已点击「申请看答案」并弹出拍照弹窗；已拍摄2张照片", "teardown_hint": "执行后恢复本用例改动的数据，避免影响其他独立用例", "preconditions": ["督导端「查看答案前需拍照上传」开关为开启", "学生已点击「申请看答案」并弹出拍照弹窗", "已拍摄2张照片"], "steps": ["1. 在拍照弹窗中点击「稍后再拍」按钮", "2. 观察弹窗状态及做题页面状态", "3. 再次点击「申请看答案」触发拍照弹窗", "4. 检查已拍照片计数及缩略图列表"], "test_input": "点击稍后再拍", "expected_result": "1. 弹窗立即关闭，返回做题页面；2. 之前拍摄的2张照片不被保存和上传；3. 再次触发拍照弹窗时，已拍照片计数为0，缩略图列表为空，确认按钮置灰", "source_state": "", "target_state": "", "action": "1. 在拍照弹窗中点击「稍后再拍」按钮", "transition_action": "", "runnable": true}, {"case_id": "TC-030", "suite_order": 4, "execution_sequence": 32, "description": "拍照确认-确认后学生端不保留不展示任何已拍照片", "test_module": "拍照对答案自评流程-拍照上传作业", "priority": "P0", "role": "student", "session_key": "student_session", "depends_on": [], "fixture_key": "display_ready_dataset", "setup_hint": "独立准备：已拍摄2张照片并点击确认按钮完成上传", "teardown_hint": "执行后恢复本用例改动的数据，避免影响其他独立用例", "preconditions": ["已拍摄2张照片并点击确认按钮完成上传"], "steps": ["1. 确认上传后进入对答案页面", "2. 返回做题页面或任意页面检查是否有照片残留展示", "3. 检查本地存储是否保留照片数据"], "test_input": "确认上传后检查照片残留", "expected_result": "学生端所有页面均不展示已拍照片缩略图，本地不保留照片数据，仅显示「发送成功」提示文字", "source_state": "", "target_state": "", "action": "1. 确认上传后进入对答案页面", "transition_action": "", "runnable": true}, {"case_id": "TC-031", "suite_order": 5, "execution_sequence": 33, "description": "照片管理-删除单张照片后计数更新，照片数为0时确认按钮置灰", "test_module": "拍照对答案自评流程-拍照上传作业", "priority": "P0", "role": "business_user", "session_key": "business_user_session", "depends_on": [], "fixture_key": "display_ready_dataset", "setup_hint": "独立准备：已拍摄2张照片，计数显示「已拍2张」，确认按钮可点击", "teardown_hint": "执行后恢复本用例改动的数据，避免影响其他独立用例", "preconditions": ["已拍摄2张照片，计数显示「已拍2张」，确认按钮可点击"], "steps": ["1. 点击第1张缩略图右上角「×」删除按钮", "2. 观察计数和确认按钮状态", "3. 点击第2张缩略图右上角「×」删除按钮", "4. 观察计数和确认按钮状态"], "test_input": "依次删除2张已拍照片", "expected_result": "删除第1张后计数变为「已拍1张」，缩略图列表仅剩1张，确认按钮仍可点击；删除第2张后计数变为「已拍0张」，缩略图列表为空，确认按钮变为置灰不可点击", "source_state": "", "target_state": "", "action": "1. 点击第1张缩略图右上角「×」删除按钮", "transition_action": "", "runnable": true}, {"case_id": "TC-032", "suite_order": 6, "execution_sequence": 34, "description": "申请查看答案-老师拍照设置关闭时跳过拍照直接进入对答案页面", "test_module": "拍照对答案自评流程-申请查看答案", "priority": "P1", "role": "supervisor", "session_key": "supervisor_session", "depends_on": [], "fixture_key": "display_ready_dataset", "setup_hint": "独立准备：学生已完成出门测纸上作答；督导端「查看答案前需拍照上传」开关为关闭状态", "teardown_hint": "执行后恢复本用例改动的数据，避免影响其他独立用例", "preconditions": ["学生已完成出门测纸上作答", "督导端「查看答案前需拍照上传」开关为关闭状态"], "steps": ["1. 学生在出门测页面点击「申请看答案」按钮", "2. 观察系统是否弹出拍照弹窗", "3. 观察页面跳转结果"], "test_input": "点击「申请看答案」按钮，拍照设置关闭", "expected_result": "不弹出拍照弹窗，直接跳转进入对答案页面，页面展示题号+正确答案及标记按钮", "source_state": "", "target_state": "", "action": "1. 学生在出门测页面点击「申请看答案」按钮", "transition_action": "", "runnable": true}, {"case_id": "TC-034", "suite_order": 7, "execution_sequence": 35, "description": "申请查看答案-老师拍照设置开启时弹出拍照弹窗必须完成拍照才能查看答案", "test_module": "拍照对答案自评流程-申请查看答案", "priority": "P2", "role": "supervisor", "session_key": "supervisor_session", "depends_on": [], "fixture_key": "display_ready_dataset", "setup_hint": "独立准备：学生已完成出门测纸上作答；督导端「查看答案前需拍照上传」开关为开启状态", "teardown_hint": "执行后恢复本用例改动的数据，避免影响其他独立用例", "preconditions": ["学生已完成出门测纸上作答", "督导端「查看答案前需拍照上传」开关为开启状态"], "steps": ["1. 学生在出门测页面点击「申请看答案」按钮", "2. 观察是否弹出拍照弹窗", "3. 尝试不拍照直接关闭弹窗", "4. 观察是否能看到答案内容"], "test_input": "点击「申请看答案」按钮，拍照设置开启", "expected_result": "弹出拍照弹窗，标题为「请先拍照上传作业」；不拍照无法查看答案内容，关闭弹窗后返回做题页面", "source_state": "", "target_state": "", "action": "1. 学生在出门测页面点击「申请看答案」按钮", "transition_action": "", "runnable": true}]}], "flat_run_order": [{"run_index": 1, "suite_index": 1, "suite_id": "main_smoke_chain", "suite_name": "主链路冒烟", "case_id": "TC-001", "execution_sequence": 1, "depends_on": [], "role": "student", "session_key": "student_session", "fixture_key": "workflow_blueprint_chain_seed"}, {"run_index": 2, "suite_index": 1, "suite_id": "main_smoke_chain", "suite_name": "主链路冒烟", "case_id": "TC-002", "execution_sequence": 2, "depends_on": ["TC-001"], "role": "student", "session_key": "student_session", "fixture_key": "workflow_blueprint_chain_seed"}, {"run_index": 3, "suite_index": 1, "suite_id": "main_smoke_chain", "suite_name": "主链路冒烟", "case_id": "TC-003", "execution_sequence": 3, "depends_on": ["TC-002"], "role": "student", "session_key": "student_session", "fixture_key": "workflow_blueprint_chain_seed"}, {"run_index": 4, "suite_index": 1, "suite_id": "main_smoke_chain", "suite_name": "主链路冒烟", "case_id": "TC-004", "execution_sequence": 4, "depends_on": ["TC-003"], "role": "student", "session_key": "student_session", "fixture_key": "workflow_blueprint_chain_seed"}, {"run_index": 5, "suite_index": 1, "suite_id": "main_smoke_chain", "suite_name": "主链路冒烟", "case_id": "TC-005", "execution_sequence": 5, "depends_on": ["TC-004"], "role": "student", "session_key": "student_session", "fixture_key": "workflow_blueprint_chain_seed"}, {"run_index": 6, "suite_index": 1, "suite_id": "main_smoke_chain", "suite_name": "主链路冒烟", "case_id": "TC-006", "execution_sequence": 6, "depends_on": ["TC-005"], "role": "student", "session_key": "student_session", "fixture_key": "workflow_blueprint_chain_seed"}, {"run_index": 7, "suite_index": 2, "suite_id": "permission_independent", "suite_name": "权限与鉴权", "case_id": "TC-007", "execution_sequence": 7, "depends_on": [], "role": "supervisor", "session_key": "supervisor_session", "fixture_key": "permission_state_dataset"}, {"run_index": 8, "suite_index": 2, "suite_id": "permission_independent", "suite_name": "权限与鉴权", "case_id": "TC-008", "execution_sequence": 8, "depends_on": [], "role": "supervisor", "session_key": "supervisor_session", "fixture_key": "permission_state_dataset"}, {"run_index": 9, "suite_index": 2, "suite_id": "permission_independent", "suite_name": "权限与鉴权", "case_id": "TC-009", "execution_sequence": 9, "depends_on": [], "role": "supervisor", "session_key": "supervisor_session", "fixture_key": "permission_state_dataset"}, {"run_index": 10, "suite_index": 2, "suite_id": "permission_independent", "suite_name": "权限与鉴权", "case_id": "TC-010", "execution_sequence": 10, "depends_on": [], "role": "supervisor", "session_key": "supervisor_session", "fixture_key": "permission_state_dataset"}, {"run_index": 11, "suite_index": 3, "suite_id": "exception_independent", "suite_name": "异常与失败路径", "case_id": "TC-012", "execution_sequence": 11, "depends_on": [], "role": "student", "session_key": "student_session", "fixture_key": "fault_injection_case"}, {"run_index": 12, "suite_index": 3, "suite_id": "exception_independent", "suite_name": "异常与失败路径", "case_id": "TC-011", "execution_sequence": 12, "depends_on": [], "role": "business_user", "session_key": "business_user_session", "fixture_key": "fault_injection_case"}, {"run_index": 13, "suite_index": 3, "suite_id": "exception_independent", "suite_name": "异常与失败路径", "case_id": "TC-013", "execution_sequence": 13, "depends_on": [], "role": "business_user", "session_key": "business_user_session", "fixture_key": "fault_injection_case"}, {"run_index": 14, "suite_index": 4, "suite_id": "boundary_independent", "suite_name": "边界数据", "case_id": "TC-014", "execution_sequence": 14, "depends_on": [], "role": "business_user", "session_key": "business_user_session", "fixture_key": "boundary_dataset"}, {"run_index": 15, "suite_index": 4, "suite_id": "boundary_independent", "suite_name": "边界数据", "case_id": "TC-018", "execution_sequence": 15, "depends_on": [], "role": "business_user", "session_key": "business_user_session", "fixture_key": "boundary_dataset"}, {"run_index": 16, "suite_index": 4, "suite_id": "boundary_independent", "suite_name": "边界数据", "case_id": "TC-015", "execution_sequence": 16, "depends_on": [], "role": "business_user", "session_key": "business_user_session", "fixture_key": "boundary_dataset"}, {"run_index": 17, "suite_index": 4, "suite_id": "boundary_independent", "suite_name": "边界数据", "case_id": "TC-017", "execution_sequence": 17, "depends_on": [], "role": "business_user", "session_key": "business_user_session", "fixture_key": "boundary_dataset"}, {"run_index": 18, "suite_index": 4, "suite_id": "boundary_independent", "suite_name": "边界数据", "case_id": "TC-016", "execution_sequence": 18, "depends_on": [], "role": "business_user", "session_key": "business_user_session", "fixture_key": "boundary_dataset"}, {"run_index": 19, "suite_index": 5, "suite_id": "independent_functional_independent", "suite_name": "独立功能", "case_id": "TC-027", "execution_sequence": 19, "depends_on": [], "role": "business_user", "session_key": "business_user_session", "fixture_key": "independent_functional_dataset"}, {"run_index": 20, "suite_index": 5, "suite_id": "independent_functional_independent", "suite_name": "独立功能", "case_id": "TC-021", "execution_sequence": 20, "depends_on": [], "role": "student", "session_key": "student_session", "fixture_key": "independent_functional_dataset"}, {"run_index": 21, "suite_index": 5, "suite_id": "independent_functional_independent", "suite_name": "独立功能", "case_id": "TC-028", "execution_sequence": 21, "depends_on": [], "role": "business_user", "session_key": "business_user_session", "fixture_key": "independent_functional_dataset"}, {"run_index": 22, "suite_index": 5, "suite_id": "independent_functional_independent", "suite_name": "独立功能", "case_id": "TC-022", "execution_sequence": 22, "depends_on": [], "role": "business_user", "session_key": "business_user_session", "fixture_key": "independent_functional_dataset"}, {"run_index": 23, "suite_index": 5, "suite_id": "independent_functional_independent", "suite_name": "独立功能", "case_id": "TC-026", "execution_sequence": 23, "depends_on": [], "role": "business_user", "session_key": "business_user_session", "fixture_key": "independent_functional_dataset"}, {"run_index": 24, "suite_index": 5, "suite_id": "independent_functional_independent", "suite_name": "独立功能", "case_id": "TC-025", "execution_sequence": 24, "depends_on": [], "role": "supervisor", "session_key": "supervisor_session", "fixture_key": "independent_functional_dataset"}, {"run_index": 25, "suite_index": 5, "suite_id": "independent_functional_independent", "suite_name": "独立功能", "case_id": "TC-024", "execution_sequence": 25, "depends_on": [], "role": "business_user", "session_key": "business_user_session", "fixture_key": "independent_functional_dataset"}, {"run_index": 26, "suite_index": 5, "suite_id": "independent_functional_independent", "suite_name": "独立功能", "case_id": "TC-019", "execution_sequence": 26, "depends_on": [], "role": "supervisor", "session_key": "supervisor_session", "fixture_key": "independent_functional_dataset"}, {"run_index": 27, "suite_index": 5, "suite_id": "independent_functional_independent", "suite_name": "独立功能", "case_id": "TC-020", "execution_sequence": 27, "depends_on": [], "role": "business_user", "session_key": "business_user_session", "fixture_key": "independent_functional_dataset"}, {"run_index": 28, "suite_index": 5, "suite_id": "independent_functional_independent", "suite_name": "独立功能", "case_id": "TC-023", "execution_sequence": 28, "depends_on": [], "role": "supervisor", "session_key": "supervisor_session", "fixture_key": "independent_functional_dataset"}, {"run_index": 29, "suite_index": 6, "suite_id": "display_independent", "suite_name": "展示与查询", "case_id": "TC-035", "execution_sequence": 29, "depends_on": [], "role": "business_user", "session_key": "business_user_session", "fixture_key": "display_ready_dataset"}, {"run_index": 30, "suite_index": 6, "suite_id": "display_independent", "suite_name": "展示与查询", "case_id": "TC-033", "execution_sequence": 30, "depends_on": [], "role": "supervisor", "session_key": "supervisor_session", "fixture_key": "display_ready_dataset"}, {"run_index": 31, "suite_index": 6, "suite_id": "display_independent", "suite_name": "展示与查询", "case_id": "TC-029", "execution_sequence": 31, "depends_on": [], "role": "business_user", "session_key": "business_user_session", "fixture_key": "display_ready_dataset"}, {"run_index": 32, "suite_index": 6, "suite_id": "display_independent", "suite_name": "展示与查询", "case_id": "TC-030", "execution_sequence": 32, "depends_on": [], "role": "student", "session_key": "student_session", "fixture_key": "display_ready_dataset"}, {"run_index": 33, "suite_index": 6, "suite_id": "display_independent", "suite_name": "展示与查询", "case_id": "TC-031", "execution_sequence": 33, "depends_on": [], "role": "business_user", "session_key": "business_user_session", "fixture_key": "display_ready_dataset"}, {"run_index": 34, "suite_index": 6, "suite_id": "display_independent", "suite_name": "展示与查询", "case_id": "TC-032", "execution_sequence": 34, "depends_on": [], "role": "supervisor", "session_key": "supervisor_session", "fixture_key": "display_ready_dataset"}, {"run_index": 35, "suite_index": 6, "suite_id": "display_independent", "suite_name": "展示与查询", "case_id": "TC-034", "execution_sequence": 35, "depends_on": [], "role": "supervisor", "session_key": "supervisor_session", "fixture_key": "display_ready_dataset"}]}}
GEN_DIAG:{"kind": "generation_persisted", "generation_id": 514, "project_id": 8, "request_id": "59a2f31f0e1a4a12a4aaa62109da3773"}
GEN_DIAG:{"kind": "generation_timing_ledger", "schema_version": "1.0", "generation_id": 514, "project_id": 8, "request_id": "59a2f31f0e1a4a12a4aaa62109da3773", "mode": "multi_pass", "multi_pass": true, "duration_by_stage_ms": {"prepare_total": 3942, "client_resolution": 2, "linked_final_case_signal": 772, "append_existing_lookup": 0, "snapshot_gate": 0, "hybrid_context": 2948, "feedback_control_state": 204, "current_requirement_blueprint": 10, "requirement_compress": 0, "kb_context_compress": 0, "meta_analysis": 5444, "primary": 224600, "stream_generation_phase": 230177, "gap": 0, "review": 848, "final_shortfall": 28846, "postprocess_total": 36214}, "event_count": 18, "events": [{"stage": "client_resolution", "duration_ms": 2, "db_available": true, "user_scoped": true}, {"stage": "requirement_compression_decision", "duration_ms": 1, "char_count": 9464, "min_chars": 12000, "should_compress": false}, {"stage": "linked_final_case_signal", "duration_ms": 772, "linked_final_case_count": 0, "source_doc_count": 0}, {"stage": "memory_fabric_init", "duration_ms": 0, "available": true}, {"stage": "snapshot_gate", "duration_ms": 0, "active_db_session": true, "proceed": true, "snapshot_wait_result": "gate_disabled_proceed"}, {"stage": "hybrid_context", "duration_ms": 2948, "context_source": "snapshot+rag", "kb_chars": 9259, "snapshot_used": true, "realtime_rag_used": true, "abort_generation": false}, {"stage": "feedback_control_state", "duration_ms": 204, "workflow_blueprint_count": 0, "linked_final_case_count": 0}, {"stage": "current_requirement_blueprint", "duration_ms": 10, "status": "applied", "count": 1, "step_count": 6, "max_tokens": 1600}, {"stage": "prepare_total", "duration_ms": 3942, "status": "completed", "db_available": true, "append": false, "compression_requested": false, "kb_chars": 9259, "context_source": "snapshot+rag"}, {"stage": "meta_analysis", "duration_ms": 5444, "system_type": "Tablet + Web", "complexity": "High"}, {"stage": "primary_batch_attempt", "duration_ms": 146389, "batch_index": 1, "total_batches": 2, "attempt": 1, "requested_count": 25, "response_chars": 10599, "attempt_status": "parsed", "provider_error": "", "parsed_case_count": 25}, {"stage": "primary_batch_attempt", "duration_ms": 78187, "batch_index": 2, "total_batches": 2, "attempt": 1, "requested_count": 11, "response_chars": 4669, "attempt_status": "parsed", "provider_error": "", "parsed_case_count": 9}, {"stage": "primary_batches", "duration_ms": 224600, "total_batches": 2, "completed_batches": 2, "batch_size": 25, "expected_count": 36, "early_stop_triggered": false, "early_stop_reason": ""}, {"stage": "stream_generation_phase", "duration_ms": 230177, "total_batches": 2, "completed_batches": 2}, {"stage": "postprocess_initial_parse_filter", "duration_ms": 284, "primary_count": 34, "input_chars": 14257}, {"stage": "review_selection", "duration_ms": 848, "candidate_count": 34, "llm_pool_count": 20, "selected_count": 32, "llm_invoked": false, "llm_applied": false, "llm_skip_reason": "llm_pool_within_constraint_window"}, {"stage": "final_shortfall_supplement", "duration_ms": 28846, "attempted": true, "applied": true, "added_count": 5, "reason": "", "debug": "{'target_floor_count': 29, 'start_count': 27, 'supplement_needed': 5, 'batch_size': 10, 'batch_plan': [5], 'batches': [{'batch_index': 1, 'batch_goal': 5, 'prompt_chars': 13328, 'max_tokens': 3500, 'response_chars': 1946, 'response_preview': '{\"cases\":[{\"id\":\"TC-028\",\"test_module\":\"权限安全-督导端答案查看控制\",\""}, {"stage": "postprocess_total", "duration_ms": 36214, "final_count": 35, "candidate_count_before_review": 34, "review_selected_count": 32}]}
GEN_DIAG:{"kind": "generation_mode", "mode": "multi_pass", "biz_keys": ["unknown"], "current_biz_key": "unknown", "multi_pass": true}
GEN_DIAG:{"kind": "generation_stage", "stage": "primary", "case_count": 34, "duration_ms": 224600, "multi_pass": true, "generation_mode": "multi_pass"}
GEN_DIAG:{"kind": "generation_stage", "stage": "gap", "case_count": 0, "duration_ms": 0, "multi_pass": true, "generation_mode": "multi_pass"}
GEN_DIAG:{"kind": "generation_stage", "stage": "review", "case_count": 32, "duration_ms": 848, "multi_pass": true, "generation_mode": "multi_pass"}
GEN_DIAG:{"kind": "gen_diag", "mode": "stream", "doc_type": "requirement", "compress": false, "expected_count": 36, "generated_count": 35, "content_length": 9464, "kb_length": 9259, "model": "glm-5.1", "max_tokens": 10000, "multi_pass": true, "generation_mode": "multi_pass", "context_compression_ratio": 0.4916, "context_retained_chunk_count": 1, "context_relevance_distribution": {"sample_size": 1, "high_count": 1, "medium_count": 0, "low_count": 0, "high_ratio": 1.0, "medium_ratio": 0.0, "low_ratio": 0.0, "mean_score": 0.935, "min_score": 0.935, "max_score": 0.935}}
GEN_DIAG:{"kind": "generation_context_compression", "context_source": "snapshot+rag", "input_chars": 3255, "output_chars": 1600, "compression_ratio": 0.4916, "compression_rate": 0.5084, "input_chunk_count": 12, "retained_chunk_count": 1, "chunk_retention_ratio": 0.0833, "relevance_distribution": {"sample_size": 1, "high_count": 1, "medium_count": 0, "low_count": 0, "high_ratio": 1.0, "medium_ratio": 0.0, "low_ratio": 0.0, "mean_score": 0.935, "min_score": 0.935, "max_score": 0.935}, "snapshot_id": "37", "corpus_hash": "fe3e128d2f714c8967f3c08b52c0c12604fce973e68fd8ee2be08f9b6893606e", "retrieval_hash": "4f1b8a92e5a2673d", "multi_pass": true, "generation_mode": "multi_pass", "request_id": "59a2f31f0e1a4a12a4aaa62109da3773"}
GEN_DIAG:{"kind": "generation_convergence", "suggested_count": 36, "final_count": 35, "reference_gap": 1, "converged": true, "duplication_rate_estimate": 0.0, "primary_count": 34, "gap_count": 0, "review_count": 32, "candidate_count_before_review": 34, "review_selected_count": 32, "post_review_dedup_drop": 0, "judge_reject_count": 0, "judge_pending_count": 1, "judge_pass_count": 31, "final_input_count": 31, "final_output_count": 35, "final_non_judge_drop_count": 0, "scenario_duplicate_pruned_count": 0, "post_review_dedup_reorder_drop_count": 0, "final_description_dedup_drop_count": 0, "total_dedup_drop_count": 0, "gap_attempts": 0, "gap_remaining_after_attempts": 0, "missing_rules_count": 0, "missing_types_exists": false, "low_quality_dropped_count": 1, "low_quality_dropped_examples": [{"stage": "post_judge_quality_filter", "reason": "non_assertable_expected_result", "case_id": "TC-023", "test_module": "错题流向", "priority": "P1", "description": "错题三端同步-错题同时进入学生端错题本、督导端习题集、课后报告", "expected_result": "学生端错题本包含该2道出门测错题及对应相似题；督导端习题集全部错题中包含该2道题；课后报告错题打包中包含该2道题，三端数据一致"}], "postprocess_filter_drop_total": 1, "semantic_dedup_dropped_count": 0, "governance_hard_drop_count": 0, "duplicate_pruned_count": 0, "invalid_pruned_count": 1, "quality_rejected_count": 1, "review_selector_pruned_count": 1, "valid_unique_candidate_count": 34, "generation_coverage_mode": "standard_regression", "requested_generation_mode": "", "effective_generation_coverage_mode_source": "feedback_control_state", "explicit_generation_mode_override": false, "explicit_expected_count_floor_preserved": false, "expected_count": 36, "expected_count_explicit": true, "recommended_min": 30, "recommended_max": 50, "target_final_count": 36, "soft_min_count": 29, "hard_min_count": 25, "min_acceptable_final": 29, "target_satisfaction_ratio": 0.9722, "underfilled": false, "underfill_level": "", "underfill_reason": "", "underfill_root_cause": "", "append_target_count": 0, "append_final_cap_count": 0, "append_cap_drop_count": 0, "flow_governance": {"applied": true, "reason": "", "scenario_policy_registry_version": 1, "scenario_policy_registered_count": 93, "scenario_policy_candidate_count": 0, "scenario_policy_pending_candidate_count": 0, "domain_policy_registered_count": 4, "scenario_policy_domains": {"ai_wrong_question_teaching": 10, "recent_course_scheduling": 7, "essay_writing": 23, "course_access": 2, "general": 51}, "scenario_policy_sources": {"manual_seed": 1, "registry": 16, "legacy_duplicate_policy": 19, "legacy_coverage_pattern": 28, "legacy_judge_duplicate_policy": 29}, "scenario_policy_documents": [], "flow_reordered": true, "flow_order": ["stage:出_测_基础巩固答错后触发", "stage:最高分计算", "stage:页面结构", "stage:打印", "stage:奖励进度条", "stage:左侧导航交互", "stage:触发条件", "stage:弹窗展示", "stage:拍照", "stage:照片管理", "stage:确认与取消", "stage:设置总览", "stage:学习进度控制", "stage:答案查看控制", "stage:前置条件", "stage:页面展示", "stage:逐题标记即时反馈", "stage:提交与极限情况", "stage:做题", "stage:对答案与自评", "stage:提交后处理", "stage:金币计算", "stage:动画效果"], "cross_cutting_order": [], "scenario_duplicate_pruned_count": 0, "scenario_duplicate_pruned_indices": [], "scenario_cap_policy": {}, "scenario_duplicate_cluster_count": 8, "flow_misordered_count_before": 3, "missing_flow_stage_count": 14, "registry_impact": {"registry_version": 1, "total_policies_available": 93, "candidate_policies_active": 0, "candidate_policies_pending": 0, "primary_domain": "", "scenario_kinds_seen": {"workflow_navigation": 7, "title_format": 2, "sorting_limit": 2, "source_consistency": 4, "semantic": 2, "filter_toggle": 7, "statistics": 1, "feedback": 1, "print_export": 1, "network_error": 1, "media_preview": 4}, "policies_matched": [{"key": "workflow_navigation", "domain": "general", "source": "legacy_coverage_pattern", "specific": false, "default_cap": 2, "mode_cap": null, "cross_module": false, "judge_duplicate": false, "judge_threshold": {"score": 0.2, "overlap": 5}, "status": "active", "documents": []}, {"key": "title_format", "domain": "general", "source": "legacy_coverage_pattern", "specific": false, "default_cap": 1, "mode_cap": null, "cross_module": false, "judge_duplicate": false, "judge_threshold": {"score": 0.2, "overlap": 5}, "status": "active", "documents": []}, {"key": "sorting_limit", "domain": "general", "source": "legacy_coverage_pattern", "specific": false, "default_cap": 1, "mode_cap": null, "cross_module": false, "judge_duplicate": false, "judge_threshold": {"score": 0.2, "overlap": 5}, "status": "active", "documents": []}, {"key": "source_consistency", "domain": "general", "source": "legacy_coverage_pattern", "specific": false, "default_cap": 1, "mode_cap": null, "cross_module": false, "judge_duplicate": false, "judge_threshold": {"score": 0.2, "overlap": 5}, "status": "active", "documents": []}, {"key": "filter_toggle", "domain": "general", "source": "legacy_coverage_pattern", "specific": false, "default_cap": 1, "mode_cap": null, "cross_module": false, "judge_duplicate": false, "judge_threshold": {"score": 0.2, "overlap": 5}, "status": "active", "documents": []}, {"key": "statistics", "domain": "general", "source": "legacy_coverage_pattern", "specific": false, "default_cap": 2, "mode_cap": null, "cross_module": false, "judge_duplicate": false, "judge_threshold": {"score": 0.2, "overlap": 5}, "status": "active", "documents": []}, {"key": "feedback", "domain": "general", "source": "legacy_coverage_pattern", "specific": false, "default_cap": 1, "mode_cap": null, "cross_module": false, "judge_duplicate": false, "judge_threshold": {"score": 0.2, "overlap": 5}, "status": "active", "documents": []}, {"key": "print_export", "domain": "general", "source": "legacy_coverage_pattern", "specific": false, "default_cap": 1, "mode_cap": null, "cross_module": false, "judge_duplicate": false, "judge_threshold": {"score": 0.2, "overlap": 5}, "status": "active", "documents": []}, {"key": "network_error", "domain": "general", "source": "legacy_coverage_pattern", "specific": false, "default_cap": 1, "mode_cap": null, "cross_module": false, "judge_duplicate": false, "judge_threshold": {"score": 0.2, "overlap": 5}, "status": "active", "documents": []}, {"key": "media_preview", "domain": "general", "source": "legacy_coverage_pattern", "specific": false, "default_cap": 1, "mode_cap": null, "cross_module": false, "judge_duplicate": false, "judge_threshold": {"score": 0.2, "overlap": 5}, "status": "active", "documents": []}], "matched_documents": [], "caps_applied": {"workflow_navigation": 2, "title_format": 1, "sorting_limit": 1, "source_consistency": 1, "filter_toggle": 1, "statistics": 2, "feedback": 1, "print_export": 1, "network_error": 1, "media_preview": 1}, "judge_thresholds_used": {}, "cross_module_policies_in_effect": []}, "relaxed_for_floor_backfill": true}, "needs_priority_review": false, "priority_conflict_count": 0, "priority_undetermined_count": 0, "priority_optional_count": 0, "reasons": ["quality_converged_before_reference_count", "low_quality_filtered", "flow_structure_reordered"], "generation_target_case_range": {"min": 30, "max": 50}, "multi_pass": true, "generation_mode": "multi_pass"}
GEN_DIAG:{"kind": "review_decision_summary", "candidate_total": 34, "retained_total": 27, "dropped_total": 7, "flow_order": ["stage:出_测_基础巩固答错后触发", "stage:最高分计算", "stage:页面结构", "stage:打印", "stage:奖励进度条", "stage:左侧导航交互", "stage:触发条件", "stage:弹窗展示", "stage:拍照", "stage:照片管理", "stage:确认与取消", "stage:设置总览", "stage:学习进度控制", "stage:答案查看控制", "stage:前置条件", "stage:页面展示", "stage:逐题标记即时反馈", "stage:提交与极限情况", "stage:做题", "stage:对答案与自评", "stage:提交后处理", "stage:金币计算", "stage:动画效果"], "flow_labels": {"stage:出_测_基础巩固答错后触发": "出⻔测、基础巩固答错后触发", "stage:最高分计算": "最高分计算", "stage:页面结构": "页面结构", "stage:打印": "打印", "stage:奖励进度条": "奖励进度条", "stage:左侧导航交互": "左侧导航交互", "stage:触发条件": "触发条件", "stage:弹窗展示": "弹窗展示", "stage:拍照": "拍照流程", "stage:照片管理": "照片管理", "stage:确认与取消": "确认与取消(核心调整)", "stage:设置总览": "设置总览", "stage:学习进度控制": "学习进度控制", "stage:答案查看控制": "答案查看控制", "stage:前置条件": "前置条件", "stage:页面展示": "页面展示", "stage:逐题标记即时反馈": "逐题标记即时反馈", "stage:提交与极限情况": "提交与极限情况", "stage:做题": "做题流程", "stage:对答案与自评": "对答案与自评", "stage:提交后处理": "提交后处理", "stage:金币计算": "金币计算", "stage:动画效果": "动画效果(看ziyi的设计)"}, "flow_stage_breakdown": {"stage:答案查看控制": 4, "stage:出_测_基础巩固答错后触发": 4, "stage:对答案与自评": 13, "stage:最高分计算": 3, "stage:学习进度控制": 3, "stage:逐题标记即时反馈": 4, "stage:左侧导航交互": 2, "stage:奖励进度条": 1}, "flow_missing_stages": ["stage:页面结构", "stage:打印", "stage:触发条件", "stage:弹窗展示", "stage:拍照", "stage:照片管理", "stage:确认与取消", "stage:设置总览", "stage:前置条件", "stage:页面展示", "stage:提交与极限情况", "stage:做题", "stage:提交后处理", "stage:金币计算", "stage:动画效果"], "flow_missing_stage_count": 15, "flow_misordered_count": 19, "scenario_duplicate_cluster_count": 9, "scenario_duplicate_case_count": 18, "scenario_duplicate_clusters": [{"cluster_id": "SC-001", "scenario_key": "stage:答案查看控制:filter_toggle:obj:督导_导端_端答", "group_type": "scenario", "size": 3, "first_case_id": "TC-019", "candidate_indices": [1, 3, 14]}, {"cluster_id": "SC-002", "scenario_key": "stage:答案查看控制:intent:open:督导_导端_端答:content", "group_type": "intent", "size": 2, "first_case_id": "TC-018", "candidate_indices": [3, 14]}, {"cluster_id": "SC-003", "scenario_key": "stage:对答案与自评:media_preview:obj:拍照_照对_对答", "group_type": "scenario", "size": 7, "first_case_id": "TC-009", "candidate_indices": [4, 5, 6, 7, 11, 12, 15]}, {"cluster_id": "SC-004", "scenario_key": "stage:对答案与自评:intent:open:拍照_照对_对答:navigate", "group_type": "intent", "size": 4, "first_case_id": "TC-009", "candidate_indices": [4, 6, 10, 23]}, {"cluster_id": "SC-005", "scenario_key": "stage:对答案与自评:intent:open:拍照_照对_对答:status", "group_type": "intent", "size": 2, "first_case_id": "TC-005", "candidate_indices": [5, 7]}, {"cluster_id": "SC-006", "scenario_key": "stage:对答案与自评:intent:open:拍照_照对_对答:toast", "group_type": "intent", "size": 2, "first_case_id": "TC-007", "candidate_indices": [12, 15]}, {"cluster_id": "SC-007", "scenario_key": "stage:学习进度控制:intent:open:督导_导端_端学:navigate", "group_type": "intent", "size": 3, "first_case_id": "TC-029", "candidate_indices": [17, 19, 31]}, {"cluster_id": "SC-008", "scenario_key": "stage:逐题标记即时反馈:intent:submit:拍照_照对_对答:content", "group_type": "intent", "size": 2, "first_case_id": "TC-012", "candidate_indices": [20, 21]}, {"cluster_id": "SC-009", "scenario_key": "stage:逐题标记即时反馈:feedback:obj:拍照_照对_对答", "group_type": "scenario", "size": 2, "first_case_id": "TC-011", "candidate_indices": [26, 27]}], "final_flow_stage_breakdown": {"stage:答案查看控制": 5, "stage:拍照": 1, "stage:对答案与自评": 10, "stage:出_测_基础巩固答错后触发": 3, "stage:最高分计算": 3, "stage:奖励进度条": 2, "stage:左侧导航交互": 2, "stage:学习进度控制": 2, "stage:逐题标记即时反馈": 1}, "final_flow_missing_stages": ["stage:页面结构", "stage:打印", "stage:触发条件", "stage:弹窗展示", "stage:照片管理", "stage:确认与取消", "stage:设置总览", "stage:前置条件", "stage:页面展示", "stage:提交与极限情况", "stage:做题", "stage:提交后处理", "stage:金币计算", "stage:动画效果"], "final_flow_missing_stage_count": 14, "final_flow_misordered_count": 0, "final_scenario_duplicate_cluster_count": 0, "final_scenario_duplicate_case_count": 0, "final_scenario_duplicate_clusters": [], "final_scenario_duplicate_raw_cluster_count": 9, "final_scenario_duplicate_raw_case_count": 16, "final_order_flow_governance": {"applied": true, "reason": "", "scenario_policy_registry_version": 1, "scenario_policy_registered_count": 93, "scenario_policy_candidate_count": 0, "scenario_policy_pending_candidate_count": 0, "domain_policy_registered_count": 4, "scenario_policy_domains": {"ai_wrong_question_teaching": 10, "recent_course_scheduling": 7, "essay_writing": 23, "course_access": 2, "general": 51}, "scenario_policy_sources": {"manual_seed": 1, "registry": 16, "legacy_duplicate_policy": 19, "legacy_coverage_pattern": 28, "legacy_judge_duplicate_policy": 29}, "scenario_policy_documents": [], "flow_reordered": true, "flow_order": ["stage:出_测_基础巩固答错后触发", "stage:最高分计算", "stage:页面结构", "stage:打印", "stage:奖励进度条", "stage:左侧导航交互", "stage:触发条件", "stage:弹窗展示", "stage:拍照", "stage:照片管理", "stage:确认与取消", "stage:设置总览", "stage:学习进度控制", "stage:答案查看控制", "stage:前置条件", "stage:页面展示", "stage:逐题标记即时反馈", "stage:提交与极限情况", "stage:做题", "stage:对答案与自评", "stage:提交后处理", "stage:金币计算", "stage:动画效果"], "cross_cutting_order": [], "scenario_duplicate_pruned_count": 0, "scenario_duplicate_pruned_indices": [], "scenario_cap_policy": {}, "scenario_duplicate_cluster_count": 7, "flow_misordered_count_before": 0, "missing_flow_stage_count": 14, "registry_impact": {"registry_version": 1, "total_policies_available": 93, "candidate_policies_active": 0, "candidate_policies_pending": 0, "primary_domain": "", "scenario_kinds_seen": {"filter_toggle": 7, "network_error": 1, "sorting_limit": 2, "source_consistency": 4, "workflow_navigation": 7, "media_preview": 4, "semantic": 2, "print_export": 1, "title_format": 1}, "policies_matched": [{"key": "filter_toggle", "domain": "general", "source": "legacy_coverage_pattern", "specific": false, "default_cap": 1, "mode_cap": null, "cross_module": false, "judge_duplicate": false, "judge_threshold": {"score": 0.2, "overlap": 5}, "status": "active", "documents": []}, {"key": "network_error", "domain": "general", "source": "legacy_coverage_pattern", "specific": false, "default_cap": 1, "mode_cap": null, "cross_module": false, "judge_duplicate": false, "judge_threshold": {"score": 0.2, "overlap": 5}, "status": "active", "documents": []}, {"key": "sorting_limit", "domain": "general", "source": "legacy_coverage_pattern", "specific": false, "default_cap": 1, "mode_cap": null, "cross_module": false, "judge_duplicate": false, "judge_threshold": {"score": 0.2, "overlap": 5}, "status": "active", "documents": []}, {"key": "source_consistency", "domain": "general", "source": "legacy_coverage_pattern", "specific": false, "default_cap": 1, "mode_cap": null, "cross_module": false, "judge_duplicate": false, "judge_threshold": {"score": 0.2, "overlap": 5}, "status": "active", "documents": []}, {"key": "workflow_navigation", "domain": "general", "source": "legacy_coverage_pattern", "specific": false, "default_cap": 2, "mode_cap": null, "cross_module": false, "judge_duplicate": false, "judge_threshold": {"score": 0.2, "overlap": 5}, "status": "active", "documents": []}, {"key": "media_preview", "domain": "general", "source": "legacy_coverage_pattern", "specific": false, "default_cap": 1, "mode_cap": null, "cross_module": false, "judge_duplicate": false, "judge_threshold": {"score": 0.2, "overlap": 5}, "status": "active", "documents": []}, {"key": "print_export", "domain": "general", "source": "legacy_coverage_pattern", "specific": false, "default_cap": 1, "mode_cap": null, "cross_module": false, "judge_duplicate": false, "judge_threshold": {"score": 0.2, "overlap": 5}, "status": "active", "documents": []}, {"key": "title_format", "domain": "general", "source": "legacy_coverage_pattern", "specific": false, "default_cap": 1, "mode_cap": null, "cross_module": false, "judge_duplicate": false, "judge_threshold": {"score": 0.2, "overlap": 5}, "status": "active", "documents": []}], "matched_documents": [], "caps_applied": {"filter_toggle": 1, "network_error": 1, "sorting_limit": 1, "source_consistency": 1, "workflow_navigation": 2, "media_preview": 1, "print_export": 1, "title_format": 1}, "judge_thresholds_used": {}, "cross_module_policies_in_effect": []}, "execution_orchestration_plan": {"plan_first": true, "planned_case_count": 35, "main_chain_case_count": 6, "side_suite_count": 5, "execution_group_order": ["main_smoke", "permission", "exception", "boundary", "independent_functional", "display"], "main_chain": [{"case_id": "TC-001", "execution_sequence": 1, "main_chain_step": 1, "stage": "entry", "stage_kind": "consume", "source_state": "initial", "target_state": "photo_popup", "role": "student", "depends_on": []}, {"case_id": "TC-002", "execution_sequence": 2, "main_chain_step": 2, "stage": "configure", "stage_kind": "completion_sync", "source_state": "photo_popup", "target_state": "photo_uploaded", "role": "student", "depends_on": ["TC-001"]}, {"case_id": "TC-003", "execution_sequence": 3, "main_chain_step": 3, "stage": "edit", "stage_kind": "edit", "source_state": "photo_uploaded", "target_state": "marking_done", "role": "student", "depends_on": ["TC-002"]}, {"case_id": "TC-004", "execution_sequence": 4, "main_chain_step": 4, "stage": "preview", "stage_kind": "preview", "source_state": "marking_done", "target_state": "ready_submit", "role": "student", "depends_on": ["TC-003"]}, {"case_id": "TC-005", "execution_sequence": 5, "main_chain_step": 5, "stage": "commit", "stage_kind": "commit", "source_state": "ready_submit", "target_state": "submitted", "role": "student", "depends_on": ["TC-004"]}, {"case_id": "TC-006", "execution_sequence": 6, "main_chain_step": 6, "stage": "downstream_visibility", "stage_kind": "downstream_visibility", "source_state": "submitted", "target_state": "recommend_triggered", "role": "student", "depends_on": ["TC-005"]}], "side_suites": [{"suite_id": "permission_suite", "execution_group": "permission", "rank": 1, "case_ids": ["TC-007", "TC-008", "TC-009", "TC-010"], "case_count": 4}, {"suite_id": "exception_suite", "execution_group": "exception", "rank": 2, "case_ids": ["TC-012", "TC-011", "TC-013"], "case_count": 3}, {"suite_id": "boundary_suite", "execution_group": "boundary", "rank": 3, "case_ids": ["TC-014", "TC-018", "TC-015", "TC-017", "TC-016"], "case_count": 5}, {"suite_id": "independent_functional_suite", "execution_group": "independent_functional", "rank": 4, "case_ids": ["TC-027", "TC-021", "TC-028", "TC-022", "TC-026", "TC-025", "TC-024", "TC-019", "TC-020", "TC-023"], "case_count": 10}, {"suite_id": "display_suite", "execution_group": "display", "rank": 5, "case_ids": ["TC-035", "TC-033", "TC-029", "TC-030", "TC-031", "TC-032", "TC-034"], "case_count": 7}]}, "execution_group_order": ["main_smoke", "permission", "exception", "boundary", "independent_functional", "display"]}, "final_execution_group_order": ["main_smoke", "permission", "exception", "boundary", "independent_functional", "display"], "final_execution_orchestration_plan": {"plan_first": true, "planned_case_count": 35, "main_chain_case_count": 6, "side_suite_count": 5, "execution_group_order": ["main_smoke", "permission", "exception", "boundary", "independent_functional", "display"], "main_chain": [{"case_id": "TC-001", "execution_sequence": 1, "main_chain_step": 1, "stage": "entry", "stage_kind": "consume", "source_state": "initial", "target_state": "photo_popup", "role": "student", "depends_on": []}, {"case_id": "TC-002", "execution_sequence": 2, "main_chain_step": 2, "stage": "configure", "stage_kind": "completion_sync", "source_state": "photo_popup", "target_state": "photo_uploaded", "role": "student", "depends_on": ["TC-001"]}, {"case_id": "TC-003", "execution_sequence": 3, "main_chain_step": 3, "stage": "edit", "stage_kind": "edit", "source_state": "photo_uploaded", "target_state": "marking_done", "role": "student", "depends_on": ["TC-002"]}, {"case_id": "TC-004", "execution_sequence": 4, "main_chain_step": 4, "stage": "preview", "stage_kind": "preview", "source_state": "marking_done", "target_state": "ready_submit", "role": "student", "depends_on": ["TC-003"]}, {"case_id": "TC-005", "execution_sequence": 5, "main_chain_step": 5, "stage": "commit", "stage_kind": "commit", "source_state": "ready_submit", "target_state": "submitted", "role": "student", "depends_on": ["TC-004"]}, {"case_id": "TC-006", "execution_sequence": 6, "main_chain_step": 6, "stage": "downstream_visibility", "stage_kind": "downstream_visibility", "source_state": "submitted", "target_state": "recommend_triggered", "role": "student", "depends_on": ["TC-005"]}], "side_suites": [{"suite_id": "permission_suite", "execution_group": "permission", "rank": 1, "case_ids": ["TC-007", "TC-008", "TC-009", "TC-010"], "case_count": 4}, {"suite_id": "exception_suite", "execution_group": "exception", "rank": 2, "case_ids": ["TC-012", "TC-011", "TC-013"], "case_count": 3}, {"suite_id": "boundary_suite", "execution_group": "boundary", "rank": 3, "case_ids": ["TC-014", "TC-018", "TC-015", "TC-017", "TC-016"], "case_count": 5}, {"suite_id": "independent_functional_suite", "execution_group": "independent_functional", "rank": 4, "case_ids": ["TC-027", "TC-021", "TC-028", "TC-022", "TC-026", "TC-025", "TC-024", "TC-019", "TC-020", "TC-023"], "case_count": 10}, {"suite_id": "display_suite", "execution_group": "display", "rank": 5, "case_ids": ["TC-035", "TC-033", "TC-029", "TC-030", "TC-031", "TC-032", "TC-034"], "case_count": 7}]}, "fact_profile_source": "requirement_semantics", "fact_profile_confidence": 0.0, "fact_profile_confirmed_count": 5, "fact_profile_forbidden_count": 0, "fact_profile_pending_count": 0, "project_profile_source": "document_extracted", "project_profile_confidence": 0.0, "flow_governance_applied": true, "flow_reordered": true, "flow_governance_reason": "", "scenario_duplicate_pruned_count": 0, "scenario_duplicate_pruned_indices": [], "execution_plan": {"applied": true, "coverage_mode": "standard_regression", "workflow_blueprint_count": 1, "trusted_workflow_contract_count": 0, "current_requirement_blueprint_count": 1, "plan_workflow_blueprint_count": 1, "workflow_blueprint_source": "current_requirement_blueprint", "linear_executable": true, "linear_scope": "main_smoke_chain_only", "main_chain_case_count": 6, "main_chain_stage_order": ["entry", "configure", "edit", "preview", "commit", "downstream_visibility"], "main_chain_stage_kinds": ["consume", "completion_sync", "edit", "preview", "commit", "downstream_visibility"], "main_chain_incomplete_reason": "", "derived_workflow_debug": {"candidate_total": 32, "action_state_candidate_count": 0, "primary_candidate_count": 0, "fallback_candidate_count": 0, "selected_candidate_count": 0, "closure_reason": ""}, "main_chain_excluded_candidates": [{"case_id": "TC-003", "description": "相似题推荐-最多3轮每轮独立计分，某知识点全部答对后停止推荐该知识点", "stage_key": "entry", "reason": "boundary_capacity"}, {"case_id": "TC-004", "description": "相似题推荐轮次难度递减-第1轮同难度，第2轮降低1级，第3轮降低2级", "stage_key": "entry", "reason": "stage_action_not_supported_by_case_text"}, {"case_id": "TC-013", "description": "拍照后未点确认直接关闭浏览器-照片未上传下次需重新拍照", "stage_key": "entry", "reason": "blocking_negative"}, {"case_id": "TC-020", "description": "督导端开关组合-仅开启查看答案前需拍照上传时流程为拍照上传→查看答案", "stage_key": "entry", "reason": "student_role_with_management_surface_text"}, {"case_id": "TC-028", "description": "拍照取消-点击稍后再拍关闭弹窗返回做题页面不保存任何照片", "stage_key": "entry", "reason": "blocking_negative"}, {"case_id": "TC-031", "description": "申请查看答案-老师拍照设置关闭时跳过拍照直接进入对答案页面", "stage_key": "entry", "reason": "student_role_with_management_surface_text"}, {"case_id": "TC-032", "description": "申请查看答案-老师拍照设置开启时弹出拍照弹窗必须完成拍照才能查看答案", "stage_key": "entry", "reason": "blocking_negative"}, {"case_id": "TC-017", "description": "督导端开关组合-两个开关都开启时流程为申请→老师同意→拍照上传→查看答案", "stage_key": "configure", "reason": "stage_action_not_supported_by_case_text"}, {"case_id": "TC-018", "description": "督导端开关组合-两个开关都关闭时学生直接查看答案", "stage_key": "configure", "reason": "stage_action_not_supported_by_case_text"}, {"case_id": "TC-020", "description": "督导端开关组合-仅开启查看答案前需拍照上传时流程为拍照上传→查看答案", "stage_key": "configure", "reason": "stage_action_not_supported_by_case_text"}, {"case_id": "TC-025", "description": "拍照确认-确认后学生端不保留不展示任何已拍照片", "stage_key": "configure", "reason": "reset_or_abort_case_in_main_smoke"}, {"case_id": "TC-026", "description": "拍照上传-照片自动附加水印包含学生ID+时间戳+课程名称", "stage_key": "configure", "reason": "stage_text_lacks_completion_sync"}, {"case_id": "TC-027", "description": "照片管理-删除单张照片后计数更新，照片数为0时确认按钮置灰", "stage_key": "configure", "reason": "destructive_action"}, {"case_id": "TC-029", "description": "拍照确认-至少拍1张后点击确认，照片上传至服务器转发督导端并提示发送成功", "stage_key": "configure", "reason": "stage_text_lacks_completion_sync"}, {"case_id": "TC-031", "description": "申请查看答案-老师拍照设置关闭时跳过拍照直接进入对答案页面", "stage_key": "configure", "reason": "stage_action_not_supported_by_case_text"}, {"case_id": "TC-007", "description": "可反复刷模块重新进入修改对错后历史最高分更新", "stage_key": "edit", "reason": "reset_or_abort_case_in_main_smoke"}, {"case_id": "TC-021", "description": "提交自评结果-提交时统计答对题数计算积分对题数×1分", "stage_key": "edit", "reason": "stage_text_lacks_edit_action"}, {"case_id": "TC-023", "description": "确认标记结果-全部标记后显示提交标记按钮显示对X/总Y", "stage_key": "edit", "reason": "stage_text_lacks_edit_action"}, {"case_id": "TC-024", "description": "断网时本地保存标记状态恢复后自动提交", "stage_key": "edit", "reason": "blocking_negative"}, {"case_id": "TC-026", "description": "拍照上传-照片自动附加水印包含学生ID+时间戳+课程名称", "stage_key": "edit", "reason": "stage_action_not_supported_by_case_text"}, {"case_id": "TC-029", "description": "拍照确认-至少拍1张后点击确认，照片上传至服务器转发督导端并提示发送成功", "stage_key": "edit", "reason": "stage_action_not_supported_by_case_text"}, {"case_id": "TC-030", "description": "刷新页面恢复之前的标记状态", "stage_key": "edit", "reason": "blocking_negative"}, {"case_id": "TC-021", "description": "提交自评结果-提交时统计答对题数计算积分对题数×1分", "stage_key": "preview", "reason": "stage_text_lacks_preview_action"}, {"case_id": "TC-023", "description": "确认标记结果-全部标记后显示提交标记按钮显示对X/总Y", "stage_key": "preview", "reason": "stage_text_lacks_preview_action"}, {"case_id": "TC-006", "description": "出门测与基础巩固至少完成一个才可进入后续流程", "stage_key": "commit", "reason": "boundary_capacity"}, {"case_id": "TC-008", "description": "奖励进度条动态计算-实时填充已获金币/总金币并提示再得X金币拿满奖励", "stage_key": "commit", "reason": "stage_action_not_supported_by_case_text"}, {"case_id": "TC-009", "description": "最高分计算公式验证-各模块题数之和加相似题最多可答题数", "stage_key": "downstream_visibility", "reason": "boundary_capacity"}], "independent_case_count": 29, "isolation_case_count": 29, "role_switch_count": 0, "broken_dependency_count": 0, "state_conflict_count": 0, "state_conflicts": [], "selected_stage_state_conflicts": [], "semantic_conflict_count": 0, "semantic_conflicts": [], "execution_group_breakdown": {"boundary": 5, "display": 7, "exception": 3, "independent_functional": 10, "main_smoke": 6, "permission": 4}, "execution_group_order": ["main_smoke", "permission", "exception", "boundary", "independent_functional", "display"], "execution_orchestration_plan": {"plan_first": true, "planned_case_count": 35, "main_chain_case_count": 6, "side_suite_count": 5, "execution_group_order": ["main_smoke", "permission", "exception", "boundary", "independent_functional", "display"], "main_chain": [{"case_id": "TC-001", "execution_sequence": 1, "main_chain_step": 1, "stage": "entry", "stage_kind": "consume", "source_state": "initial", "target_state": "photo_popup", "role": "student", "depends_on": []}, {"case_id": "TC-002", "execution_sequence": 2, "main_chain_step": 2, "stage": "configure", "stage_kind": "completion_sync", "source_state": "photo_popup", "target_state": "photo_uploaded", "role": "student", "depends_on": ["TC-001"]}, {"case_id": "TC-003", "execution_sequence": 3, "main_chain_step": 3, "stage": "edit", "stage_kind": "edit", "source_state": "photo_uploaded", "target_state": "marking_done", "role": "student", "depends_on": ["TC-002"]}, {"case_id": "TC-004", "execution_sequence": 4, "main_chain_step": 4, "stage": "preview", "stage_kind": "preview", "source_state": "marking_done", "target_state": "ready_submit", "role": "student", "depends_on": ["TC-003"]}, {"case_id": "TC-005", "execution_sequence": 5, "main_chain_step": 5, "stage": "commit", "stage_kind": "commit", "source_state": "ready_submit", "target_state": "submitted", "role": "student", "depends_on": ["TC-004"]}, {"case_id": "TC-006", "execution_sequence": 6, "main_chain_step": 6, "stage": "downstream_visibility", "stage_kind": "downstream_visibility", "source_state": "submitted", "target_state": "recommend_triggered", "role": "student", "depends_on": ["TC-005"]}], "side_suites": [{"suite_id": "permission_suite", "execution_group": "permission", "rank": 1, "case_ids": ["TC-007", "TC-008", "TC-009", "TC-010"], "case_count": 4}, {"suite_id": "exception_suite", "execution_group": "exception", "rank": 2, "case_ids": ["TC-011", "TC-012", "TC-013"], "case_count": 3}, {"suite_id": "boundary_suite", "execution_group": "boundary", "rank": 3, "case_ids": ["TC-014", "TC-015", "TC-016", "TC-017", "TC-018"], "case_count": 5}, {"suite_id": "independent_functional_suite", "execution_group": "independent_functional", "rank": 4, "case_ids": ["TC-019", "TC-020", "TC-021", "TC-022", "TC-023", "TC-024", "TC-025", "TC-026", "TC-027", "TC-028"], "case_count": 10}, {"suite_id": "display_suite", "execution_group": "display", "rank": 5, "case_ids": ["TC-029", "TC-030", "TC-031", "TC-032", "TC-033", "TC-034", "TC-035"], "case_count": 7}]}, "generated_bridge_case_count": 0, "workflow_contract_materialized_case_count": 3, "group_setup": {"boundary": "seed_boundary_dataset()", "display": "seed_display_ready_dataset()", "exception": "enable_fault_injection_for_case()", "independent_functional": "seed_functional_dataset()", "main_smoke": "seed_workflow_blueprint_dataset()", "permission": "seed_permission_state_dataset()"}, "group_teardown": {"boundary": "delete_boundary_dataset()", "display": "delete_display_ready_dataset()", "exception": "disable_fault_injection()", "independent_functional": "cleanup_functional_dataset()", "main_smoke": "cleanup_workflow_blueprint_dataset()", "permission": "reset_permission_state_dataset()"}, "fixture_keys": ["boundary_dataset", "display_ready_dataset", "fault_injection_case", "independent_functional_dataset", "permission_state_dataset", "workflow_blueprint_chain_seed"]}, "linear_executable": true, "linear_scope": "main_smoke_chain_only", "main_chain_case_count": 6, "independent_case_count": 29, "isolation_case_count": 29, "broken_dependency_count": 0, "state_conflict_count": 0, "role_switch_count": 0, "final_reasoning_leakage_case_count": 0, "priority_decision_state_breakdown": {"decided": 34, "conflict": 0, "undetermined": 0, "optional": 0, "invalid": 0}, "priority_final_breakdown": {"P0": 16, "P1": 8, "P2": 10, "null": 0}, "legacy_priority_breakdown": {"P0": 7, "P1": 21, "P2": 6, "UNKNOWN": 0}, "priority_conflict_count": 0, "priority_undetermined_count": 0, "priority_optional_count": 0, "priority_invalid_count": 0, "priority_quality_gate_failed": false, "needs_priority_review": false, "invalid_case_count": 0, "reasoning_leakage_case_count": 0, "review_llm_filter_applied": false, "review_input_size": 34, "review_output_size": 32, "review_target_min_count": 13, "review_target_max_count": 20, "review_shortfall_detected": false, "review_shortfall_before_count": 34, "review_shortfall_recovered_count": 0, "review_post_rerank_floor_count": 7, "review_post_rerank_recovered_count": 0, "final_target_floor_count": 29, "final_floor_recovery_attempted": true, "final_floor_recovery_applied": true, "final_floor_recovered_count": 9, "final_floor_recovery_reason": "final_shortfall_supplement_generated", "final_confirmed_conflict_drop_count": 0, "final_shortfall_supplement_attempted": true, "final_shortfall_supplement_applied": true, "final_shortfall_supplement_count": 5, "final_shortfall_supplement_reason": "", "final_shortfall_supplement_debug": {"target_floor_count": 29, "start_count": 27, "supplement_needed": 5, "batch_size": 10, "batch_plan": [5], "batches": [{"batch_index": 1, "batch_goal": 5, "prompt_chars": 13328, "max_tokens": 3500, "response_chars": 1946, "response_preview": "{\"cases\":[{\"id\":\"TC-028\",\"test_module\":\"权限安全-督导端答案查看控制\",\"description\":\"督导端开关组合-仅开启查看答案前需拍照上传时流程为拍照上传→查看答案\",\"priority\":\"P0\",\"preconditions\":\"督导端学习规则设置中「查看答案需老师同意」开关为关闭，「查看答案前需拍照上传」开关为开启\",\"steps\":[\"1. 学生进入出门测做题页面\",\"2. 完成作答后点击「申请看答案」\",\"3. 系统弹出", "starts_error": false, "parsed_source": "dict.cases", "parsed_count": 5, "error_reason": "", "metadata": {"model": "glm-5.1", "wire_api": "chat_completions", "http_status": 200, "url_path": "/chat/completions", "finish_reason": "stop", "max_tokens": 3500, "json_response": true, "content_len": 1946, "reasoning_len": 0, "input_tokens_estimated": 3857, "output_tokens_estimated": 486, "response_format": {"type": "json_object"}, "reasoning_effort": "low", "thinking": {"type": "disabled"}}, "unique_count": 5}], "raw_generated_count": 5}, "requested_generation_mode": "", "effective_generation_coverage_mode_source": "feedback_control_state", "explicit_generation_mode_override": false, "explicit_expected_count_floor_preserved": false, "review_fill_source": "none", "review_llm_selected_count": 0, "review_llm_runtime_debug": {"invoked": false, "pool_non_empty": true, "pool_size": 20, "deterministic_noop_skip_eligible": true, "deterministic_noop_preflight_selected_count": 20, "deterministic_noop_preflight_within_target_window": true, "deterministic_noop_preflight_signature_unchanged": true, "deterministic_noop_preflight_dropped_by_max": false, "skip_reason": "llm_pool_within_constraint_window", "primary_model": "", "primary_invalid_reason": "", "primary_reason_incomplete": false, "primary_dropped_reason_count": 0, "primary_dropped_reason_payload_count": 0, "primary_reason_coverage_ratio": 0.0, "response_len": 0, "response_preview": "", "primary_response_metadata": {}, "primary_compact_retry_invoked": false, "primary_compact_retry_model": "", "primary_compact_retry_invalid_reason": "", "primary_compact_retry_response_len": 0, "primary_compact_retry_response_metadata": {}, "retry_invoked": false, "retry_reason": "", "retry_model": "", "retry_attempts": [], "fallback_skipped_reason": "", "retry_response_len": 0, "retry_parse_success": false, "retry_mapped_count": 0, "retry_payload_has_selection_signal": false, "parsed_type": "", "parsed_len": 0, "mapped_count": 0, "mapped_signature_count": 0, "dropped_reason_count": 0, "dropped_reason_payload_count": 0, "dropped_reason_unmapped_count": 0, "payload_has_selection_signal": false, "final_selected_and_dropped_overlap_count": 0, "final_selected_and_dropped_overlap_case_ids": [], "final_payload_consistent": true, "reason_repair_invoked": false, "reason_repair_model": "", "reason_repair_candidate_count": 0, "reason_repair_response_len": 0, "reason_repair_mapped_count": 0, "reason_repair_invalid_reason": "", "reason_repair_response_metadata": {}, "final_source": "review_selector", "applied": false, "applied_reason": "skipped_deterministic_noop", "exception": "", "forced_reset_by_fallback": false, "fallback_reason_incomplete": false, "final_reason_incomplete": false, "final_reason_coverage_ratio": 1.0, "prompt_chars": 0, "prompt_est_tokens": 0, "candidate_count": 20, "append_target_count": 0, "append_final_cap_count": 0}, "review_constraint_selected_count": 0, "review_llm_drop_reason_breakdown": {}, "review_llm_drop_reason_raw_breakdown": {}, "review_llm_drop_reason_source_breakdown": {}, "fallback_reason_incomplete": false, "final_reason_incomplete": false, "final_reason_coverage_ratio": 1.0, "fallback_dropped_reason_count": 0, "fallback_dropped_reason_mapped_count": 0, "fallback_dropped_reason_unmapped_count": 0, "fallback_reason_coverage_ratio": 0.0, "llm_reason_coverage_ratio": 0.0, "deterministic_backfill_ratio": 0.0, "reason_source_breakdown": {"primary": 0, "fallback": 0, "backfill": 0}, "primary_reason_incomplete": false, "primary_dropped_reason_count": 0, "primary_dropped_reason_payload_count": 0, "primary_reason_coverage_ratio": 0.0, "fallback_with_positive_evidence_count": 0, "fallback_without_positive_evidence_count": 0, "review_llm_pool_count": 20, "candidate_by_pass": {"primary": 34, "gap": 0}, "must_keep_candidate_count": 14, "must_keep_retained_count": 10, "must_keep_dropped_count": 4, "retained_due_to_coverage_value_count": 6, "must_cover_rule_hit_count": 0, "forbidden_pattern_violation_count": 0, "soft_constraint_hit_count": 0, "quality_hint_satisfied_count": 0, "drop_by_review_llm_count": 0, "drop_by_review_selector_count": 7, "drop_by_review_gate_count": 1, "drop_by_pre_gate_dedup_count": 0, "drop_by_post_review_dedup_count": 6, "drop_no_new_signal_count": 1, "drop_rule_cap_count": 0, "drop_ui_like_redundant_count": 0, "drop_ui_like_ratio_cap_count": 0, "drop_outside_target_window_count": 0, "drop_by_rerank_low_signal_count": 1, "dropped_model_priority_p0_p1_count": 6, "dropped_core_rule_hit_count": 0, "dropped_missing_rule_hit_count": 0, "dropped_high_signal_count": 0, "dropped_has_coverage_value_count": 0, "drop_ui_like_ratio_postprocess_count": 0, "drop_final_description_duplicate_count": 0, "multi_pass": true, "generation_mode": "multi_pass", "request_id": "59a2f31f0e1a4a12a4aaa62109da3773"}
GEN_DIAG:{"kind": "feedback_control_state", "control_state_applied": true, "generation_coverage_mode": "standard_regression", "generation_target_case_range": {"min": 30, "max": 50}, "fact_profile_source": "requirement_semantics", "fact_profile_confidence": 0.0, "fact_profile_confirmed_count": 5, "fact_profile_forbidden_count": 0, "fact_profile_pending_count": 0, "project_profile_source": "document_extracted", "project_profile_confidence": 0.0, "project_profile_flow_count": 13, "manual_quality_profile_source": "", "manual_quality_profile_version": "", "manual_quality_profile_trusted_count": 0, "manual_quality_profile_high_priority_ratio": 0.0, "manual_quality_profile_display_ratio_cap": 0.0, "must_cover_rules_count": 0, "rule_quota_keys": [], "soft_constraints_count": 0, "quality_fix_hints_count": 6, "preferred_patterns_count": 0, "forbidden_patterns_count": 0, "source_meta": {"sources": ["current_requirement_blueprint", "workflow_blueprint_repository", "priority_sample_pool_domain_gate", "anomaly_pool", "evaluation_report", "generation_coverage_profile", "fact_profile", "project_profile"], "current_requirement_blueprint_status": "applied", "current_requirement_blueprint_count": 1, "current_requirement_blueprint_step_count": 6, "current_requirement_blueprint_source": "current_requirement_blueprint", "current_requirement_blueprint_max_tokens": 1600, "requirement_understanding_used": true, "requirement_understanding_visual_fact_count": 4, "requirement_understanding_invalid_visual_block_count": 0, "current_requirement_blueprint_raw_chars": 1381, "current_requirement_blueprint_ids": ["photo_answer_review"], "workflow_blueprint_repository_count": 0, "trusted_workflow_contract_count": 0, "workflow_blueprint_current_source_doc_ids": [], "workflow_blueprint_same_source_count": 0, "priority_pool_sample_count": 105, "priority_pool_total_positive_count": 78, "priority_pool_total_negative_count": 27, "generation_id": null, "retrieval_query_used": true, "retrieval_top_k": 5, "retrieval_hit_count": 0, "retrieval_selected_count": 0, "retrieval_fallback": "domain_unstable", "retrieval_selected_weight_avg": 0.0, "retrieval_selected_quality_avg": 0.0, "retrieval_diversity_cluster_cap": 2, "retrieval_diversity_skipped_count": 0, "retrieval_lexical_fallback_used": false, "retrieval_active_sample_count": 85, "retrieval_disabled_sample_count": 0, "retrieval_low_confidence_sample_count": 20, "retrieval_min_pattern_confidence": 0.6, "retrieval_signal_quota_applied": false, "retrieval_signal_quota_relaxed": false, "retrieval_positive_min_quota": 2, "retrieval_negative_max_quota": 3, "retrieval_selected_positive_count": 0, "retrieval_selected_negative_count": 0, "retrieval_pool_positive_count": 71, "retrieval_pool_negative_count": 14, "retrieval_raw_positive_count": 0, "retrieval_raw_negative_count": 0, "retrieval_after_diversity_positive_count": 0, "retrieval_after_diversity_negative_count": 0, "retrieval_after_quota_merge_positive_count": 0, "retrieval_after_quota_merge_negative_count": 0, "retrieval_final_selected_positive_count": 0, "retrieval_final_selected_negative_count": 0, "retrieval_query_domain_tags": ["ai_wrong_question_teaching", "course_access", "essay_writing", "recent_course_scheduling"], "retrieval_domain_scores": {"ai_wrong_question_teaching": 2, "recent_course_scheduling": 2, "essay_writing": 2, "course_access": 3}, "retrieval_domain_gate_status": "ambiguous_registered_domain", "retrieval_domain_gate_reason": "primary_domain_not_in_requirement_topic", "retrieval_domain_gate_blocked": true, "retrieval_domain_gate_allows_historical_profile": false, "retrieval_domain_filter_applied": true, "retrieval_domain_matched_sample_count": 0, "retrieval_domain_skipped_sample_count": 85, "retrieval_domain_no_match": true, "retrieval_sample_id_hit_count": 0, "retrieval_index_mismatch_count": 0, "retrieval_query_primary_domain": "course_access", "workflow_blueprint_direct_candidate_count": 0, "workflow_blueprint_direct_selected_count": 0, "retrieval_index_resync_attempted": false, "retrieval_index_resync_success": false, "retrieval_index_resync_error": "", "sample_count": 0, "challenge_sample_count": 0, "regression_sample_count": 0, "rule_frequency": {}, "doc_count": 3, "doc_types": {"evaluation_report": 3}, "generation_coverage_profile": {"coverage_mode": "standard_regression", "case_density": "medium", "target_case_range": {"min": 30, "max": 50}, "activation_evidence": {"expected_count": 36, "linked_final_case_count": 0, "full_regression_token_hit": false, "expanded_regression_token_hit": false, "standard_regression_token_hit": true}, "coverage_layers": ["入口、主流程、编辑/删除/保存、异常提示、跨页返回至少各覆盖一类。", "状态变化用例必须验证操作前后差异，不只验证静态展示。", "保留少量原有模块回归，避免新增功能影响既有链路。"]}, "fact_profile": {"profile_version": "fact-profile-v1", "profile_source": "requirement_semantics", "confidence": 0, "confirmed_facts": ["⼀、计分规则\u0001", "可反复刷的模块，取历史最⾼分（可以重新进⼊，", "与基础巩固⾄少完成⼀个，才可进⼊后续流程\u0001", "顶部栏：返回按钮、课程标题、当前⾦币数、切换", "右侧提⽰\"再得\u0001X\u0001⾦币拿满奖励\"，动态计算剩余\u0001"], "scoped_rules": [], "forbidden_facts": [], "pending_items": [], "reuse_declarations": [], "hard_flow_constraints": ["与基础巩固⾄少完成⼀个，才可进⼊后续流程\u0001", "顶部栏：返回按钮、课程标题、当前⾦币数、切换", "右侧提⽰\"再得\u0001X\u0001⾦币拿满奖励\"，动态计算剩余\u0001"], "reuse_risks": [], "source_priority": ["current_requirement", "rag_requirement", "supplement_boundary", "testcase_style_only", "historical_feedback"], "conflict_policy": "current_requirement_wins", "strategy_only": 0}, "project_profile": {"profile_version": "project-profile-v1", "profile_source": "document_extracted", "confidence": 0, "flow_outline": {"source": "requirement_keyword_positions", "domain_gate_status": "ambiguous_registered_domain", "domain_gate_reason": "registered_domain_tags_without_primary", "domain_gate_allows_historical_profile": false, "flow_order": ["stage:拍照", "stage:确认与取消", "stage:出_测_基础巩固答错后触发", "stage:最高分计算", "stage:页面结构", "stage:打印", "stage:奖励进度条", "stage:左侧导航交互", "stage:触发条件", "stage:弹窗展示", "stage:照片管理", "stage:设置总览", "stage:学习进度控制"], "document_flow_order": ["stage:出_测_基础巩固答错后触发", "stage:最高分计算", "stage:页面结构", "stage:打印", "stage:奖励进度条", "stage:左侧导航交互", "stage:触发条件", "stage:弹窗展示", "stage:拍照", "stage:照片管理", "stage:确认与取消", "stage:设置总览", "stage:学习进度控制"], "flow_labels": {"stage:出_测_基础巩固答错后触发": "出⻔测、基础巩固答错后触发", "stage:最高分计算": "最高分计算", "stage:页面结构": "页面结构", "stage:打印": "打印", "stage:奖励进度条": "奖励进度条", "stage:左侧导航交互": "左侧导航交互", "stage:触发条件": "触发条件", "stage:弹窗展示": "弹窗展示", "stage:拍照": "拍照流程", "stage:照片管理": "照片管理", "stage:确认与取消": "确认与取消(核心调整)", "stage:设置总览": "设置总览", "stage:学习进度控制": "学习进度控制"}, "flow_stage_positions": {"stage:出_测_基础巩固答错后触发": 47, "stage:最高分计算": 54, "stage:页面结构": 67, "stage:打印": 70, "stage:奖励进度条": 77, "stage:左侧导航交互": 88, "stage:触发条件": 107, "stage:弹窗展示": 117, "stage:拍照": 136, "stage:照片管理": 148, "stage:确认与取消": 157, "stage:设置总览": 185, "stage:学习进度控制": 196}, "cross_cutting": [], "cross_cutting_labels": {}, "data_flow_edges": [{"from": "stage:拍照", "to": "stage:确认与取消", "from_label": "拍照流程", "to_label": "确认与取消(核心调整)"}, {"from": "stage:确认与取消", "to": "stage:出_测_基础巩固答错后触发", "from_label": "确认与取消(核心调整)", "to_label": "出⻔测、基础巩固答错后触发"}, {"from": "stage:出_测_基础巩固答错后触发", "to": "stage:最高分计算", "from_label": "出⻔测、基础巩固答错后触发", "to_label": "最高分计算"}, {"from": "stage:最高分计算", "to": "stage:页面结构", "from_label": "最高分计算", "to_label": "页面结构"}, {"from": "stage:页面结构", "to": "stage:打印", "from_label": "页面结构", "to_label": "打印"}, {"from": "stage:打印", "to": "stage:奖励进度条", "from_label": "打印", "to_label": "奖励进度条"}, {"from": "stage:奖励进度条", "to": "stage:左侧导航交互", "from_label": "奖励进度条", "to_label": "左侧导航交互"}, {"from": "stage:左侧导航交互", "to": "stage:触发条件", "from_label": "左侧导航交互", "to_label": "触发条件"}, {"from": "stage:触发条件", "to": "stage:弹窗展示", "from_label": "触发条件", "to_label": "弹窗展示"}, {"from": "stage:弹窗展示", "to": "stage:照片管理", "from_label": "弹窗展示", "to_label": "照片管理"}, {"from": "stage:照片管理", "to": "stage:设置总览", "from_label": "照片管理", "to_label": "设置总览"}, {"from": "stage:设置总览", "to": "stage:学习进度控制", "from_label": "设置总览", "to_label": "学习进度控制"}], "data_flow_phase_rank": {"stage:拍照": "entry_capture", "stage:确认与取消": "review_confirm"}, "data_flow_order_applied": true}, "ordering_policy": "flow_first_then_cross_cutting", "scenario_cluster_policy": {"default_max_per_scenario": 2}, "profile_constraints": ["strategy_only_not_fact_source"], "strategy_only": 1}}, "request_id": "59a2f31f0e1a4a12a4aaa62109da3773"}
GEN_DIAG:{"kind": "judge_summary", "pass_count": 31, "repairable_count": 1, "raw_repairable_count": 1, "remaining_repairable_count": 0, "unrepaired_repairable_count": 1, "reject_count": 0, "pending_count": 1, "repaired_case_count": 0, "appended_case_count": 0, "confirmed_pass_out_count": 31, "repaired_pass_out_count": 0, "rejected_out_count": 0, "pending_out_count": 1, "fact_violation_count": 0, "core_flow_covered": false, "reuse_risk_covered": true, "fact_profile_source": "requirement_semantics", "fact_profile_confidence": 0.0, "fact_profile_confirmed_count": 5, "fact_profile_forbidden_count": 0, "fact_profile_pending_count": 0, "generation_id": 514, "request_id": "59a2f31f0e1a4a12a4aaa62109da3773"}
GEN_DIAG:{"kind": "judge_decision_table", "generation_id": 514, "rows": [{"generation_id": 514, "request_id": "59a2f31f0e1a4a12a4aaa62109da3773", "case_id": "TC-002", "judge_status": "PENDING", "reject_reason": "", "pending_reason": "contains_pending_logic", "signals": {"violates_confirmed_fact": false, "missing_core_flow": false, "missing_reuse_risk": false, "contains_pending_logic": true, "confirmed_fact_hits": [], "confirmed_fact_violations": [], "reuse_risk_hits": [], "pending_hits": ["未确认"], "vague_or_unconfirmed_hits": []}, "violates_confirmed_fact": false, "missing_core_flow": false, "missing_reuse_risk": false, "contains_pending_logic": true, "confirmed_fact_hits": [], "confirmed_fact_violations": [], "reuse_risk_hits": [], "pending_hits": ["未确认"], "vague_or_unconfirmed_hits": [], "before_case_snapshot": {"id": "TC-002", "description": "拍照中断-拍照后未点确认直接关闭浏览器照片未上传下次需重新拍照", "test_module": "拍照对答案自评流程-异常恢复", "preconditions": ["已拍摄1张照片，未点击确认按钮"], "steps": ["1. 直接关闭浏览器窗口", "2. 重新打开浏览器并进入该课程出门测页面", "3. 点击「申请看答案」按钮", "4. 观察拍照弹窗状态"], "test_input": "拍摄1张后未确认直接关闭浏览器", "expected_result": "再次进入时拍照弹窗计数从0开始，之前拍摄的照片未上传至服务器，需重新拍照才能查看答案", "priority": "P1", "model_priority_current": "P0", "model_priority": "P0", "legacy_priority": "P0", "priority_final": "P1", "priority_decision_state": "conflict_resolved", "priority_decision_source": "conflict_resolved_by_core_business_rule", "priority_confidence": "medium", "priority_conflict_reason": "model=P0,suggested=P2", "priority_resolution_reason": "core_business_evidence"}, "after_case_snapshot": {}}], "row_count": 1, "row_count_total": 33, "row_count_reject_pending": 1, "rows_scope": "reject_pending_only", "row_evidence_incomplete": false, "multi_pass": true, "generation_mode": "multi_pass", "request_id": "59a2f31f0e1a4a12a4aaa62109da3773"}
GEN_DIAG:{"kind": "memory_fabric_diag", "memory_fabric_used": true, "memory_reads": {"working": 0, "episodic": 0, "semantic": 3, "rule": 1}, "request_id": "59a2f31f0e1a4a12a4aaa62109da3773"}
GEN_DIAG:{"kind": "review_decision_table", "generation_id": 514, "rows": [{"candidate_index": 1, "signature": "权限安全-督导端答案查看控制|督导端开关组合-两个开关都开启时流程为申请→老师同意→拍照上传→查看答案|学生点击查看答案后先向老师发送审批请求；老师同意后弹出拍照弹窗；完成拍照确认上传后才能查看答案内容，流程为申请→老师同意→拍照上传→查看答案|两个答案查看控制开关均开启", "case_id": "TC-019", "description": "督导端开关组合-两个开关都开启时流程为申请→老师同意→拍照上传→查看答案", "test_module": "权限安全-督导端答案查看控制", "expected_result": "学生点击查看答案后先向老师发送审批请求；老师同意后弹出拍照弹窗；完成拍照确认上传后才能查看答案内容，流程为申请→老师同意→拍照上传→查看答案", "flow_stage": "stage:答案查看控制", "flow_stage_label": "答案查看控制", "flow_rank": 13, "cross_cutting": [], "scenario_key": "stage:答案查看控制:filter_toggle:obj:督导_导端_端答", "is_scenario_duplicate": false, "duplicate_cluster_id": "SC-001", "duplicate_cluster_size": 3, "duplicate_of_case_id": "", "misordered_against_requirement_flow": false, "expected_result_quality": "assertable", "expected_result_quality_reason": "contains_concrete_assertion", "expected_result_alignment_warning": true, "truncated_text_detected": false, "case_quality": "valid_case", "invalid_case_reason": "", "invalid_case_signals": [], "rule_keys": [], "bucket": "权限安全-督导端答案查看控制|happy", "adds_rule": false, "adds_bucket": false, "high_signal": true, "has_coverage_value": true, "retained_reason": "retained_due_to_coverage_value", "rerank_rank": 27, "focus_score": 0, "model_priority_current": "P1", "model_priority": "P1", "legacy_priority": "P1", "priority_final": "P0", "priority_decision_state": "decided", "priority_decision_source": "hard_guard_promotion", "priority_confidence": "high", "priority_conflict_reason": "", "priority_resolution_reason": "priority_final_reflected_from_execution_plan", "priority_score": 11, "suggested_priority": "P2", "priority_reasons": ["main_workflow_hit", "coverage_gain_non_positive", "low_risk_only_covered_rules_penalty", "no_release_blocking_guard"], "selected_by_review_llm": true, "selected_by_review_must_keep": true, "selected_by_review_constraints": false, "review_constraint_reason": "", "review_llm_drop_reason_raw": "", "review_llm_drop_reason": "", "review_llm_drop_reason_resolved": "", "review_llm_drop_reason_source": "", "review_llm_drop_reason_evidence": {}, "has_positive_evidence": false, "has_coverage_signal": false, "has_high_signal": false, "has_competition_signal": false, "review_llm_filter_applied": false, "must_keep_candidate": true, "must_keep_reasons": ["priority_p0"], "selected_by_review_gate": true, "retained_final": true, "dropped_stage": "retained", "dropped_reason": "retained", "covered_rule_ids": ["RULE-010", "RULE-011"], "missing_rule_hits": [], "core_rule_hits": [], "coverage_gain_score": -8, "reuse_risk_hit": false, "hit_must_cover_rule": false, "violates_forbidden_pattern": false, "hits_soft_constraint": false, "satisfies_quality_hint": false}, {"candidate_index": 2, "signature": "拍照对答案自评流程-触发相似题推荐|相似题推荐-最多3轮每轮独立计分，某知识点全部答对后停止推荐该知识点|第1轮提交后知识点a停止推荐；第2轮仅推荐知识点b的相似题（难度降低1级），轮次指示器显示「第2轮」；知识点b第2轮全对后停止推荐，无剩余错题知识点，结束推荐不进入第3轮|知识点a第1轮全对，知识点b第1轮错第2轮全对", "case_id": "TC-016", "description": "相似题推荐-最多3轮每轮独立计分，某知识点全部答对后停止推荐该知识点", "test_module": "拍照对答案自评流程-触发相似题推荐", "expected_result": "第1轮提交后知识点A停止推荐；第2轮仅推荐知识点B的相似题（难度降低1级），轮次指示器显示「第2轮」；知识点B第2轮全对后停止推荐，无剩余错题知识点，结束推荐不进入第3轮", "flow_stage": "stage:出_测_基础巩固答错后触发", "flow_stage_label": "出⻔测、基础巩固答错后触发", "flow_rank": 0, "cross_cutting": [], "scenario_key": "stage:出_测_基础巩固答错后触发:sorting_limit:obj:拍照_照对_对答", "is_scenario_duplicate": false, "duplicate_cluster_id": "", "duplicate_cluster_size": 0, "duplicate_of_case_id": "", "misordered_against_requirement_flow": true, "expected_result_quality": "assertable", "expected_result_quality_reason": "contains_concrete_assertion", "expected_result_alignment_warning": true, "truncated_text_detected": false, "case_quality": "valid_case", "invalid_case_reason": "", "invalid_case_signals": [], "rule_keys": [], "bucket": "拍照对答案自评流程-触发相似题推荐|happy", "adds_rule": false, "adds_bucket": true, "high_signal": true, "has_coverage_value": true, "retained_reason": "retained_default", "rerank_rank": 21, "focus_score": 0, "model_priority_current": "P1", "model_priority": "P1", "legacy_priority": "P1", "priority_final": "P0", "priority_decision_state": "decided", "priority_decision_source": "hard_guard_promotion", "priority_confidence": "high", "priority_conflict_reason": "", "priority_resolution_reason": "priority_final_reflected_from_execution_plan", "priority_score": 11, "suggested_priority": "P2", "priority_reasons": ["main_workflow_hit", "coverage_gain_non_positive", "low_risk_only_covered_rules_penalty", "no_release_blocking_guard"], "selected_by_review_llm": true, "selected_by_review_must_keep": true, "selected_by_review_constraints": false, "review_constraint_reason": "", "review_llm_drop_reason_raw": "", "review_llm_drop_reason": "", "review_llm_drop_reason_resolved": "", "review_llm_drop_reason_source": "", "review_llm_drop_reason_evidence": {}, "has_positive_evidence": false, "has_coverage_signal": false, "has_high_signal": false, "has_competition_signal": false, "review_llm_filter_applied": false, "must_keep_candidate": true, "must_keep_reasons": ["priority_p0"], "selected_by_review_gate": true, "retained_final": true, "dropped_stage": "retained", "dropped_reason": "retained", "covered_rule_ids": ["RULE-016"], "missing_rule_hits": [], "core_rule_hits": [], "coverage_gain_score": -8, "reuse_risk_hit": false, "hit_must_cover_rule": false, "violates_forbidden_pattern": false, "hits_soft_constraint": false, "satisfies_quality_hint": false}, {"candidate_index": 3, "signature": "权限安全-督导端答案查看控制|督导端开关组合-仅开启查看答案需老师同意时流程为申请→老师同意→查看答案|学生点击查看答案后系统向老师发送审批请求，老师同意前学生无法看到答案内容；老师同意后学生端展示答案，无需拍照|仅开启查看答案需老师同意", "case_id": "TC-018", "description": "督导端开关组合-仅开启查看答案需老师同意时流程为申请→老师同意→查看答案", "test_module": "权限安全-督导端答案查看控制", "expected_result": "学生点击查看答案后系统向老师发送审批请求，老师同意前学生无法看到答案内容；老师同意后学生端展示答案，无需拍照", "flow_stage": "stage:答案查看控制", "flow_stage_label": "答案查看控制", "flow_rank": 13, "cross_cutting": [], "scenario_key": "stage:答案查看控制:filter_toggle:obj:督导_导端_端答", "is_scenario_duplicate": false, "duplicate_cluster_id": "SC-002", "duplicate_cluster_size": 2, "duplicate_of_case_id": "", "misordered_against_requirement_flow": false, "expected_result_quality": "assertable", "expected_result_quality_reason": "contains_concrete_assertion", "expected_result_alignment_warning": true, "truncated_text_detected": false, "case_quality": "valid_case", "invalid_case_reason": "", "invalid_case_signals": [], "rule_keys": [], "bucket": "权限安全-督导端答案查看控制|happy", "adds_rule": false, "adds_bucket": false, "high_signal": true, "has_coverage_value": true, "retained_reason": "retained_due_to_coverage_value", "rerank_rank": 28, "focus_score": 0, "model_priority_current": "P1", "model_priority": "P1", "legacy_priority": "P1", "priority_final": "P0", "priority_decision_state": "decided", "priority_decision_source": "hard_guard_promotion", "priority_confidence": "high", "priority_conflict_reason": "", "priority_resolution_reason": "priority_final_reflected_from_execution_plan", "priority_score": 11, "suggested_priority": "P2", "priority_reasons": ["main_workflow_hit", "coverage_gain_non_positive", "low_risk_only_covered_rules_penalty", "no_release_blocking_guard"], "selected_by_review_llm": true, "selected_by_review_must_keep": true, "selected_by_review_constraints": false, "review_constraint_reason": "", "review_llm_drop_reason_raw": "", "review_llm_drop_reason": "", "review_llm_drop_reason_resolved": "", "review_llm_drop_reason_source": "", "review_llm_drop_reason_evidence": {}, "has_positive_evidence": false, "has_coverage_signal": false, "has_high_signal": false, "has_competition_signal": false, "review_llm_filter_applied": false, "must_keep_candidate": true, "must_keep_reasons": ["priority_p0"], "selected_by_review_gate": true, "retained_final": true, "dropped_stage": "retained", "dropped_reason": "retained", "covered_rule_ids": ["RULE-010", "RULE-011"], "missing_rule_hits": [], "core_rule_hits": [], "coverage_gain_score": -8, "reuse_risk_hit": false, "hit_must_cover_rule": false, "violates_forbidden_pattern": false, "hits_soft_constraint": false, "satisfies_quality_hint": false}, {"candidate_index": 4, "signature": "拍照对答案自评流程-异常恢复|拍照中断-拍照后未点确认直接关闭浏览器照片未上传下次需重新拍照|再次进入时拍照弹窗计数从0开始，之前拍摄的照片未上传至服务器，需重新拍照才能查看答案|拍摄1张后未确认直接关闭浏览器", "case_id": "TC-009", "description": "拍照中断-拍照后未点确认直接关闭浏览器照片未上传下次需重新拍照", "test_module": "拍照对答案自评流程-异常恢复", "expected_result": "再次进入时拍照弹窗计数从0开始，之前拍摄的照片未上传至服务器，需重新拍照才能查看答案", "flow_stage": "stage:对答案与自评", "flow_stage_label": "对答案与自评", "flow_rank": 19, "cross_cutting": [], "scenario_key": "stage:对答案与自评:media_preview:obj:拍照_照对_对答", "is_scenario_duplicate": false, "duplicate_cluster_id": "SC-004", "duplicate_cluster_size": 4, "duplicate_of_case_id": "", "misordered_against_requirement_flow": false, "expected_result_quality": "assertable", "expected_result_quality_reason": "contains_concrete_assertion", "expected_result_alignment_warning": true, "truncated_text_detected": false, "case_quality": "valid_case", "invalid_case_reason": "", "invalid_case_signals": [], "rule_keys": [], "bucket": "拍照对答案自评流程-异常恢复|state", "adds_rule": false, "adds_bucket": true, "high_signal": false, "has_coverage_value": false, "retained_reason": "retained_default", "rerank_rank": 2, "focus_score": 1, "model_priority_current": "P2", "model_priority": "P2", "legacy_priority": "P2", "priority_final": "P0", "priority_decision_state": "decided", "priority_decision_source": "strong_p0_signal_guard", "priority_confidence": "medium", "priority_conflict_reason": "", "priority_resolution_reason": "", "priority_score": 0, "suggested_priority": "P2", "priority_reasons": ["state_transition_hit", "no_release_blocking_guard"], "selected_by_review_llm": true, "selected_by_review_must_keep": true, "selected_by_review_constraints": false, "review_constraint_reason": "", "review_llm_drop_reason_raw": "", "review_llm_drop_reason": "", "review_llm_drop_reason_resolved": "", "review_llm_drop_reason_source": "", "review_llm_drop_reason_evidence": {}, "has_positive_evidence": false, "has_coverage_signal": false, "has_high_signal": false, "has_competition_signal": false, "review_llm_filter_applied": false, "must_keep_candidate": true, "must_keep_reasons": ["priority_p0"], "selected_by_review_gate": true, "retained_final": false, "dropped_stage": "post_review_dedup_or_reorder", "dropped_reason": "drop_post_review_dedup_or_reorder", "covered_rule_ids": [], "missing_rule_hits": [], "core_rule_hits": [], "coverage_gain_score": 0, "reuse_risk_hit": false, "hit_must_cover_rule": false, "violates_forbidden_pattern": false, "hits_soft_constraint": false, "satisfies_quality_hint": false}, {"candidate_index": 5, "signature": "拍照对答案自评流程-拍照上传作业|照片管理-删除单张照片后计数更新，照片数为0时确认按钮置灰|删除第1张后计数变为「已拍1张」，缩略图列表仅剩1张，确认按钮仍可点击；删除第2张后计数变为「已拍0张」，缩略图列表为空，确认按钮变为置灰不可点击|依次删除2张已拍照片", "case_id": "TC-005", "description": "照片管理-删除单张照片后计数更新，照片数为0时确认按钮置灰", "test_module": "拍照对答案自评流程-拍照上传作业", "expected_result": "删除第1张后计数变为「已拍1张」，缩略图列表仅剩1张，确认按钮仍可点击；删除第2张后计数变为「已拍0张」，缩略图列表为空，确认按钮变为置灰不可点击", "flow_stage": "stage:对答案与自评", "flow_stage_label": "对答案与自评", "flow_rank": 19, "cross_cutting": [], "scenario_key": "stage:对答案与自评:media_preview:obj:拍照_照对_对答", "is_scenario_duplicate": false, "duplicate_cluster_id": "SC-005", "duplicate_cluster_size": 2, "duplicate_of_case_id": "", "misordered_against_requirement_flow": false, "expected_result_quality": "assertable", "expected_result_quality_reason": "contains_concrete_assertion", "expected_result_alignment_warning": true, "truncated_text_detected": false, "case_quality": "valid_case", "invalid_case_reason": "", "invalid_case_signals": [], "rule_keys": [], "bucket": "拍照对答案自评流程-拍照上传作业|state", "adds_rule": false, "adds_bucket": false, "high_signal": false, "has_coverage_value": false, "retained_reason": "", "rerank_rank": 31, "focus_score": 1, "model_priority_current": "P1", "model_priority": "P1", "legacy_priority": "P1", "priority_final": "P0", "priority_decision_state": "decided", "priority_decision_source": "hard_guard_promotion", "priority_confidence": "high", "priority_conflict_reason": "", "priority_resolution_reason": "priority_final_reflected_from_execution_plan", "priority_score": 0, "suggested_priority": "P2", "priority_reasons": ["structural_p2_low_value_signal", "p2_cap_display_mapping_scenario", "no_release_blocking_guard", "p2_capped"], "selected_by_review_llm": true, "selected_by_review_must_keep": true, "selected_by_review_constraints": false, "review_constraint_reason": "", "review_llm_drop_reason_raw": "", "review_llm_drop_reason": "", "review_llm_drop_reason_resolved": "", "review_llm_drop_reason_source": "", "review_llm_drop_reason_evidence": {}, "has_positive_evidence": false, "has_coverage_signal": false, "has_high_signal": false, "has_competition_signal": false, "review_llm_filter_applied": false, "must_keep_candidate": true, "must_keep_reasons": ["priority_p0"], "selected_by_review_gate": false, "retained_final": true, "dropped_stage": "review_gate", "dropped_reason": "drop_no_new_rule_no_new_bucket_no_high_signal", "covered_rule_ids": [], "missing_rule_hits": [], "core_rule_hits": [], "coverage_gain_score": 0, "reuse_risk_hit": false, "hit_must_cover_rule": false, "violates_forbidden_pattern": false, "hits_soft_constraint": false, "satisfies_quality_hint": false}, {"candidate_index": 6, "signature": "拍照对答案自评流程-拍照上传作业|拍照取消-点击稍后再拍关闭弹窗返回做题页面不保存任何照片|弹窗关闭，返回做题页面；之前拍摄的照片未保存，再次点击「申请看答案」时需重新拍照，计数从0开始|拍摄1张后点击「稍后再拍」", "case_id": "TC-008", "description": "拍照取消-点击稍后再拍关闭弹窗返回做题页面不保存任何照片", "test_module": "拍照对答案自评流程-拍照上传作业", "expected_result": "弹窗关闭，返回做题页面；之前拍摄的照片未保存，再次点击「申请看答案」时需重新拍照，计数从0开始", "flow_stage": "stage:对答案与自评", "flow_stage_label": "对答案与自评", "flow_rank": 19, "cross_cutting": [], "scenario_key": "stage:对答案与自评:media_preview:obj:拍照_照对_对答", "is_scenario_duplicate": true, "duplicate_cluster_id": "SC-004", "duplicate_cluster_size": 4, "duplicate_of_case_id": "TC-009", "misordered_against_requirement_flow": false, "expected_result_quality": "assertable", "expected_result_quality_reason": "contains_concrete_assertion", "expected_result_alignment_warning": true, "truncated_text_detected": false, "case_quality": "valid_case", "invalid_case_reason": "", "invalid_case_signals": [], "rule_keys": [], "bucket": "拍照对答案自评流程-拍照上传作业|happy", "adds_rule": false, "adds_bucket": true, "high_signal": false, "has_coverage_value": false, "retained_reason": "retained_default", "rerank_rank": 9, "focus_score": 0, "model_priority_current": "P1", "model_priority": "P1", "legacy_priority": "P1", "priority_final": "P0", "priority_decision_state": "decided", "priority_decision_source": "hard_guard_promotion", "priority_confidence": "high", "priority_conflict_reason": "", "priority_resolution_reason": "", "priority_score": 25, "suggested_priority": "P2", "priority_reasons": ["main_workflow_hit", "no_release_blocking_guard"], "selected_by_review_llm": true, "selected_by_review_must_keep": true, "selected_by_review_constraints": false, "review_constraint_reason": "", "review_llm_drop_reason_raw": "", "review_llm_drop_reason": "", "review_llm_drop_reason_resolved": "", "review_llm_drop_reason_source": "", "review_llm_drop_reason_evidence": {}, "has_positive_evidence": false, "has_coverage_signal": false, "has_high_signal": false, "has_competition_signal": false, "review_llm_filter_applied": false, "must_keep_candidate": true, "must_keep_reasons": ["priority_p0"], "selected_by_review_gate": true, "retained_final": false, "dropped_stage": "post_review_dedup_or_reorder", "dropped_reason": "drop_post_review_dedup_or_reorder", "covered_rule_ids": [], "missing_rule_hits": [], "core_rule_hits": [], "coverage_gain_score": 0, "reuse_risk_hit": false, "hit_must_cover_rule": false, "violates_forbidden_pattern": false, "hits_soft_constraint": false, "satisfies_quality_hint": false}, {"candidate_index": 7, "signature": "拍照对答案自评流程-拍照上传作业|拍照上传-每拍一张追加到缩略图列表计数+1|第1张拍摄后缩略图列表出现1张缩略图，计数显示「已拍1张」；第2张拍摄后列表出现2张缩略图，计数显示「已拍2张」，确认按钮变为可点击状态|连续拍摄2张照片", "case_id": "TC-003", "description": "拍照上传-每拍一张追加到缩略图列表计数+1", "test_module": "拍照对答案自评流程-拍照上传作业", "expected_result": "第1张拍摄后缩略图列表出现1张缩略图，计数显示「已拍1张」；第2张拍摄后列表出现2张缩略图，计数显示「已拍2张」，确认按钮变为可点击状态", "flow_stage": "stage:对答案与自评", "flow_stage_label": "对答案与自评", "flow_rank": 19, "cross_cutting": [], "scenario_key": "stage:对答案与自评:media_preview:obj:拍照_照对_对答", "is_scenario_duplicate": true, "duplicate_cluster_id": "SC-005", "duplicate_cluster_size": 2, "duplicate_of_case_id": "TC-005", "misordered_against_requirement_flow": false, "expected_result_quality": "assertable", "expected_result_quality_reason": "contains_concrete_assertion", "expected_result_alignment_warning": true, "truncated_text_detected": false, "case_quality": "valid_case", "invalid_case_reason": "", "invalid_case_signals": [], "rule_keys": [], "bucket": "拍照对答案自评流程-拍照上传作业|state", "adds_rule": false, "adds_bucket": true, "high_signal": false, "has_coverage_value": false, "retained_reason": "retained_default", "rerank_rank": 3, "focus_score": 1, "model_priority_current": "P1", "model_priority": "P1", "legacy_priority": "P1", "priority_final": "P0", "priority_decision_state": "decided", "priority_decision_source": "hard_guard_promotion", "priority_confidence": "high", "priority_conflict_reason": "", "priority_resolution_reason": "", "priority_score": 0, "suggested_priority": "P2", "priority_reasons": ["no_release_blocking_guard"], "selected_by_review_llm": true, "selected_by_review_must_keep": true, "selected_by_review_constraints": false, "review_constraint_reason": "", "review_llm_drop_reason_raw": "", "review_llm_drop_reason": "", "review_llm_drop_reason_resolved": "", "review_llm_drop_reason_source": "", "review_llm_drop_reason_evidence": {}, "has_positive_evidence": false, "has_coverage_signal": false, "has_high_signal": false, "has_competition_signal": false, "review_llm_filter_applied": false, "must_keep_candidate": true, "must_keep_reasons": ["priority_p0"], "selected_by_review_gate": true, "retained_final": false, "dropped_stage": "post_review_dedup_or_reorder", "dropped_reason": "drop_post_review_dedup_or_reorder", "covered_rule_ids": [], "missing_rule_hits": [], "core_rule_hits": [], "coverage_gain_score": 0, "reuse_risk_hit": false, "hit_must_cover_rule": false, "violates_forbidden_pattern": false, "hits_soft_constraint": false, "satisfies_quality_hint": false}, {"candidate_index": 8, "signature": "异常恢复-对答案标记断网处理|断网时本地保存标记状态恢复后自动提交|断网时标记数据本地保存；网络恢复后系统自动提交标记结果，积分和错题本数据与标记一致，不丢失已标记状态|断网时标记并提交，恢复网络", "case_id": "TC-020", "description": "断网时本地保存标记状态恢复后自动提交", "test_module": "异常恢复-对答案标记断网处理", "expected_result": "断网时标记数据本地保存；网络恢复后系统自动提交标记结果，积分和错题本数据与标记一致，不丢失已标记状态", "flow_stage": "stage:对答案与自评", "flow_stage_label": "对答案与自评", "flow_rank": 19, "cross_cutting": [], "scenario_key": "stage:对答案与自评:network_error:obj:对答_答案_案标", "is_scenario_duplicate": false, "duplicate_cluster_id": "", "duplicate_cluster_size": 0, "duplicate_of_case_id": "", "misordered_against_requirement_flow": false, "expected_result_quality": "assertable", "expected_result_quality_reason": "contains_concrete_assertion", "expected_result_alignment_warning": true, "truncated_text_detected": false, "case_quality": "valid_case", "invalid_case_reason": "", "invalid_case_signals": [], "rule_keys": [], "bucket": "异常恢复-对答案标记断网处理|state", "adds_rule": false, "adds_bucket": true, "high_signal": false, "has_coverage_value": false, "retained_reason": "retained_default", "rerank_rank": 1, "focus_score": 1, "model_priority_current": "P2", "model_priority": "P2", "legacy_priority": "P2", "priority_final": "P0", "priority_decision_state": "decided", "priority_decision_source": "strong_p0_signal_guard", "priority_confidence": "medium", "priority_conflict_reason": "", "priority_resolution_reason": "priority_final_reflected_from_execution_plan", "priority_score": 25, "suggested_priority": "P2", "priority_reasons": ["state_transition_hit", "main_workflow_hit", "no_release_blocking_guard"], "selected_by_review_llm": true, "selected_by_review_must_keep": true, "selected_by_review_constraints": false, "review_constraint_reason": "", "review_llm_drop_reason_raw": "", "review_llm_drop_reason": "", "review_llm_drop_reason_resolved": "", "review_llm_drop_reason_source": "", "review_llm_drop_reason_evidence": {}, "has_positive_evidence": false, "has_coverage_signal": false, "has_high_signal": false, "has_competition_signal": false, "review_llm_filter_applied": false, "must_keep_candidate": true, "must_keep_reasons": ["priority_p0"], "selected_by_review_gate": true, "retained_final": true, "dropped_stage": "retained", "dropped_reason": "retained", "covered_rule_ids": [], "missing_rule_hits": [], "core_rule_hits": [], "coverage_gain_score": 0, "reuse_risk_hit": false, "hit_must_cover_rule": false, "violates_forbidden_pattern": false, "hits_soft_constraint": false, "satisfies_quality_hint": false}, {"candidate_index": 9, "signature": "错题流向|错题三端同步-错题同时进入学生端错题本、督导端习题集、课后报告|学生端错题本包含该2道出门测错题及对应相似题；督导端习题集全部错题中包含该2道题；课后报告错题打包中包含该2道题，三端数据一致|出门测提交含2道错题", "case_id": "TC-036", "description": "错题三端同步-错题同时进入学生端错题本、督导端习题集、课后报告", "test_module": "错题流向", "expected_result": "学生端错题本包含该2道出门测错题及对应相似题；督导端习题集全部错题中包含该2道题；课后报告错题打包中包含该2道题，三端数据一致", "flow_stage": "stage:对答案与自评", "flow_stage_label": "对答案与自评", "flow_rank": 19, "cross_cutting": [], "scenario_key": "stage:对答案与自评:workflow_navigation:obj:错题流向_错题_题三", "is_scenario_duplicate": false, "duplicate_cluster_id": "", "duplicate_cluster_size": 0, "duplicate_of_case_id": "", "misordered_against_requirement_flow": false, "expected_result_quality": "non_assertable", "expected_result_quality_reason": "template_or_weak_assertion", "expected_result_alignment_warning": true, "truncated_text_detected": false, "case_quality": "valid_case", "invalid_case_reason": "", "invalid_case_signals": [], "rule_keys": [], "bucket": "错题流向|happy", "adds_rule": false, "adds_bucket": true, "high_signal": false, "has_coverage_value": false, "retained_reason": "retained_default", "rerank_rank": 19, "focus_score": 0, "model_priority_current": "P1", "model_priority": "P1", "legacy_priority": "P1", "priority_final": "P0", "priority_decision_state": "decided", "priority_decision_source": "hard_guard_promotion", "priority_confidence": "high", "priority_conflict_reason": "", "priority_resolution_reason": "", "priority_score": 25, "suggested_priority": "P2", "priority_reasons": ["main_workflow_hit", "no_release_blocking_guard"], "selected_by_review_llm": true, "selected_by_review_must_keep": true, "selected_by_review_constraints": false, "review_constraint_reason": "", "review_llm_drop_reason_raw": "", "review_llm_drop_reason": "", "review_llm_drop_reason_resolved": "", "review_llm_drop_reason_source": "", "review_llm_drop_reason_evidence": {}, "has_positive_evidence": false, "has_coverage_signal": false, "has_high_signal": false, "has_competition_signal": false, "review_llm_filter_applied": false, "must_keep_candidate": true, "must_keep_reasons": ["priority_p0"], "selected_by_review_gate": true, "retained_final": false, "dropped_stage": "post_review_dedup_or_reorder", "dropped_reason": "drop_post_review_dedup_or_reorder", "covered_rule_ids": [], "missing_rule_hits": [], "core_rule_hits": [], "coverage_gain_score": 0, "reuse_risk_hit": false, "hit_must_cover_rule": false, "violates_forbidden_pattern": false, "hits_soft_constraint": false, "satisfies_quality_hint": false}, {"candidate_index": 10, "signature": "拍照对答案自评流程-申请查看答案|申请查看答案-老师拍照设置关闭时跳过拍照直接进入对答案页面|不弹出拍照弹窗，直接跳转进入对答案页面，页面展示题号+正确答案及标记按钮|点击「申请看答案」按钮，拍照设置关闭", "case_id": "TC-001", "description": "申请查看答案-老师拍照设置关闭时跳过拍照直接进入对答案页面", "test_module": "拍照对答案自评流程-申请查看答案", "expected_result": "不弹出拍照弹窗，直接跳转进入对答案页面，页面展示题号+正确答案及标记按钮", "flow_stage": "stage:对答案与自评", "flow_stage_label": "对答案与自评", "flow_rank": 19, "cross_cutting": [], "scenario_key": "stage:对答案与自评:filter_toggle:obj:拍照_照对_对答", "is_scenario_duplicate": true, "duplicate_cluster_id": "SC-004", "duplicate_cluster_size": 4, "duplicate_of_case_id": "TC-009", "misordered_against_requirement_flow": false, "expected_result_quality": "assertable", "expected_result_quality_reason": "contains_concrete_assertion", "expected_result_alignment_warning": true, "truncated_text_detected": false, "case_quality": "valid_case", "invalid_case_reason": "", "invalid_case_signals": [], "rule_keys": [], "bucket": "拍照对答案自评流程-申请查看答案|happy", "adds_rule": false, "adds_bucket": true, "high_signal": true, "has_coverage_value": true, "retained_reason": "retained_default", "rerank_rank": 20, "focus_score": 0, "model_priority_current": "P1", "model_priority": "P1", "legacy_priority": "P1", "priority_final": "P1", "priority_decision_state": "decided", "priority_decision_source": "hard_guard_promotion", "priority_confidence": "high", "priority_conflict_reason": "", "priority_resolution_reason": "priority_final_reflected_from_execution_plan", "priority_score": 13, "suggested_priority": "P2", "priority_reasons": ["cross_page_flow_hit", "core_workflow_rule_hit", "unique_critical_rule_coverage", "no_release_blocking_guard"], "selected_by_review_llm": true, "selected_by_review_must_keep": true, "selected_by_review_constraints": false, "review_constraint_reason": "", "review_llm_drop_reason_raw": "", "review_llm_drop_reason": "", "review_llm_drop_reason_resolved": "", "review_llm_drop_reason_source": "", "review_llm_drop_reason_evidence": {}, "has_positive_evidence": false, "has_coverage_signal": false, "has_high_signal": false, "has_competition_signal": false, "review_llm_filter_applied": false, "must_keep_candidate": true, "must_keep_reasons": ["priority_p0"], "selected_by_review_gate": true, "retained_final": true, "dropped_stage": "retained", "dropped_reason": "retained", "covered_rule_ids": ["RULE-005", "RULE-014"], "missing_rule_hits": [], "core_rule_hits": ["RULE-005"], "coverage_gain_score": 13, "reuse_risk_hit": false, "hit_must_cover_rule": false, "violates_forbidden_pattern": false, "hits_soft_constraint": false, "satisfies_quality_hint": false}, {"candidate_index": 11, "signature": "拍照对答案自评流程-拍照上传作业|拍照上传-照片自动附加水印包含学生id+时间戳+课程名称|督导端收到的照片上可见水印，水印包含学生id「stu001」、拍摄时间戳、课程名称「认识多位数」三项信息|拍摄1张照片并确认上传", "case_id": "TC-004", "description": "拍照上传-照片自动附加水印包含学生ID+时间戳+课程名称", "test_module": "拍照对答案自评流程-拍照上传作业", "expected_result": "督导端收到的照片上可见水印，水印包含学生ID「STU001」、拍摄时间戳、课程名称「认识多位数」三项信息", "flow_stage": "stage:对答案与自评", "flow_stage_label": "对答案与自评", "flow_rank": 19, "cross_cutting": [], "scenario_key": "stage:对答案与自评:media_preview:obj:拍照_照对_对答", "is_scenario_duplicate": true, "duplicate_cluster_id": "SC-003", "duplicate_cluster_size": 7, "duplicate_of_case_id": "TC-009", "misordered_against_requirement_flow": false, "expected_result_quality": "assertable", "expected_result_quality_reason": "contains_concrete_assertion", "expected_result_alignment_warning": true, "truncated_text_detected": false, "case_quality": "valid_case", "invalid_case_reason": "", "invalid_case_signals": [], "rule_keys": [], "bucket": "拍照对答案自评流程-拍照上传作业|happy", "adds_rule": false, "adds_bucket": false, "high_signal": true, "has_coverage_value": true, "retained_reason": "retained_due_to_coverage_value", "rerank_rank": 26, "focus_score": 0, "model_priority_current": "P2", "model_priority": "P2", "legacy_priority": "P2", "priority_final": "P0", "priority_decision_state": "decided", "priority_decision_source": "strong_p0_signal_guard", "priority_confidence": "medium", "priority_conflict_reason": "", "priority_resolution_reason": "priority_final_reflected_from_execution_plan", "priority_score": 0, "suggested_priority": "P2", "priority_reasons": ["coverage_gain_non_positive", "low_risk_only_covered_rules_penalty", "no_release_blocking_guard"], "selected_by_review_llm": true, "selected_by_review_must_keep": true, "selected_by_review_constraints": false, "review_constraint_reason": "", "review_llm_drop_reason_raw": "", "review_llm_drop_reason": "", "review_llm_drop_reason_resolved": "", "review_llm_drop_reason_source": "", "review_llm_drop_reason_evidence": {}, "has_positive_evidence": false, "has_coverage_signal": false, "has_high_signal": false, "has_competition_signal": false, "review_llm_filter_applied": false, "must_keep_candidate": true, "must_keep_reasons": ["priority_p0"], "selected_by_review_gate": true, "retained_final": true, "dropped_stage": "retained", "dropped_reason": "retained", "covered_rule_ids": ["RULE-007"], "missing_rule_hits": [], "core_rule_hits": [], "coverage_gain_score": -8, "reuse_risk_hit": false, "hit_must_cover_rule": false, "violates_forbidden_pattern": false, "hits_soft_constraint": false, "satisfies_quality_hint": false}, {"candidate_index": 12, "signature": "拍照对答案自评流程-拍照上传作业|拍照确认-确认后学生端不保留不展示任何已拍照片|学生端所有页面均不展示已拍照片缩略图，本地不保留照片数据，仅显示「发送成功」提示文字|确认上传后检查照片残留", "case_id": "TC-007", "description": "拍照确认-确认后学生端不保留不展示任何已拍照片", "test_module": "拍照对答案自评流程-拍照上传作业", "expected_result": "学生端所有页面均不展示已拍照片缩略图，本地不保留照片数据，仅显示「发送成功」提示文字", "flow_stage": "stage:对答案与自评", "flow_stage_label": "对答案与自评", "flow_rank": 19, "cross_cutting": [], "scenario_key": "stage:对答案与自评:media_preview:obj:拍照_照对_对答", "is_scenario_duplicate": false, "duplicate_cluster_id": "SC-006", "duplicate_cluster_size": 2, "duplicate_of_case_id": "", "misordered_against_requirement_flow": false, "expected_result_quality": "assertable", "expected_result_quality_reason": "contains_concrete_assertion", "expected_result_alignment_warning": true, "truncated_text_detected": false, "case_quality": "valid_case", "invalid_case_reason": "", "invalid_case_signals": [], "rule_keys": [], "bucket": "拍照对答案自评流程-拍照上传作业|happy", "adds_rule": false, "adds_bucket": false, "high_signal": true, "has_coverage_value": true, "retained_reason": "retained_default", "rerank_rank": 25, "focus_score": 0, "model_priority_current": "P1", "model_priority": "P1", "legacy_priority": "P1", "priority_final": "P0", "priority_decision_state": "decided", "priority_decision_source": "hard_guard_promotion", "priority_confidence": "high", "priority_conflict_reason": "", "priority_resolution_reason": "priority_final_reflected_from_execution_plan", "priority_score": 0, "suggested_priority": "P2", "priority_reasons": ["reuse_risk_hit", "coverage_gain_non_positive", "low_risk_only_covered_rules_penalty", "no_release_blocking_guard"], "selected_by_review_llm": true, "selected_by_review_must_keep": true, "selected_by_review_constraints": false, "review_constraint_reason": "", "review_llm_drop_reason_raw": "", "review_llm_drop_reason": "", "review_llm_drop_reason_resolved": "", "review_llm_drop_reason_source": "", "review_llm_drop_reason_evidence": {}, "has_positive_evidence": false, "has_coverage_signal": false, "has_high_signal": false, "has_competition_signal": false, "review_llm_filter_applied": false, "must_keep_candidate": true, "must_keep_reasons": ["priority_p0", "reuse_risk_hit"], "selected_by_review_gate": true, "retained_final": true, "dropped_stage": "retained", "dropped_reason": "retained", "covered_rule_ids": ["RULE-013"], "missing_rule_hits": [], "core_rule_hits": [], "coverage_gain_score": -8, "reuse_risk_hit": true, "hit_must_cover_rule": false, "violates_forbidden_pattern": false, "hits_soft_constraint": false, "satisfies_quality_hint": false}, {"candidate_index": 13, "signature": "课中积分逻辑|可反复刷模块重新进入修改对错后历史最高分更新|提交后模块得分更新为4分（4题答对），历史最高分从3分更新为4分；若修改后得分低于历史最高分则保持原最高分不变|重新进入牛刀小试修改1道错题为对题", "case_id": "TC-033", "description": "可反复刷模块重新进入修改对错后历史最高分更新", "test_module": "课中积分逻辑", "expected_result": "提交后模块得分更新为4分（4题答对），历史最高分从3分更新为4分；若修改后得分低于历史最高分则保持原最高分不变", "flow_stage": "stage:最高分计算", "flow_stage_label": "最高分计算", "flow_rank": 1, "cross_cutting": [], "scenario_key": "stage:最高分计算:workflow_navigation:obj:课中_中积_积分", "is_scenario_duplicate": false, "duplicate_cluster_id": "", "duplicate_cluster_size": 0, "duplicate_of_case_id": "", "misordered_against_requirement_flow": true, "expected_result_quality": "assertable", "expected_result_quality_reason": "contains_concrete_assertion", "expected_result_alignment_warning": true, "truncated_text_detected": false, "case_quality": "valid_case", "invalid_case_reason": "", "invalid_case_signals": [], "rule_keys": [], "bucket": "课中积分逻辑|happy", "adds_rule": false, "adds_bucket": true, "high_signal": false, "has_coverage_value": false, "retained_reason": "retained_default", "rerank_rank": 10, "focus_score": 0, "model_priority_current": "P1", "model_priority": "P1", "legacy_priority": "P1", "priority_final": "P0", "priority_decision_state": "decided", "priority_decision_source": "hard_guard_promotion", "priority_confidence": "high", "priority_conflict_reason": "", "priority_resolution_reason": "priority_final_reflected_from_execution_plan", "priority_score": 25, "suggested_priority": "P2", "priority_reasons": ["main_workflow_hit", "no_release_blocking_guard"], "selected_by_review_llm": true, "selected_by_review_must_keep": true, "selected_by_review_constraints": false, "review_constraint_reason": "", "review_llm_drop_reason_raw": "", "review_llm_drop_reason": "", "review_llm_drop_reason_resolved": "", "review_llm_drop_reason_source": "", "review_llm_drop_reason_evidence": {}, "has_positive_evidence": false, "has_coverage_signal": false, "has_high_signal": false, "has_competition_signal": false, "review_llm_filter_applied": false, "must_keep_candidate": true, "must_keep_reasons": ["priority_p0"], "selected_by_review_gate": true, "retained_final": true, "dropped_stage": "retained", "dropped_reason": "retained", "covered_rule_ids": [], "missing_rule_hits": [], "core_rule_hits": [], "coverage_gain_score": 0, "reuse_risk_hit": false, "hit_must_cover_rule": false, "violates_forbidden_pattern": false, "hits_soft_constraint": false, "satisfies_quality_hint": false}, {"candidate_index": 14, "signature": "权限安全-督导端答案查看控制|督导端开关组合-两个开关都关闭时学生直接查看答案|学生点击查看答案后直接展示答案内容，无需老师审批，无需拍照上传|两个答案查看控制开关均关闭", "case_id": "TC-017", "description": "督导端开关组合-两个开关都关闭时学生直接查看答案", "test_module": "权限安全-督导端答案查看控制", "expected_result": "学生点击查看答案后直接展示答案内容，无需老师审批，无需拍照上传", "flow_stage": "stage:答案查看控制", "flow_stage_label": "答案查看控制", "flow_rank": 13, "cross_cutting": [], "scenario_key": "stage:答案查看控制:filter_toggle:obj:督导_导端_端答", "is_scenario_duplicate": true, "duplicate_cluster_id": "SC-002", "duplicate_cluster_size": 2, "duplicate_of_case_id": "TC-018", "misordered_against_requirement_flow": true, "expected_result_quality": "assertable", "expected_result_quality_reason": "contains_concrete_assertion", "expected_result_alignment_warning": true, "truncated_text_detected": false, "case_quality": "valid_case", "invalid_case_reason": "", "invalid_case_signals": [], "rule_keys": [], "bucket": "权限安全-督导端答案查看控制|happy", "adds_rule": false, "adds_bucket": true, "high_signal": true, "has_coverage_value": true, "retained_reason": "retained_default", "rerank_rank": 22, "focus_score": 0, "model_priority_current": "P1", "model_priority": "P1", "legacy_priority": "P1", "priority_final": "P0", "priority_decision_state": "decided", "priority_decision_source": "hard_guard_promotion", "priority_confidence": "high", "priority_conflict_reason": "", "priority_resolution_reason": "priority_final_reflected_from_execution_plan", "priority_score": 11, "suggested_priority": "P2", "priority_reasons": ["main_workflow_hit", "coverage_gain_non_positive", "low_risk_only_covered_rules_penalty", "no_release_blocking_guard"], "selected_by_review_llm": true, "selected_by_review_must_keep": true, "selected_by_review_constraints": false, "review_constraint_reason": "", "review_llm_drop_reason_raw": "", "review_llm_drop_reason": "", "review_llm_drop_reason_resolved": "", "review_llm_drop_reason_source": "", "review_llm_drop_reason_evidence": {}, "has_positive_evidence": false, "has_coverage_signal": false, "has_high_signal": false, "has_competition_signal": false, "review_llm_filter_applied": false, "must_keep_candidate": true, "must_keep_reasons": ["priority_p0"], "selected_by_review_gate": true, "retained_final": true, "dropped_stage": "retained", "dropped_reason": "retained", "covered_rule_ids": ["RULE-010", "RULE-011"], "missing_rule_hits": [], "core_rule_hits": [], "coverage_gain_score": -8, "reuse_risk_hit": false, "hit_must_cover_rule": false, "violates_forbidden_pattern": false, "hits_soft_constraint": false, "satisfies_quality_hint": false}, {"candidate_index": 15, "signature": "拍照对答案自评流程-拍照上传作业|拍照确认-至少拍1张后点击确认，照片上传至服务器转发督导端并提示发送成功|照片立即上传至服务器并转发到督导端；学生端弹出提示「照片已发送至督导端，老师可查看你的原始作业」；随后直接进入对答案页面|拍摄1张照片后点击确认按钮", "case_id": "TC-006", "description": "拍照确认-至少拍1张后点击确认，照片上传至服务器转发督导端并提示发送成功", "test_module": "拍照对答案自评流程-拍照上传作业", "expected_result": "照片立即上传至服务器并转发到督导端；学生端弹出提示「照片已发送至督导端，老师可查看你的原始作业」；随后直接进入对答案页面", "flow_stage": "stage:对答案与自评", "flow_stage_label": "对答案与自评", "flow_rank": 19, "cross_cutting": [], "scenario_key": "stage:对答案与自评:media_preview:obj:拍照_照对_对答", "is_scenario_duplicate": true, "duplicate_cluster_id": "SC-006", "duplicate_cluster_size": 2, "duplicate_of_case_id": "TC-007", "misordered_against_requirement_flow": false, "expected_result_quality": "assertable", "expected_result_quality_reason": "contains_concrete_assertion", "expected_result_alignment_warning": true, "truncated_text_detected": false, "case_quality": "valid_case", "invalid_case_reason": "", "invalid_case_signals": [], "rule_keys": [], "bucket": "拍照对答案自评流程-拍照上传作业|happy", "adds_rule": false, "adds_bucket": false, "high_signal": true, "has_coverage_value": true, "retained_reason": "retained_due_to_coverage_value", "rerank_rank": 24, "focus_score": 0, "model_priority_current": "P0", "model_priority": "P0", "legacy_priority": "P0", "priority_final": "P1", "priority_decision_state": "decided", "priority_decision_source": "conflict_resolved_by_core_business_rule", "priority_confidence": "medium", "priority_conflict_reason": "model=P0,suggested=P2", "priority_resolution_reason": "core_business_evidence", "priority_score": 13, "suggested_priority": "P2", "priority_reasons": ["cross_page_flow_hit", "core_workflow_rule_hit", "unique_critical_rule_coverage", "no_release_blocking_guard"], "selected_by_review_llm": true, "selected_by_review_must_keep": false, "selected_by_review_constraints": false, "review_constraint_reason": "", "review_llm_drop_reason_raw": "", "review_llm_drop_reason": "", "review_llm_drop_reason_resolved": "", "review_llm_drop_reason_source": "", "review_llm_drop_reason_evidence": {}, "has_positive_evidence": false, "has_coverage_signal": false, "has_high_signal": false, "has_competition_signal": false, "review_llm_filter_applied": false, "must_keep_candidate": false, "must_keep_reasons": [], "selected_by_review_gate": true, "retained_final": true, "dropped_stage": "retained", "dropped_reason": "retained", "covered_rule_ids": ["RULE-008", "RULE-013"], "missing_rule_hits": [], "core_rule_hits": ["RULE-008"], "coverage_gain_score": 13, "reuse_risk_hit": false, "hit_must_cover_rule": false, "violates_forbidden_pattern": false, "hits_soft_constraint": false, "satisfies_quality_hint": false}, {"candidate_index": 16, "signature": "拍照对答案自评流程-提交自评结果|提交自评结果-错题加入错题本并同步至习题集和课后报告|学生端错题本包含出门测2道错题；督导端习题集包含该学生全部错题（含出门测错题）；课后报告中错题打包包含出门测错题|提交含2道错题的标记结果", "case_id": "TC-014", "description": "提交自评结果-错题加入错题本并同步至习题集和课后报告", "test_module": "拍照对答案自评流程-提交自评结果", "expected_result": "学生端错题本包含出门测2道错题；督导端习题集包含该学生全部错题（含出门测错题）；课后报告中错题打包包含出门测错题", "flow_stage": "stage:对答案与自评", "flow_stage_label": "对答案与自评", "flow_rank": 19, "cross_cutting": [], "scenario_key": "stage:对答案与自评:print_export:obj:拍照_照对_对答", "is_scenario_duplicate": false, "duplicate_cluster_id": "", "duplicate_cluster_size": 0, "duplicate_of_case_id": "", "misordered_against_requirement_flow": false, "expected_result_quality": "assertable", "expected_result_quality_reason": "contains_concrete_assertion", "expected_result_alignment_warning": true, "truncated_text_detected": false, "case_quality": "valid_case", "invalid_case_reason": "", "invalid_case_signals": [], "rule_keys": [], "bucket": "拍照对答案自评流程-提交自评结果|happy", "adds_rule": false, "adds_bucket": false, "high_signal": false, "has_coverage_value": false, "retained_reason": "", "rerank_rank": 34, "focus_score": 0, "model_priority_current": "P0", "model_priority": "P0", "legacy_priority": "P0", "priority_final": "P1", "priority_decision_state": "decided", "priority_decision_source": "conflict_resolved_by_core_business_rule", "priority_confidence": "medium", "priority_conflict_reason": "model=P0,suggested=P2", "priority_resolution_reason": "core_business_evidence", "priority_score": 25, "suggested_priority": "P2", "priority_reasons": ["main_workflow_hit", "no_release_blocking_guard"], "selected_by_review_llm": true, "selected_by_review_must_keep": false, "selected_by_review_constraints": false, "review_constraint_reason": "", "review_llm_drop_reason_raw": "", "review_llm_drop_reason": "", "review_llm_drop_reason_resolved": "", "review_llm_drop_reason_source": "", "review_llm_drop_reason_evidence": {}, "has_positive_evidence": false, "has_coverage_signal": false, "has_high_signal": false, "has_competition_signal": false, "review_llm_filter_applied": false, "must_keep_candidate": false, "must_keep_reasons": [], "selected_by_review_gate": false, "retained_final": false, "dropped_stage": "review_gate", "dropped_reason": "drop_no_new_rule_no_new_bucket_no_high_signal", "covered_rule_ids": [], "missing_rule_hits": [], "core_rule_hits": [], "coverage_gain_score": 0, "reuse_risk_hit": false, "hit_must_cover_rule": false, "violates_forbidden_pattern": false, "hits_soft_constraint": false, "satisfies_quality_hint": false}, {"candidate_index": 17, "signature": "督导端学习进度控制|按学习计划顺序学习-开启后学生无法跳过节次和自选课程|学生无法在课程列表中自选第5讲，课程列表中非当前节次不可点击；无法跳过第2讲进入第3讲；完成第2讲全部任务后第3讲自动解锁变为可进入状态|开启顺序学习设置后的学生操作", "case_id": "TC-029", "description": "按学习计划顺序学习-开启后学生无法跳过节次和自选课程", "test_module": "督导端学习进度控制", "expected_result": "学生无法在课程列表中自选第5讲，课程列表中非当前节次不可点击；无法跳过第2讲进入第3讲；完成第2讲全部任务后第3讲自动解锁变为可进入状态", "flow_stage": "stage:学习进度控制", "flow_stage_label": "学习进度控制", "flow_rank": 12, "cross_cutting": [], "scenario_key": "stage:学习进度控制:workflow_navigation:obj:督导_导端_端学", "is_scenario_duplicate": false, "duplicate_cluster_id": "SC-007", "duplicate_cluster_size": 3, "duplicate_of_case_id": "", "misordered_against_requirement_flow": true, "expected_result_quality": "assertable", "expected_result_quality_reason": "contains_concrete_assertion", "expected_result_alignment_warning": true, "truncated_text_detected": false, "case_quality": "valid_case", "invalid_case_reason": "", "invalid_case_signals": [], "rule_keys": [], "bucket": "督导端学习进度控制|state", "adds_rule": false, "adds_bucket": true, "high_signal": false, "has_coverage_value": false, "retained_reason": "retained_default", "rerank_rank": 6, "focus_score": 1, "model_priority_current": "P0", "model_priority": "P0", "legacy_priority": "P0", "priority_final": "P1", "priority_decision_state": "decided", "priority_decision_source": "model_p0_guard_downgrade", "priority_confidence": "high", "priority_conflict_reason": "", "priority_resolution_reason": "priority_final_reflected_from_execution_plan", "priority_score": 0, "suggested_priority": "P2", "priority_reasons": ["no_release_blocking_guard"], "selected_by_review_llm": true, "selected_by_review_must_keep": false, "selected_by_review_constraints": false, "review_constraint_reason": "", "review_llm_drop_reason_raw": "", "review_llm_drop_reason": "", "review_llm_drop_reason_resolved": "", "review_llm_drop_reason_source": "", "review_llm_drop_reason_evidence": {}, "has_positive_evidence": false, "has_coverage_signal": false, "has_high_signal": false, "has_competition_signal": false, "review_llm_filter_applied": false, "must_keep_candidate": false, "must_keep_reasons": [], "selected_by_review_gate": true, "retained_final": true, "dropped_stage": "retained", "dropped_reason": "retained", "covered_rule_ids": [], "missing_rule_hits": [], "core_rule_hits": [], "coverage_gain_score": 0, "reuse_risk_hit": false, "hit_must_cover_rule": false, "violates_forbidden_pattern": false, "hits_soft_constraint": false, "satisfies_quality_hint": false}], "row_count": 17, "multi_pass": true, "generation_mode": "multi_pass", "request_id": "59a2f31f0e1a4a12a4aaa62109da3773", "row_count_total": 34, "rows_scope": "sampled_due_to_size"}
GEN_DIAG:{"kind": "generation_summary", "recommended_range": "30-50", "generation_coverage_mode": "standard_regression", "requested_generation_mode": "", "effective_generation_coverage_mode_source": "feedback_control_state", "explicit_generation_mode_override": false, "explicit_expected_count_floor_preserved": false, "expected_count": 36, "expected_count_explicit": true, "recommended_min": 30, "recommended_max": 50, "target_final_count": 36, "soft_min_count": 29, "hard_min_count": 25, "min_acceptable_final": 29, "target_satisfaction_ratio": 0.9722, "underfilled": false, "underfill_level": "", "underfill_reason": "", "underfill_root_cause": "", "final_count": 35, "status": "completed_with_optimal_set", "stop_reason": ["coverage_satisfied", "stopped_due_to_diminishing_returns", "optimal_case_set_reached"], "quality_assessment": "medium", "needs_priority_review": false, "priority_conflict_count": 0, "priority_undetermined_count": 0, "priority_optional_count": 0, "final_priority_breakdown": {"P0": 18, "P1": 8, "P2": 9}, "final_execution_group_breakdown": {"main_smoke": 6, "permission": 4, "exception": 3, "boundary": 5, "independent_functional": 10, "display": 7}, "final_module_breakdown_top": {"拍照对答案自评流程-拍照上传作业": 5, "权限安全-督导端答案查看控制": 4, "拍照对答案自评流程": 3, "拍照对答案自评流程-触发相似题推荐": 3, "左侧导航交互": 2, "拍照对答案自评流程-申请查看答案": 2, "督导端学习进度控制": 2, "结束庆祝逻辑": 2, "课中积分逻辑": 2, "异常恢复-对答案标记刷新恢复": 1, "异常恢复-对答案标记断网处理": 1, "异常恢复-拍照对答案流程": 1, "拍照对答案自评流程-提交自评结果": 1, "拍照对答案自评流程-确认标记结果": 1, "拍照对答案自评流程-逐题标记对错": 1, "独立功能-最高分计算": 1, "边界状态回滚-模块中途退出": 1, "边界状态回滚-模块配置缺失": 1, "边界状态回滚-流程解锁约束": 1}, "final_display_case_count": 2, "final_display_ratio": 0.0571, "final_high_priority_ratio": 0.7429, "multi_pass": true, "generation_mode": "multi_pass"}
@@STATUS@@:正常完成
@@STATUS@@:停止原因：coverage_satisfied（核心规则覆盖已满足）；stopped_due_to_diminishing_returns（继续生成收益递减）；optimal_case_set_reached（当前为最优测试用例集合）
@@STATUS@@:已达到质量停止条件
@@STATUS@@:当前为最优测试用例集合
@@STATUS@@:继续生成将降低质量或增加冗余
GEN_DIAG:{"kind": "generation_quality_ledger", "generation_id": 514, "request_id": "59a2f31f0e1a4a12a4aaa62109da3773", "generation_mode": "multi_pass", "final_count": 35, "quality_assessment": "high", "initial_quality_score": 97, "quality_score": 97, "quality_score_grade": "high", "quality_score_source": "backend_diagnostic_v1", "quality_score_basis": "coverage+review+judge+funnel+context", "quality_score_confidence": "high", "quality_score_deductions": [{"key": "low_quality_dropped", "label": "低质量用例被过滤", "count": 1, "points": 3.0}], "quality_score_inputs": {"coverage_rate": 1.0, "total_rules": 21, "missing_rules_count": 0, "final_count": 35, "candidate_total": 34, "retained_total": 27, "judge_total": 33, "rejected_count": 0, "raw_rejected_count": 0, "pending_count": 0, "raw_pending_count": 1, "semantic_duplicate_reject_count": 0, "filtered_semantic_duplicate_reject_count": 0, "filtered_pending_candidate_count": 1, "repairable_count": 0, "raw_repairable_count": 1, "repaired_pass_count": 0, "unrepaired_repairable_count": 1, "fact_profile_forbidden_count": 0, "fact_violation_count": 0, "raw_flow_missing_count": 14, "flow_missing_advisory_count": 14, "flow_missing_count": 0, "flow_misordered_count": 0, "scenario_duplicate_cluster_count": 0, "scenario_duplicate_case_count": 0, "low_quality_dropped_count": 1, "semantic_dedup_dropped_count": 0, "semantic_dedup_pressure_count": 0, "semantic_dedup_penalty_count": 0, "structure_metric_scope": "final_cases", "manual_quality_profile_applied": false, "manual_quality_profile_version": ""}, "manual_delivery": {"applied": false}, "stop_reason": ["coverage_satisfied", "stopped_due_to_diminishing_returns", "optimal_case_set_reached"], "coverage": {"coverage_rate": 1.0, "total_rules": 21, "total_extracted_rules": 22, "missing_rules_count": 0, "missing_boundary_count": 0, "missing_exception_count": 0, "non_blocking_rules_count": 1}, "funnel": {"primary_count": 34, "gap_count": 0, "review_count": 32, "candidate_count_before_review": 34, "review_selected_count": 32, "post_review_dedup_drop": 0, "final_description_dedup_drop_count": 0, "total_dedup_drop_count": 0, "low_quality_dropped_count": 1, "low_quality_dropped_examples": [{"stage": "post_judge_quality_filter", "reason": "non_assertable_expected_result", "case_id": "TC-023", "test_module": "错题流向", "priority": "P1", "description": "错题三端同步-错题同时进入学生端错题本、督导端习题集、课后报告", "expected_result": "学生端错题本包含该2道出门测错题及对应相似题；督导端习题集全部错题中包含该2道题；课后报告错题打包中包含该2道题，三端数据一致"}], "semantic_dedup_dropped_count": 0}, "review": {"candidate_total": 34, "retained_total": 27, "drop_by_review_llm_count": 0, "drop_by_review_gate_count": 1, "drop_by_post_review_dedup_count": 6, "drop_final_description_duplicate_count": 0, "flow_missing_stage_count": 15, "flow_misordered_count": 19, "final_flow_missing_stage_count": 14, "final_flow_misordered_count": 0, "scenario_duplicate_cluster_count": 9, "scenario_duplicate_case_count": 18, "final_scenario_duplicate_cluster_count": 0, "final_scenario_duplicate_case_count": 0, "fact_profile_forbidden_count": 0, "fact_profile_pending_count": 0}, "judge": {"total": 33, "rejected_out_count": 0, "pending_out_count": 1, "repairable_count": 0, "raw_repairable_count": 1, "repaired_pass_out_count": 0, "unrepaired_repairable_count": 1, "fact_violation_count": 0, "rejected_total": 0, "reason_clusters": {}, "dominant_reason": ""}, "context": {"snapshot_status": "success", "snapshot_used": true, "realtime_rag_used": true, "current_document_used": true, "fusion_mode": "snapshot+rag", "compression_ratio": 0.4916, "retained_chunk_count": 1}, "control": {"control_state_applied": true, "generation_coverage_mode": "standard_regression", "must_cover_rules_count": 0, "quality_fix_hints_count": 6}, "quality_remediation": {"kind": "quality_remediation", "quality_score": 97, "quality_score_grade": "high", "action_count": 1, "primary_action": "tighten_expected_results", "actions": [{"action_id": "tighten_expected_results", "priority": "P1", "reason": "low_quality_cases_filtered", "target_stage": "primary_generation_prompt_and_postprocess", "evidence": {"low_quality_dropped_count": 1, "examples": [{"stage": "post_judge_quality_filter", "reason": "non_assertable_expected_result", "case_id": "TC-023", "test_module": "错题流向", "priority": "P1", "description": "错题三端同步-错题同时进入学生端错题本、督导端习题集、课后报告", "expected_result": "学生端错题本包含该2道出门测错题及对应相似题；督导端习题集全部错题中包含该2道题；课后报告错题打包中包含该2道题，三端数据一致"}]}}], "next_run_controls": {"target_missing_rules": [], "avoid_judge_reject_reasons": {}, "low_quality_dropped_count": 1, "semantic_dedup_penalty_count": 0}}, "case_quality_gate": {"kind": "case_quality_gate", "mode": "shadow", "passed": true, "blocked": false, "failure_reasons": [], "metrics": {"final_count": 35, "min_acceptable_final": 29, "judge_rejected_count": 0, "final_scenario_duplicate_case_count": 0, "final_flow_misordered_count": 0, "reasoning_leak_count": 0, "role_mismatch_count": 0, "quality_score": 97, "quality_score_grade": "high", "raw_judge_rejected_count": 0, "semantic_duplicate_reject_count": 0, "filtered_semantic_duplicate_reject_count": 0}}}
GEN_DIAG:{"kind": "case_quality_gate", "mode": "shadow", "passed": true, "blocked": false, "failure_reasons": [], "metrics": {"final_count": 35, "min_acceptable_final": 29, "judge_rejected_count": 0, "final_scenario_duplicate_case_count": 0, "final_flow_misordered_count": 0, "reasoning_leak_count": 0, "role_mismatch_count": 0, "quality_score": 97, "quality_score_grade": "high", "raw_judge_rejected_count": 0, "semantic_duplicate_reject_count": 0, "filtered_semantic_duplicate_reject_count": 0}, "generation_id": 514, "request_id": "59a2f31f0e1a4a12a4aaa62109da3773"}
GEN_DIAG:{"total_rules": 21, "total_extracted_rules": 22, "non_blocking_rules": ["RULE-001"], "covered_rules": ["RULE-002", "RULE-003", "RULE-004", "RULE-005", "RULE-006", "RULE-007", "RULE-008", "RULE-009", "RULE-010", "RULE-011", "RULE-012", "RULE-013", "RULE-014", "RULE-015", "RULE-016", "RULE-017", "RULE-018", "RULE-019", "RULE-020", "RULE-021", "RULE-022"], "missing_rules": [], "rule_diagnostics": [{"rule_id": "RULE-001", "rule_text": "整体结构调整", "biz_key": "unknown", "rule_level": "soft", "confidence": "low", "source_type": "ambiguous_fragment", "blocking": false, "non_blocking_reason": "short_fragment", "covered": false, "coverage_types": [], "missing_types": []}, {"rule_id": "RULE-002", "rule_text": "二、模块说明快问快答•可反复刷的模块,取历史最高分•中途退出不计分、不记录牛刀小试•可反复刷的模块,取历史最高分(可以重新进入,修改对错)•答错后触发相似题推荐出⻔测•可反复刷的模块,取历史最高分(可以重新进入,修改对错),选做•与基础巩固至少完成一个,才可进入后续流程•答错后触发相似题推荐基础巩固(ABS测试)•可反复刷的模块,取历史最高分(可以重新进入,修改对错),选做•本课未配置时不展示入口•答错后触发相似题推荐推荐练习(相似题)•牛刀小试、出⻔测、基础巩固答错后触发•最多 3 轮,每轮独立计分•某知识点全部答对后,停止推荐该知识点•需要进入错题本\\习题集错题\\课后报告", "biz_key": "unknown", "rule_level": "hard", "confidence": "high", "source_type": "confirmed_requirement", "blocking": true, "non_blocking_reason": "", "covered": true, "coverage_types": ["boundary", "happy"], "missing_types": []}, {"rule_id": "RULE-003", "rule_text": "一、页面结构•顶部栏:返回按钮、课程标题、当前金币数、切换课程、打印•奖励进度条:本节课各阶段金币奖励可视化•左侧导航:课程步骤树 + 完成状态•主内容区:当前步骤的做题 / 视频 / 弹题内容", "biz_key": "unknown", "rule_level": "hard", "confidence": "high", "source_type": "confirmed_requirement", "blocking": true, "non_blocking_reason": "", "covered": true, "coverage_types": ["exception", "happy"], "missing_types": []}, {"rule_id": "RULE-004", "rule_text": "三、左侧导航交互•交互调整:由 2 层折叠抽屉改为多层抽屉可展开•每个步骤卡片点击后向下展开该步骤对应的内容目录•展开时箭头旋转 180°,收起时复位•手⻛琴效果:同时只能展开一个步骤的内容目录•内容目录内部沿用之前的 2 层树形结构(知识点 →视频/练习项)增加拍照保存答案", "biz_key": "unknown", "rule_level": "hard", "confidence": "high", "source_type": "confirmed_requirement", "blocking": true, "non_blocking_reason": "", "covered": true, "coverage_types": ["boundary", "happy"], "missing_types": []}, {"rule_id": "RULE-005", "rule_text": "一、触发条件•学生点击\"申请看答案\"按钮时触发•若老师设置中\"学生提交作业需拍照\"为关闭:跳过拍照,直接进入对答案页面•若老师设置中该开关为开启:弹出拍照弹窗,必须完成拍照才能查看答案", "biz_key": "unknown", "rule_level": "hard", "confidence": "high", "source_type": "confirmed_requirement", "blocking": true, "non_blocking_reason": "", "covered": true, "coverage_types": ["boundary", "exception", "happy", "risk"], "missing_types": []}, {"rule_id": "RULE-006", "rule_text": "二、弹窗展示•弹窗标题:\"请先拍照上传作业\"•提示文案:\"为了保证学习效果,申请查看答案前请先拍摄你的作业照片(支持多张)\"•显示已拍照片计数:\"已拍 N 张\"•已拍照片区域:3 列网格缩略图展示(仅用于学生确认拍摄内容,拍完确认后不再展示)•拍照按钮:\"点击拍照上传\"•确认按钮:\"已拍照,查看答案\"(未拍时置灰)•取消按钮:\"稍后再拍\"", "biz_key": "unknown", "rule_level": "hard", "confidence": "high", "source_type": "confirmed_requirement", "blocking": true, "non_blocking_reason": "", "covered": true, "coverage_types": ["boundary", "exception", "happy", "risk"], "missing_types": []}, {"rule_id": "RULE-007", "rule_text": "三、拍照流程•点击拍照按钮:调用设备摄像头或生成模拟照片•每拍一张追加到缩略图列表,计数 +1•照片自动附加水印:学生 ID + 时间戳 + 课程名称•支持连续拍摄,不限制张数", "biz_key": "unknown", "rule_level": "hard", "confidence": "high", "source_type": "confirmed_requirement", "blocking": true, "non_blocking_reason": "", "covered": true, "coverage_types": ["boundary", "exception", "happy", "risk"], "missing_types": []}, {"rule_id": "RULE-008", "rule_text": "五、确认与取消(核心调整)•至少拍摄 1 张后,\"已拍照,查看答案\"按钮可点击•点击确认:◦照片立即上传至服务器,直接转发到督导端◦学生端弹出提示:\"照片已发送至督导端,老师可查看你的原始作业\"◦弹窗 2 秒后自动关闭,或点击\"知道了\"手动关闭◦学生端不保留、不展示任何已拍照片◦直接进入对答案页面•点击\"稍后再拍\":关闭弹窗,返回做题页面,不保存任何照片•拍照后未点确认直接关闭浏览器:照片未上传,下次需重新拍照", "biz_key": "unknown", "rule_level": "hard", "confidence": "high", "source_type": "confirmed_requirement", "blocking": true, "non_blocking_reason": "", "covered": true, "coverage_types": ["boundary", "exception", "happy", "risk"], "missing_types": []}, {"rule_id": "RULE-009", "rule_text": "二、学习进度控制按学习计划顺序学习•定义:开启后,学生只能按照学习计划中编排的内容和顺序进行学习,不能自主选择计划外的课程,也不能跳过节次•默认状态:关闭•开启效果:学习计划强制执行。学生必须完成当前节次的学习任务(视频、练习等)后,下一节才解锁。学生无法在课程列表中自选其他课程•关闭效果:学习计划仅作为参考。学生可在课程列表中自主选择任意课程,也可以跳过节次,不受计划顺序约束允许拖动视频进度条•定义:开启后,学生可在视频讲解中拖动进度条进行快进或回退•默认状态:开启•开启效果:学生可自由拖动视频进度条,跳转到任意时间点•关闭效果:视频只能按正常倍率顺序播放,进度条不可拖动,学生无法快进或随意跳转•注意:此设置仅控制进度条拖动,不影响倍速播放功能。倍速播放由学生端独立控制•适用场景:关闭后用于确保学生完整观看教学视频,避免跳过关键讲解环节", "biz_key": "unknown", "rule_level": "hard", "confidence": "high", "source_type": "confirmed_requirement", "blocking": true, "non_blocking_reason": "", "covered": true, "coverage_types": ["boundary", "happy", "risk"], "missing_types": []}, {"rule_id": "RULE-010", "rule_text": "开启效果:学生点击「查看答案」后,系统向", "biz_key": "unknown", "rule_level": "hard", "confidence": "high", "source_type": "confirmed_requirement", "blocking": true, "non_blocking_reason": "", "covered": true, "coverage_types": ["happy", "risk"], "missing_types": []}, {"rule_id": "RULE-011", "rule_text": "开启效果:学生点击「查看答案」后,必须先", "biz_key": "unknown", "rule_level": "hard", "confidence": "high", "source_type": "confirmed_requirement", "blocking": true, "non_blocking_reason": "", "covered": true, "coverage_types": ["happy", "risk"], "missing_types": []}, {"rule_id": "RULE-012", "rule_text": "才展示答案。照片直接发送至督导端,学生端", "biz_key": "unknown", "rule_level": "hard", "confidence": "high", "source_type": "confirmed_requirement", "blocking": true, "non_blocking_reason": "", "covered": true, "coverage_types": ["boundary", "exception", "happy", "risk"], "missing_types": []}, {"rule_id": "RULE-013", "rule_text": "仅显示「发送成功」提示,不保留、不展示照", "biz_key": "unknown", "rule_level": "hard", "confidence": "high", "source_type": "confirmed_requirement", "blocking": true, "non_blocking_reason": "", "covered": true, "coverage_types": ["boundary", "happy"], "missing_types": []}, {"rule_id": "RULE-014", "rule_text": "一、前置条件•学生已完成出⻔测纸上作答•点击\"申请看答案\"后展示此模块•已拍照上传(若老师开启拍照设置)", "biz_key": "unknown", "rule_level": "hard", "confidence": "high", "source_type": "confirmed_requirement", "blocking": true, "non_blocking_reason": "", "covered": true, "coverage_types": ["boundary", "exception", "happy", "risk"], "missing_types": []}, {"rule_id": "RULE-015", "rule_text": "二、页面展示•提示:\"对照答案,手动标记每道题的对错,标记一道就有金币奖励哦~\"•逐题展示:题号 + 正确答案(绿色字体)•每道题右侧两个按钮:\"我做对了 ✓\"(绿色)、\"我做错了  ✗ \"(红色)、解析、AI讲题•底部:\"提交标记 (对X/总Y)\" 按钮", "biz_key": "unknown", "rule_level": "hard", "confidence": "high", "source_type": "confirmed_requirement", "blocking": true, "non_blocking_reason": "", "covered": true, "coverage_types": ["boundary", "exception", "happy"], "missing_types": []}, {"rule_id": "RULE-016", "rule_text": "二、轮次规则•最多 3 轮,每轮独立计分•每轮显示轮次指示器(第 1 轮 / 第 2 轮 / 第 3轮)•第 1 轮:同难度,第 2 轮:降低 1 级,第 3轮:降低 2 级•某知识点全部答对后,该知识点停止推荐,其他错题知识点继续", "biz_key": "unknown", "rule_level": "hard", "confidence": "high", "source_type": "confirmed_requirement", "blocking": true, "non_blocking_reason": "", "covered": true, "coverage_types": ["boundary", "happy"], "missing_types": []}, {"rule_id": "RULE-017", "rule_text": "三、做题流程•页面标题:\"举一反三练习题\"•提示文案:\"请在纸上完成以下练习题,全部做完后申请查看答案\"•每题标注\"针对出⻔测第 X 题(难度降低)\"•全部做完后点击\"申请看答案\",同出⻔测拍照逻辑", "biz_key": "unknown", "rule_level": "hard", "confidence": "high", "source_type": "confirmed_requirement", "blocking": true, "non_blocking_reason": "", "covered": true, "coverage_types": ["happy"], "missing_types": []}, {"rule_id": "RULE-018", "rule_text": "四、对答案与自评•同出⻔测对答案逻辑•显示\"相似题作业照片\"缩略图•逐题标记\"我做对了 / 我做错了\",即时反馈同出⻔测•全部标记后显示\"提交标记\"", "biz_key": "unknown", "rule_level": "hard", "confidence": "high", "source_type": "confirmed_requirement", "blocking": true, "non_blocking_reason": "", "covered": true, "coverage_types": ["boundary", "exception", "happy", "risk"], "missing_types": []}, {"rule_id": "RULE-019", "rule_text": "二、页面展示•中央大图标:金色奖杯动画,带发光效果•主标题:\"出⻔测阶段完成!\"(大号金色字体)•副标题:\"你认真对待每一道题的态度值得点赞✨ \"•金币卡片:显示本阶段获得金币总数(如 70 金币)•卡片下方标注:\"出⻔测阶段获得\"", "biz_key": "unknown", "rule_level": "hard", "confidence": "high", "source_type": "confirmed_requirement", "blocking": true, "non_blocking_reason": "", "covered": true, "coverage_types": ["happy"], "missing_types": []}, {"rule_id": "RULE-020", "rule_text": "三、金币计算•本阶段金币 = 出⻔测做对题数对应金币 + 相似题加练做对题数对应金币•金币实时累加到顶部总金币数•进度条同步更新,显示\"再得 X 金币拿满奖励\"", "biz_key": "unknown", "rule_level": "hard", "confidence": "high", "source_type": "confirmed_requirement", "blocking": true, "non_blocking_reason": "", "covered": true, "coverage_types": ["boundary", "exception", "happy"], "missing_types": []}, {"rule_id": "RULE-021", "rule_text": "五、后续流程•动画播放 2-3 秒后,底部渐显\"下一步\"按钮•点击后进入\"讲知识 & 错题\"步骤•若还有未完成的日清,左侧导航第六步显示待完成提示•左侧导航自动将\"出⻔测\"标记为完成,\"讲知识& 错题\"高亮为当前", "biz_key": "unknown", "rule_level": "hard", "confidence": "high", "source_type": "confirmed_requirement", "blocking": true, "non_blocking_reason": "", "covered": true, "coverage_types": ["boundary", "exception", "happy", "risk"], "missing_types": []}, {"rule_id": "RULE-022", "rule_text": "六、极限情况•动画播放时退出或刷新:直接显示静态结果页,金币已正常发放•重复刷新结果页:金币只发放一次,幂等处理•多个模块连续完成:每个模块独立触发庆祝,动画排队播放,不堆积课后报告+习题集错题流向•进入学生端错题本,包括推荐的相似题•进入督导端习题集全部错题•进入课后报告错题打包", "biz_key": "unknown", "rule_level": "hard", "confidence": "high", "source_type": "confirmed_requirement", "blocking": true, "non_blocking_reason": "", "covered": true, "coverage_types": ["boundary", "happy"], "missing_types": []}], "coverage_rate": 1.0, "missing_types": {"boundary": [], "exception": []}, "kind": "coverage_check", "multi_pass": true, "generation_mode": "multi_pass"}
GEN_COVERAGE_DIAG:{"diag_version": "2.5", "expected_count": 36, "generated_count": 35, "missing_count": 1, "positive_count": 29, "negative_count": 3, "edge_count": 3, "missing_boundary_class": false, "missing_exception_class": false, "avg_steps": 3.0286, "possible_gap_reasons": ["under_generated_vs_expected_count"], "generated_case_count": 35, "module_count": 19, "modules_preview": ["左侧导航交互", "异常恢复-对答案标记刷新恢复", "异常恢复-对答案标记断网处理", "异常恢复-拍照对答案流程", "拍照对答案自评流程", "拍照对答案自评流程-拍照上传作业", "拍照对答案自评流程-提交自评结果", "拍照对答案自评流程-申请查看答案", "拍照对答案自评流程-确认标记结果", "拍照对答案自评流程-触发相似题推荐", "拍照对答案自评流程-逐题标记对错", "权限安全-督导端答案查看控制"], "priority_distribution": {"P0": 18, "P1": 8, "P2": 9, "other": 0}, "requirement_keyword_count": 40, "requirement_keyword_hit_count": 22, "requirement_keyword_coverage": 0.55, "missing_requirement_keywords": ["学习激励", "错题推荐", "范围", "初中数理化的标准化", "整体结构调整", "计分规则", "每道题答对得", "答错得", "每节课题量由题库配置决定", "分各不相同", "模块说明", "可反复刷的模块", "取历史最", "可以重新进", "答错后触发相似题推荐"], "kb_keyword_count": 30, "kb_keyword_hit_count": 1, "kb_keyword_coverage": 0.0333, "context_anchor_term_count": 0, "context_anchor_term_hit_count": 0, "context_anchor_coverage": 0.0, "requirement_constraints_count": 2, "covered_constraints_count": 1, "missing_constraints_preview": ["2-3"]}

===== append_10_generation started 2026-07-14T16:38:49 =====
@@CONTEXT_DEBUG@@:{"snapshot_status": "success", "snapshot_ready": true, "snapshot_used": true, "snapshot_fallback_reason": "", "realtime_rag_used": true, "current_document_used": true, "snapshot_rebuild_triggered": false, "snapshot_rebuild_reason": "none"}
@@STATUS@@:snapshot gate result: gate_disabled_proceed (poll=0, elapsed_ms=0)
@@STATUS@@:preparing project snapshot context...
@@STATUS@@:snapshot ready and reusable -> using snapshot (reason=snapshot_success_and_hash_matched)
@@STATUS@@:precision retrieval enabled (explicit_precision_mode,generation_default_precision,keyword_triggered)
@@STATUS@@:hybrid fusion done: mode=snapshot+rag rag_chunks=1 tokens~2314
@@STATUS@@:current requirement blueprint applied (count=1,steps=6)
@@STATUS@@:[multi-pass] 阶段1/3 主生成开始...
@@STATUS@@:正在进行需求元分析 (Meta-Analysis)，识别系统类型与测试策略...
@@STATUS@@:分析完成 - 系统类型: Tablet + Web, 复杂度: High, 策略: {"functional": 0.65, "regression": 0.15, "non_functional": 0.2}...
@@STATUS@@:正在生成第 1/1 批次 (10 条) - 第 1 次尝试...
GEN_DIAG:{"kind": "prompt_context_intake", "diag_version": "1.0", "mode": "stream", "doc_type": "requirement", "compress": false, "project_id": 8, "request_id": "c9c35d3782db4db69f74963c62c0f9ab", "batch_index": 1, "total_batches": 1, "attempt": 1, "expected_count": 10, "multi_pass": true, "generation_mode": "multi_pass", "model": "glm-5.1", "max_output_tokens": 10000, "max_tokens_semantics": "output_tokens", "current_biz_key": "unknown", "only_current_biz": false, "section_sizes": {"requirement_user": {"chars": 9464, "approx_tokens": 2366, "sha256_16": "29d26833ae12aa67", "noise_flags": []}, "kb_context": {"chars": 9259, "approx_tokens": 2314, "sha256_16": "d4cdc5a8be3d7990", "noise_flags": []}, "requirement_context": {"chars": 2457, "approx_tokens": 614, "sha256_16": "ad719b851d242616", "noise_flags": []}, "requirement_semantics_context": {"chars": 312, "approx_tokens": 78, "sha256_16": "b94786f6bb3003b2", "noise_flags": []}, "testcase_context": {"chars": 2374, "approx_tokens": 593, "sha256_16": "40b6987bf10cf27e", "noise_flags": []}, "supplement_context": {"chars": 329, "approx_tokens": 82, "sha256_16": "4e83209e22e23cb1", "noise_flags": []}, "control_context": {"chars": 2928, "approx_tokens": 732, "sha256_16": "3ac8c71d6e5fbfbb", "noise_flags": []}, "base_prompt": {"chars": 18726, "approx_tokens": 4681, "sha256_16": "3db2fdff0825fa94", "noise_flags": []}, "system_prompt": {"chars": 30316, "approx_tokens": 7579, "sha256_16": "52bac59fb58e54e5", "noise_flags": []}, "full_input": {"chars": 39780, "approx_tokens": 9945, "sha256_16": "b80915484893c148", "noise_flags": []}}, "source_lanes": {"context_source": "snapshot+rag", "snapshot": {"used": true, "status": "success", "version": 37}, "rag": {"used": true, "chunk_count": 1, "final_status": "success", "retrieval_profile": {"profile_version": "2.5", "query_type": "process", "query_length": 1000, "rewrite_count": 1, "recall_lane_hits": {"original_raw": 5, "original_summary": 0, "rewrite_raw": 5, "rewrite_summary": 0, "keyword_docs": 42}, "raw_topk_scores": [0.875, 0.485, 0.485, 0.40279, 0.357441, 0.2725, 0.2725, 0.2725, 0.2725, 0.2725], "rerank_top_scores": [0.935, 0.43, 0.43, 0.42279, 0.382441, 0.291667, 0.2725, 0.2725, 0.270833, 0.270833], "final_chunk_count": 1, "final_doc_type_distribution": {"requirement": 1}, "compressed_before_chars": 3255, "compressed_after_chars": 1600, "snapshot_related_hit": false, "question_length": 1000, "lane_health": {"counts": {"original_raw": 5, "original_summary": 0, "rewrite_raw": 5, "rewrite_summary": 0, "keyword_docs": 42}, "reasons": {"original_raw": "ok", "original_summary": "no_hit", "rewrite_raw": "ok", "rewrite_summary": "no_hit", "keyword_docs": "ok"}, "topk": {"original_raw": 40, "original_summary": 20, "rewrite_raw": 20, "rewrite_summary": 10, "keyword_docs": 40}, "merged_count": 52, "deduped_count": 45}, "score_profile": {"rerank_top1": 0.935, "rerank_topk_avg": 0.3479832029220469, "selected_top1": 0.935, "selected_topk_avg": 0.935, "rerank_score_bands": {"gte_0_9": 1, "0_8_to_0_9": 0, "0_7_to_0_8": 0, "lt_0_7": 15}, "selected_score_bands": {"gte_0_9": 1, "0_8_to_0_9": 0, "0_7_to_0_8": 0, "lt_0_7": 0}}, "selection_profile": {"selected_count": 1, "kept_by_query_source": {"original": 1, "rewrite": 0, "unknown": 0}, "kept_by_chunk_source": {"raw": 1, "summary": 0, "unknown": 0}}, "stability": {"attempt_count": 1, "retry_triggered_count": 0, "retry_reasons": [], "final_status": "success", "final_failure_reason": ""}}}}, "rag_sources": [{"rank": 1, "doc_id": "238", "chunk_id": "238_0", "filename": "学习激励+错题推荐.pdf", "score": 0.935, "chars": 1200, "approx_tokens": 300, "sha256_16": "086a97471d9eade9", "preview": "学习激励+错题推荐\u0001 范围：初中数理化的标准化⾃习\u0001 整体结构调整\u0001 \u0001 \u0001 课中积分逻辑\u0001 ⼀、计分规则\u0001 • 每道题答对得\u00011\u0001分，答错得\u00010\u0001分\u0001 • 模块得分\u0001=\u0001该模块答对题数\u0001 • 每节课题量由题库配置决定，最⾼分各不相同\u0001 ⼆、模块说明\u0001 快问快答\u0001 • 可反复刷的模块，取历史最⾼分\u0001 • 中途退出...", "noise_flags": []}], "control": {"workflow_blueprint_count": 1, "generation_execution_plan_blueprint_count": 1, "generation_execution_plan_step_count": 6, "generation_execution_plan_in_context": true, "generation_execution_independent_suite_order": ["permission/security", "exception/recovery", "boundary/state rollback", "independent functional", "UI/display"], "must_cover_rules_count": 0, "quality_fix_hints_count": 6, "fact_profile_source": "requirement_semantics", "fact_profile_confidence": 0.75, "fact_profile_confirmed_count": 5, "fact_profile_pending_count": 0, "fact_profile_forbidden_count": 0, "scoped_rules_count": 0, "hard_flow_constraints_count": 3, "reuse_risks_count": 0}, "requirement_understanding": {"present": true, "visual_fact_count": 4, "invalid_visual_block_count": 0, "aligned_evidence_count": 4}, "business_scope": {"biz_key_order": ["unknown"], "module_order_hint": ["拍照对答案自评流程-触发相似题推荐", "拍照对答案自评流程", "拍照对答案自评流程-逐题标记对错", "拍照对答案自评流程-提交自评结果", "权限安全-督导端答案查看控制", "异常恢复-拍照对答案流程", "异常恢复-对答案标记断网处理", "异常恢复-对答案标记刷新恢复", "边界状态回滚-流程解锁约束", "独立功能-最高分计算", "边界状态回滚-模块配置缺失", "边界状态回滚-模块中途退出", "结束庆祝逻辑", "课中积分逻辑", "左侧导航交互", "督导端学习进度控制", "拍照对答案自评流程-确认标记结果", "拍照对答案自评流程-拍照上传作业", "拍照对答案自评流程-申请查看答案"], "module_order_source": "reference_cases", "requirement_semantics_by_biz": [{"biz_key": "unknown", "confirmed_facts_count": 5, "scoped_rules_count": 0, "pending_items_count": 0, "forbidden_facts_count": 0, "reuse_risks_count": 0}]}, "noise_summary": {"section_noise_flags": {}, "rag_source_noise_flags": {}}, "risk_flags": []}
```json
[
  {
    "id": "TC-036",
    "description": "相似题推荐-出门测/牛刀小试/基础巩固提交后全部答对无错题时不触发推荐",
    "test_module": "拍照对答案自评流程-触发相似题推荐",
    "preconditions": [
      "学生完成出门测（或牛刀小试/基础巩固）所有题目",
      "逐题标记全部为做对，无错题",
      "提交标记结果"
    ],
    "steps": [
      "进入出门测模块完成所有题目",
      "申请查看答案并逐题标记全部做对",
      "提交标记结果",
      "观察提交后的页面跳转和推荐行为"
    ],
    "test_input": "某模块全部答对，提交后无错题",
    "expected_result": "提交后不触发相似题推荐流程，直接进入下一阶段或显示阶段完成庆祝页",
    "priority": "P1"
  },
  {
    "id": "TC-037",
    "description": "相似题推荐-多错题知识点场景某知识点全对后停止该知识点推荐，其他知识点继续推荐",
    "test_module": "拍照对答案自评流程-触发相似题推荐",
    "preconditions": [
      "出门测存在2个以上不同知识点的错题",
      "触发相似题推荐进入第1轮"
    ],
    "steps": [
      "完成出门测，答错涉及知识点A和知识点B的题目",
      "提交触发相似题推荐第1轮",
      "第1轮中将知识点A的相似题全部答对，知识点B仍有错题",
      "提交第1轮标记结果",
      "观察第2轮推荐的知识点覆盖范围"
    ],
    "test_input": "多知识点错题，第1轮知识点A全对、知识点B仍有错",
    "expected_result": "第2轮仅推荐知识点B的相似题，知识点A不再出现；轮次指示器显示第2轮",
    "priority": "P1"
  },
  {
    "id": "TC-038",
    "description": "相似题推荐-3轮全部做完后仍有错题时结束推荐不再继续",
    "test_module": "拍照对答案自评流程-触发相似题推荐",
    "preconditions": [
      "出门测存在错题触发相似题推荐",
      "前2轮相似题推荐均存在错题"
    ],
    "steps": [
      "完成出门测并提交存在错题，触发相似题推荐",
      "第1轮相似题仍有错题，进入第2轮",
      "第2轮相似题仍有错题，进入第3轮",
      "第3轮相似题仍有错题，提交标记结果",
      "观察提交后是否继续推荐第4轮"
    ],
    "test_input": "3轮相似题推荐均存在错题",
    "expected_result": "第3轮完成后结束推荐流程，不再触发第4轮，进入结束庆祝页或下一阶段",
    "priority": "P1"
  },
  {
    "id": "TC-039",
    "description": "相似题推荐-错题同步至学生端错题本、督导端习题集、课后报告",
    "test_module": "拍照对答案自评流程-触发相似题推荐",
    "preconditions": [
      "出门测存在错题触发相似题推荐",
      "相似题作答后仍有错题并已提交"
    ],
    "steps": [
      "完成出门测并提交存在错题，触发相似题推荐",
      "完成相似题推荐流程，其中存在错题并提交",
      "进入学生端错题本查看是否包含相似题错题",
      "进入督导端习题集查看是否包含相似题错题",
      "查看课后报告错题打包是否包含相似题错题"
    ],
    "test_input": "相似题推荐中存在错题并已提交",
    "expected_result": "相似题中的错题同步出现在学生端错题本、督导端习题集全部错题列表、课后报告错题打包中，且题目内容与标记结果一致",
    "priority": "P1"
  }
]
```GEN_DIAG:{"kind": "stream_batch_token_usage", "project_id": 8, "request_id": "c9c35d3782db4db69f74963c62c0f9ab", "current_biz_key": "unknown", "multi_pass": true, "generation_mode": "multi_pass", "batch_index": 1, "total_batches": 1, "attempt": 1, "requested_count": 10, "input_tokens": null, "output_tokens": null, "total_tokens": null, "token_source": "unavailable", "token_unavailable_reason": "provider_usage_estimated", "estimate_method": "chars_div_4", "model": "glm-5.1", "duration_ms": 89553, "response_chars": 1926, "attempt_status": "received", "provider_error": ""}

GEN_DIAG:{"kind": "stream_batch_quality", "project_id": 8, "request_id": "c9c35d3782db4db69f74963c62c0f9ab", "current_biz_key": "unknown", "multi_pass": true, "generation_mode": "multi_pass", "batch_index": 1, "new_valid_cases_count": 4, "duplicate_rate": 0.0, "non_assertable_count": 0, "low_quality_filtered_count": 0, "coverage_gain_count": 4, "low_gain_detected": false, "low_gain_streak": 0}
@@STATUS@@:[multi-pass] Stage 2/3 gap supplement started...
@@STATUS@@:Gap supplement attempt #1...
```json
[
  {
    "id": "TC-040",
    "description": "基础巩固(ABS测试)模块答错触发相似题推荐验证",
    "test_module": "拍照对答案自评流程-触发相似题推荐",
    "preconditions": [
      "本课已配置基础巩固(ABS测试)模块，共5题",
      "学生已完成基础巩固作答并进入对答案页面",
      "标记2道题做错、3道做对，错题涉及1个知识点"
    ],
    "steps": [
      "1. 在基础巩固对答案页面逐题标记（2道做错）",
      "2. 点击「提交标记」按钮提交自评结果",
      "3. 观察提交后是否触发相似题推荐入口",
      "4. 点击进入相似题推荐页面",
      "5. 检查页面标题、提示文案及题目标注内容"
    ],
    "test_input": "基础巩固提交含2道错题",
    "expected_result": "提交后触发相似题推荐，页面标题为「举一反三练习题」，提示文案为「请在纸上完成以下练习题，全部做完后申请查看答案」，每题标注「针对基础巩固第X题」，推荐题目基于基础巩固错题的知识点从题库抽取",
    "priority": "P1"
  },
  {
    "id": "TC-041",
    "description": "仅1道错题最小触发相似题推荐验证-单知识点场景",
    "test_module": "拍照对答案自评流程-触发相似题推荐",
    "preconditions": [
      "出门测共5题",
      "学生标记仅1道题做错（其余4道做对）",
      "错题仅涉及1个知识点"
    ],
    "steps": [
      "1. 在出门测对答案页面标记仅1道做错、4道做对",
      "2. 点击「提交标记」按钮",
      "3. 观察是否触发相似题推荐入口",
      "4. 进入相似题推荐页面检查推荐题目数量和知识点覆盖范围",
      "5. 检查轮次指示器显示"
    ],
    "test_input": "出门测仅1道错题（1个知识点）",
    "expected_result": "即使仅1道错题也正常触发相似题推荐；推荐页面仅包含该1个知识点的相似题；轮次指示器显示「第1轮」；题目标注「针对出门测第X题」",
    "priority": "P1"
  },
  {
    "id": "TC-042",
    "description": "题库某知识点无可用相似题时推荐处理-部分知识点无匹配题目",
    "test_module": "拍照对答案自评流程-触发相似题推荐",
    "preconditions": [
      "出门测错题涉及知识点A和知识点B",
      "题库中知识点A有可用相似题但知识点B无可用相似题"
    ],
    "steps": [
      "1. 提交出门测标记（含知识点A和知识点B的错题）",
      "2. 观察触发相似题推荐后的题目内容",
      "3. 检查推荐题目中是否包含知识点A的相似题",
      "4. 检查推荐题目中是否包含知识点B的相似题或提示信息",
      "5. 完成知识点A的相似题全部答对后观察知识点B是否继续推荐"
    ],
    "test_input": "错题涉及2个知识点，其中知识点B题库无相似题",
    "expected_result": "相似题推荐仅包含知识点A的可用相似题，知识点B因题库无匹配相似题跳过不推荐；知识点A全部答对后停止推荐，因知识点B无可用题目直接结束推荐流程（待确认：需求未明确无相似题时的处理逻辑，建议补充降级策略说明）",
    "priority": "P1"
  },
  {
    "id": "TC-043",
    "description": "相似题推荐对答案标记断网本地保存恢复后自动提交",
    "test_module": "拍照对答案自评流程-触发相似题推荐",
    "preconditions": [
      "已进入相似题推荐第1轮对答案页面",
      "已标记2道题（1对1错），剩余题目未标记",
      "网络断开"
    ],
    "steps": [
      "1. 在断网状态下标记剩余相似题并点击「提交标记」",
      "2. 观察本地是否保存标记数据",
      "3. 恢复网络连接",
      "4. 观察系统是否自动提交标记结果",
      "5. 检查该轮积分计算和错题本数据是否与标记一致"
    ],
    "test_input": "相似题推荐对答案标记过程中断网后恢复",
    "expected_result": "断网时标记数据本地保存不丢失；网络恢复后系统自动提交标记结果（同出门测对答案断网处理逻辑）；该轮积分按答对题数×1分计算，错题加入错题本，数据与标记一致",
    "priority": "P2"
  },
  {
    "id": "TC-044",
    "description": "图片题无法关联知识点导致相似题推荐缺失或推荐不匹配题目",
    "test_module": "拍照对答案自评流程-触发相似题推荐",
    "preconditions": [
      "出门测包含图片类型错题",
      "该图片题在题库中无法关联到具体知识点",
      "其他文本类错题可正常关联知识点"
    ],
    "steps": [
      "1. 提交出门测标记（含图片题错题和普通题错题）",
      "2. 观察相似题推荐是否触发",
      "3. 检查推荐题目中是否包含针对图片题的相似题",
      "4. 检查推荐题目的知识点匹配准确性",
      "5. 对比推荐题目与原始错题的知识点对应关系"
    ],
    "test_input": "错题含无法关联知识点的图片题",
    "expected_result": "图片题因无法关联知识点导致该题不产生针对性相似题推荐（或降级推荐老旧/不匹配题目）；其他可关联知识点的错题正常触发相似题推荐且知识点匹配准确；此为已知当前问题（需求调研明确标注），需建立异常不匹配题目反馈机制确保图片题可进题库并关联知识点（待确认：修复方案未明确）",
    "priority": "P1"
  }
]
```@@STATUS@@:Gap supplement attempt #2...
```json
[
  {
    "id": "TC-041",
    "description": "相似题推荐每轮独立计分边界验证-各轮得分互不影响",
    "test_module": "拍照对答案自评流程-触发相似题推荐",
    "preconditions": [
      "出门测存在错题触发相似题推荐",
      "每轮相似题3道题，错题涉及知识点A"
    ],
    "steps": [
      "1. 进入第1轮举一反三练习题，标记2道做对、1道做错，提交标记",
      "2. 记录第1轮得分为2分",
      "3. 进入第2轮（降低1级难度），标记1道做对、2道做错，提交标记",
      "4. 记录第2轮得分为1分",
      "5. 返回查看第1轮得分是否仍为2分",
      "6. 查看总相似题得分是否为2+1=3分"
    ],
    "test_input": "第1轮2对1错，第2轮1对2错",
    "expected_result": "第1轮得分=2分，第2轮得分=1分，各轮独立计分互不影响；第1轮得分在提交后固定不变，不受第2轮结果影响；总相似题得分=各轮得分之和=3分",
    "priority": "P1"
  },
  {
    "id": "TC-042",
    "description": "相似题对答案页面显示'相似题作业照片'缩略图验证",
    "test_module": "拍照对答案自评流程-触发相似题推荐",
    "preconditions": [
      "督导端「查看答案前需拍照上传」开关为开启",
      "已进入相似题推荐第1轮，完成所有题目作答",
      "已点击「申请看答案」并完成拍照上传"
    ],
    "steps": [
      "1. 在相似题推荐页面点击「申请看答案」",
      "2. 完成拍照上传流程（至少1张照片）并确认",
      "3. 进入相似题对答案页面",
      "4. 观察页面是否显示「相似题作业照片」缩略图区域",
      "5. 点击缩略图查看照片内容"
    ],
    "test_input": "相似题推荐流程中申请看答案并完成拍照",
    "expected_result": "相似题对答案页面显示「相似题作业照片」缩略图区域，缩略图内容为刚才上传的作业照片；点击可查看照片详情，与出门测对答案页面逻辑一致但缩略图标注为「相似题作业照片」",
    "priority": "P1"
  },
  {
    "id": "TC-043",
    "description": "相似题推荐轮次提交时网络中断-本地保存标记恢复后自动提交",
    "test_module": "拍照对答案自评流程-触发相似题推荐",
    "preconditions": [
      "已进入相似题第1轮对答案页面",
      "已逐题标记完成（2道做对、1道做错）",
      "网络即将断开"
    ],
    "steps": [
      "1. 断开网络连接",
      "2. 在断网状态下点击「提交标记」按钮",
      "3. 观察本地是否保存标记数据",
      "4. 恢复网络连接",
      "5. 观察系统是否自动提交第1轮标记结果",
      "6. 检查第1轮得分和错题本是否正确更新"
    ],
    "test_input": "相似题第1轮标记完成后断网提交，恢复网络",
    "expected_result": "断网时标记数据本地保存不丢失；网络恢复后系统自动提交第1轮标记结果；第1轮得分=2分正确计算，错题正确加入错题本；根据错题情况正确判断是否进入第2轮",
    "priority": "P1"
  },
  {
    "id": "TC-044",
    "description": "相似题各轮错题分别同步至错题本/习题集/课后报告的数据完整性风险验证",
    "test_module": "拍照对答案自评流程-触发相似题推荐",
    "preconditions": [
      "出门测错题触发相似题推荐，涉及知识点A和知识点B",
      "第1轮相似题中知识点A的1道题答错",
      "第2轮相似题中知识点B的1道题答错"
    ],
    "steps": [
      "1. 完成第1轮相似题，标记知识点A的1道题为做错，提交",
      "2. 完成第2轮相似题，标记知识点B的1道题为做错，提交",
      "3. 进入学生端错题本，检查是否包含第1轮和第2轮的相似题错题",
      "4. 进入督导端习题集，检查是否包含第1轮和第2轮的相似题错题",
      "5. 查看课后报告错题打包，检查是否包含第1轮和第2轮的相似题错题",
      "6. 验证每条错题的知识点标注是否正确"
    ],
    "test_input": "第1轮知识点A错1题，第2轮知识点B错1题",
    "expected_result": "学生端错题本包含2条相似题错题（第1轮知识点A的1题+第2轮知识点B的1题），知识点标注正确；督导端习题集全部错题列表包含相同的2条相似题错题；课后报告错题打包包含相同的2条相似题错题；三方数据一致，无遗漏或错乱",
    "priority": "P0"
  },
  {
    "id": "TC-045",
    "description": "题库某知识点无可用相似题时跳过该知识点继续推荐其他知识点相似题",
    "test_module": "拍照对答案自评流程-触发相似题推荐",
    "preconditions": [
      "出门测错题涉及知识点A（题库有3道相似题）和知识点C（题库无相似题）",
      "触发相似题推荐"
    ],
    "steps": [
      "1. 提交出门测标记结果（含知识点A和知识点C的错题）",
      "2. 观察相似题推荐页面是否正常展示",
      "3. 检查推荐题目是否仅包含知识点A的相似题",
      "4. 观察是否有错误提示或空白页面",
      "5. 完成知识点A的相似题并全部答对，提交",
      "6. 观察是否因知识点C无相似题而直接结束推荐"
    ],
    "test_input": "错题涉及2个知识点，其中1个题库无相似题",
    "expected_result": "相似题推荐页面正常展示，仅推荐知识点A的相似题，知识点C因题库无可用相似题被跳过；页面无错误提示或空白；知识点A全部答对后，因知识点C无可推荐题目且无其他错题知识点，直接结束推荐流程",
    "priority": "P2"
  }
]
```@@STATUS@@:Gap supplement attempt #3...
```json
[
  {
    "id": "TC-041",
    "description": "每轮独立计分验证-各轮得分独立计算且正确累加到模块总分，不互相覆盖",
    "test_module": "拍照对答案自评流程-触发相似题推荐",
    "preconditions": ["出门测提交后存在错题，触发相似题推荐", "每轮相似题3道题", "第1轮答对2道（得分2分），第2轮答对1道（得分1分）"],
    "steps": ["1. 完成出门测并提交含错题，触发相似题推荐第1轮", "2. 第1轮标记2道做对、1道做错，提交标记", "3. 记录第1轮得分（应为2分）", "4. 进入第2轮（降低1级难度），标记1道做对、2道做错，提交标记", "5. 记录第2轮得分（应为1分）", "6. 查看相似题推荐模块总得分", "7. 查看本节课最高分计算中相似题部分的得分累加"],
    "test_input": "第1轮答对2题得分2分，第2轮答对1题得分1分",
    "expected_result": "第1轮得分=2分独立记录；第2轮得分=1分独立记录；两轮得分互不影响不覆盖；相似题模块累计得分=2+1=3分；最高分计算中相似题已答题数正确累加",
    "priority": "P1"
  },
  {
    "id": "TC-042",
    "description": "多模块同时存在错题时相似题推荐触发-牛刀小试和出门测均提交含错题后推荐流程组织",
    "test_module": "拍照对答案自评流程-触发相似题推荐",
    "preconditions": ["牛刀小试共5题，提交后存在2道错题涉及知识点A", "出门测共5题，提交后存在1道错题涉及知识点B", "两个模块错题知识点不同"],
    "steps": ["1. 先完成牛刀小试并提交含2道错题（知识点A）", "2. 观察是否触发相似题推荐入口", "3. 再完成出门测并提交含1道错题（知识点B）", "4. 观察相似题推荐的组织方式", "5. 进入相似题推荐页面检查题目覆盖的知识点范围", "6. 检查题目标注是否区分来源模块"],
    "test_input": "牛刀小试错题（知识点A）+出门测错题（知识点B）同时存在",
    "expected_result": "两个模块的错题均触发相似题推荐；推荐页面包含知识点A和知识点B的相似题；题目标注分别显示「针对牛刀小试第X题」和「针对出门测第X题」以区分来源模块；所有错题知识点合并进入同一轮次推荐流程",
    "priority": "P1"
  },
  {
    "id": "TC-043",
    "description": "题库无匹配相似题-某知识点在题库中无可用相似题时推荐流程的降级处理",
    "test_module": "拍照对答案自评流程-触发相似题推荐",
    "preconditions": ["出门测提交后存在错题涉及知识点A和知识点B", "知识点A在题库中有可用相似题", "知识点B在题库中无任何可用相似题（题库为空或无匹配）"],
    "steps": ["1. 完成出门测并提交含错题，触发相似题推荐", "2. 进入第1轮举一反三练习题页面", "3. 检查页面中是否包含知识点B的题目", "4. 仅完成知识点A的相似题并提交", "5. 观察知识点B的推荐状态和提示"],
    "test_input": "错题涉及2个知识点，其中1个知识点题库无相似题",
    "expected_result": "第1轮仅推荐知识点A的相似题，知识点B因题库无可用相似题不出现；页面不展示知识点B相关题目；知识点A完成推荐后，若全对则停止推荐；知识点B因无相似题可推荐，该知识点推荐跳过，错题仍进入错题本；推荐流程在有相似题的知识点完成后正常结束",
    "priority": "P2"
  },
  {
    "id": "TC-044",
    "description": "相似题对答案标记断网-本地保存标记数据恢复网络后自动提交且积分错题本数据一致",
    "test_module": "拍照对答案自评流程-触发相似题推荐",
    "preconditions": ["已进入第1轮举一反三练习题对答案页面", "已标记2道题（1对1错），网络断开", "相似题共3道题"],
    "steps": ["1. 在断网状态下标记剩余1道题并点击提交标记", "2. 观察本地是否保存标记数据（对2/错1或对1/错2）", "3. 恢复网络连接", "4. 观察系统是否自动提交标记结果", "5. 检查该轮积分计算是否正确", "6. 检查错题是否正确加入错题本"],
    "test_input": "断网时在相似题对答案页面标记并提交，恢复网络",
    "expected_result": "断网时标记数据本地保存不丢失；网络恢复后系统自动提交标记结果；该轮积分按答对题数×1分正确计算；错题正确加入学生端错题本和督导端习题集；标记状态与断网前一致",
    "priority": "P1"
  },
  {
    "id": "TC-045",
    "description": "重新进入模块修改错题为对题后已触发相似题推荐的状态变化-历史最高分更新但已完成的相似题推荐轮次不回退",
    "test_module": "拍照对答案自评流程-触发相似题推荐",
    "preconditions": ["出门测共5题，首次提交标记3对2错，触发相似题推荐", "已完成第1轮相似题推荐并提交（1对2错）", "学生重新进入出门测修改1道错题为对题，当前出门测最高分从3分更新为4分"],
    "steps": ["1. 重新进入出门测对答案页面，将1道错题修改为对题并提交", "2. 观察出门测历史最高分是否更新", "3. 检查相似题推荐入口状态", "4. 检查已完成的第1轮相似题推荐轮次和得分是否保留", "5. 观察是否触发新的相似题推荐轮次"],
    "test_input": "出门测修改1道错题为对题后最高分更新，已有1轮相似题推荐完成",
    "expected_result": "出门测历史最高分从3分更新为4分；已完成的第1轮相似题推荐轮次和得分保留不回退；错题数从2道减少为1道后，若仍有错题则相似题推荐继续（剩余1道错题的知识点仍需推荐）；若修改后无错题则不再触发新的相似题推荐轮次，但已完成轮次的得分和记录保留",
    "priority": "P1"
  }
]
```@@STATUS@@:[multi-pass] Stage 3/3 review selection started...
GEN_DIAG:{"kind": "persistence_gate", "passed": false, "gate_mode": "enforce", "blocked": true, "failure_code": "LOW_QUALITY_GENERATED_CASES", "quality_would_block": true, "quality_would_warn": false, "quality_soft_failures": [], "quality_hard_failures": ["persistable_required_field_missing_count=33", "persistable_priority_final_invalid_count=33"], "execution_plan_would_block": true, "quality_gate": {"passed": false, "failed_checks": ["persistable_required_field_missing_count=33", "persistable_priority_final_invalid_count=33"], "priority_final_null_count": 0, "invalid_priority_final_count": 0, "invalid_priority_final_case_ids": [], "non_assertable_expected_result_count": 0, "truncated_text_count": 0, "non_assertable_case_ids": [], "truncated_case_ids": [], "metrics": {"persistable_case_count": 38, "persistable_required_field_missing_count": 33, "persistable_priority_final_invalid_count": 33, "persistable_reasoning_leakage_count": 0, "final_count": 9, "min_acceptable_final": 6, "judge_rejected_count": 0, "final_scenario_duplicate_case_count": 0, "final_flow_misordered_count": 0, "reasoning_leak_count": 0, "role_mismatch_count": 0}, "persistable_required_field_missing_case_ids": ["TC-003", "TC-004", "TC-005", "TC-006", "TC-007", "TC-008", "TC-009", "TC-011", "TC-012", "TC-013", "TC-014", "TC-015", "TC-016", "TC-017", "TC-018", "TC-019", "TC-020", "TC-021", "TC-022", "TC-023", "TC-024", "TC-025", "TC-026", "TC-027", "TC-028", "TC-029", "TC-030", "TC-031", "TC-032", "TC-033", "TC-034", "TC-035", "TC-036"], "persistable_priority_final_invalid_case_ids": ["TC-003", "TC-004", "TC-005", "TC-006", "TC-007", "TC-008", "TC-009", "TC-011", "TC-012", "TC-013", "TC-014", "TC-015", "TC-016", "TC-017", "TC-018", "TC-019", "TC-020", "TC-021", "TC-022", "TC-023", "TC-024", "TC-025", "TC-026", "TC-027", "TC-028", "TC-029", "TC-030", "TC-031", "TC-032", "TC-033", "TC-034", "TC-035", "TC-036"], "persistable_reasoning_leakage_case_ids": []}, "execution_plan_validation": {"passed": false, "failure_code": "execution_plan_failed", "failure_reasons": ["main_smoke_count_below_threshold", "state_chain_conflict", "commit_downstream_completion_missing"], "generation_mode": "multi_pass", "metrics": {"final_case_count": 38, "main_smoke_count": 2, "p0_count": 18, "state_field_coverage": 1.0, "workflow_id_missing_count": 0, "workflow_id_missing_rate": 0.0, "state_conflict_count": 1, "semantic_conflict_count": 0, "execution_group_order_conflict_count": 0, "linear_executable": false, "workflow_blueprint_count": 1, "trusted_workflow_contract_count": 0, "current_requirement_blueprint_count": 1, "untrusted_workflow_blueprint_count": 1, "workflow_contract_source_types": [], "workflow_blueprint_source": "current_requirement_blueprint", "current_requirement_blueprint_allowed": true, "candidate_blueprint_without_contract_allowed": false, "main_chain_stage_kinds": ["consume", "commit"], "commit_step_count": 1, "downstream_or_completion_step_count": 1, "commit_downstream_completion_closed": false}, "state_conflicts": [{"prev_case_id": "TC-001", "curr_case_id": "TC-002", "prev_target_state": "photo_popup", "curr_source_state": "ready_submit", "reason": "state_not_connected"}], "semantic_conflicts": [], "execution_group_order_conflicts": []}, "request_id": "c9c35d3782db4db69f74963c62c0f9ab", "project_id": 8}
GEN_DIAG:{"kind": "generation_summary", "recommended_range": "30-50", "generation_coverage_mode": "standard_regression", "requested_generation_mode": "", "effective_generation_coverage_mode_source": "feedback_control_state", "explicit_generation_mode_override": false, "explicit_expected_count_floor_preserved": false, "expected_count": 45, "expected_count_explicit": true, "recommended_min": 30, "recommended_max": 50, "target_final_count": 45, "soft_min_count": 36, "hard_min_count": 31, "min_acceptable_final": 6, "target_satisfaction_ratio": 0.2, "underfilled": false, "underfill_level": "", "underfill_reason": "", "underfill_root_cause": "", "final_count": 9, "status": "completed_with_quality_stop", "stop_reason": ["stopped_due_to_diminishing_returns", "target_count_warning"], "quality_assessment": "medium", "needs_priority_review": false, "priority_conflict_count": 0, "priority_undetermined_count": 0, "priority_optional_count": 0, "final_priority_breakdown": {"P0": 6, "P1": 3}, "final_execution_group_breakdown": {"main_smoke": 6, "independent_functional": 1, "display": 2}, "final_module_breakdown_top": {"拍照对答案自评流程-触发相似题推荐": 6, "拍照对答案自评流程": 3}, "final_display_case_count": 0, "final_display_ratio": 0.0, "final_high_priority_ratio": 1.0, "request_id": "c9c35d3782db4db69f74963c62c0f9ab", "project_id": 8, "multi_pass": true, "generation_mode": "multi_pass"}
GEN_DIAG:{"kind": "generation_convergence", "suggested_count": 10, "final_count": 9, "reference_gap": 1, "converged": false, "duplication_rate_estimate": 0.0, "primary_count": 4, "gap_count": 2, "review_count": 3, "candidate_count_before_review": 6, "review_selected_count": 3, "post_review_dedup_drop": 0, "judge_reject_count": 0, "judge_pending_count": 0, "judge_pass_count": 3, "final_input_count": 3, "final_output_count": 9, "final_non_judge_drop_count": 0, "scenario_duplicate_pruned_count": 0, "post_review_dedup_reorder_drop_count": 0, "final_description_dedup_drop_count": 0, "total_dedup_drop_count": 0, "gap_attempts": 3, "gap_remaining_after_attempts": 7, "missing_rules_count": 6, "missing_types_exists": true, "low_quality_dropped_count": 0, "low_quality_dropped_examples": [], "postprocess_filter_drop_total": 0, "semantic_dedup_dropped_count": 0, "governance_hard_drop_count": 0, "duplicate_pruned_count": 0, "invalid_pruned_count": 0, "quality_rejected_count": 0, "review_selector_pruned_count": 0, "valid_unique_candidate_count": 6, "generation_coverage_mode": "standard_regression", "requested_generation_mode": "", "effective_generation_coverage_mode_source": "feedback_control_state", "explicit_generation_mode_override": false, "explicit_expected_count_floor_preserved": false, "expected_count": 45, "expected_count_explicit": true, "recommended_min": 30, "recommended_max": 50, "target_final_count": 45, "soft_min_count": 36, "hard_min_count": 31, "min_acceptable_final": 6, "target_satisfaction_ratio": 0.2, "underfilled": false, "underfill_level": "", "underfill_reason": "", "underfill_root_cause": "", "append_target_count": 10, "append_final_cap_count": 10, "append_cap_drop_count": 0, "flow_governance": {"applied": true, "reason": "", "scenario_policy_registry_version": 1, "scenario_policy_registered_count": 93, "scenario_policy_candidate_count": 0, "scenario_policy_pending_candidate_count": 0, "domain_policy_registered_count": 4, "scenario_policy_domains": {"ai_wrong_question_teaching": 10, "recent_course_scheduling": 7, "essay_writing": 23, "course_access": 2, "general": 51}, "scenario_policy_sources": {"manual_seed": 1, "registry": 16, "legacy_duplicate_policy": 19, "legacy_coverage_pattern": 28, "legacy_judge_duplicate_policy": 29}, "scenario_policy_documents": [], "flow_reordered": true, "flow_order": ["stage:出_测_基础巩固答错后触发", "stage:最高分计算", "stage:页面结构", "stage:打印", "stage:奖励进度条", "stage:左侧导航交互", "stage:触发条件", "stage:弹窗展示", "stage:拍照", "stage:照片管理", "stage:确认与取消", "stage:设置总览", "stage:学习进度控制", "stage:答案查看控制", "stage:前置条件", "stage:页面展示", "stage:逐题标记即时反馈", "stage:提交与极限情况", "stage:做题", "stage:对答案与自评", "stage:提交后处理", "stage:金币计算", "stage:动画效果"], "cross_cutting_order": [], "scenario_duplicate_pruned_count": 0, "scenario_duplicate_pruned_indices": [], "scenario_cap_policy": {}, "scenario_duplicate_cluster_count": 2, "flow_misordered_count_before": 2, "missing_flow_stage_count": 21, "registry_impact": {"registry_version": 1, "total_policies_available": 93, "candidate_policies_active": 0, "candidate_policies_pending": 0, "primary_domain": "", "scenario_kinds_seen": {"title_format": 1, "workflow_navigation": 5}, "policies_matched": [{"key": "title_format", "domain": "general", "source": "legacy_coverage_pattern", "specific": false, "default_cap": 1, "mode_cap": null, "cross_module": false, "judge_duplicate": false, "judge_threshold": {"score": 0.2, "overlap": 5}, "status": "active", "documents": []}, {"key": "workflow_navigation", "domain": "general", "source": "legacy_coverage_pattern", "specific": false, "default_cap": 2, "mode_cap": null, "cross_module": false, "judge_duplicate": false, "judge_threshold": {"score": 0.2, "overlap": 5}, "status": "active", "documents": []}], "matched_documents": [], "caps_applied": {"title_format": 1, "workflow_navigation": 2}, "judge_thresholds_used": {}, "cross_module_policies_in_effect": []}, "relaxed_for_floor_backfill": true}, "needs_priority_review": false, "priority_conflict_count": 0, "priority_undetermined_count": 0, "priority_optional_count": 0, "reasons": ["coverage_gap_still_exists", "gap_attempt_limit_reached", "coverage_missing_rules", "coverage_missing_types", "flow_structure_reordered", "target_count_warning"], "generation_target_case_range": {"min": 30, "max": 50}, "request_id": "c9c35d3782db4db69f74963c62c0f9ab", "project_id": 8, "multi_pass": true, "generation_mode": "multi_pass"}
GEN_DIAG:{"kind": "review_decision_summary", "candidate_total": 6, "retained_total": 6, "dropped_total": 0, "flow_order": ["stage:出_测_基础巩固答错后触发", "stage:最高分计算", "stage:页面结构", "stage:打印", "stage:奖励进度条", "stage:左侧导航交互", "stage:触发条件", "stage:弹窗展示", "stage:拍照", "stage:照片管理", "stage:确认与取消", "stage:设置总览", "stage:学习进度控制", "stage:答案查看控制", "stage:前置条件", "stage:页面展示", "stage:逐题标记即时反馈", "stage:提交与极限情况", "stage:做题", "stage:对答案与自评", "stage:提交后处理", "stage:金币计算", "stage:动画效果"], "flow_labels": {"stage:出_测_基础巩固答错后触发": "出⻔测、基础巩固答错后触发", "stage:最高分计算": "最高分计算", "stage:页面结构": "页面结构", "stage:打印": "打印", "stage:奖励进度条": "奖励进度条", "stage:左侧导航交互": "左侧导航交互", "stage:触发条件": "触发条件", "stage:弹窗展示": "弹窗展示", "stage:拍照": "拍照流程", "stage:照片管理": "照片管理", "stage:确认与取消": "确认与取消(核心调整)", "stage:设置总览": "设置总览", "stage:学习进度控制": "学习进度控制", "stage:答案查看控制": "答案查看控制", "stage:前置条件": "前置条件", "stage:页面展示": "页面展示", "stage:逐题标记即时反馈": "逐题标记即时反馈", "stage:提交与极限情况": "提交与极限情况", "stage:做题": "做题流程", "stage:对答案与自评": "对答案与自评", "stage:提交后处理": "提交后处理", "stage:金币计算": "金币计算", "stage:动画效果": "动画效果(看ziyi的设计)"}, "flow_stage_breakdown": {"stage:对答案与自评": 3, "stage:出_测_基础巩固答错后触发": 3}, "flow_missing_stages": ["stage:最高分计算", "stage:页面结构", "stage:打印", "stage:奖励进度条", "stage:左侧导航交互", "stage:触发条件", "stage:弹窗展示", "stage:拍照", "stage:照片管理", "stage:确认与取消", "stage:设置总览", "stage:学习进度控制", "stage:答案查看控制", "stage:前置条件", "stage:页面展示", "stage:逐题标记即时反馈", "stage:提交与极限情况", "stage:做题", "stage:提交后处理", "stage:金币计算", "stage:动画效果"], "flow_missing_stage_count": 21, "flow_misordered_count": 3, "scenario_duplicate_cluster_count": 2, "scenario_duplicate_case_count": 3, "scenario_duplicate_clusters": [{"cluster_id": "SC-001", "scenario_key": "stage:对答案与自评:workflow_navigation:obj:拍照_照对_对答", "group_type": "scenario", "size": 3, "first_case_id": "TC-045", "candidate_indices": [1, 3, 4]}, {"cluster_id": "SC-002", "scenario_key": "stage:出_测_基础巩固答错后触发:workflow_navigation:obj:拍照_照对_对答", "group_type": "scenario", "size": 2, "first_case_id": "TC-037", "candidate_indices": [2, 6]}], "final_flow_stage_breakdown": {"stage:出_测_基础巩固答错后触发": 1, "stage:对答案与自评": 2}, "final_flow_missing_stages": ["stage:最高分计算", "stage:页面结构", "stage:打印", "stage:奖励进度条", "stage:左侧导航交互", "stage:触发条件", "stage:弹窗展示", "stage:拍照", "stage:照片管理", "stage:确认与取消", "stage:设置总览", "stage:学习进度控制", "stage:答案查看控制", "stage:前置条件", "stage:页面展示", "stage:逐题标记即时反馈", "stage:提交与极限情况", "stage:做题", "stage:提交后处理", "stage:金币计算", "stage:动画效果"], "final_flow_missing_stage_count": 21, "final_flow_misordered_count": 0, "final_scenario_duplicate_cluster_count": 0, "final_scenario_duplicate_case_count": 0, "final_scenario_duplicate_clusters": [], "final_scenario_duplicate_raw_cluster_count": 4, "final_scenario_duplicate_raw_case_count": 6, "final_order_flow_governance": {"applied": true, "reason": "", "scenario_policy_registry_version": 1, "scenario_policy_registered_count": 93, "scenario_policy_candidate_count": 0, "scenario_policy_pending_candidate_count": 0, "domain_policy_registered_count": 4, "scenario_policy_domains": {"ai_wrong_question_teaching": 10, "recent_course_scheduling": 7, "essay_writing": 23, "course_access": 2, "general": 51}, "scenario_policy_sources": {"manual_seed": 1, "registry": 16, "legacy_duplicate_policy": 19, "legacy_coverage_pattern": 28, "legacy_judge_duplicate_policy": 29}, "scenario_policy_documents": [], "flow_reordered": false, "flow_order": ["stage:出_测_基础巩固答错后触发", "stage:最高分计算", "stage:页面结构", "stage:打印", "stage:奖励进度条", "stage:左侧导航交互", "stage:触发条件", "stage:弹窗展示", "stage:拍照", "stage:照片管理", "stage:确认与取消", "stage:设置总览", "stage:学习进度控制", "stage:答案查看控制", "stage:前置条件", "stage:页面展示", "stage:逐题标记即时反馈", "stage:提交与极限情况", "stage:做题", "stage:对答案与自评", "stage:提交后处理", "stage:金币计算", "stage:动画效果"], "cross_cutting_order": [], "scenario_duplicate_pruned_count": 0, "scenario_duplicate_pruned_indices": [], "scenario_cap_policy": {}, "scenario_duplicate_cluster_count": 1, "flow_misordered_count_before": 0, "missing_flow_stage_count": 21, "registry_impact": {"registry_version": 1, "total_policies_available": 93, "candidate_policies_active": 0, "candidate_policies_pending": 0, "primary_domain": "", "scenario_kinds_seen": {"workflow_navigation": 3}, "policies_matched": [{"key": "workflow_navigation", "domain": "general", "source": "legacy_coverage_pattern", "specific": false, "default_cap": 2, "mode_cap": null, "cross_module": false, "judge_duplicate": false, "judge_threshold": {"score": 0.2, "overlap": 5}, "status": "active", "documents": []}], "matched_documents": [], "caps_applied": {"workflow_navigation": 2}, "judge_thresholds_used": {}, "cross_module_policies_in_effect": []}, "execution_orchestration_plan": {"plan_first": true, "planned_case_count": 9, "main_chain_case_count": 6, "side_suite_count": 2, "execution_group_order": ["main_smoke", "independent_functional", "display"], "main_chain": [{"case_id": "TC-036", "execution_sequence": 1, "main_chain_step": 1, "stage": "entry", "stage_kind": "consume", "source_state": "initial", "target_state": "photo_popup", "role": "student", "depends_on": []}, {"case_id": "TC-037", "execution_sequence": 2, "main_chain_step": 2, "stage": "configure", "stage_kind": "completion_sync", "source_state": "photo_popup", "target_state": "photo_uploaded", "role": "student", "depends_on": ["TC-036"]}, {"case_id": "TC-038", "execution_sequence": 3, "main_chain_step": 3, "stage": "edit", "stage_kind": "edit", "source_state": "photo_uploaded", "target_state": "marking_done", "role": "student", "depends_on": ["TC-037"]}, {"case_id": "TC-039", "execution_sequence": 4, "main_chain_step": 4, "stage": "preview", "stage_kind": "preview", "source_state": "marking_done", "target_state": "ready_submit", "role": "student", "depends_on": ["TC-038"]}, {"case_id": "TC-040", "execution_sequence": 5, "main_chain_step": 5, "stage": "commit", "stage_kind": "commit", "source_state": "ready_submit", "target_state": "submitted", "role": "student", "depends_on": ["TC-039"]}, {"case_id": "TC-041", "execution_sequence": 6, "main_chain_step": 6, "stage": "downstream_visibility", "stage_kind": "downstream_visibility", "source_state": "submitted", "target_state": "recommend_triggered", "role": "student", "depends_on": ["TC-040"]}], "side_suites": [{"suite_id": "independent_functional_suite", "execution_group": "independent_functional", "rank": 4, "case_ids": ["TC-042"], "case_count": 1}, {"suite_id": "display_suite", "execution_group": "display", "rank": 5, "case_ids": ["TC-043", "TC-044"], "case_count": 2}]}, "execution_group_order": ["main_smoke", "independent_functional", "display"]}, "final_execution_group_order": ["main_smoke", "independent_functional", "display"], "final_execution_orchestration_plan": {"plan_first": true, "planned_case_count": 9, "main_chain_case_count": 6, "side_suite_count": 2, "execution_group_order": ["main_smoke", "independent_functional", "display"], "main_chain": [{"case_id": "TC-036", "execution_sequence": 1, "main_chain_step": 1, "stage": "entry", "stage_kind": "consume", "source_state": "initial", "target_state": "photo_popup", "role": "student", "depends_on": []}, {"case_id": "TC-037", "execution_sequence": 2, "main_chain_step": 2, "stage": "configure", "stage_kind": "completion_sync", "source_state": "photo_popup", "target_state": "photo_uploaded", "role": "student", "depends_on": ["TC-036"]}, {"case_id": "TC-038", "execution_sequence": 3, "main_chain_step": 3, "stage": "edit", "stage_kind": "edit", "source_state": "photo_uploaded", "target_state": "marking_done", "role": "student", "depends_on": ["TC-037"]}, {"case_id": "TC-039", "execution_sequence": 4, "main_chain_step": 4, "stage": "preview", "stage_kind": "preview", "source_state": "marking_done", "target_state": "ready_submit", "role": "student", "depends_on": ["TC-038"]}, {"case_id": "TC-040", "execution_sequence": 5, "main_chain_step": 5, "stage": "commit", "stage_kind": "commit", "source_state": "ready_submit", "target_state": "submitted", "role": "student", "depends_on": ["TC-039"]}, {"case_id": "TC-041", "execution_sequence": 6, "main_chain_step": 6, "stage": "downstream_visibility", "stage_kind": "downstream_visibility", "source_state": "submitted", "target_state": "recommend_triggered", "role": "student", "depends_on": ["TC-040"]}], "side_suites": [{"suite_id": "independent_functional_suite", "execution_group": "independent_functional", "rank": 4, "case_ids": ["TC-042"], "case_count": 1}, {"suite_id": "display_suite", "execution_group": "display", "rank": 5, "case_ids": ["TC-043", "TC-044"], "case_count": 2}]}, "fact_profile_source": "requirement_semantics", "fact_profile_confidence": 0.0, "fact_profile_confirmed_count": 5, "fact_profile_forbidden_count": 0, "fact_profile_pending_count": 0, "project_profile_source": "reference_cases", "project_profile_confidence": 0.0, "flow_governance_applied": true, "flow_reordered": true, "flow_governance_reason": "", "scenario_duplicate_pruned_count": 0, "scenario_duplicate_pruned_indices": [], "execution_plan": {"applied": true, "coverage_mode": "standard_regression", "workflow_blueprint_count": 1, "trusted_workflow_contract_count": 0, "current_requirement_blueprint_count": 1, "plan_workflow_blueprint_count": 1, "workflow_blueprint_source": "current_requirement_blueprint", "linear_executable": true, "linear_scope": "main_smoke_chain_only", "main_chain_case_count": 6, "main_chain_stage_order": ["entry", "configure", "edit", "preview", "commit", "downstream_visibility"], "main_chain_stage_kinds": ["consume", "completion_sync", "edit", "preview", "commit", "downstream_visibility"], "main_chain_incomplete_reason": "", "derived_workflow_debug": {"candidate_total": 6, "action_state_candidate_count": 0, "primary_candidate_count": 0, "fallback_candidate_count": 0, "selected_candidate_count": 0, "closure_reason": ""}, "main_chain_excluded_candidates": [{"case_id": "TC-037", "description": "相似题推荐-多错题知识点场景某知识点全对后停止该知识点推荐，其他知识点继续推荐", "stage_key": "entry", "reason": "stage_action_not_supported_by_case_text"}, {"case_id": "TC-038", "description": "重新进入模块修改错题为对题后已触发相似题推荐的状态变化-历史最高分更新但已完成的相似题推荐轮次不回退", "stage_key": "entry", "reason": "reset_or_abort_case_in_main_smoke"}, {"case_id": "TC-039", "description": "相似题推荐-3轮全部做完后仍有错题时结束推荐不再继续", "stage_key": "entry", "reason": "stage_action_not_supported_by_case_text"}, {"case_id": "TC-040", "description": "相似题推荐-错题同步至学生端错题本、督导端习题集、课后报告", "stage_key": "entry", "reason": "student_role_with_management_surface_text"}, {"case_id": "TC-040", "description": "相似题推荐-错题同步至学生端错题本、督导端习题集、课后报告", "stage_key": "edit", "reason": "stage_action_not_supported_by_case_text"}, {"case_id": "TC-039", "description": "相似题推荐-3轮全部做完后仍有错题时结束推荐不再继续", "stage_key": "preview", "reason": "stage_text_lacks_preview_action"}], "independent_case_count": 3, "isolation_case_count": 3, "role_switch_count": 0, "broken_dependency_count": 0, "state_conflict_count": 0, "state_conflicts": [], "selected_stage_state_conflicts": [], "semantic_conflict_count": 0, "semantic_conflicts": [], "execution_group_breakdown": {"display": 2, "independent_functional": 1, "main_smoke": 6}, "execution_group_order": ["main_smoke", "independent_functional", "display"], "execution_orchestration_plan": {"plan_first": true, "planned_case_count": 9, "main_chain_case_count": 6, "side_suite_count": 2, "execution_group_order": ["main_smoke", "independent_functional", "display"], "main_chain": [{"case_id": "TC-036", "execution_sequence": 1, "main_chain_step": 1, "stage": "entry", "stage_kind": "consume", "source_state": "initial", "target_state": "photo_popup", "role": "student", "depends_on": []}, {"case_id": "TC-037", "execution_sequence": 2, "main_chain_step": 2, "stage": "configure", "stage_kind": "completion_sync", "source_state": "photo_popup", "target_state": "photo_uploaded", "role": "student", "depends_on": ["TC-036"]}, {"case_id": "TC-038", "execution_sequence": 3, "main_chain_step": 3, "stage": "edit", "stage_kind": "edit", "source_state": "photo_uploaded", "target_state": "marking_done", "role": "student", "depends_on": ["TC-037"]}, {"case_id": "TC-039", "execution_sequence": 4, "main_chain_step": 4, "stage": "preview", "stage_kind": "preview", "source_state": "marking_done", "target_state": "ready_submit", "role": "student", "depends_on": ["TC-038"]}, {"case_id": "TC-040", "execution_sequence": 5, "main_chain_step": 5, "stage": "commit", "stage_kind": "commit", "source_state": "ready_submit", "target_state": "submitted", "role": "student", "depends_on": ["TC-039"]}, {"case_id": "TC-041", "execution_sequence": 6, "main_chain_step": 6, "stage": "downstream_visibility", "stage_kind": "downstream_visibility", "source_state": "submitted", "target_state": "recommend_triggered", "role": "student", "depends_on": ["TC-040"]}], "side_suites": [{"suite_id": "independent_functional_suite", "execution_group": "independent_functional", "rank": 4, "case_ids": ["TC-042"], "case_count": 1}, {"suite_id": "display_suite", "execution_group": "display", "rank": 5, "case_ids": ["TC-043", "TC-044"], "case_count": 2}]}, "generated_bridge_case_count": 0, "workflow_contract_materialized_case_count": 3, "group_setup": {"display": "seed_display_ready_dataset()", "independent_functional": "seed_functional_dataset()", "main_smoke": "seed_workflow_blueprint_dataset()"}, "group_teardown": {"display": "delete_display_ready_dataset()", "independent_functional": "cleanup_functional_dataset()", "main_smoke": "cleanup_workflow_blueprint_dataset()"}, "fixture_keys": ["display_ready_dataset", "independent_functional_dataset", "workflow_blueprint_chain_seed"]}, "linear_executable": true, "linear_scope": "main_smoke_chain_only", "main_chain_case_count": 6, "independent_case_count": 3, "isolation_case_count": 3, "broken_dependency_count": 0, "state_conflict_count": 0, "role_switch_count": 0, "final_reasoning_leakage_case_count": 0, "priority_decision_state_breakdown": {"decided": 6, "conflict": 0, "undetermined": 0, "optional": 0, "invalid": 0}, "priority_final_breakdown": {"P0": 3, "P1": 3, "P2": 0, "null": 0}, "legacy_priority_breakdown": {"P0": 6, "P1": 0, "P2": 0, "UNKNOWN": 0}, "priority_conflict_count": 0, "priority_undetermined_count": 0, "priority_optional_count": 0, "priority_invalid_count": 0, "priority_quality_gate_failed": false, "needs_priority_review": false, "invalid_case_count": 0, "reasoning_leakage_case_count": 0, "review_llm_filter_applied": false, "review_input_size": 6, "review_output_size": 3, "review_target_min_count": 6, "review_target_max_count": 6, "review_shortfall_detected": false, "review_shortfall_before_count": 6, "review_shortfall_recovered_count": 0, "review_post_rerank_floor_count": 2, "review_post_rerank_recovered_count": 0, "final_target_floor_count": 6, "final_floor_recovery_attempted": true, "final_floor_recovery_applied": true, "final_floor_recovered_count": 3, "final_floor_recovery_reason": "recovered_with_relaxed_scenario_caps", "final_confirmed_conflict_drop_count": 0, "final_shortfall_supplement_attempted": false, "final_shortfall_supplement_applied": false, "final_shortfall_supplement_count": 0, "final_shortfall_supplement_reason": "", "final_shortfall_supplement_debug": {}, "requested_generation_mode": "", "effective_generation_coverage_mode_source": "feedback_control_state", "explicit_generation_mode_override": false, "explicit_expected_count_floor_preserved": false, "review_fill_source": "none", "review_llm_selected_count": 0, "review_llm_runtime_debug": {"invoked": false, "pool_non_empty": true, "pool_size": 6, "deterministic_noop_skip_eligible": true, "deterministic_noop_preflight_selected_count": 6, "deterministic_noop_preflight_within_target_window": true, "deterministic_noop_preflight_signature_unchanged": true, "deterministic_noop_preflight_dropped_by_max": false, "skip_reason": "llm_pool_within_constraint_window", "primary_model": "", "primary_invalid_reason": "", "primary_reason_incomplete": false, "primary_dropped_reason_count": 0, "primary_dropped_reason_payload_count": 0, "primary_reason_coverage_ratio": 0.0, "response_len": 0, "response_preview": "", "primary_response_metadata": {}, "primary_compact_retry_invoked": false, "primary_compact_retry_model": "", "primary_compact_retry_invalid_reason": "", "primary_compact_retry_response_len": 0, "primary_compact_retry_response_metadata": {}, "retry_invoked": false, "retry_reason": "", "retry_model": "", "retry_attempts": [], "fallback_skipped_reason": "", "retry_response_len": 0, "retry_parse_success": false, "retry_mapped_count": 0, "retry_payload_has_selection_signal": false, "parsed_type": "", "parsed_len": 0, "mapped_count": 0, "mapped_signature_count": 0, "dropped_reason_count": 0, "dropped_reason_payload_count": 0, "dropped_reason_unmapped_count": 0, "payload_has_selection_signal": false, "final_selected_and_dropped_overlap_count": 0, "final_selected_and_dropped_overlap_case_ids": [], "final_payload_consistent": true, "reason_repair_invoked": false, "reason_repair_model": "", "reason_repair_candidate_count": 0, "reason_repair_response_len": 0, "reason_repair_mapped_count": 0, "reason_repair_invalid_reason": "", "reason_repair_response_metadata": {}, "final_source": "review_selector", "applied": false, "applied_reason": "skipped_deterministic_noop", "exception": "", "forced_reset_by_fallback": false, "fallback_reason_incomplete": false, "final_reason_incomplete": false, "final_reason_coverage_ratio": 1.0, "prompt_chars": 0, "prompt_est_tokens": 0, "candidate_count": 6, "append_target_count": 10, "append_final_cap_count": 10}, "review_constraint_selected_count": 0, "review_llm_drop_reason_breakdown": {}, "review_llm_drop_reason_raw_breakdown": {}, "review_llm_drop_reason_source_breakdown": {}, "fallback_reason_incomplete": false, "final_reason_incomplete": false, "final_reason_coverage_ratio": 1.0, "fallback_dropped_reason_count": 0, "fallback_dropped_reason_mapped_count": 0, "fallback_dropped_reason_unmapped_count": 0, "fallback_reason_coverage_ratio": 0.0, "llm_reason_coverage_ratio": 0.0, "deterministic_backfill_ratio": 0.0, "reason_source_breakdown": {"primary": 0, "fallback": 0, "backfill": 0}, "primary_reason_incomplete": false, "primary_dropped_reason_count": 0, "primary_dropped_reason_payload_count": 0, "primary_reason_coverage_ratio": 0.0, "fallback_with_positive_evidence_count": 0, "fallback_without_positive_evidence_count": 0, "review_llm_pool_count": 6, "candidate_by_pass": {"primary": 4, "gap": 2}, "must_keep_candidate_count": 0, "must_keep_retained_count": 0, "must_keep_dropped_count": 0, "retained_due_to_coverage_value_count": 1, "must_cover_rule_hit_count": 0, "forbidden_pattern_violation_count": 0, "soft_constraint_hit_count": 0, "quality_hint_satisfied_count": 0, "drop_by_review_llm_count": 0, "drop_by_review_selector_count": 0, "drop_by_review_gate_count": 0, "drop_by_pre_gate_dedup_count": 0, "drop_by_post_review_dedup_count": 0, "drop_no_new_signal_count": 0, "drop_rule_cap_count": 0, "drop_ui_like_redundant_count": 0, "drop_ui_like_ratio_cap_count": 0, "drop_outside_target_window_count": 0, "drop_by_rerank_low_signal_count": 0, "dropped_model_priority_p0_p1_count": 0, "dropped_core_rule_hit_count": 0, "dropped_missing_rule_hit_count": 0, "dropped_high_signal_count": 0, "dropped_has_coverage_value_count": 0, "drop_ui_like_ratio_postprocess_count": 0, "drop_final_description_duplicate_count": 0, "request_id": "c9c35d3782db4db69f74963c62c0f9ab", "project_id": 8, "multi_pass": true, "generation_mode": "multi_pass"}
GEN_DIAG:{"kind": "feedback_control_state", "control_state_applied": true, "generation_coverage_mode": "standard_regression", "generation_target_case_range": {"min": 30, "max": 50}, "fact_profile_source": "requirement_semantics", "fact_profile_confidence": 0.0, "fact_profile_confirmed_count": 5, "fact_profile_forbidden_count": 0, "fact_profile_pending_count": 0, "project_profile_source": "reference_cases", "project_profile_confidence": 0.0, "project_profile_flow_count": 13, "manual_quality_profile_source": "", "manual_quality_profile_version": "", "manual_quality_profile_trusted_count": 0, "manual_quality_profile_high_priority_ratio": 0.0, "manual_quality_profile_display_ratio_cap": 0.0, "must_cover_rules_count": 0, "rule_quota_keys": [], "soft_constraints_count": 0, "quality_fix_hints_count": 6, "preferred_patterns_count": 0, "forbidden_patterns_count": 0, "source_meta": {"sources": ["current_requirement_blueprint", "workflow_blueprint_repository", "priority_sample_pool_domain_gate", "anomaly_pool", "evaluation_report", "generation_coverage_profile", "fact_profile", "project_profile"], "current_requirement_blueprint_status": "applied", "current_requirement_blueprint_count": 1, "current_requirement_blueprint_step_count": 6, "current_requirement_blueprint_source": "current_requirement_blueprint", "current_requirement_blueprint_max_tokens": 1600, "requirement_understanding_used": true, "requirement_understanding_visual_fact_count": 4, "requirement_understanding_invalid_visual_block_count": 0, "current_requirement_blueprint_raw_chars": 1381, "current_requirement_blueprint_ids": ["photo_answer_review"], "workflow_blueprint_repository_count": 0, "trusted_workflow_contract_count": 0, "workflow_blueprint_current_source_doc_ids": [], "workflow_blueprint_same_source_count": 0, "priority_pool_sample_count": 105, "priority_pool_total_positive_count": 78, "priority_pool_total_negative_count": 27, "generation_id": null, "retrieval_query_used": true, "retrieval_top_k": 5, "retrieval_hit_count": 0, "retrieval_selected_count": 0, "retrieval_fallback": "domain_unstable", "retrieval_selected_weight_avg": 0.0, "retrieval_selected_quality_avg": 0.0, "retrieval_diversity_cluster_cap": 2, "retrieval_diversity_skipped_count": 0, "retrieval_lexical_fallback_used": false, "retrieval_active_sample_count": 85, "retrieval_disabled_sample_count": 0, "retrieval_low_confidence_sample_count": 20, "retrieval_min_pattern_confidence": 0.6, "retrieval_signal_quota_applied": false, "retrieval_signal_quota_relaxed": false, "retrieval_positive_min_quota": 2, "retrieval_negative_max_quota": 3, "retrieval_selected_positive_count": 0, "retrieval_selected_negative_count": 0, "retrieval_pool_positive_count": 71, "retrieval_pool_negative_count": 14, "retrieval_raw_positive_count": 0, "retrieval_raw_negative_count": 0, "retrieval_after_diversity_positive_count": 0, "retrieval_after_diversity_negative_count": 0, "retrieval_after_quota_merge_positive_count": 0, "retrieval_after_quota_merge_negative_count": 0, "retrieval_final_selected_positive_count": 0, "retrieval_final_selected_negative_count": 0, "retrieval_query_domain_tags": ["ai_wrong_question_teaching", "course_access", "essay_writing", "recent_course_scheduling"], "retrieval_domain_scores": {"ai_wrong_question_teaching": 2, "recent_course_scheduling": 2, "essay_writing": 2, "course_access": 3}, "retrieval_domain_gate_status": "ambiguous_registered_domain", "retrieval_domain_gate_reason": "primary_domain_not_in_requirement_topic", "retrieval_domain_gate_blocked": true, "retrieval_domain_gate_allows_historical_profile": false, "retrieval_domain_filter_applied": true, "retrieval_domain_matched_sample_count": 0, "retrieval_domain_skipped_sample_count": 85, "retrieval_domain_no_match": true, "retrieval_sample_id_hit_count": 0, "retrieval_index_mismatch_count": 0, "retrieval_query_primary_domain": "course_access", "workflow_blueprint_direct_candidate_count": 0, "workflow_blueprint_direct_selected_count": 0, "retrieval_index_resync_attempted": false, "retrieval_index_resync_success": false, "retrieval_index_resync_error": "", "sample_count": 0, "challenge_sample_count": 0, "regression_sample_count": 0, "rule_frequency": {}, "doc_count": 3, "doc_types": {"evaluation_report": 3}, "generation_coverage_profile": {"coverage_mode": "standard_regression", "case_density": "medium", "target_case_range": {"min": 30, "max": 50}, "activation_evidence": {"expected_count": 45, "linked_final_case_count": 0, "full_regression_token_hit": false, "expanded_regression_token_hit": false, "standard_regression_token_hit": true}, "coverage_layers": ["入口、主流程、编辑/删除/保存、异常提示、跨页返回至少各覆盖一类。", "状态变化用例必须验证操作前后差异，不只验证静态展示。", "保留少量原有模块回归，避免新增功能影响既有链路。"]}, "fact_profile": {"profile_version": "fact-profile-v1", "profile_source": "requirement_semantics", "confidence": 0, "confirmed_facts": ["⼀、计分规则\u0001", "可反复刷的模块，取历史最⾼分（可以重新进⼊，", "与基础巩固⾄少完成⼀个，才可进⼊后续流程\u0001", "顶部栏：返回按钮、课程标题、当前⾦币数、切换", "右侧提⽰\"再得\u0001X\u0001⾦币拿满奖励\"，动态计算剩余\u0001"], "scoped_rules": [], "forbidden_facts": [], "pending_items": [], "reuse_declarations": [], "hard_flow_constraints": ["与基础巩固⾄少完成⼀个，才可进⼊后续流程\u0001", "顶部栏：返回按钮、课程标题、当前⾦币数、切换", "右侧提⽰\"再得\u0001X\u0001⾦币拿满奖励\"，动态计算剩余\u0001"], "reuse_risks": [], "source_priority": ["current_requirement", "rag_requirement", "supplement_boundary", "testcase_style_only", "historical_feedback"], "conflict_policy": "current_requirement_wins", "strategy_only": 0}, "project_profile": {"profile_version": "project-profile-v1", "profile_source": "reference_cases", "confidence": 0, "flow_outline": {"source": "requirement_keyword_positions", "domain_gate_status": "ambiguous_registered_domain", "domain_gate_reason": "registered_domain_tags_without_primary", "domain_gate_allows_historical_profile": false, "flow_order": ["stage:拍照", "stage:确认与取消", "stage:出_测_基础巩固答错后触发", "stage:最高分计算", "stage:页面结构", "stage:打印", "stage:奖励进度条", "stage:左侧导航交互", "stage:触发条件", "stage:弹窗展示", "stage:照片管理", "stage:设置总览", "stage:学习进度控制"], "document_flow_order": ["stage:出_测_基础巩固答错后触发", "stage:最高分计算", "stage:页面结构", "stage:打印", "stage:奖励进度条", "stage:左侧导航交互", "stage:触发条件", "stage:弹窗展示", "stage:拍照", "stage:照片管理", "stage:确认与取消", "stage:设置总览", "stage:学习进度控制"], "flow_labels": {"stage:出_测_基础巩固答错后触发": "出⻔测、基础巩固答错后触发", "stage:最高分计算": "最高分计算", "stage:页面结构": "页面结构", "stage:打印": "打印", "stage:奖励进度条": "奖励进度条", "stage:左侧导航交互": "左侧导航交互", "stage:触发条件": "触发条件", "stage:弹窗展示": "弹窗展示", "stage:拍照": "拍照流程", "stage:照片管理": "照片管理", "stage:确认与取消": "确认与取消(核心调整)", "stage:设置总览": "设置总览", "stage:学习进度控制": "学习进度控制"}, "flow_stage_positions": {"stage:出_测_基础巩固答错后触发": 47, "stage:最高分计算": 54, "stage:页面结构": 67, "stage:打印": 70, "stage:奖励进度条": 77, "stage:左侧导航交互": 88, "stage:触发条件": 107, "stage:弹窗展示": 117, "stage:拍照": 136, "stage:照片管理": 148, "stage:确认与取消": 157, "stage:设置总览": 185, "stage:学习进度控制": 196}, "cross_cutting": [], "cross_cutting_labels": {}, "data_flow_edges": [{"from": "stage:拍照", "to": "stage:确认与取消", "from_label": "拍照流程", "to_label": "确认与取消(核心调整)"}, {"from": "stage:确认与取消", "to": "stage:出_测_基础巩固答错后触发", "from_label": "确认与取消(核心调整)", "to_label": "出⻔测、基础巩固答错后触发"}, {"from": "stage:出_测_基础巩固答错后触发", "to": "stage:最高分计算", "from_label": "出⻔测、基础巩固答错后触发", "to_label": "最高分计算"}, {"from": "stage:最高分计算", "to": "stage:页面结构", "from_label": "最高分计算", "to_label": "页面结构"}, {"from": "stage:页面结构", "to": "stage:打印", "from_label": "页面结构", "to_label": "打印"}, {"from": "stage:打印", "to": "stage:奖励进度条", "from_label": "打印", "to_label": "奖励进度条"}, {"from": "stage:奖励进度条", "to": "stage:左侧导航交互", "from_label": "奖励进度条", "to_label": "左侧导航交互"}, {"from": "stage:左侧导航交互", "to": "stage:触发条件", "from_label": "左侧导航交互", "to_label": "触发条件"}, {"from": "stage:触发条件", "to": "stage:弹窗展示", "from_label": "触发条件", "to_label": "弹窗展示"}, {"from": "stage:弹窗展示", "to": "stage:照片管理", "from_label": "弹窗展示", "to_label": "照片管理"}, {"from": "stage:照片管理", "to": "stage:设置总览", "from_label": "照片管理", "to_label": "设置总览"}, {"from": "stage:设置总览", "to": "stage:学习进度控制", "from_label": "设置总览", "to_label": "学习进度控制"}], "data_flow_phase_rank": {"stage:拍照": "entry_capture", "stage:确认与取消": "review_confirm"}, "data_flow_order_applied": true}, "ordering_policy": "flow_first_then_cross_cutting", "scenario_cluster_policy": {"default_max_per_scenario": 2}, "profile_constraints": ["strategy_only_not_fact_source"], "strategy_only": 1}}, "request_id": "c9c35d3782db4db69f74963c62c0f9ab", "project_id": 8, "multi_pass": true, "generation_mode": "multi_pass"}
GEN_DIAG:{"kind": "judge_summary", "pass_count": 3, "repairable_count": 1, "raw_repairable_count": 1, "remaining_repairable_count": 0, "unrepaired_repairable_count": 1, "reject_count": 0, "pending_count": 0, "repaired_case_count": 0, "appended_case_count": 0, "confirmed_pass_out_count": 3, "repaired_pass_out_count": 0, "rejected_out_count": 0, "pending_out_count": 0, "fact_violation_count": 0, "core_flow_covered": false, "reuse_risk_covered": true, "fact_profile_source": "requirement_semantics", "fact_profile_confidence": 0.0, "fact_profile_confirmed_count": 5, "fact_profile_forbidden_count": 0, "fact_profile_pending_count": 0, "generation_id": 0, "request_id": "c9c35d3782db4db69f74963c62c0f9ab", "project_id": 8, "multi_pass": true, "generation_mode": "multi_pass"}
GEN_DIAG:{"kind": "judge_decision_table", "generation_id": 0, "rows": [{"generation_id": 0, "request_id": "c9c35d3782db4db69f74963c62c0f9ab", "case_id": "TC-036", "judge_status": "PASS", "reject_reason": "", "pending_reason": "", "signals": {"violates_confirmed_fact": false, "missing_core_flow": false, "missing_reuse_risk": false, "contains_pending_logic": false, "confirmed_fact_hits": [], "confirmed_fact_violations": [], "reuse_risk_hits": [], "pending_hits": [], "vague_or_unconfirmed_hits": []}, "violates_confirmed_fact": false, "missing_core_flow": false, "missing_reuse_risk": false, "contains_pending_logic": false, "confirmed_fact_hits": [], "confirmed_fact_violations": [], "reuse_risk_hits": [], "pending_hits": [], "vague_or_unconfirmed_hits": [], "before_case_snapshot": {"id": "TC-036", "description": "重新进入模块修改错题为对题后已触发相似题推荐的状态变化-历史最高分更新但已完成的相似题推荐轮次不回退", "test_module": "拍照对答案自评流程-触发相似题推荐", "preconditions": ["出门测共5题，首次提交标记3对2错，触发相似题推荐", "已完成第1轮相似题推荐并提交（1对2错）", "学生重新进入出门测修改1道错题为对题，当前出门测最高分从3分更新为4分"], "steps": ["1. 重新进入出门测对答案页面，将1道错题修改为对题并提交", "2. 观察出门测历史最高分是否更新", "3. 检查相似题推荐入口状态", "4. 检查已完成的第1轮相似题推荐轮次和得分是否保留", "5. 观察是否触发新的相似题推荐轮次"], "test_input": "出门测修改1道错题为对题后最高分更新，已有1轮相似题推荐完成", "expected_result": "出门测历史最高分从3分更新为4分；已完成的第1轮相似题推荐轮次和得分保留不回退；错题数从2道减少为1道后，若仍有错题则相似题推荐继续（剩余1道错题的知识点仍需推荐）；若修改后无错题则不再触发新的相似题推荐轮次，但已完成轮次的得分和记录保留", "priority": "P0", "model_priority_current": "P1", "model_priority": "P1", "legacy_priority": "P1", "priority_final": "P0", "priority_decision_state": "decided", "priority_decision_source": "hard_guard_promotion", "priority_confidence": "high", "priority_conflict_reason": "", "priority_resolution_reason": ""}, "after_case_snapshot": {"id": "TC-036", "description": "重新进入模块修改错题为对题后已触发相似题推荐的状态变化-历史最高分更新但已完成的相似题推荐轮次不回退", "test_module": "拍照对答案自评流程-触发相似题推荐", "preconditions": ["出门测共5题，首次提交标记3对2错，触发相似题推荐", "已完成第1轮相似题推荐并提交（1对2错）", "学生重新进入出门测修改1道错题为对题，当前出门测最高分从3分更新为4分"], "steps": ["1. 重新进入出门测对答案页面，将1道错题修改为对题并提交", "2. 观察出门测历史最高分是否更新", "3. 检查相似题推荐入口状态", "4. 检查已完成的第1轮相似题推荐轮次和得分是否保留", "5. 观察是否触发新的相似题推荐轮次"], "test_input": "出门测修改1道错题为对题后最高分更新，已有1轮相似题推荐完成", "expected_result": "出门测历史最高分从3分更新为4分；已完成的第1轮相似题推荐轮次和得分保留不回退；错题数从2道减少为1道后，若仍有错题则相似题推荐继续（剩余1道错题的知识点仍需推荐）；若修改后无错题则不再触发新的相似题推荐轮次，但已完成轮次的得分和记录保留", "priority": "P0", "model_priority_current": "P1", "model_priority": "P1", "legacy_priority": "P1", "priority_final": "P0", "priority_decision_state": "decided", "priority_decision_source": "hard_guard_promotion", "priority_confidence": "high", "priority_conflict_reason": "", "priority_resolution_reason": ""}}, {"generation_id": 0, "request_id": "c9c35d3782db4db69f74963c62c0f9ab", "case_id": "TC-037", "judge_status": "PASS", "reject_reason": "", "pending_reason": "", "signals": {"violates_confirmed_fact": false, "missing_core_flow": false, "missing_reuse_risk": false, "contains_pending_logic": false, "confirmed_fact_hits": [], "confirmed_fact_violations": [], "reuse_risk_hits": [], "pending_hits": [], "vague_or_unconfirmed_hits": []}, "violates_confirmed_fact": false, "missing_core_flow": false, "missing_reuse_risk": false, "contains_pending_logic": false, "confirmed_fact_hits": [], "confirmed_fact_violations": [], "reuse_risk_hits": [], "pending_hits": [], "vague_or_unconfirmed_hits": [], "before_case_snapshot": {"id": "TC-037", "description": "相似题推荐-3轮全部做完后仍有错题时结束推荐不再继续", "test_module": "拍照对答案自评流程-触发相似题推荐", "preconditions": ["出门测存在错题触发相似题推荐", "前2轮相似题推荐均存在错题"], "steps": ["1. 完成出门测并提交存在错题，触发相似题推荐", "2. 第1轮相似题仍有错题，进入第2轮", "3. 第2轮相似题仍有错题，进入第3轮", "4. 第3轮相似题仍有错题，提交标记结果", "5. 观察提交后是否继续推荐第4轮"], "test_input": "3轮相似题推荐均存在错题", "expected_result": "第3轮完成后结束推荐流程，不再触发第4轮，进入结束庆祝页或下一阶段", "priority": "P0", "model_priority_current": "P1", "model_priority": "P1", "legacy_priority": "P1", "priority_final": "P0", "priority_decision_state": "decided", "priority_decision_source": "hard_guard_promotion", "priority_confidence": "high", "priority_conflict_reason": "", "priority_resolution_reason": ""}, "after_case_snapshot": {"id": "TC-037", "description": "相似题推荐-3轮全部做完后仍有错题时结束推荐不再继续", "test_module": "拍照对答案自评流程-触发相似题推荐", "preconditions": ["出门测存在错题触发相似题推荐", "前2轮相似题推荐均存在错题"], "steps": ["1. 完成出门测并提交存在错题，触发相似题推荐", "2. 第1轮相似题仍有错题，进入第2轮", "3. 第2轮相似题仍有错题，进入第3轮", "4. 第3轮相似题仍有错题，提交标记结果", "5. 观察提交后是否继续推荐第4轮"], "test_input": "3轮相似题推荐均存在错题", "expected_result": "第3轮完成后结束推荐流程，不再触发第4轮，进入结束庆祝页或下一阶段", "priority": "P0", "model_priority_current": "P1", "model_priority": "P1", "legacy_priority": "P1", "priority_final": "P0", "priority_decision_state": "decided", "priority_decision_source": "hard_guard_promotion", "priority_confidence": "high", "priority_conflict_reason": "", "priority_resolution_reason": ""}}, {"generation_id": 0, "request_id": "c9c35d3782db4db69f74963c62c0f9ab", "case_id": "TC-038", "judge_status": "PASS", "reject_reason": "", "pending_reason": "", "signals": {"violates_confirmed_fact": false, "missing_core_flow": false, "missing_reuse_risk": false, "contains_pending_logic": false, "confirmed_fact_hits": [], "confirmed_fact_violations": [], "reuse_risk_hits": [], "pending_hits": [], "vague_or_unconfirmed_hits": []}, "violates_confirmed_fact": false, "missing_core_flow": false, "missing_reuse_risk": false, "contains_pending_logic": false, "confirmed_fact_hits": [], "confirmed_fact_violations": [], "reuse_risk_hits": [], "pending_hits": [], "vague_or_unconfirmed_hits": [], "before_case_snapshot": {"id": "TC-038", "description": "基础巩固(ABS测试)模块答错触发相似题推荐验证", "test_module": "拍照对答案自评流程-触发相似题推荐", "preconditions": ["本课已配置基础巩固(ABS测试)模块，共5题", "学生已完成基础巩固作答并进入对答案页面", "标记2道题做错、3道做对，错题涉及1个知识点"], "steps": ["1. 在基础巩固对答案页面逐题标记（2道做错）", "2. 点击「提交标记」按钮提交自评结果", "3. 观察提交后是否触发相似题推荐入口", "4. 点击进入相似题推荐页面", "5. 检查页面标题、提示文案及题目标注内容"], "test_input": "基础巩固提交含2道错题", "expected_result": "提交后触发相似题推荐，页面标题为「举一反三练习题」，提示文案为「请在纸上完成以下练习题，全部做完后申请查看答案」，每题标注「针对基础巩固第X题」，推荐题目基于基础巩固错题的知识点从题库抽取", "priority": "P0", "model_priority_current": "P2", "model_priority": "P2", "legacy_priority": "P2", "priority_final": "P0", "priority_decision_state": "decided", "priority_decision_source": "strong_p0_signal_guard", "priority_confidence": "medium", "priority_conflict_reason": "", "priority_resolution_reason": ""}, "after_case_snapshot": {"id": "TC-038", "description": "基础巩固(ABS测试)模块答错触发相似题推荐验证", "test_module": "拍照对答案自评流程-触发相似题推荐", "preconditions": ["本课已配置基础巩固(ABS测试)模块，共5题", "学生已完成基础巩固作答并进入对答案页面", "标记2道题做错、3道做对，错题涉及1个知识点"], "steps": ["1. 在基础巩固对答案页面逐题标记（2道做错）", "2. 点击「提交标记」按钮提交自评结果", "3. 观察提交后是否触发相似题推荐入口", "4. 点击进入相似题推荐页面", "5. 检查页面标题、提示文案及题目标注内容"], "test_input": "基础巩固提交含2道错题", "expected_result": "提交后触发相似题推荐，页面标题为「举一反三练习题」，提示文案为「请在纸上完成以下练习题，全部做完后申请查看答案」，每题标注「针对基础巩固第X题」，推荐题目基于基础巩固错题的知识点从题库抽取", "priority": "P0", "model_priority_current": "P2", "model_priority": "P2", "legacy_priority": "P2", "priority_final": "P0", "priority_decision_state": "decided", "priority_decision_source": "strong_p0_signal_guard", "priority_confidence": "medium", "priority_conflict_reason": "", "priority_resolution_reason": ""}}, {"generation_id": 0, "request_id": "c9c35d3782db4db69f74963c62c0f9ab", "case_id": "AUTO-CORE-FLOW", "judge_status": "REPAIRABLE", "reject_reason": "requires_typed_requirement_unit", "pending_reason": "", "signals": {"violates_confirmed_fact": false, "missing_core_flow": true, "missing_reuse_risk": false, "contains_pending_logic": false, "confirmed_fact_hits": [], "confirmed_fact_violations": [], "reuse_risk_hits": [], "pending_hits": [], "vague_or_unconfirmed_hits": []}, "violates_confirmed_fact": false, "missing_core_flow": true, "missing_reuse_risk": false, "contains_pending_logic": false, "confirmed_fact_hits": [], "confirmed_fact_violations": [], "reuse_risk_hits": [], "pending_hits": [], "vague_or_unconfirmed_hits": [], "before_case_snapshot": {}, "after_case_snapshot": {}}], "row_count": 4, "row_count_total": 4, "row_count_reject_pending": 0, "rows_scope": "all_when_no_reject_pending", "row_evidence_incomplete": false, "request_id": "c9c35d3782db4db69f74963c62c0f9ab", "project_id": 8, "multi_pass": true, "generation_mode": "multi_pass"}
GEN_DIAG:{"kind": "review_decision_table", "generation_id": 0, "rows": [{"candidate_index": 1, "signature": "拍照对答案自评流程-触发相似题推荐|重新进入模块修改错题为对题后已触发相似题推荐的状态变化-历史最高分更新但已完成的相似题推荐轮次不回退|出门测历史最高分从3分更新为4分；已完成的第1轮相似题推荐轮次和得分保留不回退；错题数从2道减少为1道后，若仍有错题则相似题推荐继续（剩余1道错题的知识点仍需推荐）；若修改后无错题则不再触发新的相似题推荐轮次，但已完成轮次的得分和记录保留|出门测修改1道错题为对题后最高分更新，已有1轮相似题推荐完成", "case_id": "TC-045", "description": "重新进入模块修改错题为对题后已触发相似题推荐的状态变化-历史最高分更新但已完成的相似题推荐轮次不回退", "test_module": "拍照对答案自评流程-触发相似题推荐", "expected_result": "出门测历史最高分从3分更新为4分；已完成的第1轮相似题推荐轮次和得分保留不回退；错题数从2道减少为1道后，若仍有错题则相似题推荐继续（剩余1道错题的知识点仍需推荐）；若修改后无错题则不再触发新的相似题推荐轮次，但已完成轮次的得分和记录保留", "flow_stage": "stage:对答案与自评", "flow_stage_label": "对答案与自评", "flow_rank": 19, "cross_cutting": [], "scenario_key": "stage:对答案与自评:workflow_navigation:obj:拍照_照对_对答", "is_scenario_duplicate": false, "duplicate_cluster_id": "SC-001", "duplicate_cluster_size": 3, "duplicate_of_case_id": "", "misordered_against_requirement_flow": false, "expected_result_quality": "assertable", "expected_result_quality_reason": "contains_concrete_assertion", "expected_result_alignment_warning": true, "truncated_text_detected": false, "case_quality": "valid_case", "invalid_case_reason": "", "invalid_case_signals": [], "rule_keys": [], "bucket": "拍照对答案自评流程-触发相似题推荐|state", "adds_rule": false, "adds_bucket": true, "high_signal": false, "has_coverage_value": false, "retained_reason": "retained_default", "rerank_rank": 1, "focus_score": 1, "model_priority_current": "P0", "model_priority": "P0", "legacy_priority": "P0", "priority_final": "P1", "priority_decision_state": "decided", "priority_decision_source": "conflict_resolved_by_core_business_rule", "priority_confidence": "medium", "priority_conflict_reason": "model=P0,suggested=P2", "priority_resolution_reason": "core_business_evidence", "priority_score": 25, "suggested_priority": "P2", "priority_reasons": ["main_workflow_hit", "no_release_blocking_guard"], "selected_by_review_llm": true, "selected_by_review_must_keep": false, "selected_by_review_constraints": false, "review_constraint_reason": "", "review_llm_drop_reason_raw": "", "review_llm_drop_reason": "", "review_llm_drop_reason_resolved": "", "review_llm_drop_reason_source": "", "review_llm_drop_reason_evidence": {}, "has_positive_evidence": false, "has_coverage_signal": false, "has_high_signal": false, "has_competition_signal": false, "review_llm_filter_applied": false, "must_keep_candidate": false, "must_keep_reasons": [], "selected_by_review_gate": true, "retained_final": true, "dropped_stage": "retained", "dropped_reason": "retained", "covered_rule_ids": [], "missing_rule_hits": [], "core_rule_hits": [], "coverage_gain_score": 0, "reuse_risk_hit": false, "hit_must_cover_rule": false, "violates_forbidden_pattern": false, "hits_soft_constraint": false, "satisfies_quality_hint": false}, {"candidate_index": 2, "signature": "拍照对答案自评流程-触发相似题推荐|相似题推荐-多错题知识点场景某知识点全对后停止该知识点推荐，其他知识点继续推荐|第2轮仅推荐知识点b的相似题，知识点a不再出现；轮次指示器显示第2轮|多知识点错题，第1轮知识点a全对、知识点b仍有错", "case_id": "TC-037", "description": "相似题推荐-多错题知识点场景某知识点全对后停止该知识点推荐，其他知识点继续推荐", "test_module": "拍照对答案自评流程-触发相似题推荐", "expected_result": "第2轮仅推荐知识点B的相似题，知识点A不再出现；轮次指示器显示第2轮", "flow_stage": "stage:出_测_基础巩固答错后触发", "flow_stage_label": "出⻔测、基础巩固答错后触发", "flow_rank": 0, "cross_cutting": [], "scenario_key": "stage:出_测_基础巩固答错后触发:workflow_navigation:obj:拍照_照对_对答", "is_scenario_duplicate": false, "duplicate_cluster_id": "SC-002", "duplicate_cluster_size": 2, "duplicate_of_case_id": "", "misordered_against_requirement_flow": true, "expected_result_quality": "assertable", "expected_result_quality_reason": "contains_concrete_assertion", "expected_result_alignment_warning": true, "truncated_text_detected": false, "case_quality": "valid_case", "invalid_case_reason": "", "invalid_case_signals": [], "rule_keys": [], "bucket": "拍照对答案自评流程-触发相似题推荐|happy", "adds_rule": false, "adds_bucket": false, "high_signal": false, "has_coverage_value": false, "retained_reason": "", "rerank_rank": 5, "focus_score": 0, "model_priority_current": "P0", "model_priority": "P0", "legacy_priority": "P0", "priority_final": "P1", "priority_decision_state": "decided", "priority_decision_source": "conflict_resolved_by_core_business_rule", "priority_confidence": "medium", "priority_conflict_reason": "model=P0,suggested=P2", "priority_resolution_reason": "core_business_evidence", "priority_score": 25, "suggested_priority": "P2", "priority_reasons": ["main_workflow_hit", "no_release_blocking_guard"], "selected_by_review_llm": true, "selected_by_review_must_keep": false, "selected_by_review_constraints": false, "review_constraint_reason": "", "review_llm_drop_reason_raw": "", "review_llm_drop_reason": "", "review_llm_drop_reason_resolved": "", "review_llm_drop_reason_source": "", "review_llm_drop_reason_evidence": {}, "has_positive_evidence": false, "has_coverage_signal": false, "has_high_signal": false, "has_competition_signal": false, "review_llm_filter_applied": false, "must_keep_candidate": false, "must_keep_reasons": [], "selected_by_review_gate": false, "retained_final": true, "dropped_stage": "review_gate", "dropped_reason": "drop_no_new_rule_no_new_bucket_no_high_signal", "covered_rule_ids": [], "missing_rule_hits": [], "core_rule_hits": [], "coverage_gain_score": 0, "reuse_risk_hit": false, "hit_must_cover_rule": false, "violates_forbidden_pattern": false, "hits_soft_constraint": false, "satisfies_quality_hint": false}, {"candidate_index": 3, "signature": "拍照对答案自评流程-触发相似题推荐|相似题推荐-错题同步至学生端错题本、督导端习题集、课后报告|相似题中的错题同步出现在学生端错题本、督导端习题集全部错题列表、课后报告错题打包中，且题目内容与标记结果一致|相似题推荐中存在错题并已提交", "case_id": "TC-039", "description": "相似题推荐-错题同步至学生端错题本、督导端习题集、课后报告", "test_module": "拍照对答案自评流程-触发相似题推荐", "expected_result": "相似题中的错题同步出现在学生端错题本、督导端习题集全部错题列表、课后报告错题打包中，且题目内容与标记结果一致", "flow_stage": "stage:对答案与自评", "flow_stage_label": "对答案与自评", "flow_rank": 19, "cross_cutting": [], "scenario_key": "stage:对答案与自评:workflow_navigation:obj:拍照_照对_对答", "is_scenario_duplicate": true, "duplicate_cluster_id": "SC-001", "duplicate_cluster_size": 3, "duplicate_of_case_id": "TC-045", "misordered_against_requirement_flow": false, "expected_result_quality": "assertable", "expected_result_quality_reason": "contains_concrete_assertion", "expected_result_alignment_warning": true, "truncated_text_detected": false, "case_quality": "valid_case", "invalid_case_reason": "", "invalid_case_signals": [], "rule_keys": [], "bucket": "拍照对答案自评流程-触发相似题推荐|happy", "adds_rule": false, "adds_bucket": false, "high_signal": false, "has_coverage_value": false, "retained_reason": "", "rerank_rank": 6, "focus_score": 0, "model_priority_current": "P0", "model_priority": "P0", "legacy_priority": "P0", "priority_final": "P1", "priority_decision_state": "decided", "priority_decision_source": "conflict_resolved_by_core_business_rule", "priority_confidence": "medium", "priority_conflict_reason": "model=P0,suggested=P2", "priority_resolution_reason": "core_business_evidence", "priority_score": 25, "suggested_priority": "P2", "priority_reasons": ["main_workflow_hit", "no_release_blocking_guard"], "selected_by_review_llm": true, "selected_by_review_must_keep": false, "selected_by_review_constraints": false, "review_constraint_reason": "", "review_llm_drop_reason_raw": "", "review_llm_drop_reason": "", "review_llm_drop_reason_resolved": "", "review_llm_drop_reason_source": "", "review_llm_drop_reason_evidence": {}, "has_positive_evidence": false, "has_coverage_signal": false, "has_high_signal": false, "has_competition_signal": false, "review_llm_filter_applied": false, "must_keep_candidate": false, "must_keep_reasons": [], "selected_by_review_gate": false, "retained_final": true, "dropped_stage": "review_gate", "dropped_reason": "drop_no_new_rule_no_new_bucket_no_high_signal", "covered_rule_ids": [], "missing_rule_hits": [], "core_rule_hits": [], "coverage_gain_score": 0, "reuse_risk_hit": false, "hit_must_cover_rule": false, "violates_forbidden_pattern": false, "hits_soft_constraint": false, "satisfies_quality_hint": false}, {"candidate_index": 4, "signature": "拍照对答案自评流程-触发相似题推荐|相似题推荐-3轮全部做完后仍有错题时结束推荐不再继续|第3轮完成后结束推荐流程，不再触发第4轮，进入结束庆祝页或下一阶段|3轮相似题推荐均存在错题", "case_id": "TC-038", "description": "相似题推荐-3轮全部做完后仍有错题时结束推荐不再继续", "test_module": "拍照对答案自评流程-触发相似题推荐", "expected_result": "第3轮完成后结束推荐流程，不再触发第4轮，进入结束庆祝页或下一阶段", "flow_stage": "stage:对答案与自评", "flow_stage_label": "对答案与自评", "flow_rank": 19, "cross_cutting": [], "scenario_key": "stage:对答案与自评:workflow_navigation:obj:拍照_照对_对答", "is_scenario_duplicate": true, "duplicate_cluster_id": "SC-001", "duplicate_cluster_size": 3, "duplicate_of_case_id": "TC-045", "misordered_against_requirement_flow": false, "expected_result_quality": "assertable", "expected_result_quality_reason": "contains_concrete_assertion", "expected_result_alignment_warning": true, "truncated_text_detected": false, "case_quality": "valid_case", "invalid_case_reason": "", "invalid_case_signals": [], "rule_keys": [], "bucket": "拍照对答案自评流程-触发相似题推荐|happy", "adds_rule": false, "adds_bucket": true, "high_signal": false, "has_coverage_value": false, "retained_reason": "retained_default", "rerank_rank": 2, "focus_score": 0, "model_priority_current": "P0", "model_priority": "P0", "legacy_priority": "P0", "priority_final": "P0", "priority_decision_state": "decided", "priority_decision_source": "conflict_resolved_by_core_business_rule", "priority_confidence": "medium", "priority_conflict_reason": "model=P0,suggested=P2", "priority_resolution_reason": "core_business_evidence", "priority_score": 25, "suggested_priority": "P2", "priority_reasons": ["main_workflow_hit", "no_release_blocking_guard"], "selected_by_review_llm": true, "selected_by_review_must_keep": false, "selected_by_review_constraints": false, "review_constraint_reason": "", "review_llm_drop_reason_raw": "", "review_llm_drop_reason": "", "review_llm_drop_reason_resolved": "", "review_llm_drop_reason_source": "", "review_llm_drop_reason_evidence": {}, "has_positive_evidence": false, "has_coverage_signal": false, "has_high_signal": false, "has_competition_signal": false, "review_llm_filter_applied": false, "must_keep_candidate": false, "must_keep_reasons": [], "selected_by_review_gate": true, "retained_final": true, "dropped_stage": "retained", "dropped_reason": "retained", "covered_rule_ids": [], "missing_rule_hits": [], "core_rule_hits": [], "coverage_gain_score": 0, "reuse_risk_hit": false, "hit_must_cover_rule": false, "violates_forbidden_pattern": false, "hits_soft_constraint": false, "satisfies_quality_hint": false}, {"candidate_index": 5, "signature": "拍照对答案自评流程-触发相似题推荐|基础巩固(abs测试)模块答错触发相似题推荐验证|提交后触发相似题推荐，页面标题为「举一反三练习题」，提示文案为「请在纸上完成以下练习题，全部做完后申请查看答案」，每题标注「针对基础巩固第x题」，推荐题目基于基础巩固错题的知识点从题库抽取|基础巩固提交含2道错题", "case_id": "TC-040", "description": "基础巩固(ABS测试)模块答错触发相似题推荐验证", "test_module": "拍照对答案自评流程-触发相似题推荐", "expected_result": "提交后触发相似题推荐，页面标题为「举一反三练习题」，提示文案为「请在纸上完成以下练习题，全部做完后申请查看答案」，每题标注「针对基础巩固第X题」，推荐题目基于基础巩固错题的知识点从题库抽取", "flow_stage": "stage:出_测_基础巩固答错后触发", "flow_stage_label": "出⻔测、基础巩固答错后触发", "flow_rank": 0, "cross_cutting": [], "scenario_key": "stage:出_测_基础巩固答错后触发:title_format:obj:拍照_照对_对答", "is_scenario_duplicate": false, "duplicate_cluster_id": "", "duplicate_cluster_size": 0, "duplicate_of_case_id": "", "misordered_against_requirement_flow": true, "expected_result_quality": "assertable", "expected_result_quality_reason": "contains_concrete_assertion", "expected_result_alignment_warning": true, "truncated_text_detected": false, "case_quality": "valid_case", "invalid_case_reason": "", "invalid_case_signals": [], "rule_keys": [], "bucket": "拍照对答案自评流程-触发相似题推荐|happy", "adds_rule": false, "adds_bucket": false, "high_signal": true, "has_coverage_value": true, "retained_reason": "retained_due_to_coverage_value", "rerank_rank": 3, "focus_score": 0, "model_priority_current": "P0", "model_priority": "P0", "legacy_priority": "P0", "priority_final": "P0", "priority_decision_state": "decided", "priority_decision_source": "conflict_resolved_by_non_blocking_experience_rule", "priority_confidence": "medium", "priority_conflict_reason": "model=P0,suggested=P2", "priority_resolution_reason": "explicit_low_value_or_experience_case", "priority_score": 0, "suggested_priority": "P2", "priority_reasons": ["main_workflow_hit", "boundary_or_low_risk_validation", "low_risk_supplemental_rule_only", "coverage_gain_non_positive", "low_risk_only_covered_rules_penalty", "no_release_blocking_guard"], "selected_by_review_llm": true, "selected_by_review_must_keep": false, "selected_by_review_constraints": false, "review_constraint_reason": "", "review_llm_drop_reason_raw": "", "review_llm_drop_reason": "", "review_llm_drop_reason_resolved": "", "review_llm_drop_reason_source": "", "review_llm_drop_reason_evidence": {}, "has_positive_evidence": false, "has_coverage_signal": false, "has_high_signal": false, "has_competition_signal": false, "review_llm_filter_applied": false, "must_keep_candidate": false, "must_keep_reasons": [], "selected_by_review_gate": true, "retained_final": true, "dropped_stage": "retained", "dropped_reason": "retained", "covered_rule_ids": ["RULE-017"], "missing_rule_hits": [], "core_rule_hits": [], "coverage_gain_score": -16, "reuse_risk_hit": false, "hit_must_cover_rule": false, "violates_forbidden_pattern": false, "hits_soft_constraint": false, "satisfies_quality_hint": false}, {"candidate_index": 6, "signature": "拍照对答案自评流程-触发相似题推荐|相似题推荐-出门测/牛刀小试/基础巩固提交后全部答对无错题时不触发推荐|提交后不触发相似题推荐流程，直接进入下一阶段或显示阶段完成庆祝页|某模块全部答对，提交后无错题", "case_id": "TC-036", "description": "相似题推荐-出门测/牛刀小试/基础巩固提交后全部答对无错题时不触发推荐", "test_module": "拍照对答案自评流程-触发相似题推荐", "expected_result": "提交后不触发相似题推荐流程，直接进入下一阶段或显示阶段完成庆祝页", "flow_stage": "stage:出_测_基础巩固答错后触发", "flow_stage_label": "出⻔测、基础巩固答错后触发", "flow_rank": 0, "cross_cutting": [], "scenario_key": "stage:出_测_基础巩固答错后触发:workflow_navigation:obj:拍照_照对_对答", "is_scenario_duplicate": true, "duplicate_cluster_id": "SC-002", "duplicate_cluster_size": 2, "duplicate_of_case_id": "TC-037", "misordered_against_requirement_flow": true, "expected_result_quality": "assertable", "expected_result_quality_reason": "contains_concrete_assertion", "expected_result_alignment_warning": true, "truncated_text_detected": false, "case_quality": "valid_case", "invalid_case_reason": "", "invalid_case_signals": [], "rule_keys": [], "bucket": "拍照对答案自评流程-触发相似题推荐|happy", "adds_rule": false, "adds_bucket": false, "high_signal": false, "has_coverage_value": false, "retained_reason": "", "rerank_rank": 4, "focus_score": 0, "model_priority_current": "P0", "model_priority": "P0", "legacy_priority": "P0", "priority_final": "P0", "priority_decision_state": "decided", "priority_decision_source": "conflict_resolved_by_core_business_rule", "priority_confidence": "medium", "priority_conflict_reason": "model=P0,suggested=P2", "priority_resolution_reason": "core_business_evidence", "priority_score": 25, "suggested_priority": "P2", "priority_reasons": ["cross_page_flow_hit", "main_workflow_hit", "no_release_blocking_guard"], "selected_by_review_llm": true, "selected_by_review_must_keep": false, "selected_by_review_constraints": false, "review_constraint_reason": "", "review_llm_drop_reason_raw": "", "review_llm_drop_reason": "", "review_llm_drop_reason_resolved": "", "review_llm_drop_reason_source": "", "review_llm_drop_reason_evidence": {}, "has_positive_evidence": false, "has_coverage_signal": false, "has_high_signal": false, "has_competition_signal": false, "review_llm_filter_applied": false, "must_keep_candidate": false, "must_keep_reasons": [], "selected_by_review_gate": false, "retained_final": true, "dropped_stage": "review_gate", "dropped_reason": "drop_no_new_rule_no_new_bucket_no_high_signal", "covered_rule_ids": [], "missing_rule_hits": [], "core_rule_hits": [], "coverage_gain_score": 0, "reuse_risk_hit": false, "hit_must_cover_rule": false, "violates_forbidden_pattern": false, "hits_soft_constraint": false, "satisfies_quality_hint": false}], "row_count": 6, "row_count_total": 6, "request_id": "c9c35d3782db4db69f74963c62c0f9ab", "project_id": 8, "multi_pass": true, "generation_mode": "multi_pass"}
GEN_DIAG:{"kind": "generation_quality_ledger", "generation_id": 0, "request_id": "c9c35d3782db4db69f74963c62c0f9ab", "generation_mode": "multi_pass", "final_count": 9, "quality_assessment": "low", "initial_quality_score": 56, "quality_score": 56, "quality_score_grade": "low", "quality_score_source": "backend_diagnostic_v1", "quality_score_basis": "coverage+review+judge+funnel+context", "quality_score_confidence": "high", "quality_score_deductions": [{"key": "coverage_gap", "label": "规则覆盖缺口", "count": 0.2857, "points": 10.0}, {"key": "missing_rules", "label": "未覆盖阻断规则", "count": 6, "points": 30.0}, {"key": "missing_boundary", "label": "缺少边界覆盖", "count": 2, "points": 4.0}], "quality_score_inputs": {"coverage_rate": 0.7143, "total_rules": 21, "missing_rules_count": 6, "final_count": 9, "candidate_total": 6, "retained_total": 6, "judge_total": 4, "rejected_count": 0, "raw_rejected_count": 0, "pending_count": 0, "raw_pending_count": 0, "semantic_duplicate_reject_count": 0, "filtered_semantic_duplicate_reject_count": 0, "filtered_pending_candidate_count": 0, "repairable_count": 0, "raw_repairable_count": 1, "repaired_pass_count": 0, "unrepaired_repairable_count": 1, "fact_profile_forbidden_count": 0, "fact_violation_count": 0, "raw_flow_missing_count": 21, "flow_missing_advisory_count": 21, "flow_missing_count": 0, "flow_misordered_count": 0, "scenario_duplicate_cluster_count": 0, "scenario_duplicate_case_count": 0, "low_quality_dropped_count": 0, "semantic_dedup_dropped_count": 0, "semantic_dedup_pressure_count": 0, "semantic_dedup_penalty_count": 0, "structure_metric_scope": "final_cases", "manual_quality_profile_applied": false, "manual_quality_profile_version": ""}, "manual_delivery": {"applied": false}, "stop_reason": ["stopped_due_to_diminishing_returns", "target_count_warning"], "coverage": {"coverage_rate": 0.7143, "total_rules": 21, "total_extracted_rules": 22, "missing_rules_count": 6, "missing_boundary_count": 2, "missing_exception_count": 0, "non_blocking_rules_count": 1}, "funnel": {"primary_count": 4, "gap_count": 2, "review_count": 3, "candidate_count_before_review": 6, "review_selected_count": 3, "post_review_dedup_drop": 0, "final_description_dedup_drop_count": 0, "total_dedup_drop_count": 0, "low_quality_dropped_count": 0, "low_quality_dropped_examples": [], "semantic_dedup_dropped_count": 0}, "review": {"candidate_total": 6, "retained_total": 6, "drop_by_review_llm_count": 0, "drop_by_review_gate_count": 0, "drop_by_post_review_dedup_count": 0, "drop_final_description_duplicate_count": 0, "flow_missing_stage_count": 21, "flow_misordered_count": 3, "final_flow_missing_stage_count": 21, "final_flow_misordered_count": 0, "scenario_duplicate_cluster_count": 2, "scenario_duplicate_case_count": 3, "final_scenario_duplicate_cluster_count": 0, "final_scenario_duplicate_case_count": 0, "fact_profile_forbidden_count": 0, "fact_profile_pending_count": 0}, "judge": {"total": 4, "rejected_out_count": 0, "pending_out_count": 0, "repairable_count": 0, "raw_repairable_count": 1, "repaired_pass_out_count": 0, "unrepaired_repairable_count": 1, "fact_violation_count": 0, "rejected_total": 0, "reason_clusters": {}, "dominant_reason": ""}, "context": {"snapshot_status": "success", "snapshot_used": true, "realtime_rag_used": true, "current_document_used": true, "fusion_mode": "snapshot+rag", "compression_ratio": 0.4916, "retained_chunk_count": 1}, "control": {"control_state_applied": true, "generation_coverage_mode": "standard_regression", "must_cover_rules_count": 0, "quality_fix_hints_count": 6}, "quality_remediation": {"kind": "quality_remediation", "quality_score": 56, "quality_score_grade": "low", "action_count": 1, "primary_action": "cover_missing_rules", "actions": [{"action_id": "cover_missing_rules", "priority": "P0", "reason": "blocking_coverage_gap", "target_stage": "gap_or_final_quality_supplement", "evidence": {"missing_rules": ["RULE-003", "RULE-004", "RULE-009", "RULE-010", "RULE-011", "RULE-013"], "missing_boundary": ["RULE-002", "RULE-008"], "missing_exception": [], "coverage_rate": 0.7143}}], "next_run_controls": {"target_missing_rules": ["RULE-003", "RULE-004", "RULE-009", "RULE-010", "RULE-011", "RULE-013"], "avoid_judge_reject_reasons": {}, "low_quality_dropped_count": 0, "semantic_dedup_penalty_count": 0}}, "case_quality_gate": {"kind": "case_quality_gate", "mode": "shadow", "passed": true, "blocked": false, "failure_reasons": [], "metrics": {"final_count": 9, "min_acceptable_final": 6, "judge_rejected_count": 0, "final_scenario_duplicate_case_count": 0, "final_flow_misordered_count": 0, "reasoning_leak_count": 0, "role_mismatch_count": 0, "quality_score": 56, "quality_score_grade": "low", "raw_judge_rejected_count": 0, "semantic_duplicate_reject_count": 0, "filtered_semantic_duplicate_reject_count": 0}}, "project_id": 8, "multi_pass": true}
GEN_DIAG:{"kind": "case_quality_gate", "mode": "shadow", "passed": true, "blocked": false, "failure_reasons": [], "metrics": {"final_count": 9, "min_acceptable_final": 6, "judge_rejected_count": 0, "final_scenario_duplicate_case_count": 0, "final_flow_misordered_count": 0, "reasoning_leak_count": 0, "role_mismatch_count": 0, "quality_score": 56, "quality_score_grade": "low", "raw_judge_rejected_count": 0, "semantic_duplicate_reject_count": 0, "filtered_semantic_duplicate_reject_count": 0}, "generation_id": 0, "request_id": "c9c35d3782db4db69f74963c62c0f9ab", "project_id": 8, "multi_pass": true, "generation_mode": "multi_pass"}
GEN_DIAG:{"total_rules": 21, "total_extracted_rules": 22, "non_blocking_rules": ["RULE-001"], "covered_rules": ["RULE-002", "RULE-005", "RULE-006", "RULE-007", "RULE-008", "RULE-012", "RULE-014", "RULE-015", "RULE-016", "RULE-017", "RULE-018", "RULE-019", "RULE-020", "RULE-021", "RULE-022"], "missing_rules": ["RULE-003", "RULE-004", "RULE-009", "RULE-010", "RULE-011", "RULE-013"], "rule_diagnostics": [{"rule_id": "RULE-001", "rule_text": "整体结构调整", "biz_key": "unknown", "rule_level": "soft", "confidence": "low", "source_type": "ambiguous_fragment", "blocking": false, "non_blocking_reason": "short_fragment", "covered": false, "coverage_types": [], "missing_types": []}, {"rule_id": "RULE-002", "rule_text": "二、模块说明快问快答•可反复刷的模块,取历史最高分•中途退出不计分、不记录牛刀小试•可反复刷的模块,取历史最高分(可以重新进入,修改对错)•答错后触发相似题推荐出⻔测•可反复刷的模块,取历史最高分(可以重新进入,修改对错),选做•与基础巩固至少完成一个,才可进入后续流程•答错后触发相似题推荐基础巩固(ABS测试)•可反复刷的模块,取历史最高分(可以重新进入,修改对错),选做•本课未配置时不展示入口•答错后触发相似题推荐推荐练习(相似题)•牛刀小试、出⻔测、基础巩固答错后触发•最多 3 轮,每轮独立计分•某知识点全部答对后,停止推荐该知识点•需要进入错题本\\习题集错题\\课后报告", "biz_key": "unknown", "rule_level": "hard", "confidence": "high", "source_type": "confirmed_requirement", "blocking": true, "non_blocking_reason": "", "covered": true, "coverage_types": ["happy"], "missing_types": ["boundary"]}, {"rule_id": "RULE-003", "rule_text": "一、页面结构•顶部栏:返回按钮、课程标题、当前金币数、切换课程、打印•奖励进度条:本节课各阶段金币奖励可视化•左侧导航:课程步骤树 + 完成状态•主内容区:当前步骤的做题 / 视频 / 弹题内容", "biz_key": "unknown", "rule_level": "hard", "confidence": "high", "source_type": "confirmed_requirement", "blocking": true, "non_blocking_reason": "", "covered": false, "coverage_types": [], "missing_types": ["happy"]}, {"rule_id": "RULE-004", "rule_text": "三、左侧导航交互•交互调整:由 2 层折叠抽屉改为多层抽屉可展开•每个步骤卡片点击后向下展开该步骤对应的内容目录•展开时箭头旋转 180°,收起时复位•手⻛琴效果:同时只能展开一个步骤的内容目录•内容目录内部沿用之前的 2 层树形结构(知识点 →视频/练习项)增加拍照保存答案", "biz_key": "unknown", "rule_level": "hard", "confidence": "high", "source_type": "confirmed_requirement", "blocking": true, "non_blocking_reason": "", "covered": false, "coverage_types": [], "missing_types": ["happy"]}, {"rule_id": "RULE-005", "rule_text": "一、触发条件•学生点击\"申请看答案\"按钮时触发•若老师设置中\"学生提交作业需拍照\"为关闭:跳过拍照,直接进入对答案页面•若老师设置中该开关为开启:弹出拍照弹窗,必须完成拍照才能查看答案", "biz_key": "unknown", "rule_level": "hard", "confidence": "high", "source_type": "confirmed_requirement", "blocking": true, "non_blocking_reason": "", "covered": true, "coverage_types": ["boundary", "happy"], "missing_types": []}, {"rule_id": "RULE-006", "rule_text": "二、弹窗展示•弹窗标题:\"请先拍照上传作业\"•提示文案:\"为了保证学习效果,申请查看答案前请先拍摄你的作业照片(支持多张)\"•显示已拍照片计数:\"已拍 N 张\"•已拍照片区域:3 列网格缩略图展示(仅用于学生确认拍摄内容,拍完确认后不再展示)•拍照按钮:\"点击拍照上传\"•确认按钮:\"已拍照,查看答案\"(未拍时置灰)•取消按钮:\"稍后再拍\"", "biz_key": "unknown", "rule_level": "hard", "confidence": "high", "source_type": "confirmed_requirement", "blocking": true, "non_blocking_reason": "", "covered": true, "coverage_types": ["happy"], "missing_types": []}, {"rule_id": "RULE-007", "rule_text": "三、拍照流程•点击拍照按钮:调用设备摄像头或生成模拟照片•每拍一张追加到缩略图列表,计数 +1•照片自动附加水印:学生 ID + 时间戳 + 课程名称•支持连续拍摄,不限制张数", "biz_key": "unknown", "rule_level": "hard", "confidence": "high", "source_type": "confirmed_requirement", "blocking": true, "non_blocking_reason": "", "covered": true, "coverage_types": ["happy"], "missing_types": []}, {"rule_id": "RULE-008", "rule_text": "五、确认与取消(核心调整)•至少拍摄 1 张后,\"已拍照,查看答案\"按钮可点击•点击确认:◦照片立即上传至服务器,直接转发到督导端◦学生端弹出提示:\"照片已发送至督导端,老师可查看你的原始作业\"◦弹窗 2 秒后自动关闭,或点击\"知道了\"手动关闭◦学生端不保留、不展示任何已拍照片◦直接进入对答案页面•点击\"稍后再拍\":关闭弹窗,返回做题页面,不保存任何照片•拍照后未点确认直接关闭浏览器:照片未上传,下次需重新拍照", "biz_key": "unknown", "rule_level": "hard", "confidence": "high", "source_type": "confirmed_requirement", "blocking": true, "non_blocking_reason": "", "covered": true, "coverage_types": ["happy"], "missing_types": ["boundary"]}, {"rule_id": "RULE-009", "rule_text": "二、学习进度控制按学习计划顺序学习•定义:开启后,学生只能按照学习计划中编排的内容和顺序进行学习,不能自主选择计划外的课程,也不能跳过节次•默认状态:关闭•开启效果:学习计划强制执行。学生必须完成当前节次的学习任务(视频、练习等)后,下一节才解锁。学生无法在课程列表中自选其他课程•关闭效果:学习计划仅作为参考。学生可在课程列表中自主选择任意课程,也可以跳过节次,不受计划顺序约束允许拖动视频进度条•定义:开启后,学生可在视频讲解中拖动进度条进行快进或回退•默认状态:开启•开启效果:学生可自由拖动视频进度条,跳转到任意时间点•关闭效果:视频只能按正常倍率顺序播放,进度条不可拖动,学生无法快进或随意跳转•注意:此设置仅控制进度条拖动,不影响倍速播放功能。倍速播放由学生端独立控制•适用场景:关闭后用于确保学生完整观看教学视频,避免跳过关键讲解环节", "biz_key": "unknown", "rule_level": "hard", "confidence": "high", "source_type": "confirmed_requirement", "blocking": true, "non_blocking_reason": "", "covered": false, "coverage_types": [], "missing_types": ["happy"]}, {"rule_id": "RULE-010", "rule_text": "开启效果:学生点击「查看答案」后,系统向", "biz_key": "unknown", "rule_level": "hard", "confidence": "high", "source_type": "confirmed_requirement", "blocking": true, "non_blocking_reason": "", "covered": false, "coverage_types": [], "missing_types": ["happy"]}, {"rule_id": "RULE-011", "rule_text": "开启效果:学生点击「查看答案」后,必须先", "biz_key": "unknown", "rule_level": "hard", "confidence": "high", "source_type": "confirmed_requirement", "blocking": true, "non_blocking_reason": "", "covered": false, "coverage_types": [], "missing_types": ["happy"]}, {"rule_id": "RULE-012", "rule_text": "才展示答案。照片直接发送至督导端,学生端", "biz_key": "unknown", "rule_level": "hard", "confidence": "high", "source_type": "confirmed_requirement", "blocking": true, "non_blocking_reason": "", "covered": true, "coverage_types": ["happy"], "missing_types": []}, {"rule_id": "RULE-013", "rule_text": "仅显示「发送成功」提示,不保留、不展示照", "biz_key": "unknown", "rule_level": "hard", "confidence": "high", "source_type": "confirmed_requirement", "blocking": true, "non_blocking_reason": "", "covered": false, "coverage_types": [], "missing_types": ["happy"]}, {"rule_id": "RULE-014", "rule_text": "一、前置条件•学生已完成出⻔测纸上作答•点击\"申请看答案\"后展示此模块•已拍照上传(若老师开启拍照设置)", "biz_key": "unknown", "rule_level": "hard", "confidence": "high", "source_type": "confirmed_requirement", "blocking": true, "non_blocking_reason": "", "covered": true, "coverage_types": ["boundary", "happy"], "missing_types": []}, {"rule_id": "RULE-015", "rule_text": "二、页面展示•提示:\"对照答案,手动标记每道题的对错,标记一道就有金币奖励哦~\"•逐题展示:题号 + 正确答案(绿色字体)•每道题右侧两个按钮:\"我做对了 ✓\"(绿色)、\"我做错了  ✗ \"(红色)、解析、AI讲题•底部:\"提交标记 (对X/总Y)\" 按钮", "biz_key": "unknown", "rule_level": "hard", "confidence": "high", "source_type": "confirmed_requirement", "blocking": true, "non_blocking_reason": "", "covered": true, "coverage_types": ["happy"], "missing_types": []}, {"rule_id": "RULE-016", "rule_text": "二、轮次规则•最多 3 轮,每轮独立计分•每轮显示轮次指示器(第 1 轮 / 第 2 轮 / 第 3轮)•第 1 轮:同难度,第 2 轮:降低 1 级,第 3轮:降低 2 级•某知识点全部答对后,该知识点停止推荐,其他错题知识点继续", "biz_key": "unknown", "rule_level": "hard", "confidence": "high", "source_type": "confirmed_requirement", "blocking": true, "non_blocking_reason": "", "covered": true, "coverage_types": ["boundary", "happy"], "missing_types": []}, {"rule_id": "RULE-017", "rule_text": "三、做题流程•页面标题:\"举一反三练习题\"•提示文案:\"请在纸上完成以下练习题,全部做完后申请查看答案\"•每题标注\"针对出⻔测第 X 题(难度降低)\"•全部做完后点击\"申请看答案\",同出⻔测拍照逻辑", "biz_key": "unknown", "rule_level": "hard", "confidence": "high", "source_type": "confirmed_requirement", "blocking": true, "non_blocking_reason": "", "covered": true, "coverage_types": ["boundary", "happy"], "missing_types": []}, {"rule_id": "RULE-018", "rule_text": "四、对答案与自评•同出⻔测对答案逻辑•显示\"相似题作业照片\"缩略图•逐题标记\"我做对了 / 我做错了\",即时反馈同出⻔测•全部标记后显示\"提交标记\"", "biz_key": "unknown", "rule_level": "hard", "confidence": "high", "source_type": "confirmed_requirement", "blocking": true, "non_blocking_reason": "", "covered": true, "coverage_types": ["boundary", "happy"], "missing_types": []}, {"rule_id": "RULE-019", "rule_text": "二、页面展示•中央大图标:金色奖杯动画,带发光效果•主标题:\"出⻔测阶段完成!\"(大号金色字体)•副标题:\"你认真对待每一道题的态度值得点赞✨ \"•金币卡片:显示本阶段获得金币总数(如 70 金币)•卡片下方标注:\"出⻔测阶段获得\"", "biz_key": "unknown", "rule_level": "hard", "confidence": "high", "source_type": "confirmed_requirement", "blocking": true, "non_blocking_reason": "", "covered": true, "coverage_types": ["happy"], "missing_types": []}, {"rule_id": "RULE-020", "rule_text": "三、金币计算•本阶段金币 = 出⻔测做对题数对应金币 + 相似题加练做对题数对应金币•金币实时累加到顶部总金币数•进度条同步更新,显示\"再得 X 金币拿满奖励\"", "biz_key": "unknown", "rule_level": "hard", "confidence": "high", "source_type": "confirmed_requirement", "blocking": true, "non_blocking_reason": "", "covered": true, "coverage_types": ["boundary", "happy"], "missing_types": []}, {"rule_id": "RULE-021", "rule_text": "五、后续流程•动画播放 2-3 秒后,底部渐显\"下一步\"按钮•点击后进入\"讲知识 & 错题\"步骤•若还有未完成的日清,左侧导航第六步显示待完成提示•左侧导航自动将\"出⻔测\"标记为完成,\"讲知识& 错题\"高亮为当前", "biz_key": "unknown", "rule_level": "hard", "confidence": "high", "source_type": "confirmed_requirement", "blocking": true, "non_blocking_reason": "", "covered": true, "coverage_types": ["boundary", "happy"], "missing_types": []}, {"rule_id": "RULE-022", "rule_text": "六、极限情况•动画播放时退出或刷新:直接显示静态结果页,金币已正常发放•重复刷新结果页:金币只发放一次,幂等处理•多个模块连续完成:每个模块独立触发庆祝,动画排队播放,不堆积课后报告+习题集错题流向•进入学生端错题本,包括推荐的相似题•进入督导端习题集全部错题•进入课后报告错题打包", "biz_key": "unknown", "rule_level": "hard", "confidence": "high", "source_type": "confirmed_requirement", "blocking": true, "non_blocking_reason": "", "covered": true, "coverage_types": ["boundary", "happy"], "missing_types": []}], "coverage_rate": 0.7143, "missing_types": {"boundary": ["RULE-002", "RULE-008"], "exception": []}, "kind": "coverage_check", "request_id": "c9c35d3782db4db69f74963c62c0f9ab", "project_id": 8, "multi_pass": true, "generation_mode": "multi_pass"}

@@STATUS@@:生成结果未通过落库门禁: persistable_required_field_missing_count=33,persistable_priority_final_invalid_count=33
Error: LOW_QUALITY_GENERATED_CASES: persistable_required_field_missing_count=33,persistable_priority_final_invalid_count=33

===== base_generation started 2026-07-14T16:55:26 =====
@@CONTEXT_DEBUG@@:{"snapshot_status": "success", "snapshot_ready": true, "snapshot_used": true, "snapshot_fallback_reason": "", "realtime_rag_used": true, "current_document_used": true, "snapshot_rebuild_triggered": false, "snapshot_rebuild_reason": "none"}
@@STATUS@@:snapshot gate result: gate_disabled_proceed (poll=0, elapsed_ms=0)
@@STATUS@@:preparing project snapshot context...
@@STATUS@@:snapshot ready and reusable -> using snapshot (reason=snapshot_success_and_hash_matched)
@@STATUS@@:precision retrieval enabled (explicit_precision_mode,generation_default_precision,keyword_triggered)
@@STATUS@@:hybrid fusion done: mode=snapshot+rag rag_chunks=1 tokens~2314
@@STATUS@@:current requirement blueprint applied (count=1,steps=6)
@@STATUS@@:[multi-pass] 阶段1/3 主生成开始...
@@STATUS@@:正在进行需求元分析 (Meta-Analysis)，识别系统类型与测试策略...
@@STATUS@@:分析完成 - 系统类型: Tablet + Web, 复杂度: High, 策略: {"functional": 0.65, "regression": 0.15, "non_functional": 0.2}...
@@STATUS@@:正在生成第 1/2 批次 (25 条) - 第 1 次尝试...
GEN_DIAG:{"kind": "prompt_context_intake", "diag_version": "1.0", "mode": "stream", "doc_type": "requirement", "compress": false, "project_id": 8, "request_id": "f242c53c31ca4995aef67654b53ea417", "batch_index": 1, "total_batches": 2, "attempt": 1, "expected_count": 25, "multi_pass": true, "generation_mode": "multi_pass", "model": "glm-5.1", "max_output_tokens": 10000, "max_tokens_semantics": "output_tokens", "current_biz_key": "unknown", "only_current_biz": false, "section_sizes": {"requirement_user": {"chars": 9464, "approx_tokens": 2366, "sha256_16": "29d26833ae12aa67", "noise_flags": []}, "kb_context": {"chars": 9259, "approx_tokens": 2314, "sha256_16": "d4cdc5a8be3d7990", "noise_flags": []}, "requirement_context": {"chars": 2457, "approx_tokens": 614, "sha256_16": "ad719b851d242616", "noise_flags": []}, "requirement_semantics_context": {"chars": 312, "approx_tokens": 78, "sha256_16": "b94786f6bb3003b2", "noise_flags": []}, "testcase_context": {"chars": 7, "approx_tokens": 1, "sha256_16": "d29a0939bcb51176", "noise_flags": ["short_fragment", "label_fragment"]}, "supplement_context": {"chars": 329, "approx_tokens": 82, "sha256_16": "4e83209e22e23cb1", "noise_flags": []}, "control_context": {"chars": 2931, "approx_tokens": 732, "sha256_16": "aa6d0043b86b1d5c", "noise_flags": []}, "base_prompt": {"chars": 15142, "approx_tokens": 3785, "sha256_16": "da0de4a7a6480a27", "noise_flags": []}, "system_prompt": {"chars": 20122, "approx_tokens": 5030, "sha256_16": "f22f13a4d7c83a24", "noise_flags": []}, "full_input": {"chars": 29586, "approx_tokens": 7396, "sha256_16": "29708706da227a1b", "noise_flags": []}}, "source_lanes": {"context_source": "snapshot+rag", "snapshot": {"used": true, "status": "success", "version": 37}, "rag": {"used": true, "chunk_count": 1, "final_status": "success", "retrieval_profile": {"profile_version": "2.5", "query_type": "process", "query_length": 1000, "rewrite_count": 1, "recall_lane_hits": {"original_raw": 5, "original_summary": 0, "rewrite_raw": 5, "rewrite_summary": 0, "keyword_docs": 42}, "raw_topk_scores": [0.875, 0.485, 0.485, 0.40279, 0.357441, 0.2725, 0.2725, 0.2725, 0.2725, 0.2725], "rerank_top_scores": [0.935, 0.43, 0.43, 0.42279, 0.382441, 0.291667, 0.2725, 0.2725, 0.270833, 0.270833], "final_chunk_count": 1, "final_doc_type_distribution": {"requirement": 1}, "compressed_before_chars": 3255, "compressed_after_chars": 1600, "snapshot_related_hit": false, "question_length": 1000, "lane_health": {"counts": {"original_raw": 5, "original_summary": 0, "rewrite_raw": 5, "rewrite_summary": 0, "keyword_docs": 42}, "reasons": {"original_raw": "ok", "original_summary": "no_hit", "rewrite_raw": "ok", "rewrite_summary": "no_hit", "keyword_docs": "ok"}, "topk": {"original_raw": 40, "original_summary": 20, "rewrite_raw": 20, "rewrite_summary": 10, "keyword_docs": 40}, "merged_count": 52, "deduped_count": 45}, "score_profile": {"rerank_top1": 0.935, "rerank_topk_avg": 0.3479832029220469, "selected_top1": 0.935, "selected_topk_avg": 0.935, "rerank_score_bands": {"gte_0_9": 1, "0_8_to_0_9": 0, "0_7_to_0_8": 0, "lt_0_7": 15}, "selected_score_bands": {"gte_0_9": 1, "0_8_to_0_9": 0, "0_7_to_0_8": 0, "lt_0_7": 0}}, "selection_profile": {"selected_count": 1, "kept_by_query_source": {"original": 1, "rewrite": 0, "unknown": 0}, "kept_by_chunk_source": {"raw": 1, "summary": 0, "unknown": 0}}, "stability": {"attempt_count": 1, "retry_triggered_count": 0, "retry_reasons": [], "final_status": "success", "final_failure_reason": ""}}}}, "rag_sources": [{"rank": 1, "doc_id": "238", "chunk_id": "238_0", "filename": "学习激励+错题推荐.pdf", "score": 0.935, "chars": 1200, "approx_tokens": 300, "sha256_16": "086a97471d9eade9", "preview": "学习激励+错题推荐\u0001 范围：初中数理化的标准化⾃习\u0001 整体结构调整\u0001 \u0001 \u0001 课中积分逻辑\u0001 ⼀、计分规则\u0001 • 每道题答对得\u00011\u0001分，答错得\u00010\u0001分\u0001 • 模块得分\u0001=\u0001该模块答对题数\u0001 • 每节课题量由题库配置决定，最⾼分各不相同\u0001 ⼆、模块说明\u0001 快问快答\u0001 • 可反复刷的模块，取历史最⾼分\u0001 • 中途退出...", "noise_flags": []}], "control": {"workflow_blueprint_count": 1, "generation_execution_plan_blueprint_count": 1, "generation_execution_plan_step_count": 6, "generation_execution_plan_in_context": true, "generation_execution_independent_suite_order": ["permission/security", "exception/recovery", "boundary/state rollback", "independent functional", "UI/display"], "must_cover_rules_count": 0, "quality_fix_hints_count": 6, "fact_profile_source": "requirement_semantics", "fact_profile_confidence": 0.75, "fact_profile_confirmed_count": 5, "fact_profile_pending_count": 0, "fact_profile_forbidden_count": 0, "scoped_rules_count": 0, "hard_flow_constraints_count": 3, "reuse_risks_count": 0}, "requirement_understanding": {"present": true, "visual_fact_count": 4, "invalid_visual_block_count": 0, "aligned_evidence_count": 4}, "business_scope": {"biz_key_order": ["unknown"], "module_order_hint": [], "module_order_source": "none", "requirement_semantics_by_biz": [{"biz_key": "unknown", "confirmed_facts_count": 5, "scoped_rules_count": 0, "pending_items_count": 0, "forbidden_facts_count": 0, "reuse_risks_count": 0}]}, "noise_summary": {"section_noise_flags": {"short_fragment": 1, "label_fragment": 1}, "rag_source_noise_flags": {}}, "risk_flags": []}
```json
[
  {
    "id": "TC-001",
    "description": "申请查看答案-老师拍照开关关闭时直接进入对答案页面",
    "test_module": "拍照对答案自评流程-entry",
    "preconditions": [
      "学生已完成出门测纸上作答",
      "督导端「查看答案前需拍照上传」开关为关闭状态"
    ],
    "steps": [
      "学生在出门测页面点击「申请看答案」按钮",
      "观察系统响应行为"
    ],
    "test_input": "点击申请看答案按钮",
    "expected_result": "系统跳过拍照弹窗，直接进入对答案页面，展示逐题答案与标记界面",
    "priority": "P0"
  },
  {
    "id": "TC-002",
    "description": "申请查看答案-老师拍照开关开启时弹出拍照弹窗",
    "test_module": "拍照对答案自评流程-entry",
    "preconditions": [
      "学生已完成出门测纸上作答",
      "督导端「查看答案前需拍照上传」开关为开启状态"
    ],
    "steps": [
      "学生在出门测页面点击「申请看答案」按钮",
      "观察系统响应行为"
    ],
    "test_input": "点击申请看答案按钮",
    "expected_result": "弹出拍照弹窗，标题为「请先拍照上传作业」，提示文案为「为了保证学习效果，申请查看答案前请先拍摄你的作业照片（支持多张）」，确认按钮「已拍照，查看答案」为置灰不可点击状态",
    "priority": "P0"
  },
  {
    "id": "TC-003",
    "description": "拍照上传作业-正常拍摄并确认后进入对答案页面",
    "test_module": "拍照对答案自评流程-completion_sync",
    "preconditions": [
      "拍照弹窗已弹出",
      "督导端拍照开关为开启状态"
    ],
    "steps": [
      "点击「点击拍照上传」按钮拍摄1张照片",
      "观察缩略图列表与计数更新",
      "点击「已拍照，查看答案」按钮",
      "观察提示弹窗与页面跳转"
    ],
    "test_input": "拍摄1张照片并点击确认",
    "expected_result": "缩略图列表显示1张照片，计数显示「已拍1张」；点击确认后弹出提示「照片已发送至督导端，老师可查看你的原始作业」，提示2秒后自动关闭，学生端不保留不展示任何已拍照片，直接进入对答案页面",
    "priority": "P0"
  },
  {
    "id": "TC-004",
    "description": "拍照上传作业-删除全部照片后确认按钮置灰",
    "test_module": "拍照对答案自评流程-completion_sync",
    "preconditions": [
      "拍照弹窗已弹出",
      "已拍摄2张照片"
    ],
    "steps": [
      "点击第1张缩略图右上角「×」删除按钮",
      "观察计数更新与确认按钮状态",
      "点击第2张缩略图右上角「×」删除按钮",
      "观察计数更新与确认按钮状态"
    ],
    "test_input": "删除全部已拍照片",
    "expected_result": "删除第1张后计数变为「已拍1张」，确认按钮仍可点击；删除第2张后计数变为「已拍0张」，缩略图列表为空，确认按钮「已拍照，查看答案」变为置灰不可点击状态",
    "priority": "P1"
  },
  {
    "id": "TC-005",
    "description": "拍照上传作业-点击稍后再拍取消并返回做题页面",
    "test_module": "拍照对答案自评流程-completion_sync",
    "preconditions": [
      "拍照弹窗已弹出",
      "已拍摄1张照片"
    ],
    "steps": [
      "点击「稍后再拍」按钮",
      "观察弹窗关闭行为与页面状态"
    ],
    "test_input": "点击稍后再拍按钮",
    "expected_result": "弹窗关闭，返回出门测做题页面，不保存任何已拍照片，下次点击申请看答案需重新拍照",
    "priority": "P1"
  },
  {
    "id": "TC-006",
    "description": "拍照上传作业-拍照后未确认直接关闭浏览器照片未上传",
    "test_module": "拍照对答案自评流程-completion_sync",
    "preconditions": [
      "拍照弹窗已弹出",
      "已拍摄1张照片但未点击确认"
    ],
    "steps": [
      "直接关闭浏览器或标签页",
      "重新打开浏览器进入同一课程出门测页面",
      "点击「申请看答案」按钮"
    ],
    "test_input": "未确认直接关闭浏览器后重新进入",
    "expected_result": "重新进入后点击申请看答案再次弹出拍照弹窗，之前拍摄的照片未上传至服务器，计数显示「已拍0张」，需重新拍照",
    "priority": "P1"
  },
  {
    "id": "TC-007",
    "description": "逐题标记对错-标记做对即时反馈金币+1",
    "test_module": "拍照对答案自评流程-edit",
    "preconditions": [
      "已进入对答案页面",
      "出门测共5题"
    ],
    "steps": [
      "点击第1题「我做对了 ✓」按钮",
      "观察即时反馈动画与金币变化",
      "观察右上角金币数变化"
    ],
    "test_input": "标记第1题做对",
    "expected_result": "显示绿色微光动画与随机正向文案（如「太棒了！继续加油💪」），金币+1，右上角金币数字跳动增加1",
    "priority": "P0"
  },
  {
    "id": "TC-008",
    "description": "逐题标记对错-标记做错即时反馈金币+1鼓励诚实",
    "test_module": "拍照对答案自评流程-edit",
    "preconditions": [
      "已进入对答案页面",
      "出门测共5题"
    ],
    "steps": [
      "点击第2题「我做错了 ✗」按钮",
      "观察即时反馈动画与金币变化",
      "观察右上角金币数变化"
    ],
    "test_input": "标记第2题做错",
    "expected_result": "显示柔和红色提示与随机鼓励文案（如「没关系，加练一下就掌握🌟」），金币+1（鼓励诚实），右上角金币数字跳动增加1",
    "priority": "P0"
  },
  {
    "id": "TC-009",
    "description": "确认标记结果-提交按钮显示对题数与总题数",
    "test_module": "拍照对答案自评流程-preview",
    "preconditions": [
      "已进入对答案页面",
      "出门测共5题",
      "已逐题标记完成（3对2错）"
    ],
    "steps": [
      "观察底部提交按钮文案",
      "确认所有题目均已标记"
    ],
    "test_input": "标记3题做对2题做错",
    "expected_result": "底部按钮显示「提交标记 (对3/总5)」，按钮可点击状态",
    "priority": "P1"
  },
  {
    "id": "TC-010",
    "description": "提交自评结果-积分计算为答对题数×1分",
    "test_module": "拍照对答案自评流程-commit",
    "preconditions": [
      "出门测共5题",
      "已标记3题做对2题做错",
      "点击提交标记按钮"
    ],
    "steps": [
      "点击「提交标记 (对3/总5)」按钮",
      "观察积分计算结果"
    ],
    "test_input": "提交3对2错的标记结果",
    "expected_result": "出门测模块得分=3分（答对题数×1分），金币按配置规则发放，进度条同步更新",
    "priority": "P0"
  },
  {
    "id": "TC-011",
    "description": "提交自评结果-错题加入错题本",
    "test_module": "拍照对答案自评流程-commit",
    "preconditions": [
      "出门测共5题",
      "已标记2题做错",
      "点击提交标记按钮"
    ],
    "steps": [
      "点击「提交标记」按钮",
      "进入学生端错题本查看",
      "进入督导端习题集查看",
      "进入课后报告查看"
    ],
    "test_input": "提交包含2道错题的标记结果",
    "expected_result": "2道错题同步出现在学生端错题本、督导端习题集全部错题、课后报告错题打包中",
    "priority": "P0"
  },
  {
    "id": "TC-012",
    "description": "触发相似题推荐-出门测答错后触发推荐练习",
    "test_module": "拍照对答案自评流程-downstream_visibility",
    "preconditions": [
      "出门测提交后存在错题",
      "题库中存在对应知识点的相似题"
    ],
    "steps": [
      "完成出门测对答案并提交（存在错题）",
      "观察是否触发相似题推荐入口",
      "进入推荐练习页面"
    ],
    "test_input": "出门测答错2题后提交",
    "expected_result": "触发相似题推荐，页面标题显示「举一反三练习题」，提示文案为「请在纸上完成以下练习题，全部做完后申请查看答案」，每题标注「针对出门测第X题（难度降低）」",
    "priority": "P0"
  },
  {
    "id": "TC-013",
    "description": "相似题推荐轮次-最多3轮难度递减且某知识点全对后停止推荐",
    "test_module": "拍照对答案自评流程-downstream_visibility",
    "preconditions": [
      "出门测答错涉及2个知识点A和B",
      "题库中知识点A有3轮相似题，知识点B有2轮相似题"
    ],
    "steps": [
      "完成第1轮相似题（同难度），知识点A全对知识点B有错",
      "观察轮次指示器与知识点推荐状态",
      "完成第2轮（降低1级），知识点B全对",
      "观察是否继续推荐知识点B的相似题",
      "完成第3轮（降低2级）"
    ],
    "test_input": "分3轮完成相似题，知识点A第1轮全对，知识点B第2轮全对",
    "expected_result": "第1轮显示「第1轮」指示器同难度；知识点A全对后停止推荐知识点A的相似题；第2轮显示「第2轮」降低1级，仅推荐知识点B；知识点B全对后停止推荐；第3轮显示「第3轮」降低2级仅剩未全对知识点；3轮全部完成或无错题知识点后结束推荐",
    "priority": "P0"
  },
  {
    "id": "TC-014",
    "description": "督导端查看答案需老师同意开关-开启后学生需审批才能查看答案",
    "test_module": "权限/鉴权-答案查看控制",
    "preconditions": [
      "督导端「查看答案需老师同意」开关为开启",
      "督导端「查看答案前需拍照上传」开关为关闭"
    ],
    "steps": [
      "学生点击「查看答案」",
      "观察系统向老师发送审批请求",
      "老师在督导端同意审批",
      "学生端观察答案展示"
    ],
    "test_input": "学生申请查看答案，老师同意审批",
    "expected_result": "学生点击查看答案后系统向老师发送审批请求，老师同意前学生无法看到答案内容；老师同意后学生可查看答案",
    "priority": "P1"
  },
  {
    "id": "TC-015",
    "description": "督导端两个开关组合-都开启时流程为申请→同意→拍照→查看",
    "test_module": "权限/鉴权-答案查看控制组合",
    "preconditions": [
      "督导端「查看答案需老师同意」开关为开启",
      "督导端「查看答案前需拍照上传」开关为开启"
    ],
    "steps": [
      "学生点击「查看答案」",
      "系统向老师发送审批请求",
      "老师在督导端同意审批",
      "学生端弹出拍照弹窗",
      "学生拍照并确认",
      "观察答案展示"
    ],
    "test_input": "两个开关都开启，学生申请查看答案并完成全流程",
    "expected_result": "流程顺序为：申请→老师同意→拍照上传→查看答案；老师同意后才弹出拍照弹窗，拍照确认后才展示答案内容",
    "priority": "P1"
  },
  {
    "id": "TC-016",
    "description": "断网时本地保存标记状态恢复后自动提交",
    "test_module": "异常/恢复-对答案标记断网处理",
    "preconditions": [
      "学生已进入对答案页面",
      "已标记3题（2对1错）",
      "网络突然断开"
    ],
    "steps": [
      "断网状态下继续标记剩余题目",
      "点击提交标记按钮",
      "恢复网络连接",
      "观察提交行为"
    ],
    "test_input": "断网时标记并提交，恢复网络",
    "expected_result": "断网时标记状态本地保存；恢复网络后自动提交标记结果，积分与错题本数据正常同步至服务器",
    "priority": "P1"
  },
  {
    "id": "TC-017",
    "description": "刷新页面恢复之前的标记状态",
    "test_module": "异常/恢复-对答案标记刷新恢复",
    "preconditions": [
      "学生已进入对答案页面",
      "已标记3题（2对1错）但未提交"
    ],
    "steps": [
      "刷新浏览器页面",
      "观察标记状态是否恢复"
    ],
    "test_input": "刷新页面",
    "expected_result": "页面刷新后恢复之前的标记状态，已标记的3题（2对1错）保持不变，未标记题目仍为待标记状态",
    "priority": "P1"
  },
  {
    "id": "TC-018",
    "description": "快问快答中途退出不计分不记录",
    "test_module": "边界/状态回退-模块中途退出",
    "preconditions": [
      "快问快答模块共10题",
      "学生已答5题（4对1错）"
    ],
    "steps": [
      "学生中途退出快问快答模块（不完成全部题目）",
      "观察模块得分记录",
      "重新进入快问快答模块"
    ],
    "test_input": "中途退出快问快答",
    "expected_result": "中途退出后该次作答不计分不记录，模块得分不变；重新进入时从头开始作答，历史最高分仍为之前完整完成时的最高分",
    "priority": "P1"
  },
  {
    "id": "TC-019",
    "description": "出门测与基础巩固至少完成一个才可进入后续流程",
    "test_module": "边界/状态回退-流程前置条件",
    "preconditions": [
      "学生已完成牛刀小试",
      "出门测和基础巩固均未完成",
      "本课已配置基础巩固模块"
    ],
    "steps": [
      "尝试点击左侧导航中后续流程步骤（如讲知识&错题）",
      "完成出门测模块",
      "再次尝试进入后续流程"
    ],
    "test_input": "未完成出门测和基础巩固时尝试进入后续流程",
    "expected_result": "未完成出门测和基础巩固时，后续流程步骤不可进入（置灰或提示需先完成出门测/基础巩固）；完成出门测后，后续流程步骤解锁可进入",
    "priority": "P0"
  },
  {
    "id": "TC-020",
    "description": "基础巩固未配置时不展示入口",
    "test_module": "边界/状态回退-模块配置边界",
    "preconditions": [
      "本课未配置基础巩固(ABS测试)模块",
      "学生进入课程学习页面"
    ],
    "steps": [
      "观察左侧导航与主内容区",
      "确认基础巩固模块入口是否存在"
    ],
    "test_input": "本课未配置基础巩固",
    "expected_result": "左侧导航和主内容区中不展示基础巩固模块入口，最高分计算中基础巩固题数为0",
    "priority": "P1"
  },
  {
    "id": "TC-021",
    "description": "最高分计算公式验证-含基础巩固和相似题",
    "test_module": "边界/状态回退-最高分计算",
    "preconditions": [
      "快问快答10题、牛刀小试5题、出门测5题、基础巩固5题",
      "相似题每轮3题"
    ],
    "steps": [
      "查看本节课最高分显示",
      "验证计算公式：10+5+5+5+3轮×3题"
    ],
    "test_input": "各模块题数配置如上",
    "expected_result": "最高分=10+5+5+5+9=34分，页面显示本节最高分为34分",
    "priority": "P1"
  },
  {
    "id": "TC-022",
    "description": "最高分计算-基础巩固题数为0时",
    "test_module": "边界/状态回退-最高分计算边界",
    "preconditions": [
      "快问快答10题、牛刀小试5题、出门测5题",
      "基础巩固未配置（题数为0）",
      "相似题每轮3题"
    ],
    "steps": [
      "查看本节课最高分显示",
      "验证计算公式不含基础巩固"
    ],
    "test_input": "基础巩固题数为0",
    "expected_result": "最高分=10+5+5+0+9=29分，页面显示本节最高分为29分",
    "priority": "P2"
  },
  {
    "id": "TC-023",
    "description": "奖励进度条实时填充与动态计算剩余金币",
    "test_module": "独立功能-奖励进度条",
    "preconditions": [
      "本节课总金币=170（牛刀小试+20、快问快答+30×2、出门测+10、巩固练习+10、出门测加练+50）",
      "学生已获得50金币"
    ],
    "steps": [
      "观察进度条填充比例",
      "观察右侧提示文案",
      "完成牛刀小试获得20金币",
      "观察进度条与提示更新"
    ],
    "test_input": "已获50金币，总金币170",
    "expected_result": "进度条填充50/170≈29.4%；右侧提示「再得120金币拿满奖励」；获得20金币后进度条填充70/170≈41.2%，提示更新为「再得100金币拿满奖励」",
    "priority": "P1"
  },
  {
    "id": "TC-024",
    "description": "左侧导航手风琴效果-同时只能展开一个步骤",
    "test_module": "独立功能-左侧导航交互",
    "preconditions": [
      "学生进入课程学习页面",
      "左侧导航显示6个步骤卡片"
    ],
    "steps": [
      "点击「第一步 复习」步骤卡片，观察展开与箭头旋转",
      "点击「第四步 随堂测」步骤卡片，观察展开行为",
      "观察「第一步 复习」是否收起"
    ],
    "test_input": "依次点击两个不同步骤卡片",
    "expected_result": "点击第一步后向下展开内容目录，箭头旋转180°；点击第四步后第四步展开且箭头旋转180°，第一步自动收起且箭头复位，同时仅一个步骤展开",
    "priority": "P2"
  },
  {
    "id": "TC-025",
    "description": "督导端按学习计划顺序学习开关-开启后学生无法跳节次",
    "test_module": "独立功能-学习进度控制",
    "preconditions": [
      "督导端「按学习计划顺序学习」开关为开启",
      "学习计划编排了第1-5讲顺序"
    ],
    "steps": [
      "学生尝试在课程列表中自选第3讲",
      "学生尝试跳过第1讲直接进入第2讲",
      "完成第1讲全部学习任务",
      "观察第2讲是否解锁"
    ],
    "test_input": "开关开启状态下学生尝试跳节次",
    "expected_result": "学生无法在课程列表中自选第3讲，无法跳过第1讲进入第2讲；完成第1讲全部任务后第2讲解锁可进入",
    "priority": "P1"
  }
]
```GEN_DIAG:{"kind": "stream_batch_token_usage", "project_id": 8, "request_id": "f242c53c31ca4995aef67654b53ea417", "current_biz_key": "unknown", "multi_pass": true, "generation_mode": "multi_pass", "batch_index": 1, "total_batches": 2, "attempt": 1, "requested_count": 25, "input_tokens": null, "output_tokens": null, "total_tokens": null, "token_source": "unavailable", "token_unavailable_reason": "provider_usage_estimated", "estimate_method": "chars_div_4", "model": "glm-5.1", "duration_ms": 112560, "response_chars": 10489, "attempt_status": "received", "provider_error": ""}

GEN_DIAG:{"kind": "stream_batch_quality", "project_id": 8, "request_id": "f242c53c31ca4995aef67654b53ea417", "current_biz_key": "unknown", "multi_pass": true, "generation_mode": "multi_pass", "batch_index": 1, "new_valid_cases_count": 25, "duplicate_rate": 0.0, "non_assertable_count": 0, "low_quality_filtered_count": 0, "coverage_gain_count": 25, "low_gain_detected": false, "low_gain_streak": 0}
@@STATUS@@:正在生成第 2/2 批次 (11 条) - 第 1 次尝试...
GEN_DIAG:{"kind": "prompt_context_intake", "diag_version": "1.0", "mode": "stream", "doc_type": "requirement", "compress": false, "project_id": 8, "request_id": "f242c53c31ca4995aef67654b53ea417", "batch_index": 2, "total_batches": 2, "attempt": 1, "expected_count": 11, "multi_pass": true, "generation_mode": "multi_pass", "model": "glm-5.1", "max_output_tokens": 10000, "max_tokens_semantics": "output_tokens", "current_biz_key": "unknown", "only_current_biz": false, "section_sizes": {"requirement_user": {"chars": 9464, "approx_tokens": 2366, "sha256_16": "29d26833ae12aa67", "noise_flags": []}, "kb_context": {"chars": 9259, "approx_tokens": 2314, "sha256_16": "d4cdc5a8be3d7990", "noise_flags": []}, "requirement_context": {"chars": 2457, "approx_tokens": 614, "sha256_16": "ad719b851d242616", "noise_flags": []}, "requirement_semantics_context": {"chars": 312, "approx_tokens": 78, "sha256_16": "b94786f6bb3003b2", "noise_flags": []}, "testcase_context": {"chars": 7, "approx_tokens": 1, "sha256_16": "d29a0939bcb51176", "noise_flags": ["short_fragment", "label_fragment"]}, "supplement_context": {"chars": 329, "approx_tokens": 82, "sha256_16": "4e83209e22e23cb1", "noise_flags": []}, "control_context": {"chars": 2931, "approx_tokens": 732, "sha256_16": "aa6d0043b86b1d5c", "noise_flags": []}, "base_prompt": {"chars": 15891, "approx_tokens": 3972, "sha256_16": "f43cc764b480f478", "noise_flags": []}, "system_prompt": {"chars": 22003, "approx_tokens": 5500, "sha256_16": "ee62c22b2d2b971e", "noise_flags": []}, "full_input": {"chars": 31467, "approx_tokens": 7866, "sha256_16": "149ecaa998f55230", "noise_flags": []}}, "source_lanes": {"context_source": "snapshot+rag", "snapshot": {"used": true, "status": "success", "version": 37}, "rag": {"used": true, "chunk_count": 1, "final_status": "success", "retrieval_profile": {"profile_version": "2.5", "query_type": "process", "query_length": 1000, "rewrite_count": 1, "recall_lane_hits": {"original_raw": 5, "original_summary": 0, "rewrite_raw": 5, "rewrite_summary": 0, "keyword_docs": 42}, "raw_topk_scores": [0.875, 0.485, 0.485, 0.40279, 0.357441, 0.2725, 0.2725, 0.2725, 0.2725, 0.2725], "rerank_top_scores": [0.935, 0.43, 0.43, 0.42279, 0.382441, 0.291667, 0.2725, 0.2725, 0.270833, 0.270833], "final_chunk_count": 1, "final_doc_type_distribution": {"requirement": 1}, "compressed_before_chars": 3255, "compressed_after_chars": 1600, "snapshot_related_hit": false, "question_length": 1000, "lane_health": {"counts": {"original_raw": 5, "original_summary": 0, "rewrite_raw": 5, "rewrite_summary": 0, "keyword_docs": 42}, "reasons": {"original_raw": "ok", "original_summary": "no_hit", "rewrite_raw": "ok", "rewrite_summary": "no_hit", "keyword_docs": "ok"}, "topk": {"original_raw": 40, "original_summary": 20, "rewrite_raw": 20, "rewrite_summary": 10, "keyword_docs": 40}, "merged_count": 52, "deduped_count": 45}, "score_profile": {"rerank_top1": 0.935, "rerank_topk_avg": 0.3479832029220469, "selected_top1": 0.935, "selected_topk_avg": 0.935, "rerank_score_bands": {"gte_0_9": 1, "0_8_to_0_9": 0, "0_7_to_0_8": 0, "lt_0_7": 15}, "selected_score_bands": {"gte_0_9": 1, "0_8_to_0_9": 0, "0_7_to_0_8": 0, "lt_0_7": 0}}, "selection_profile": {"selected_count": 1, "kept_by_query_source": {"original": 1, "rewrite": 0, "unknown": 0}, "kept_by_chunk_source": {"raw": 1, "summary": 0, "unknown": 0}}, "stability": {"attempt_count": 1, "retry_triggered_count": 0, "retry_reasons": [], "final_status": "success", "final_failure_reason": ""}}}}, "rag_sources": [{"rank": 1, "doc_id": "238", "chunk_id": "238_0", "filename": "学习激励+错题推荐.pdf", "score": 0.935, "chars": 1200, "approx_tokens": 300, "sha256_16": "086a97471d9eade9", "preview": "学习激励+错题推荐\u0001 范围：初中数理化的标准化⾃习\u0001 整体结构调整\u0001 \u0001 \u0001 课中积分逻辑\u0001 ⼀、计分规则\u0001 • 每道题答对得\u00011\u0001分，答错得\u00010\u0001分\u0001 • 模块得分\u0001=\u0001该模块答对题数\u0001 • 每节课题量由题库配置决定，最⾼分各不相同\u0001 ⼆、模块说明\u0001 快问快答\u0001 • 可反复刷的模块，取历史最⾼分\u0001 • 中途退出...", "noise_flags": []}], "control": {"workflow_blueprint_count": 1, "generation_execution_plan_blueprint_count": 1, "generation_execution_plan_step_count": 6, "generation_execution_plan_in_context": true, "generation_execution_independent_suite_order": ["permission/security", "exception/recovery", "boundary/state rollback", "independent functional", "UI/display"], "must_cover_rules_count": 0, "quality_fix_hints_count": 6, "fact_profile_source": "requirement_semantics", "fact_profile_confidence": 0.75, "fact_profile_confirmed_count": 5, "fact_profile_pending_count": 0, "fact_profile_forbidden_count": 0, "scoped_rules_count": 0, "hard_flow_constraints_count": 3, "reuse_risks_count": 0}, "requirement_understanding": {"present": true, "visual_fact_count": 4, "invalid_visual_block_count": 0, "aligned_evidence_count": 4}, "business_scope": {"biz_key_order": ["unknown"], "module_order_hint": [], "module_order_source": "none", "requirement_semantics_by_biz": [{"biz_key": "unknown", "confirmed_facts_count": 5, "scoped_rules_count": 0, "pending_items_count": 0, "forbidden_facts_count": 0, "reuse_risks_count": 0}]}, "noise_summary": {"section_noise_flags": {"short_fragment": 1, "label_fragment": 1}, "rag_source_noise_flags": {}}, "risk_flags": []}
```json
[
  {
    "id": "TC-026",
    "description": "照片水印验证-每张照片自动附加学生ID+时间戳+课程名称水印",
    "test_module": "拍照上传作业",
    "preconditions": [
      "老师设置中\"学生提交作业需拍照\"开关为开启",
      "学生点击\"申请看答案\"按钮已弹出拍照弹窗"
    ],
    "steps": [
      "点击\"点击拍照上传\"按钮拍摄第1张照片",
      "观察缩略图列表中该照片是否附加水印",
      "检查水印内容是否包含学生ID、时间戳、课程名称"
    ],
    "test_input": "拍摄1张照片",
    "expected_result": "缩略图中照片自动附加水印，水印内容包含学生ID、时间戳和课程名称三项信息",
    "priority": "P1"
  },
  {
    "id": "TC-027",
    "description": "确认上传后提示弹窗2秒自动关闭或手动关闭",
    "test_module": "拍照上传作业",
    "preconditions": [
      "老师设置中\"学生提交作业需拍照\"开关为开启",
      "学生已拍摄至少1张照片并点击\"已拍照，查看答案\"确认按钮"
    ],
    "steps": [
      "点击\"已拍照，查看答案\"按钮",
      "观察是否弹出提示\"照片已发送至督导端，老师可查看你的原始作业\"",
      "等待2秒观察弹窗是否自动关闭",
      "再次拍照确认，这次在2秒内点击\"知道了\"按钮观察弹窗是否手动关闭"
    ],
    "test_input": "确认上传照片后等待或手动点击",
    "expected_result": "确认后弹出提示文案\"照片已发送至督导端，老师可查看你的原始作业\"；2秒后弹窗自动关闭；点击\"知道了\"可手动关闭弹窗，关闭后直接进入对答案页面",
    "priority": "P1"
  },
  {
    "id": "TC-028",
    "description": "确认上传后学生端不保留不展示任何已拍照片",
    "test_module": "拍照上传作业",
    "preconditions": [
      "老师设置中\"学生提交作业需拍照\"开关为开启",
      "学生已拍摄2张照片并点击确认按钮"
    ],
    "steps": [
      "拍摄2张照片后点击\"已拍照，查看答案\"确认",
      "确认提示弹窗关闭后进入对答案页面",
      "检查学生端做题页面或任何区域是否还展示已拍照片缩略图"
    ],
    "test_input": "拍摄2张并确认上传",
    "expected_result": "确认上传后学生端不保留、不展示任何已拍照片缩略图，照片仅上传至服务器转发督导端",
    "priority": "P1"
  },
  {
    "id": "TC-029",
    "description": "删除单张照片后计数更新且确认按钮仍可点击",
    "test_module": "照片管理",
    "preconditions": [
      "老师设置中\"学生提交作业需拍照\"开关为开启",
      "学生已拍摄3张照片，缩略图列表显示3张"
    ],
    "steps": [
      "点击第2张缩略图右上角\"×\"删除按钮",
      "观察已拍照片计数是否从\"已拍3张\"更新为\"已拍2张\"",
      "观察被删除照片是否从缩略图列表移除",
      "检查\"已拍照，查看答案\"按钮是否仍可点击（非置灰状态）"
    ],
    "test_input": "删除1张照片（保留2张）",
    "expected_result": "计数更新为\"已拍2张\"，被删除照片从缩略图列表移除，确认按钮仍可点击非置灰状态",
    "priority": "P2"
  },
  {
    "id": "TC-030",
    "description": "牛刀小试答错后触发相似题推荐",
    "test_module": "相似题推荐",
    "preconditions": [
      "学生已完成牛刀小试模块",
      "牛刀小试中存在答错的题目"
    ],
    "steps": [
      "完成牛刀小试并提交标记结果，其中标记至少1题为\"我做错了\"",
      "观察提交后是否触发相似题推荐入口",
      "进入推荐练习验证页面标题为\"举一反三练习题\""
    ],
    "test_input": "牛刀小试答错1题后提交",
    "expected_result": "提交后触发相似题推荐入口，推荐练习页面标题显示\"举一反三练习题\"，题目标注针对牛刀小试错题知识点",
    "priority": "P1"
  },
  {
    "id": "TC-031",
    "description": "基础巩固答错后触发相似题推荐",
    "test_module": "相似题推荐",
    "preconditions": [
      "本课已配置基础巩固模块",
      "学生已完成基础巩固并存在答错题目"
    ],
    "steps": [
      "完成基础巩固并提交标记结果，其中标记至少1题为\"我做错了\"",
      "观察提交后是否触发相似题推荐入口",
      "验证推荐题目针对基础巩固错题知识点"
    ],
    "test_input": "基础巩固答错1题后提交",
    "expected_result": "提交后触发相似题推荐入口，推荐题目标注针对基础巩固错题知识点",
    "priority": "P1"
  },
  {
    "id": "TC-032",
    "description": "相似题难度递减规则-第1轮同难度第2轮降1级第3轮降2级",
    "test_module": "相似题推荐",
    "preconditions": [
      "学生已完成出门测并答错题目触发相似题推荐",
      "题库中存在不同难度级别的相似题"
    ],
    "steps": [
      "进入第1轮相似题推荐，检查题目难度是否与原错题同难度",
      "第1轮答错后进入第2轮，检查题目难度是否比原错题降低1级",
      "第2轮答错后进入第3轮，检查题目难度是否比原错题降低2级",
      "观察每轮是否显示轮次指示器（第1轮/第2轮/第3轮）"
    ],
    "test_input": "连续3轮答错触发递减难度推荐",
    "expected_result": "第1轮题目难度与原错题同级，第2轮难度降低1级，第3轮难度降低2级；每轮显示对应轮次指示器",
    "priority": "P1"
  },
  {
    "id": "TC-033",
    "description": "相似题每轮独立计分-各轮得分互不影响",
    "test_module": "相似题推荐",
    "preconditions": [
      "学生已触发相似题推荐并进入第1轮",
      "每轮配置3道题"
    ],
    "steps": [
      "完成第1轮3道题答对2道，记录第1轮得分2分",
      "进入第2轮3道题答对1道，记录第2轮得分1分",
      "验证第2轮得分是否独立计算（不累加第1轮得分）",
      "进入第3轮验证计分同样独立"
    ],
    "test_input": "3轮分别答对2/1/0道",
    "expected_result": "第1轮得分2分，第2轮得分1分（独立计算非累加3分），第3轮得分0分，每轮独立计分互不影响",
    "priority": "P1"
  },
  {
    "id": "TC-034",
    "description": "牛刀小试重新进入修改对错取历史最高分",
    "test_module": "模块计分",
    "preconditions": [
      "学生已完成牛刀小试第1次作答，答对3题得分3分",
      "牛刀小试配置5道题"
    ],
    "steps": [
      "重新进入牛刀小试模块",
      "修改之前答错的2题标记为\"我做对了\"",
      "提交标记结果",
      "观察模块得分是否取历史最高分（5分>3分取5分）"
    ],
    "test_input": "第1次答对3题，第2次修改后答对5题",
    "expected_result": "重新进入可修改对错标记，提交后模块得分取历史最高分5分而非第1次得分3分",
    "priority": "P1"
  },
  {
    "id": "TC-035",
    "description": "允许拖动视频进度条开关关闭后不可拖动但倍速仍可用",
    "test_module": "督导端学习进度控制",
    "preconditions": [
      "督导端\"允许拖动视频进度条\"开关为关闭状态",
      "学生正在观看视频讲解"
    ],
    "steps": [
      "尝试拖动视频进度条跳转到其他时间点",
      "观察进度条是否可拖动",
      "尝试使用倍速播放功能切换播放速度",
      "观察倍速功能是否正常可用"
    ],
    "test_input": "关闭拖动进度条开关后观看视频",
    "expected_result": "视频进度条不可拖动，无法快进或随意跳转；倍速播放功能仍可正常使用不受影响",
    "priority": "P1"
  },
  {
    "id": "TC-036",
    "description": "结束庆祝页面金币计算与幂等处理-重复刷新金币只发放一次",
    "test_module": "结束庆祝",
    "preconditions": [
      "学生已完成出门测及相似题加练全部提交",
      "出门测答对3题对应金币+相似题加练答对2题对应金币"
    ],
    "steps": [
      "触发结束庆祝页面，观察金币卡片显示数值",
      "验证金币数值是否为出门测做对题数对应金币+相似题加练做对题数对应金币之和",
      "刷新页面2次",
      "观察每次刷新后金币总数是否保持不变（幂等处理）"
    ],
    "test_input": "出门测答对3题+相似题答对2题后触发庆祝页并刷新",
    "expected_result": "金币卡片显示数值=出门测对应金币+相似题加练对应金币之和；重复刷新后金币总数不变，仅发放一次",
    "priority": "P1"
  }
]
```GEN_DIAG:{"kind": "stream_batch_token_usage", "project_id": 8, "request_id": "f242c53c31ca4995aef67654b53ea417", "current_biz_key": "unknown", "multi_pass": true, "generation_mode": "multi_pass", "batch_index": 2, "total_batches": 2, "attempt": 1, "requested_count": 11, "input_tokens": null, "output_tokens": null, "total_tokens": null, "token_source": "unavailable", "token_unavailable_reason": "provider_usage_estimated", "estimate_method": "chars_div_4", "model": "glm-5.1", "duration_ms": 87823, "response_chars": 4930, "attempt_status": "received", "provider_error": ""}

GEN_DIAG:{"kind": "stream_batch_quality", "project_id": 8, "request_id": "f242c53c31ca4995aef67654b53ea417", "current_biz_key": "unknown", "multi_pass": true, "generation_mode": "multi_pass", "batch_index": 2, "new_valid_cases_count": 11, "duplicate_rate": 0.0, "non_assertable_count": 0, "low_quality_filtered_count": 0, "coverage_gain_count": 11, "low_gain_detected": false, "low_gain_streak": 0}
@@STATUS@@:[multi-pass] Stage 2/3 gap supplement started...
@@STATUS@@:Gap supplement attempt #1...
```json
[
  {
    "id": "TC-037",
    "description": "两个开关都关闭-学生直接查看答案无需审批和拍照（情况一）",
    "test_module": "权限/鉴权-答案查看控制组合",
    "preconditions": [
      "督导端「查看答案需老师同意」开关为关闭",
      "督导端「查看答案前需拍照上传」开关为关闭"
    ],
    "steps": [
      "1. 学生在出门测页面点击「申请看答案」按钮",
      "2. 观察系统是否弹出审批请求或拍照弹窗",
      "3. 观察是否直接进入对答案页面"
    ],
    "test_input": "两个开关都关闭状态下学生点击申请看答案",
    "expected_result": "不弹出审批请求弹窗，不弹出拍照上传弹窗，学生直接进入对答案页面查看答案内容，流程为：直接查看答案",
    "priority": "P1"
  },
  {
    "id": "TC-038",
    "description": "仅开启拍照上传开关-学生拍照后直接查看答案无需老师审批（情况三）",
    "test_module": "权限/鉴权-答案查看控制组合",
    "preconditions": [
      "督导端「查看答案需老师同意」开关为关闭",
      "督导端「查看答案前需拍照上传」开关为开启"
    ],
    "steps": [
      "1. 学生点击「申请看答案」按钮",
      "2. 观察是否弹出审批请求（应不弹出）",
      "3. 观察是否弹出拍照弹窗",
      "4. 拍摄1张照片并点击「已拍照，查看答案」确认",
      "5. 观察是否直接进入对答案页面（无需等待老师审批）"
    ],
    "test_input": "仅拍照开关开启，学生完成拍照后查看答案",
    "expected_result": "点击申请看答案后不弹出审批请求，直接弹出拍照弹窗；拍照确认后直接进入对答案页面，无需等待老师审批同意，流程为：拍照上传→查看答案",
    "priority": "P1"
  },
  {
    "id": "TC-039",
    "description": "两个开关都开启-老师拒绝审批后学生无法进入拍照也无法查看答案",
    "test_module": "权限/鉴权-答案查看控制组合",
    "preconditions": [
      "督导端「查看答案需老师同意」开关为开启",
      "督导端「查看答案前需拍照上传」开关为开启",
      "学生已点击「查看答案」并发送审批请求"
    ],
    "steps": [
      "1. 学生点击「查看答案」，系统向老师发送审批请求",
      "2. 老师在督导端拒绝该审批请求",
      "3. 观察学生端是否弹出拍照弹窗",
      "4. 观察学生端是否展示答案内容",
      "5. 学生再次点击「查看答案」重新发起审批"
    ],
    "test_input": "两个开关都开启，老师拒绝审批请求",
    "expected_result": "老师拒绝后学生端不弹出拍照弹窗，不展示答案内容，提示审批被拒绝；学生需重新发起审批请求，流程停留在申请阶段无法推进到拍照和查看答案",
    "priority": "P1"
  },
  {
    "id": "TC-040",
    "description": "两个开关都开启-审批请求发送时网络异常导致请求失败",
    "test_module": "权限/鉴权-答案查看控制组合",
    "preconditions": [
      "督导端「查看答案需老师同意」开关为开启",
      "督导端「查看答案前需拍照上传」开关为开启",
      "学生点击「查看答案」瞬间网络断开"
    ],
    "steps": [
      "1. 断开网络连接",
      "2. 学生点击「查看答案」按钮尝试发送审批请求",
      "3. 观察系统对网络异常的处理提示",
      "4. 恢复网络后重新点击「查看答案」",
      "5. 观察审批请求是否正常发送"
    ],
    "test_input": "网络异常时发送审批请求",
    "expected_result": "网络异常时审批请求发送失败，学生端提示网络异常无法发送审批请求，不弹出拍照弹窗也不展示答案；恢复网络后重新点击可正常发送审批请求至老师端",
    "priority": "P2"
  }
]
```@@STATUS@@:Gap supplement attempt #2...
```json
[
  {
    "id": "TC-037",
    "description": "两个开关都关闭-情况一学生直接查看答案无需审批和拍照",
    "test_module": "权限/鉴权-答案查看控制组合",
    "preconditions": [
      "督导端「查看答案需老师同意」开关为关闭",
      "督导端「查看答案前需拍照上传」开关为关闭",
      "学生已完成出门测纸上作答"
    ],
    "steps": [
      "1. 学生在出门测页面点击「申请看答案」按钮",
      "2. 观察是否弹出审批请求或拍照弹窗",
      "3. 观察页面跳转行为",
      "4. 验证答案内容是否直接展示"
    ],
    "test_input": "两个答案查看控制开关都关闭，学生点击申请看答案",
    "expected_result": "不弹出任何审批请求或拍照弹窗，直接进入对答案页面，逐题展示正确答案与标记界面，流程为「直接查看答案」",
    "priority": "P1"
  },
  {
    "id": "TC-038",
    "description": "仅开启拍照上传开关-情况三流程为拍照上传后直接查看答案无需审批",
    "test_module": "权限/鉴权-答案查看控制组合",
    "preconditions": [
      "督导端「查看答案需老师同意」开关为关闭",
      "督导端「查看答案前需拍照上传」开关为开启",
      "学生已完成出门测纸上作答"
    ],
    "steps": [
      "1. 学生点击「申请看答案」按钮",
      "2. 观察是否弹出审批请求",
      "3. 观察是否弹出拍照弹窗",
      "4. 拍摄1张照片并点击「已拍照，查看答案」确认",
      "5. 观察是否需要等待老师审批才能查看答案",
      "6. 验证答案展示时机"
    ],
    "test_input": "仅拍照开关开启，学生完成拍照后查看答案",
    "expected_result": "不弹出审批请求，直接弹出拍照弹窗；拍照确认后照片上传至督导端，无需等待老师审批即可直接进入对答案页面查看答案内容，流程为「拍照上传→查看答案」",
    "priority": "P1"
  },
  {
    "id": "TC-039",
    "description": "两个开关都开启时老师拒绝审批请求-学生无法进入拍照环节和查看答案",
    "test_module": "权限/鉴权-答案查看控制组合",
    "preconditions": [
      "督导端「查看答案需老师同意」开关为开启",
      "督导端「查看答案前需拍照上传」开关为开启",
      "学生已完成出门测纸上作答"
    ],
    "steps": [
      "1. 学生点击「申请看答案」按钮",
      "2. 观察系统向老师发送审批请求",
      "3. 老师在督导端拒绝审批请求",
      "4. 观察学生端响应行为",
      "5. 验证是否弹出拍照弹窗",
      "6. 验证是否展示答案内容"
    ],
    "test_input": "两个开关都开启，老师拒绝学生的查看答案审批请求",
    "expected_result": "老师拒绝后学生端收到拒绝提示，不弹出拍照弹窗，无法查看答案内容，学生需重新发起申请才能再次尝试",
    "priority": "P1"
  },
  {
    "id": "TC-040",
    "description": "仅开启审批开关时网络断开导致审批请求无法发送-学生无法查看答案",
    "test_module": "权限/鉴权-答案查看控制组合",
    "preconditions": [
      "督导端「查看答案需老师同意」开关为开启",
      "督导端「查看答案前需拍照上传」开关为关闭",
      "学生已完成出门测纸上作答",
      "网络连接异常（断网或超时）"
    ],
    "steps": [
      "1. 学生点击「申请看答案」按钮",
      "2. 观察审批请求发送行为（网络异常状态下）",
      "3. 观察学生端提示信息",
      "4. 验证答案是否可查看",
      "5. 恢复网络后重新点击「申请看答案」"
    ],
    "test_input": "仅审批开关开启，网络断开时学生申请查看答案",
    "expected_result": "网络异常时审批请求无法成功发送，学生端提示网络异常或请求失败，无法查看答案；恢复网络后重新点击可正常发送审批请求",
    "priority": "P2"
  },
  {
    "id": "TC-041",
    "description": "结束庆祝页面展示元素验证-金色奖杯动画+主标题+副标题+金币卡片及阶段标注",
    "test_module": "结束庆祝",
    "preconditions": [
      "学生已完成出门测及相似题加练全部提交",
      "出门测阶段获得金币总数为70金币"
    ],
    "steps": [
      "1. 触发结束庆祝页面",
      "2. 验证中央大图标是否为金色奖杯动画且带发光效果",
      "3. 验证主标题是否显示「出门测阶段完成！」且为大号金色字体",
      "4. 验证副标题是否显示「你认真对待每一道题的态度值得点赞✨」",
      "5. 验证金币卡片是否显示本阶段获得金币总数70金币",
      "6. 验证金币卡片下方是否标注「出门测阶段获得」"
    ],
    "test_input": "出门测阶段完成后触发庆祝页面",
    "expected_result": "中央显示金色奖杯动画带发光效果；主标题为「出门测阶段完成！」大号金色字体；副标题为「你认真对待每一道题的态度值得点赞✨」；金币卡片显示70金币；卡片下方标注「出门测阶段获得」",
    "priority": "P1"
  }
]
```@@STATUS@@:[multi-pass] Stage 3/3 review selection started...
@@STATUS@@:Final shortfall supplement started...
@@STATUS@@:Final shortfall supplement added 4 cases.
GEN_DIAG:{"kind": "persistence_gate", "passed": false, "gate_mode": "enforce", "blocked": true, "failure_code": "LOW_QUALITY_GENERATED_CASES", "quality_would_block": true, "quality_would_warn": false, "quality_soft_failures": [], "quality_hard_failures": ["non_assertable_expected_result_count=1"], "execution_plan_would_block": false, "quality_gate": {"passed": false, "failed_checks": ["non_assertable_expected_result_count=1"], "priority_final_null_count": 0, "invalid_priority_final_count": 0, "invalid_priority_final_case_ids": [], "non_assertable_expected_result_count": 1, "truncated_text_count": 0, "non_assertable_case_ids": ["TC-005"], "truncated_case_ids": [], "metrics": {"persistable_case_count": 37, "persistable_required_field_missing_count": 0, "persistable_priority_final_invalid_count": 0, "persistable_reasoning_leakage_count": 0, "final_count": 37, "min_acceptable_final": 29, "judge_rejected_count": 0, "final_scenario_duplicate_case_count": 0, "final_flow_misordered_count": 0, "reasoning_leak_count": 0, "role_mismatch_count": 0}, "persistable_required_field_missing_case_ids": [], "persistable_priority_final_invalid_case_ids": [], "persistable_reasoning_leakage_case_ids": []}, "execution_plan_validation": {"passed": true, "failure_code": "", "failure_reasons": [], "generation_mode": "multi_pass", "metrics": {"final_case_count": 37, "main_smoke_count": 6, "p0_count": 11, "state_field_coverage": 1.0, "workflow_id_missing_count": 0, "workflow_id_missing_rate": 0.0, "state_conflict_count": 0, "semantic_conflict_count": 0, "execution_group_order_conflict_count": 0, "linear_executable": true, "workflow_blueprint_count": 1, "trusted_workflow_contract_count": 0, "current_requirement_blueprint_count": 1, "untrusted_workflow_blueprint_count": 1, "workflow_contract_source_types": [], "workflow_blueprint_source": "current_requirement_blueprint", "current_requirement_blueprint_allowed": true, "candidate_blueprint_without_contract_allowed": false, "main_chain_stage_kinds": ["consume", "completion_sync", "edit", "preview", "commit", "downstream_visibility"], "commit_step_count": 1, "downstream_or_completion_step_count": 3, "commit_downstream_completion_closed": true}, "state_conflicts": [], "semantic_conflicts": [], "execution_group_order_conflicts": []}, "request_id": "f242c53c31ca4995aef67654b53ea417", "project_id": 8}
GEN_DIAG:{"kind": "generation_summary", "recommended_range": "30-50", "generation_coverage_mode": "standard_regression", "requested_generation_mode": "", "effective_generation_coverage_mode_source": "feedback_control_state", "explicit_generation_mode_override": false, "explicit_expected_count_floor_preserved": false, "expected_count": 36, "expected_count_explicit": true, "recommended_min": 30, "recommended_max": 50, "target_final_count": 36, "soft_min_count": 29, "hard_min_count": 25, "min_acceptable_final": 29, "target_satisfaction_ratio": 1.0278, "underfilled": false, "underfill_level": "", "underfill_reason": "", "underfill_root_cause": "", "final_count": 37, "status": "completed_with_optimal_set", "stop_reason": ["coverage_satisfied", "optimal_case_set_reached"], "quality_assessment": "medium", "needs_priority_review": false, "priority_conflict_count": 0, "priority_undetermined_count": 0, "priority_optional_count": 0, "final_priority_breakdown": {"P0": 11, "P1": 17, "P2": 9}, "final_execution_group_breakdown": {"main_smoke": 6, "permission": 2, "exception": 2, "boundary": 4, "independent_functional": 9, "display": 14}, "final_module_breakdown_top": {"相似题推荐": 5, "拍照上传作业": 3, "拍照对答案自评流程": 3, "拍照对答案自评流程-completion_sync": 3, "拍照对答案自评流程-commit": 2, "拍照对答案自评流程-downstream_visibility": 2, "拍照对答案自评流程-entry": 2, "结束庆祝": 2, "基础巩固模块入口": 1, "奖励进度条动态计算": 1, "异常/恢复-对答案标记刷新恢复": 1, "异常/恢复-对答案标记断网处理": 1, "拍照对答案自评流程-preview": 1, "权限/鉴权-答案查看控制": 1, "权限/鉴权-答案查看控制组合": 1, "模块计分": 1, "照片管理": 1, "独立功能-奖励进度条": 1, "独立功能-学习进度控制": 1, "督导端学习进度控制": 1}, "final_display_case_count": 3, "final_display_ratio": 0.0811, "final_high_priority_ratio": 0.7568, "request_id": "f242c53c31ca4995aef67654b53ea417", "project_id": 8, "multi_pass": true, "generation_mode": "multi_pass"}
GEN_DIAG:{"kind": "generation_convergence", "suggested_count": 36, "final_count": 37, "reference_gap": 0, "converged": true, "duplication_rate_estimate": 0.0, "primary_count": 36, "gap_count": 1, "review_count": 26, "candidate_count_before_review": 37, "review_selected_count": 26, "post_review_dedup_drop": 0, "judge_reject_count": 0, "judge_pending_count": 1, "judge_pass_count": 25, "final_input_count": 25, "final_output_count": 37, "final_non_judge_drop_count": 0, "scenario_duplicate_pruned_count": 0, "post_review_dedup_reorder_drop_count": 0, "final_description_dedup_drop_count": 0, "total_dedup_drop_count": 0, "gap_attempts": 2, "gap_remaining_after_attempts": 0, "missing_rules_count": 0, "missing_types_exists": false, "low_quality_dropped_count": 1, "low_quality_dropped_examples": [{"stage": "post_recovery_quality_filter", "reason": "expected_result_quality:non_assertable", "case_id": "TC-008", "test_module": "错题流向同步", "priority": "P0", "description": "错题同步验证-学生端错题本、督导端习题集与课后报告三端同步包含相似题", "expected_result": "学生端错题本、督导端习题集、课后报告三处均同步包含出门测原始错题与相似题加练错题，数据一致无遗漏"}], "postprocess_filter_drop_total": 1, "semantic_dedup_dropped_count": 0, "governance_hard_drop_count": 0, "duplicate_pruned_count": 0, "invalid_pruned_count": 1, "quality_rejected_count": 1, "review_selector_pruned_count": 7, "valid_unique_candidate_count": 37, "generation_coverage_mode": "standard_regression", "requested_generation_mode": "", "effective_generation_coverage_mode_source": "feedback_control_state", "explicit_generation_mode_override": false, "explicit_expected_count_floor_preserved": false, "expected_count": 36, "expected_count_explicit": true, "recommended_min": 30, "recommended_max": 50, "target_final_count": 36, "soft_min_count": 29, "hard_min_count": 25, "min_acceptable_final": 29, "target_satisfaction_ratio": 1.0278, "underfilled": false, "underfill_level": "", "underfill_reason": "", "underfill_root_cause": "", "append_target_count": 0, "append_final_cap_count": 0, "append_cap_drop_count": 0, "flow_governance": {"applied": true, "reason": "", "scenario_policy_registry_version": 1, "scenario_policy_registered_count": 93, "scenario_policy_candidate_count": 0, "scenario_policy_pending_candidate_count": 0, "domain_policy_registered_count": 4, "scenario_policy_domains": {"ai_wrong_question_teaching": 10, "recent_course_scheduling": 7, "essay_writing": 23, "course_access": 2, "general": 51}, "scenario_policy_sources": {"manual_seed": 1, "registry": 16, "legacy_duplicate_policy": 19, "legacy_coverage_pattern": 28, "legacy_judge_duplicate_policy": 29}, "scenario_policy_documents": [], "flow_reordered": true, "flow_order": ["stage:出_测_基础巩固答错后触发", "stage:最高分计算", "stage:页面结构", "stage:打印", "stage:奖励进度条", "stage:左侧导航交互", "stage:触发条件", "stage:弹窗展示", "stage:拍照", "stage:照片管理", "stage:确认与取消", "stage:设置总览", "stage:学习进度控制", "stage:答案查看控制", "stage:前置条件", "stage:页面展示", "stage:逐题标记即时反馈", "stage:提交与极限情况", "stage:做题", "stage:对答案与自评", "stage:提交后处理", "stage:金币计算", "stage:动画效果"], "cross_cutting_order": [], "scenario_duplicate_pruned_count": 0, "scenario_duplicate_pruned_indices": [], "scenario_cap_policy": {}, "scenario_duplicate_cluster_count": 9, "flow_misordered_count_before": 4, "missing_flow_stage_count": 14, "registry_impact": {"registry_version": 1, "total_policies_available": 93, "candidate_policies_active": 0, "candidate_policies_pending": 0, "primary_domain": "", "scenario_kinds_seen": {"source_consistency": 6, "title_format": 4, "statistics": 1, "workflow_navigation": 5, "filter_toggle": 10, "media_preview": 3, "sorting_limit": 1, "network_error": 1, "print_export": 1}, "policies_matched": [{"key": "source_consistency", "domain": "general", "source": "legacy_coverage_pattern", "specific": false, "default_cap": 1, "mode_cap": null, "cross_module": false, "judge_duplicate": false, "judge_threshold": {"score": 0.2, "overlap": 5}, "status": "active", "documents": []}, {"key": "title_format", "domain": "general", "source": "legacy_coverage_pattern", "specific": false, "default_cap": 1, "mode_cap": null, "cross_module": false, "judge_duplicate": false, "judge_threshold": {"score": 0.2, "overlap": 5}, "status": "active", "documents": []}, {"key": "statistics", "domain": "general", "source": "legacy_coverage_pattern", "specific": false, "default_cap": 2, "mode_cap": null, "cross_module": false, "judge_duplicate": false, "judge_threshold": {"score": 0.2, "overlap": 5}, "status": "active", "documents": []}, {"key": "workflow_navigation", "domain": "general", "source": "legacy_coverage_pattern", "specific": false, "default_cap": 2, "mode_cap": null, "cross_module": false, "judge_duplicate": false, "judge_threshold": {"score": 0.2, "overlap": 5}, "status": "active", "documents": []}, {"key": "filter_toggle", "domain": "general", "source": "legacy_coverage_pattern", "specific": false, "default_cap": 1, "mode_cap": null, "cross_module": false, "judge_duplicate": false, "judge_threshold": {"score": 0.2, "overlap": 5}, "status": "active", "documents": []}, {"key": "media_preview", "domain": "general", "source": "legacy_coverage_pattern", "specific": false, "default_cap": 1, "mode_cap": null, "cross_module": false, "judge_duplicate": false, "judge_threshold": {"score": 0.2, "overlap": 5}, "status": "active", "documents": []}, {"key": "sorting_limit", "domain": "general", "source": "legacy_coverage_pattern", "specific": false, "default_cap": 1, "mode_cap": null, "cross_module": false, "judge_duplicate": false, "judge_threshold": {"score": 0.2, "overlap": 5}, "status": "active", "documents": []}, {"key": "network_error", "domain": "general", "source": "legacy_coverage_pattern", "specific": false, "default_cap": 1, "mode_cap": null, "cross_module": false, "judge_duplicate": false, "judge_threshold": {"score": 0.2, "overlap": 5}, "status": "active", "documents": []}, {"key": "print_export", "domain": "general", "source": "legacy_coverage_pattern", "specific": false, "default_cap": 1, "mode_cap": null, "cross_module": false, "judge_duplicate": false, "judge_threshold": {"score": 0.2, "overlap": 5}, "status": "active", "documents": []}], "matched_documents": [], "caps_applied": {"source_consistency": 1, "title_format": 1, "statistics": 2, "workflow_navigation": 2, "filter_toggle": 1, "media_preview": 1, "sorting_limit": 1, "network_error": 1, "print_export": 1}, "judge_thresholds_used": {}, "cross_module_policies_in_effect": []}, "relaxed_for_floor_backfill": true}, "needs_priority_review": false, "priority_conflict_count": 0, "priority_undetermined_count": 0, "priority_optional_count": 0, "reasons": ["low_quality_filtered", "flow_structure_reordered"], "generation_target_case_range": {"min": 30, "max": 50}, "request_id": "f242c53c31ca4995aef67654b53ea417", "project_id": 8, "multi_pass": true, "generation_mode": "multi_pass"}
GEN_DIAG:{"kind": "review_decision_summary", "candidate_total": 37, "retained_total": 31, "dropped_total": 6, "flow_order": ["stage:出_测_基础巩固答错后触发", "stage:最高分计算", "stage:页面结构", "stage:打印", "stage:奖励进度条", "stage:左侧导航交互", "stage:触发条件", "stage:弹窗展示", "stage:拍照", "stage:照片管理", "stage:确认与取消", "stage:设置总览", "stage:学习进度控制", "stage:答案查看控制", "stage:前置条件", "stage:页面展示", "stage:逐题标记即时反馈", "stage:提交与极限情况", "stage:做题", "stage:对答案与自评", "stage:提交后处理", "stage:金币计算", "stage:动画效果"], "flow_labels": {"stage:出_测_基础巩固答错后触发": "出⻔测、基础巩固答错后触发", "stage:最高分计算": "最高分计算", "stage:页面结构": "页面结构", "stage:打印": "打印", "stage:奖励进度条": "奖励进度条", "stage:左侧导航交互": "左侧导航交互", "stage:触发条件": "触发条件", "stage:弹窗展示": "弹窗展示", "stage:拍照": "拍照流程", "stage:照片管理": "照片管理", "stage:确认与取消": "确认与取消(核心调整)", "stage:设置总览": "设置总览", "stage:学习进度控制": "学习进度控制", "stage:答案查看控制": "答案查看控制", "stage:前置条件": "前置条件", "stage:页面展示": "页面展示", "stage:逐题标记即时反馈": "逐题标记即时反馈", "stage:提交与极限情况": "提交与极限情况", "stage:做题": "做题流程", "stage:对答案与自评": "对答案与自评", "stage:提交后处理": "提交后处理", "stage:金币计算": "金币计算", "stage:动画效果": "动画效果(看ziyi的设计)"}, "flow_stage_breakdown": {"stage:答案查看控制": 4, "stage:出_测_基础巩固答错后触发": 8, "stage:对答案与自评": 11, "stage:拍照": 1, "stage:学习进度控制": 2, "stage:最高分计算": 5, "stage:逐题标记即时反馈": 3, "stage:照片管理": 1, "stage:奖励进度条": 1, "stage:左侧导航交互": 1}, "flow_missing_stages": ["stage:页面结构", "stage:打印", "stage:触发条件", "stage:弹窗展示", "stage:确认与取消", "stage:设置总览", "stage:前置条件", "stage:页面展示", "stage:提交与极限情况", "stage:做题", "stage:提交后处理", "stage:金币计算", "stage:动画效果"], "flow_missing_stage_count": 13, "flow_misordered_count": 24, "scenario_duplicate_cluster_count": 13, "scenario_duplicate_case_count": 15, "scenario_duplicate_clusters": [{"cluster_id": "SC-001", "scenario_key": "stage:答案查看控制:filter_toggle:obj:权限_督导_导端", "group_type": "scenario", "size": 2, "first_case_id": "TC-015", "candidate_indices": [1, 2]}, {"cluster_id": "SC-002", "scenario_key": "stage:出_测_基础巩固答错后触发:intent:open:相似_似题_题推:content", "group_type": "intent", "size": 2, "first_case_id": "TC-032", "candidate_indices": [3, 28]}, {"cluster_id": "SC-003", "scenario_key": "stage:对答案与自评:media_preview:obj:拍照_照对_对答", "group_type": "scenario", "size": 3, "first_case_id": "TC-004", "candidate_indices": [4, 8, 12]}, {"cluster_id": "SC-004", "scenario_key": "stage:答案查看控制:filter_toggle:obj:拍照_照上_上传", "group_type": "scenario", "size": 2, "first_case_id": "TC-027", "candidate_indices": [5, 9]}, {"cluster_id": "SC-005", "scenario_key": "stage:对答案与自评:intent:open:拍照_照对_对答:navigate", "group_type": "intent", "size": 3, "first_case_id": "TC-006", "candidate_indices": [8, 12, 33]}, {"cluster_id": "SC-006", "scenario_key": "stage:出_测_基础巩固答错后触发:intent:submit:相似_似题_题推:content", "group_type": "intent", "size": 2, "first_case_id": "TC-030", "candidate_indices": [10, 11]}, {"cluster_id": "SC-007", "scenario_key": "stage:出_测_基础巩固答错后触发:source_consistency:obj:相似_似题_题推", "group_type": "scenario", "size": 2, "first_case_id": "TC-031", "candidate_indices": [11, 28]}, {"cluster_id": "SC-008", "scenario_key": "stage:对答案与自评:workflow_navigation:obj:拍照_照对_对答", "group_type": "scenario", "size": 2, "first_case_id": "TC-013", "candidate_indices": [13, 21]}, {"cluster_id": "SC-009", "scenario_key": "stage:对答案与自评:filter_toggle:obj:拍照_照对_对答", "group_type": "scenario", "size": 2, "first_case_id": "TC-003", "candidate_indices": [15, 33]}, {"cluster_id": "SC-010", "scenario_key": "stage:对答案与自评:intent:open:拍照_照对_对答:toast", "group_type": "intent", "size": 2, "first_case_id": "TC-003", "candidate_indices": [15, 34]}, {"cluster_id": "SC-011", "scenario_key": "stage:逐题标记即时反馈:feedback:obj:拍照_照对_对答", "group_type": "scenario", "size": 2, "first_case_id": "TC-008", "candidate_indices": [18, 19]}, {"cluster_id": "SC-012", "scenario_key": "stage:出_测_基础巩固答错后触发:intent:observe:结束庆祝_结束_束庆:content", "group_type": "intent", "size": 2, "first_case_id": "TC-041", "candidate_indices": [23, 24]}, {"cluster_id": "SC-013", "scenario_key": "stage:最高分计算:source_consistency:obj:边界_最高_高分", "group_type": "scenario", "size": 2, "first_case_id": "TC-021", "candidate_indices": [35, 36]}], "final_flow_stage_breakdown": {"stage:答案查看控制": 4, "stage:对答案与自评": 9, "stage:出_测_基础巩固答错后触发": 9, "stage:最高分计算": 3, "stage:奖励进度条": 2, "stage:学习进度控制": 2, "stage:拍照": 1, "stage:照片管理": 1}, "final_flow_missing_stages": ["stage:页面结构", "stage:打印", "stage:左侧导航交互", "stage:触发条件", "stage:弹窗展示", "stage:确认与取消", "stage:设置总览", "stage:前置条件", "stage:页面展示", "stage:逐题标记即时反馈", "stage:提交与极限情况", "stage:做题", "stage:提交后处理", "stage:金币计算", "stage:动画效果"], "final_flow_missing_stage_count": 15, "final_flow_misordered_count": 0, "final_scenario_duplicate_cluster_count": 0, "final_scenario_duplicate_case_count": 0, "final_scenario_duplicate_clusters": [], "final_scenario_duplicate_raw_cluster_count": 14, "final_scenario_duplicate_raw_case_count": 17, "final_order_flow_governance": {"applied": true, "reason": "", "scenario_policy_registry_version": 1, "scenario_policy_registered_count": 93, "scenario_policy_candidate_count": 0, "scenario_policy_pending_candidate_count": 0, "domain_policy_registered_count": 4, "scenario_policy_domains": {"ai_wrong_question_teaching": 10, "recent_course_scheduling": 7, "essay_writing": 23, "course_access": 2, "general": 51}, "scenario_policy_sources": {"manual_seed": 1, "registry": 16, "legacy_duplicate_policy": 19, "legacy_coverage_pattern": 28, "legacy_judge_duplicate_policy": 29}, "scenario_policy_documents": [], "flow_reordered": true, "flow_order": ["stage:出_测_基础巩固答错后触发", "stage:最高分计算", "stage:页面结构", "stage:打印", "stage:奖励进度条", "stage:左侧导航交互", "stage:触发条件", "stage:弹窗展示", "stage:拍照", "stage:照片管理", "stage:确认与取消", "stage:设置总览", "stage:学习进度控制", "stage:答案查看控制", "stage:前置条件", "stage:页面展示", "stage:逐题标记即时反馈", "stage:提交与极限情况", "stage:做题", "stage:对答案与自评", "stage:提交后处理", "stage:金币计算", "stage:动画效果"], "cross_cutting_order": [], "scenario_duplicate_pruned_count": 0, "scenario_duplicate_pruned_indices": [], "scenario_cap_policy": {}, "scenario_duplicate_cluster_count": 11, "flow_misordered_count_before": 0, "missing_flow_stage_count": 15, "registry_impact": {"registry_version": 1, "total_policies_available": 93, "candidate_policies_active": 0, "candidate_policies_pending": 0, "primary_domain": "", "scenario_kinds_seen": {"filter_toggle": 10, "sorting_limit": 1, "network_error": 1, "workflow_navigation": 5, "source_consistency": 7, "print_export": 1, "statistics": 1, "media_preview": 2, "title_format": 3}, "policies_matched": [{"key": "filter_toggle", "domain": "general", "source": "legacy_coverage_pattern", "specific": false, "default_cap": 1, "mode_cap": null, "cross_module": false, "judge_duplicate": false, "judge_threshold": {"score": 0.2, "overlap": 5}, "status": "active", "documents": []}, {"key": "sorting_limit", "domain": "general", "source": "legacy_coverage_pattern", "specific": false, "default_cap": 1, "mode_cap": null, "cross_module": false, "judge_duplicate": false, "judge_threshold": {"score": 0.2, "overlap": 5}, "status": "active", "documents": []}, {"key": "network_error", "domain": "general", "source": "legacy_coverage_pattern", "specific": false, "default_cap": 1, "mode_cap": null, "cross_module": false, "judge_duplicate": false, "judge_threshold": {"score": 0.2, "overlap": 5}, "status": "active", "documents": []}, {"key": "workflow_navigation", "domain": "general", "source": "legacy_coverage_pattern", "specific": false, "default_cap": 2, "mode_cap": null, "cross_module": false, "judge_duplicate": false, "judge_threshold": {"score": 0.2, "overlap": 5}, "status": "active", "documents": []}, {"key": "source_consistency", "domain": "general", "source": "legacy_coverage_pattern", "specific": false, "default_cap": 1, "mode_cap": null, "cross_module": false, "judge_duplicate": false, "judge_threshold": {"score": 0.2, "overlap": 5}, "status": "active", "documents": []}, {"key": "print_export", "domain": "general", "source": "legacy_coverage_pattern", "specific": false, "default_cap": 1, "mode_cap": null, "cross_module": false, "judge_duplicate": false, "judge_threshold": {"score": 0.2, "overlap": 5}, "status": "active", "documents": []}, {"key": "statistics", "domain": "general", "source": "legacy_coverage_pattern", "specific": false, "default_cap": 2, "mode_cap": null, "cross_module": false, "judge_duplicate": false, "judge_threshold": {"score": 0.2, "overlap": 5}, "status": "active", "documents": []}, {"key": "media_preview", "domain": "general", "source": "legacy_coverage_pattern", "specific": false, "default_cap": 1, "mode_cap": null, "cross_module": false, "judge_duplicate": false, "judge_threshold": {"score": 0.2, "overlap": 5}, "status": "active", "documents": []}, {"key": "title_format", "domain": "general", "source": "legacy_coverage_pattern", "specific": false, "default_cap": 1, "mode_cap": null, "cross_module": false, "judge_duplicate": false, "judge_threshold": {"score": 0.2, "overlap": 5}, "status": "active", "documents": []}], "matched_documents": [], "caps_applied": {"filter_toggle": 1, "sorting_limit": 1, "network_error": 1, "workflow_navigation": 2, "source_consistency": 1, "print_export": 1, "statistics": 2, "media_preview": 1, "title_format": 1}, "judge_thresholds_used": {}, "cross_module_policies_in_effect": []}, "execution_orchestration_plan": {"plan_first": true, "planned_case_count": 37, "main_chain_case_count": 6, "side_suite_count": 5, "execution_group_order": ["main_smoke", "permission", "exception", "boundary", "independent_functional", "display"], "main_chain": [{"case_id": "TC-001", "execution_sequence": 1, "main_chain_step": 1, "stage": "entry", "stage_kind": "consume", "source_state": "initial", "target_state": "photo_popup", "role": "student", "depends_on": []}, {"case_id": "TC-002", "execution_sequence": 2, "main_chain_step": 2, "stage": "configure", "stage_kind": "completion_sync", "source_state": "photo_popup", "target_state": "photo_uploaded", "role": "student", "depends_on": ["TC-001"]}, {"case_id": "TC-003", "execution_sequence": 3, "main_chain_step": 3, "stage": "edit", "stage_kind": "edit", "source_state": "photo_uploaded", "target_state": "marking_done", "role": "student", "depends_on": ["TC-002"]}, {"case_id": "TC-004", "execution_sequence": 4, "main_chain_step": 4, "stage": "preview", "stage_kind": "preview", "source_state": "marking_done", "target_state": "ready_submit", "role": "student", "depends_on": ["TC-003"]}, {"case_id": "TC-005", "execution_sequence": 5, "main_chain_step": 5, "stage": "commit", "stage_kind": "commit", "source_state": "ready_submit", "target_state": "submitted", "role": "student", "depends_on": ["TC-004"]}, {"case_id": "TC-006", "execution_sequence": 6, "main_chain_step": 6, "stage": "downstream_visibility", "stage_kind": "downstream_visibility", "source_state": "submitted", "target_state": "recommend_triggered", "role": "student", "depends_on": ["TC-005"]}], "side_suites": [{"suite_id": "permission_suite", "execution_group": "permission", "rank": 1, "case_ids": ["TC-007", "TC-008"], "case_count": 2}, {"suite_id": "exception_suite", "execution_group": "exception", "rank": 2, "case_ids": ["TC-009", "TC-010"], "case_count": 2}, {"suite_id": "boundary_suite", "execution_group": "boundary", "rank": 3, "case_ids": ["TC-014", "TC-012", "TC-013", "TC-011"], "case_count": 4}, {"suite_id": "independent_functional_suite", "execution_group": "independent_functional", "rank": 4, "case_ids": ["TC-015", "TC-019", "TC-020", "TC-023", "TC-017", "TC-018", "TC-022", "TC-021", "TC-016"], "case_count": 9}, {"suite_id": "display_suite", "execution_group": "display", "rank": 5, "case_ids": ["TC-031", "TC-032", "TC-033", "TC-034", "TC-029", "TC-037", "TC-030", "TC-024", "TC-035", "TC-025", "TC-026", "TC-027", "TC-028", "TC-036"], "case_count": 14}]}, "execution_group_order": ["main_smoke", "permission", "exception", "boundary", "independent_functional", "display"]}, "final_execution_group_order": ["main_smoke", "permission", "exception", "boundary", "independent_functional", "display"], "final_execution_orchestration_plan": {"plan_first": true, "planned_case_count": 37, "main_chain_case_count": 6, "side_suite_count": 5, "execution_group_order": ["main_smoke", "permission", "exception", "boundary", "independent_functional", "display"], "main_chain": [{"case_id": "TC-001", "execution_sequence": 1, "main_chain_step": 1, "stage": "entry", "stage_kind": "consume", "source_state": "initial", "target_state": "photo_popup", "role": "student", "depends_on": []}, {"case_id": "TC-002", "execution_sequence": 2, "main_chain_step": 2, "stage": "configure", "stage_kind": "completion_sync", "source_state": "photo_popup", "target_state": "photo_uploaded", "role": "student", "depends_on": ["TC-001"]}, {"case_id": "TC-003", "execution_sequence": 3, "main_chain_step": 3, "stage": "edit", "stage_kind": "edit", "source_state": "photo_uploaded", "target_state": "marking_done", "role": "student", "depends_on": ["TC-002"]}, {"case_id": "TC-004", "execution_sequence": 4, "main_chain_step": 4, "stage": "preview", "stage_kind": "preview", "source_state": "marking_done", "target_state": "ready_submit", "role": "student", "depends_on": ["TC-003"]}, {"case_id": "TC-005", "execution_sequence": 5, "main_chain_step": 5, "stage": "commit", "stage_kind": "commit", "source_state": "ready_submit", "target_state": "submitted", "role": "student", "depends_on": ["TC-004"]}, {"case_id": "TC-006", "execution_sequence": 6, "main_chain_step": 6, "stage": "downstream_visibility", "stage_kind": "downstream_visibility", "source_state": "submitted", "target_state": "recommend_triggered", "role": "student", "depends_on": ["TC-005"]}], "side_suites": [{"suite_id": "permission_suite", "execution_group": "permission", "rank": 1, "case_ids": ["TC-007", "TC-008"], "case_count": 2}, {"suite_id": "exception_suite", "execution_group": "exception", "rank": 2, "case_ids": ["TC-009", "TC-010"], "case_count": 2}, {"suite_id": "boundary_suite", "execution_group": "boundary", "rank": 3, "case_ids": ["TC-014", "TC-012", "TC-013", "TC-011"], "case_count": 4}, {"suite_id": "independent_functional_suite", "execution_group": "independent_functional", "rank": 4, "case_ids": ["TC-015", "TC-019", "TC-020", "TC-023", "TC-017", "TC-018", "TC-022", "TC-021", "TC-016"], "case_count": 9}, {"suite_id": "display_suite", "execution_group": "display", "rank": 5, "case_ids": ["TC-031", "TC-032", "TC-033", "TC-034", "TC-029", "TC-037", "TC-030", "TC-024", "TC-035", "TC-025", "TC-026", "TC-027", "TC-028", "TC-036"], "case_count": 14}]}, "fact_profile_source": "requirement_semantics", "fact_profile_confidence": 0.0, "fact_profile_confirmed_count": 5, "fact_profile_forbidden_count": 0, "fact_profile_pending_count": 0, "project_profile_source": "document_extracted", "project_profile_confidence": 0.0, "flow_governance_applied": true, "flow_reordered": true, "flow_governance_reason": "", "scenario_duplicate_pruned_count": 0, "scenario_duplicate_pruned_indices": [], "execution_plan": {"applied": true, "coverage_mode": "standard_regression", "workflow_blueprint_count": 1, "trusted_workflow_contract_count": 0, "current_requirement_blueprint_count": 1, "plan_workflow_blueprint_count": 1, "workflow_blueprint_source": "current_requirement_blueprint", "linear_executable": true, "linear_scope": "main_smoke_chain_only", "main_chain_case_count": 6, "main_chain_stage_order": ["entry", "configure", "edit", "preview", "commit", "downstream_visibility"], "main_chain_stage_kinds": ["consume", "completion_sync", "edit", "preview", "commit", "downstream_visibility"], "main_chain_incomplete_reason": "", "derived_workflow_debug": {"candidate_total": 34, "action_state_candidate_count": 0, "primary_candidate_count": 0, "fallback_candidate_count": 0, "selected_candidate_count": 0, "closure_reason": ""}, "main_chain_excluded_candidates": [{"case_id": "TC-001", "description": "相似题推荐3轮全部完成后结束推荐流程", "stage_key": "entry", "reason": "stage_action_not_supported_by_case_text"}, {"case_id": "TC-002", "description": "基础巩固答错后触发相似题推荐", "stage_key": "entry", "reason": "stage_action_not_supported_by_case_text"}, {"case_id": "TC-003", "description": "牛刀小试答错后触发相似题推荐", "stage_key": "entry", "reason": "stage_action_not_supported_by_case_text"}, {"case_id": "TC-004", "description": "相似题难度递减规则-第1轮同难度第2轮降1级第3轮降2级", "stage_key": "entry", "reason": "stage_action_not_supported_by_case_text"}, {"case_id": "TC-008", "description": "结束庆祝页面展示元素验证-金色奖杯动画+主标题+副标题+金币卡片及阶段标注", "stage_key": "entry", "reason": "display_only"}, {"case_id": "TC-009", "description": "结束庆祝页面金币计算与幂等处理-重复刷新金币只发放一次", "stage_key": "entry", "reason": "display_only"}, {"case_id": "TC-022", "description": "督导端两个开关组合-都开启时流程为申请→同意→拍照→查看", "stage_key": "entry", "reason": "student_role_with_management_surface_text"}, {"case_id": "TC-023", "description": "督导端查看答案需老师同意开关-开启后学生需审批才能查看答案", "stage_key": "entry", "reason": "blocking_negative"}, {"case_id": "TC-026", "description": "拍照上传作业-点击稍后再拍取消并返回做题页面", "stage_key": "entry", "reason": "blocking_negative"}, {"case_id": "TC-032", "description": "申请查看答案-老师拍照开关关闭时直接进入对答案页面", "stage_key": "entry", "reason": "student_role_with_management_surface_text"}, {"case_id": "TC-033", "description": "申请查看答案-老师拍照开关开启时弹出拍照弹窗", "stage_key": "entry", "reason": "blocking_negative"}, {"case_id": "TC-016", "description": "确认上传后提示弹窗2秒自动关闭或手动关闭", "stage_key": "configure", "reason": "stage_text_lacks_completion_sync"}, {"case_id": "TC-017", "description": "照片水印验证-每张照片自动附加学生ID+时间戳+课程名称水印", "stage_key": "configure", "reason": "stage_text_lacks_completion_sync"}, {"case_id": "TC-018", "description": "确认上传后学生端不保留不展示任何已拍照片", "stage_key": "configure", "reason": "reset_or_abort_case_in_main_smoke"}, {"case_id": "TC-022", "description": "督导端两个开关组合-都开启时流程为申请→同意→拍照→查看", "stage_key": "configure", "reason": "stage_action_not_supported_by_case_text"}, {"case_id": "TC-025", "description": "拍照上传作业-正常拍摄并确认后进入对答案页面", "stage_key": "configure", "reason": "reset_or_abort_case_in_main_smoke"}, {"case_id": "TC-027", "description": "拍照上传作业-删除全部照片后确认按钮置灰", "stage_key": "configure", "reason": "destructive_action"}, {"case_id": "TC-032", "description": "申请查看答案-老师拍照开关关闭时直接进入对答案页面", "stage_key": "configure", "reason": "stage_action_not_supported_by_case_text"}, {"case_id": "TC-006", "description": "相似题推荐轮次-最多3轮难度递减且某知识点全对后停止推荐", "stage_key": "edit", "reason": "boundary_capacity"}, {"case_id": "TC-012", "description": "牛刀小试重新进入修改对错取历史最高分", "stage_key": "edit", "reason": "reset_or_abort_case_in_main_smoke"}, {"case_id": "TC-016", "description": "确认上传后提示弹窗2秒自动关闭或手动关闭", "stage_key": "edit", "reason": "stage_action_not_supported_by_case_text"}, {"case_id": "TC-028", "description": "刷新页面恢复之前的标记状态", "stage_key": "edit", "reason": "blocking_negative"}, {"case_id": "TC-029", "description": "断网时本地保存标记状态恢复后自动提交", "stage_key": "edit", "reason": "blocking_negative"}, {"case_id": "TC-030", "description": "提交自评结果-积分计算为答对题数×1分", "stage_key": "edit", "reason": "stage_action_not_supported_by_case_text"}, {"case_id": "TC-031", "description": "提交自评结果-错题加入错题本", "stage_key": "edit", "reason": "stage_action_not_supported_by_case_text"}, {"case_id": "TC-002", "description": "基础巩固答错后触发相似题推荐", "stage_key": "preview", "reason": "stage_text_lacks_preview_action"}, {"case_id": "TC-003", "description": "牛刀小试答错后触发相似题推荐", "stage_key": "preview", "reason": "stage_text_lacks_preview_action"}, {"case_id": "TC-030", "description": "提交自评结果-积分计算为答对题数×1分", "stage_key": "preview", "reason": "stage_text_lacks_preview_action"}, {"case_id": "TC-031", "description": "提交自评结果-错题加入错题本", "stage_key": "preview", "reason": "student_role_with_management_surface_text"}, {"case_id": "TC-005", "description": "相似题每轮独立计分-各轮得分互不影响", "stage_key": "downstream_visibility", "reason": "stage_action_not_supported_by_case_text"}], "independent_case_count": 31, "isolation_case_count": 31, "role_switch_count": 0, "broken_dependency_count": 0, "state_conflict_count": 0, "state_conflicts": [], "selected_stage_state_conflicts": [], "semantic_conflict_count": 0, "semantic_conflicts": [], "execution_group_breakdown": {"boundary": 4, "display": 14, "exception": 2, "independent_functional": 9, "main_smoke": 6, "permission": 2}, "execution_group_order": ["main_smoke", "permission", "exception", "boundary", "independent_functional", "display"], "execution_orchestration_plan": {"plan_first": true, "planned_case_count": 37, "main_chain_case_count": 6, "side_suite_count": 5, "execution_group_order": ["main_smoke", "permission", "exception", "boundary", "independent_functional", "display"], "main_chain": [{"case_id": "TC-001", "execution_sequence": 1, "main_chain_step": 1, "stage": "entry", "stage_kind": "consume", "source_state": "initial", "target_state": "photo_popup", "role": "student", "depends_on": []}, {"case_id": "TC-002", "execution_sequence": 2, "main_chain_step": 2, "stage": "configure", "stage_kind": "completion_sync", "source_state": "photo_popup", "target_state": "photo_uploaded", "role": "student", "depends_on": ["TC-001"]}, {"case_id": "TC-003", "execution_sequence": 3, "main_chain_step": 3, "stage": "edit", "stage_kind": "edit", "source_state": "photo_uploaded", "target_state": "marking_done", "role": "student", "depends_on": ["TC-002"]}, {"case_id": "TC-004", "execution_sequence": 4, "main_chain_step": 4, "stage": "preview", "stage_kind": "preview", "source_state": "marking_done", "target_state": "ready_submit", "role": "student", "depends_on": ["TC-003"]}, {"case_id": "TC-005", "execution_sequence": 5, "main_chain_step": 5, "stage": "commit", "stage_kind": "commit", "source_state": "ready_submit", "target_state": "submitted", "role": "student", "depends_on": ["TC-004"]}, {"case_id": "TC-006", "execution_sequence": 6, "main_chain_step": 6, "stage": "downstream_visibility", "stage_kind": "downstream_visibility", "source_state": "submitted", "target_state": "recommend_triggered", "role": "student", "depends_on": ["TC-005"]}], "side_suites": [{"suite_id": "permission_suite", "execution_group": "permission", "rank": 1, "case_ids": ["TC-007", "TC-008"], "case_count": 2}, {"suite_id": "exception_suite", "execution_group": "exception", "rank": 2, "case_ids": ["TC-009", "TC-010"], "case_count": 2}, {"suite_id": "boundary_suite", "execution_group": "boundary", "rank": 3, "case_ids": ["TC-011", "TC-012", "TC-013", "TC-014"], "case_count": 4}, {"suite_id": "independent_functional_suite", "execution_group": "independent_functional", "rank": 4, "case_ids": ["TC-015", "TC-016", "TC-017", "TC-018", "TC-019", "TC-020", "TC-021", "TC-022", "TC-023"], "case_count": 9}, {"suite_id": "display_suite", "execution_group": "display", "rank": 5, "case_ids": ["TC-024", "TC-025", "TC-026", "TC-027", "TC-028", "TC-029", "TC-030", "TC-031", "TC-032", "TC-033", "TC-034", "TC-035", "TC-036", "TC-037"], "case_count": 14}]}, "generated_bridge_case_count": 0, "workflow_contract_materialized_case_count": 3, "group_setup": {"boundary": "seed_boundary_dataset()", "display": "seed_display_ready_dataset()", "exception": "enable_fault_injection_for_case()", "independent_functional": "seed_functional_dataset()", "main_smoke": "seed_workflow_blueprint_dataset()", "permission": "seed_permission_state_dataset()"}, "group_teardown": {"boundary": "delete_boundary_dataset()", "display": "delete_display_ready_dataset()", "exception": "disable_fault_injection()", "independent_functional": "cleanup_functional_dataset()", "main_smoke": "cleanup_workflow_blueprint_dataset()", "permission": "reset_permission_state_dataset()"}, "fixture_keys": ["boundary_dataset", "display_ready_dataset", "fault_injection_case", "independent_functional_dataset", "permission_state_dataset", "workflow_blueprint_chain_seed"]}, "linear_executable": true, "linear_scope": "main_smoke_chain_only", "main_chain_case_count": 6, "independent_case_count": 31, "isolation_case_count": 31, "broken_dependency_count": 0, "state_conflict_count": 0, "role_switch_count": 0, "final_reasoning_leakage_case_count": 0, "priority_decision_state_breakdown": {"decided": 37, "conflict": 0, "undetermined": 0, "optional": 0, "invalid": 0}, "priority_final_breakdown": {"P0": 8, "P1": 17, "P2": 12, "null": 0}, "legacy_priority_breakdown": {"P0": 16, "P1": 8, "P2": 13, "UNKNOWN": 0}, "priority_conflict_count": 0, "priority_undetermined_count": 0, "priority_optional_count": 0, "priority_invalid_count": 0, "priority_quality_gate_failed": false, "needs_priority_review": false, "invalid_case_count": 0, "reasoning_leakage_case_count": 0, "review_llm_filter_applied": true, "review_input_size": 30, "review_output_size": 26, "review_target_min_count": 14, "review_target_max_count": 23, "review_shortfall_detected": false, "review_shortfall_before_count": 30, "review_shortfall_recovered_count": 0, "review_post_rerank_floor_count": 7, "review_post_rerank_recovered_count": 0, "final_target_floor_count": 29, "final_floor_recovery_attempted": true, "final_floor_recovery_applied": true, "final_floor_recovered_count": 9, "final_floor_recovery_reason": "final_shortfall_supplement_generated", "final_confirmed_conflict_drop_count": 0, "final_shortfall_supplement_attempted": true, "final_shortfall_supplement_applied": true, "final_shortfall_supplement_count": 4, "final_shortfall_supplement_reason": "", "final_shortfall_supplement_debug": {"target_floor_count": 29, "start_count": 28, "supplement_needed": 4, "batch_size": 10, "batch_plan": [4], "batches": [{"batch_index": 1, "batch_goal": 4, "prompt_chars": 13349, "max_tokens": 2800, "response_chars": 1475, "response_preview": "{\"cases\":[{\"id\":\"TC-029\",\"test_module\":\"错题流向同步\",\"description\":\"错题同步验证-学生端错题本、督导端习题集与课后报告三端同步包含相似题\",\"priority\":\"P1\",\"preconditions\":\"学生完成出门测并标记错题，触发相似题推荐并完成1轮加练产生新的错题\",\"steps\":[\"1. 学生完成出门测对答案并提交，标记2道错题\",\"2. 触发相似题推荐，完成1轮加练并标记1道错题后提交\",\"3. 检查学生", "starts_error": false, "parsed_source": "dict.cases", "parsed_count": 4, "error_reason": "", "metadata": {"model": "glm-5.1", "wire_api": "chat_completions", "http_status": 200, "url_path": "/chat/completions", "finish_reason": "stop", "max_tokens": 2800, "json_response": true, "content_len": 1475, "reasoning_len": 0, "input_tokens_estimated": 3867, "output_tokens_estimated": 368, "response_format": {"type": "json_object"}, "reasoning_effort": "low", "thinking": {"type": "disabled"}}, "unique_count": 4}], "raw_generated_count": 4}, "requested_generation_mode": "", "effective_generation_coverage_mode_source": "feedback_control_state", "explicit_generation_mode_override": false, "explicit_expected_count_floor_preserved": false, "review_fill_source": "none", "review_llm_selected_count": 23, "review_llm_runtime_debug": {"invoked": true, "pool_non_empty": true, "pool_size": 30, "deterministic_noop_skip_eligible": false, "deterministic_noop_preflight_selected_count": 23, "deterministic_noop_preflight_within_target_window": false, "deterministic_noop_preflight_signature_unchanged": false, "deterministic_noop_preflight_dropped_by_max": true, "skip_reason": "", "primary_model": "glm-5.1", "primary_invalid_reason": "", "primary_reason_incomplete": false, "primary_dropped_reason_count": 2, "primary_dropped_reason_payload_count": 2, "primary_reason_coverage_ratio": 1.0, "response_len": 586, "response_preview": "```json\n{\n  \"kept_case_ids\": [\n    \"TC-014\",\n    \"TC-032\",\n    \"TC-016\",\n    \"TC-026\",\n    \"TC-028\",\n    \"TC-030\",\n    \"TC-031\",\n    \"TC-013\",\n    \"TC-035\",\n    \"TC-034\",\n    \"TC-011\",\n    \"TC-008\",\n    \"TC-007\",\n    \"TC-009\",\n    \"TC-017\",\n    \"TC-041\",\n    \"TC-036\",\n    \"TC-025\",\n    \"TC-023\",\n    \"TC-033\",\n    \"TC-019\",\n    \"TC-012\",\n    \"TC-024\",\n    \"TC-018\",\n    \"TC-001\",\n    \"TC-021\",\n    \"TC-022\",\n    \"TC-020\"\n  ],\n  \"dropped\": [\n    {\n      \"case_id\": \"TC-010\",\n      \"reason\": \"duplicat", "primary_response_metadata": {"model": "glm-5.1", "wire_api": "chat_completions", "max_tokens": 10000, "json_response": true, "http_status": 200, "url_path": "/chat/completions", "reasoning_effort": "low", "response_format": {"type": "json_object"}, "thinking": {"type": "disabled"}, "finish_reason": "stop", "content_len": 586, "reasoning_len": 0, "message_keys": ["role", "content"], "input_tokens_estimated": 6344, "output_tokens_estimated": 146, "token_estimate_method": "chars_div_4"}, "primary_compact_retry_invoked": false, "primary_compact_retry_model": "", "primary_compact_retry_invalid_reason": "", "primary_compact_retry_response_len": 0, "primary_compact_retry_response_metadata": {}, "retry_invoked": false, "retry_reason": "", "retry_model": "", "retry_attempts": [], "fallback_skipped_reason": "", "retry_response_len": 0, "retry_parse_success": false, "retry_mapped_count": 0, "retry_payload_has_selection_signal": false, "parsed_type": "dict", "parsed_len": 2, "mapped_count": 28, "mapped_signature_count": 28, "dropped_reason_count": 2, "dropped_reason_payload_count": 2, "dropped_reason_unmapped_count": 0, "payload_has_selection_signal": true, "final_selected_and_dropped_overlap_count": 0, "final_selected_and_dropped_overlap_case_ids": [], "final_payload_consistent": true, "reason_repair_invoked": true, "reason_repair_model": "glm-5.1", "reason_repair_candidate_count": 5, "reason_repair_response_len": 430, "reason_repair_mapped_count": 5, "reason_repair_invalid_reason": "", "reason_repair_response_metadata": {"model": "glm-5.1", "wire_api": "chat_completions", "max_tokens": 2048, "json_response": true, "http_status": 200, "url_path": "/chat/completions", "reasoning_effort": "low", "response_format": {"type": "json_object"}, "thinking": {"type": "disabled"}, "finish_reason": "stop", "content_len": 430, "reasoning_len": 0, "message_keys": ["role", "content"], "input_tokens_estimated": 475, "output_tokens_estimated": 107, "token_estimate_method": "chars_div_4"}, "final_source": "primary_llm", "applied": true, "applied_reason": "mapped_valid_payload", "exception": "", "forced_reset_by_fallback": false, "fallback_reason_incomplete": false, "final_reason_incomplete": false, "final_reason_coverage_ratio": 1.0, "prompt_chars": 20756, "prompt_est_tokens": 5189, "candidate_count": 30, "append_target_count": 0, "append_final_cap_count": 0, "primary_duration_ms": 8317, "final_dropped_reason_count": 7, "final_dropped_reason_payload_count": 7, "final_dropped_reason_unmapped_count": 0, "reason_repair_duration_ms": 4128}, "review_constraint_selected_count": 0, "review_llm_drop_reason_breakdown": {"coverage_redundant": 2, "duplicate": 1, "low_value": 1, "selection_tradeoff_omitted": 3}, "review_llm_drop_reason_raw_breakdown": {"coverage_redundant": 2, "duplicate": 1, "low_value": 1, "selection_tradeoff_omitted": 3}, "review_llm_drop_reason_source_breakdown": {"llm": 7}, "fallback_reason_incomplete": false, "final_reason_incomplete": false, "final_reason_coverage_ratio": 1.0, "fallback_dropped_reason_count": 0, "fallback_dropped_reason_mapped_count": 0, "fallback_dropped_reason_unmapped_count": 0, "fallback_reason_coverage_ratio": 0.0, "llm_reason_coverage_ratio": 1.0, "deterministic_backfill_ratio": 0.0, "reason_source_breakdown": {"primary": 7, "fallback": 0, "backfill": 0}, "primary_reason_incomplete": false, "primary_dropped_reason_count": 2, "primary_dropped_reason_payload_count": 2, "primary_reason_coverage_ratio": 1.0, "fallback_with_positive_evidence_count": 0, "fallback_without_positive_evidence_count": 0, "review_llm_pool_count": 30, "candidate_by_pass": {"primary": 36, "gap": 1}, "must_keep_candidate_count": 7, "must_keep_retained_count": 6, "must_keep_dropped_count": 1, "retained_due_to_coverage_value_count": 4, "must_cover_rule_hit_count": 0, "forbidden_pattern_violation_count": 0, "soft_constraint_hit_count": 0, "quality_hint_satisfied_count": 0, "drop_by_review_llm_count": 7, "drop_by_review_selector_count": 0, "drop_by_review_gate_count": 0, "drop_by_pre_gate_dedup_count": 0, "drop_by_post_review_dedup_count": 2, "drop_no_new_signal_count": 0, "drop_rule_cap_count": 0, "drop_ui_like_redundant_count": 0, "drop_ui_like_ratio_cap_count": 0, "drop_outside_target_window_count": 0, "drop_by_rerank_low_signal_count": 0, "dropped_model_priority_p0_p1_count": 2, "dropped_core_rule_hit_count": 0, "dropped_missing_rule_hit_count": 0, "dropped_high_signal_count": 0, "dropped_has_coverage_value_count": 0, "drop_ui_like_ratio_postprocess_count": 0, "drop_final_description_duplicate_count": 0, "request_id": "f242c53c31ca4995aef67654b53ea417", "project_id": 8, "multi_pass": true, "generation_mode": "multi_pass"}
GEN_DIAG:{"kind": "feedback_control_state", "control_state_applied": true, "generation_coverage_mode": "standard_regression", "generation_target_case_range": {"min": 30, "max": 50}, "fact_profile_source": "requirement_semantics", "fact_profile_confidence": 0.0, "fact_profile_confirmed_count": 5, "fact_profile_forbidden_count": 0, "fact_profile_pending_count": 0, "project_profile_source": "document_extracted", "project_profile_confidence": 0.0, "project_profile_flow_count": 13, "manual_quality_profile_source": "", "manual_quality_profile_version": "", "manual_quality_profile_trusted_count": 0, "manual_quality_profile_high_priority_ratio": 0.0, "manual_quality_profile_display_ratio_cap": 0.0, "must_cover_rules_count": 0, "rule_quota_keys": [], "soft_constraints_count": 0, "quality_fix_hints_count": 6, "preferred_patterns_count": 0, "forbidden_patterns_count": 0, "source_meta": {"sources": ["current_requirement_blueprint", "workflow_blueprint_repository", "priority_sample_pool_domain_gate", "anomaly_pool", "evaluation_report", "generation_coverage_profile", "fact_profile", "project_profile"], "current_requirement_blueprint_status": "applied", "current_requirement_blueprint_count": 1, "current_requirement_blueprint_step_count": 6, "current_requirement_blueprint_source": "current_requirement_blueprint", "current_requirement_blueprint_max_tokens": 1600, "requirement_understanding_used": true, "requirement_understanding_visual_fact_count": 4, "requirement_understanding_invalid_visual_block_count": 0, "current_requirement_blueprint_raw_chars": 1381, "current_requirement_blueprint_ids": ["photo_answer_review"], "workflow_blueprint_repository_count": 0, "trusted_workflow_contract_count": 0, "workflow_blueprint_current_source_doc_ids": [], "workflow_blueprint_same_source_count": 0, "priority_pool_sample_count": 105, "priority_pool_total_positive_count": 78, "priority_pool_total_negative_count": 27, "generation_id": null, "retrieval_query_used": true, "retrieval_top_k": 5, "retrieval_hit_count": 0, "retrieval_selected_count": 0, "retrieval_fallback": "domain_unstable", "retrieval_selected_weight_avg": 0.0, "retrieval_selected_quality_avg": 0.0, "retrieval_diversity_cluster_cap": 2, "retrieval_diversity_skipped_count": 0, "retrieval_lexical_fallback_used": false, "retrieval_active_sample_count": 85, "retrieval_disabled_sample_count": 0, "retrieval_low_confidence_sample_count": 20, "retrieval_min_pattern_confidence": 0.6, "retrieval_signal_quota_applied": false, "retrieval_signal_quota_relaxed": false, "retrieval_positive_min_quota": 2, "retrieval_negative_max_quota": 3, "retrieval_selected_positive_count": 0, "retrieval_selected_negative_count": 0, "retrieval_pool_positive_count": 71, "retrieval_pool_negative_count": 14, "retrieval_raw_positive_count": 0, "retrieval_raw_negative_count": 0, "retrieval_after_diversity_positive_count": 0, "retrieval_after_diversity_negative_count": 0, "retrieval_after_quota_merge_positive_count": 0, "retrieval_after_quota_merge_negative_count": 0, "retrieval_final_selected_positive_count": 0, "retrieval_final_selected_negative_count": 0, "retrieval_query_domain_tags": ["ai_wrong_question_teaching", "course_access", "essay_writing", "recent_course_scheduling"], "retrieval_domain_scores": {"ai_wrong_question_teaching": 2, "recent_course_scheduling": 2, "essay_writing": 2, "course_access": 3}, "retrieval_domain_gate_status": "ambiguous_registered_domain", "retrieval_domain_gate_reason": "primary_domain_not_in_requirement_topic", "retrieval_domain_gate_blocked": true, "retrieval_domain_gate_allows_historical_profile": false, "retrieval_domain_filter_applied": true, "retrieval_domain_matched_sample_count": 0, "retrieval_domain_skipped_sample_count": 85, "retrieval_domain_no_match": true, "retrieval_sample_id_hit_count": 0, "retrieval_index_mismatch_count": 0, "retrieval_query_primary_domain": "course_access", "workflow_blueprint_direct_candidate_count": 0, "workflow_blueprint_direct_selected_count": 0, "retrieval_index_resync_attempted": false, "retrieval_index_resync_success": false, "retrieval_index_resync_error": "", "sample_count": 0, "challenge_sample_count": 0, "regression_sample_count": 0, "rule_frequency": {}, "doc_count": 3, "doc_types": {"evaluation_report": 3}, "generation_coverage_profile": {"coverage_mode": "standard_regression", "case_density": "medium", "target_case_range": {"min": 30, "max": 50}, "activation_evidence": {"expected_count": 36, "linked_final_case_count": 0, "full_regression_token_hit": false, "expanded_regression_token_hit": false, "standard_regression_token_hit": true}, "coverage_layers": ["入口、主流程、编辑/删除/保存、异常提示、跨页返回至少各覆盖一类。", "状态变化用例必须验证操作前后差异，不只验证静态展示。", "保留少量原有模块回归，避免新增功能影响既有链路。"]}, "fact_profile": {"profile_version": "fact-profile-v1", "profile_source": "requirement_semantics", "confidence": 0, "confirmed_facts": ["⼀、计分规则\u0001", "可反复刷的模块，取历史最⾼分（可以重新进⼊，", "与基础巩固⾄少完成⼀个，才可进⼊后续流程\u0001", "顶部栏：返回按钮、课程标题、当前⾦币数、切换", "右侧提⽰\"再得\u0001X\u0001⾦币拿满奖励\"，动态计算剩余\u0001"], "scoped_rules": [], "forbidden_facts": [], "pending_items": [], "reuse_declarations": [], "hard_flow_constraints": ["与基础巩固⾄少完成⼀个，才可进⼊后续流程\u0001", "顶部栏：返回按钮、课程标题、当前⾦币数、切换", "右侧提⽰\"再得\u0001X\u0001⾦币拿满奖励\"，动态计算剩余\u0001"], "reuse_risks": [], "source_priority": ["current_requirement", "rag_requirement", "supplement_boundary", "testcase_style_only", "historical_feedback"], "conflict_policy": "current_requirement_wins", "strategy_only": 0}, "project_profile": {"profile_version": "project-profile-v1", "profile_source": "document_extracted", "confidence": 0, "flow_outline": {"source": "requirement_keyword_positions", "domain_gate_status": "ambiguous_registered_domain", "domain_gate_reason": "registered_domain_tags_without_primary", "domain_gate_allows_historical_profile": false, "flow_order": ["stage:拍照", "stage:确认与取消", "stage:出_测_基础巩固答错后触发", "stage:最高分计算", "stage:页面结构", "stage:打印", "stage:奖励进度条", "stage:左侧导航交互", "stage:触发条件", "stage:弹窗展示", "stage:照片管理", "stage:设置总览", "stage:学习进度控制"], "document_flow_order": ["stage:出_测_基础巩固答错后触发", "stage:最高分计算", "stage:页面结构", "stage:打印", "stage:奖励进度条", "stage:左侧导航交互", "stage:触发条件", "stage:弹窗展示", "stage:拍照", "stage:照片管理", "stage:确认与取消", "stage:设置总览", "stage:学习进度控制"], "flow_labels": {"stage:出_测_基础巩固答错后触发": "出⻔测、基础巩固答错后触发", "stage:最高分计算": "最高分计算", "stage:页面结构": "页面结构", "stage:打印": "打印", "stage:奖励进度条": "奖励进度条", "stage:左侧导航交互": "左侧导航交互", "stage:触发条件": "触发条件", "stage:弹窗展示": "弹窗展示", "stage:拍照": "拍照流程", "stage:照片管理": "照片管理", "stage:确认与取消": "确认与取消(核心调整)", "stage:设置总览": "设置总览", "stage:学习进度控制": "学习进度控制"}, "flow_stage_positions": {"stage:出_测_基础巩固答错后触发": 47, "stage:最高分计算": 54, "stage:页面结构": 67, "stage:打印": 70, "stage:奖励进度条": 77, "stage:左侧导航交互": 88, "stage:触发条件": 107, "stage:弹窗展示": 117, "stage:拍照": 136, "stage:照片管理": 148, "stage:确认与取消": 157, "stage:设置总览": 185, "stage:学习进度控制": 196}, "cross_cutting": [], "cross_cutting_labels": {}, "data_flow_edges": [{"from": "stage:拍照", "to": "stage:确认与取消", "from_label": "拍照流程", "to_label": "确认与取消(核心调整)"}, {"from": "stage:确认与取消", "to": "stage:出_测_基础巩固答错后触发", "from_label": "确认与取消(核心调整)", "to_label": "出⻔测、基础巩固答错后触发"}, {"from": "stage:出_测_基础巩固答错后触发", "to": "stage:最高分计算", "from_label": "出⻔测、基础巩固答错后触发", "to_label": "最高分计算"}, {"from": "stage:最高分计算", "to": "stage:页面结构", "from_label": "最高分计算", "to_label": "页面结构"}, {"from": "stage:页面结构", "to": "stage:打印", "from_label": "页面结构", "to_label": "打印"}, {"from": "stage:打印", "to": "stage:奖励进度条", "from_label": "打印", "to_label": "奖励进度条"}, {"from": "stage:奖励进度条", "to": "stage:左侧导航交互", "from_label": "奖励进度条", "to_label": "左侧导航交互"}, {"from": "stage:左侧导航交互", "to": "stage:触发条件", "from_label": "左侧导航交互", "to_label": "触发条件"}, {"from": "stage:触发条件", "to": "stage:弹窗展示", "from_label": "触发条件", "to_label": "弹窗展示"}, {"from": "stage:弹窗展示", "to": "stage:照片管理", "from_label": "弹窗展示", "to_label": "照片管理"}, {"from": "stage:照片管理", "to": "stage:设置总览", "from_label": "照片管理", "to_label": "设置总览"}, {"from": "stage:设置总览", "to": "stage:学习进度控制", "from_label": "设置总览", "to_label": "学习进度控制"}], "data_flow_phase_rank": {"stage:拍照": "entry_capture", "stage:确认与取消": "review_confirm"}, "data_flow_order_applied": true}, "ordering_policy": "flow_first_then_cross_cutting", "scenario_cluster_policy": {"default_max_per_scenario": 2}, "profile_constraints": ["strategy_only_not_fact_source"], "strategy_only": 1}}, "request_id": "f242c53c31ca4995aef67654b53ea417", "project_id": 8, "multi_pass": true, "generation_mode": "multi_pass"}
GEN_DIAG:{"kind": "judge_summary", "pass_count": 25, "repairable_count": 1, "raw_repairable_count": 1, "remaining_repairable_count": 0, "unrepaired_repairable_count": 1, "reject_count": 0, "pending_count": 1, "repaired_case_count": 0, "appended_case_count": 0, "confirmed_pass_out_count": 25, "repaired_pass_out_count": 0, "rejected_out_count": 0, "pending_out_count": 1, "fact_violation_count": 0, "core_flow_covered": false, "reuse_risk_covered": true, "fact_profile_source": "requirement_semantics", "fact_profile_confidence": 0.0, "fact_profile_confirmed_count": 5, "fact_profile_forbidden_count": 0, "fact_profile_pending_count": 0, "generation_id": 0, "request_id": "f242c53c31ca4995aef67654b53ea417", "project_id": 8, "multi_pass": true, "generation_mode": "multi_pass"}
GEN_DIAG:{"kind": "judge_decision_table", "generation_id": 0, "rows": [{"generation_id": 0, "request_id": "f242c53c31ca4995aef67654b53ea417", "case_id": "TC-002", "judge_status": "PENDING", "reject_reason": "", "pending_reason": "contains_pending_logic", "signals": {"violates_confirmed_fact": false, "missing_core_flow": false, "missing_reuse_risk": false, "contains_pending_logic": true, "confirmed_fact_hits": [], "confirmed_fact_violations": [], "reuse_risk_hits": [], "pending_hits": ["未确认"], "vague_or_unconfirmed_hits": []}, "violates_confirmed_fact": false, "missing_core_flow": false, "missing_reuse_risk": false, "contains_pending_logic": true, "confirmed_fact_hits": [], "confirmed_fact_violations": [], "reuse_risk_hits": [], "pending_hits": ["未确认"], "vague_or_unconfirmed_hits": [], "before_case_snapshot": {"id": "TC-002", "description": "拍照上传作业-拍照后未确认直接关闭浏览器照片未上传", "test_module": "拍照对答案自评流程-completion_sync", "preconditions": ["拍照弹窗已弹出", "已拍摄1张照片但未点击确认"], "steps": ["1. 直接关闭浏览器或标签页", "2. 重新打开浏览器进入同一课程出门测页面", "3. 点击「申请看答案」按钮"], "test_input": "未确认直接关闭浏览器后重新进入", "expected_result": "重新进入后点击申请看答案再次弹出拍照弹窗，之前拍摄的照片未上传至服务器，计数显示「已拍0张」，需重新拍照", "priority": "P1", "model_priority_current": "P0", "model_priority": "P0", "legacy_priority": "P0", "priority_final": "P1", "priority_decision_state": "conflict_resolved", "priority_decision_source": "conflict_resolved_by_core_business_rule", "priority_confidence": "medium", "priority_conflict_reason": "model=P0,suggested=P2", "priority_resolution_reason": "core_business_evidence"}, "after_case_snapshot": {}}], "row_count": 1, "row_count_total": 27, "row_count_reject_pending": 1, "rows_scope": "reject_pending_only", "row_evidence_incomplete": false, "request_id": "f242c53c31ca4995aef67654b53ea417", "project_id": 8, "multi_pass": true, "generation_mode": "multi_pass"}
GEN_DIAG:{"kind": "review_decision_table", "generation_id": 0, "rows": [{"candidate_index": 1, "signature": "权限/鉴权-答案查看控制组合|督导端两个开关组合-都开启时流程为申请→同意→拍照→查看|流程顺序为：申请→老师同意→拍照上传→查看答案；老师同意后才弹出拍照弹窗，拍照确认后才展示答案内容|两个开关都开启，学生申请查看答案并完成全流程", "case_id": "TC-015", "description": "督导端两个开关组合-都开启时流程为申请→同意→拍照→查看", "test_module": "权限/鉴权-答案查看控制组合", "expected_result": "流程顺序为：申请→老师同意→拍照上传→查看答案；老师同意后才弹出拍照弹窗，拍照确认后才展示答案内容", "flow_stage": "stage:答案查看控制", "flow_stage_label": "答案查看控制", "flow_rank": 13, "cross_cutting": [], "scenario_key": "stage:答案查看控制:filter_toggle:obj:权限_督导_导端", "is_scenario_duplicate": false, "duplicate_cluster_id": "SC-001", "duplicate_cluster_size": 2, "duplicate_of_case_id": "", "misordered_against_requirement_flow": false, "expected_result_quality": "assertable", "expected_result_quality_reason": "contains_concrete_assertion", "expected_result_alignment_warning": true, "truncated_text_detected": false, "case_quality": "valid_case", "invalid_case_reason": "", "invalid_case_signals": [], "rule_keys": [], "bucket": "权限/鉴权-答案查看控制组合|happy", "adds_rule": false, "adds_bucket": true, "high_signal": true, "has_coverage_value": true, "retained_reason": "retained_default", "rerank_rank": 21, "focus_score": 0, "model_priority_current": "P0", "model_priority": "P0", "legacy_priority": "P0", "priority_final": "P0", "priority_decision_state": "decided", "priority_decision_source": "conflict_resolved_by_high_risk_business_rule", "priority_confidence": "medium", "priority_conflict_reason": "model=P0,suggested=P2", "priority_resolution_reason": "high_risk_guard_or_keyword", "priority_score": 11, "suggested_priority": "P2", "priority_reasons": ["main_workflow_hit", "coverage_gain_non_positive", "low_risk_only_covered_rules_penalty", "no_release_blocking_guard"], "selected_by_review_llm": false, "selected_by_review_must_keep": true, "selected_by_review_constraints": false, "review_constraint_reason": "", "review_llm_drop_reason_raw": "", "review_llm_drop_reason": "", "review_llm_drop_reason_resolved": "", "review_llm_drop_reason_source": "", "review_llm_drop_reason_evidence": {}, "has_positive_evidence": false, "has_coverage_signal": false, "has_high_signal": false, "has_competition_signal": false, "review_llm_filter_applied": true, "must_keep_candidate": true, "must_keep_reasons": ["priority_p0"], "selected_by_review_gate": true, "retained_final": true, "dropped_stage": "retained", "dropped_reason": "retained", "covered_rule_ids": ["RULE-010", "RULE-011", "RULE-012"], "missing_rule_hits": [], "core_rule_hits": [], "coverage_gain_score": -8, "reuse_risk_hit": false, "hit_must_cover_rule": false, "violates_forbidden_pattern": false, "hits_soft_constraint": false, "satisfies_quality_hint": false}, {"candidate_index": 2, "signature": "权限/鉴权-答案查看控制|督导端查看答案需老师同意开关-开启后学生需审批才能查看答案|学生点击查看答案后系统向老师发送审批请求，老师同意前学生无法看到答案内容；老师同意后学生可查看答案|学生申请查看答案，老师同意审批", "case_id": "TC-014", "description": "督导端查看答案需老师同意开关-开启后学生需审批才能查看答案", "test_module": "权限/鉴权-答案查看控制", "expected_result": "学生点击查看答案后系统向老师发送审批请求，老师同意前学生无法看到答案内容；老师同意后学生可查看答案", "flow_stage": "stage:答案查看控制", "flow_stage_label": "答案查看控制", "flow_rank": 13, "cross_cutting": [], "scenario_key": "stage:答案查看控制:filter_toggle:obj:权限_督导_导端", "is_scenario_duplicate": true, "duplicate_cluster_id": "SC-001", "duplicate_cluster_size": 2, "duplicate_of_case_id": "TC-015", "misordered_against_requirement_flow": false, "expected_result_quality": "assertable", "expected_result_quality_reason": "contains_concrete_assertion", "expected_result_alignment_warning": true, "truncated_text_detected": false, "case_quality": "valid_case", "invalid_case_reason": "", "invalid_case_signals": [], "rule_keys": [], "bucket": "权限/鉴权-答案查看控制|happy", "adds_rule": false, "adds_bucket": true, "high_signal": true, "has_coverage_value": true, "retained_reason": "retained_default", "rerank_rank": 18, "focus_score": 0, "model_priority_current": "P2", "model_priority": "P2", "legacy_priority": "P2", "priority_final": "P2", "priority_decision_state": "decided", "priority_decision_source": "model_semantic_consistent", "priority_confidence": "high", "priority_conflict_reason": "", "priority_resolution_reason": "priority_final_reflected_from_execution_plan", "priority_score": 11, "suggested_priority": "P2", "priority_reasons": ["main_workflow_hit", "coverage_gain_non_positive", "low_risk_only_covered_rules_penalty", "no_release_blocking_guard"], "selected_by_review_llm": true, "selected_by_review_must_keep": false, "selected_by_review_constraints": false, "review_constraint_reason": "", "review_llm_drop_reason_raw": "", "review_llm_drop_reason": "", "review_llm_drop_reason_resolved": "", "review_llm_drop_reason_source": "", "review_llm_drop_reason_evidence": {}, "has_positive_evidence": false, "has_coverage_signal": false, "has_high_signal": false, "has_competition_signal": false, "review_llm_filter_applied": true, "must_keep_candidate": false, "must_keep_reasons": [], "selected_by_review_gate": true, "retained_final": true, "dropped_stage": "retained", "dropped_reason": "retained", "covered_rule_ids": ["RULE-010", "RULE-011"], "missing_rule_hits": [], "core_rule_hits": [], "coverage_gain_score": -8, "reuse_risk_hit": false, "hit_must_cover_rule": false, "violates_forbidden_pattern": false, "hits_soft_constraint": false, "satisfies_quality_hint": false}, {"candidate_index": 3, "signature": "相似题推荐|相似题难度递减规则-第1轮同难度第2轮降1级第3轮降2级|第1轮题目难度与原错题同级，第2轮难度降低1级，第3轮难度降低2级；每轮显示对应轮次指示器|连续3轮答错触发递减难度推荐", "case_id": "TC-032", "description": "相似题难度递减规则-第1轮同难度第2轮降1级第3轮降2级", "test_module": "相似题推荐", "expected_result": "第1轮题目难度与原错题同级，第2轮难度降低1级，第3轮难度降低2级；每轮显示对应轮次指示器", "flow_stage": "stage:出_测_基础巩固答错后触发", "flow_stage_label": "出⻔测、基础巩固答错后触发", "flow_rank": 0, "cross_cutting": [], "scenario_key": "stage:出_测_基础巩固答错后触发:workflow_navigation:obj:相似_似题_题推", "is_scenario_duplicate": false, "duplicate_cluster_id": "SC-002", "duplicate_cluster_size": 2, "duplicate_of_case_id": "", "misordered_against_requirement_flow": true, "expected_result_quality": "assertable", "expected_result_quality_reason": "contains_concrete_assertion", "expected_result_alignment_warning": true, "truncated_text_detected": false, "case_quality": "valid_case", "invalid_case_reason": "", "invalid_case_signals": [], "rule_keys": [], "bucket": "相似题推荐|happy", "adds_rule": false, "adds_bucket": false, "high_signal": false, "has_coverage_value": false, "retained_reason": "", "rerank_rank": 30, "focus_score": 0, "model_priority_current": "P0", "model_priority": "P0", "legacy_priority": "P0", "priority_final": "P1", "priority_decision_state": "decided", "priority_decision_source": "conflict_resolved_by_conservative_middle_priority", "priority_confidence": "medium", "priority_conflict_reason": "model=P0,suggested=P2", "priority_resolution_reason": "conservative_middle_priority", "priority_score": 0, "suggested_priority": "P2", "priority_reasons": ["no_release_blocking_guard"], "selected_by_review_llm": true, "selected_by_review_must_keep": false, "selected_by_review_constraints": false, "review_constraint_reason": "", "review_llm_drop_reason_raw": "", "review_llm_drop_reason": "", "review_llm_drop_reason_resolved": "", "review_llm_drop_reason_source": "", "review_llm_drop_reason_evidence": {}, "has_positive_evidence": false, "has_coverage_signal": false, "has_high_signal": false, "has_competition_signal": false, "review_llm_filter_applied": true, "must_keep_candidate": false, "must_keep_reasons": [], "selected_by_review_gate": false, "retained_final": true, "dropped_stage": "review_gate", "dropped_reason": "drop_no_new_rule_no_new_bucket_no_high_signal", "covered_rule_ids": [], "missing_rule_hits": [], "core_rule_hits": [], "coverage_gain_score": 0, "reuse_risk_hit": false, "hit_must_cover_rule": false, "violates_forbidden_pattern": false, "hits_soft_constraint": false, "satisfies_quality_hint": false}, {"candidate_index": 4, "signature": "拍照对答案自评流程-completion_sync|拍照上传作业-删除全部照片后确认按钮置灰|删除第1张后计数变为「已拍1张」，确认按钮仍可点击；删除第2张后计数变为「已拍0张」，缩略图列表为空，确认按钮「已拍照，查看答案」变为置灰不可点击状态|删除全部已拍照片", "case_id": "TC-004", "description": "拍照上传作业-删除全部照片后确认按钮置灰", "test_module": "拍照对答案自评流程-completion_sync", "expected_result": "删除第1张后计数变为「已拍1张」，确认按钮仍可点击；删除第2张后计数变为「已拍0张」，缩略图列表为空，确认按钮「已拍照，查看答案」变为置灰不可点击状态", "flow_stage": "stage:对答案与自评", "flow_stage_label": "对答案与自评", "flow_rank": 19, "cross_cutting": [], "scenario_key": "stage:对答案与自评:media_preview:obj:拍照_照对_对答", "is_scenario_duplicate": false, "duplicate_cluster_id": "SC-003", "duplicate_cluster_size": 3, "duplicate_of_case_id": "", "misordered_against_requirement_flow": false, "expected_result_quality": "assertable", "expected_result_quality_reason": "contains_concrete_assertion", "expected_result_alignment_warning": true, "truncated_text_detected": false, "case_quality": "valid_case", "invalid_case_reason": "", "invalid_case_signals": [], "rule_keys": [], "bucket": "拍照对答案自评流程-completion_sync|state", "adds_rule": false, "adds_bucket": false, "high_signal": false, "has_coverage_value": false, "retained_reason": "", "rerank_rank": 27, "focus_score": 1, "model_priority_current": "P1", "model_priority": "P1", "legacy_priority": "P1", "priority_final": "P0", "priority_decision_state": "decided", "priority_decision_source": "hard_guard_promotion", "priority_confidence": "high", "priority_conflict_reason": "", "priority_resolution_reason": "priority_final_reflected_from_execution_plan", "priority_score": 0, "suggested_priority": "P2", "priority_reasons": ["structural_p2_low_value_signal", "p2_cap_display_mapping_scenario", "no_release_blocking_guard", "p2_capped"], "selected_by_review_llm": false, "selected_by_review_must_keep": true, "selected_by_review_constraints": false, "review_constraint_reason": "", "review_llm_drop_reason_raw": "", "review_llm_drop_reason": "", "review_llm_drop_reason_resolved": "", "review_llm_drop_reason_source": "", "review_llm_drop_reason_evidence": {}, "has_positive_evidence": false, "has_coverage_signal": false, "has_high_signal": false, "has_competition_signal": false, "review_llm_filter_applied": true, "must_keep_candidate": true, "must_keep_reasons": ["priority_p0"], "selected_by_review_gate": false, "retained_final": true, "dropped_stage": "review_gate", "dropped_reason": "drop_no_new_rule_no_new_bucket_no_high_signal", "covered_rule_ids": [], "missing_rule_hits": [], "core_rule_hits": [], "coverage_gain_score": 0, "reuse_risk_hit": false, "hit_must_cover_rule": false, "violates_forbidden_pattern": false, "hits_soft_constraint": false, "satisfies_quality_hint": false}, {"candidate_index": 5, "signature": "拍照上传作业|确认上传后提示弹窗2秒自动关闭或手动关闭|确认后弹出提示文案\"照片已发送至督导端，老师可查看你的原始作业\"；2秒后弹窗自动关闭；点击\"知道了\"可手动关闭弹窗，关闭后直接进入对答案页面|确认上传照片后等待或手动点击", "case_id": "TC-027", "description": "确认上传后提示弹窗2秒自动关闭或手动关闭", "test_module": "拍照上传作业", "expected_result": "确认后弹出提示文案\"照片已发送至督导端，老师可查看你的原始作业\"；2秒后弹窗自动关闭；点击\"知道了\"可手动关闭弹窗，关闭后直接进入对答案页面", "flow_stage": "stage:答案查看控制", "flow_stage_label": "答案查看控制", "flow_rank": 13, "cross_cutting": [], "scenario_key": "stage:答案查看控制:filter_toggle:obj:拍照_照上_上传", "is_scenario_duplicate": false, "duplicate_cluster_id": "SC-004", "duplicate_cluster_size": 2, "duplicate_of_case_id": "", "misordered_against_requirement_flow": true, "expected_result_quality": "assertable", "expected_result_quality_reason": "contains_concrete_assertion", "expected_result_alignment_warning": true, "truncated_text_detected": false, "case_quality": "valid_case", "invalid_case_reason": "", "invalid_case_signals": [], "rule_keys": [], "bucket": "拍照上传作业|happy", "adds_rule": false, "adds_bucket": true, "high_signal": false, "has_coverage_value": false, "retained_reason": "retained_default", "rerank_rank": 6, "focus_score": 0, "model_priority_current": "P2", "model_priority": "P2", "legacy_priority": "P2", "priority_final": "P0", "priority_decision_state": "decided", "priority_decision_source": "strong_p0_signal_guard", "priority_confidence": "medium", "priority_conflict_reason": "", "priority_resolution_reason": "priority_final_reflected_from_execution_plan", "priority_score": 15, "suggested_priority": "P2", "priority_reasons": ["main_workflow_hit", "boundary_or_low_risk_validation", "no_release_blocking_guard"], "selected_by_review_llm": false, "selected_by_review_must_keep": true, "selected_by_review_constraints": false, "review_constraint_reason": "", "review_llm_drop_reason_raw": "", "review_llm_drop_reason": "", "review_llm_drop_reason_resolved": "", "review_llm_drop_reason_source": "", "review_llm_drop_reason_evidence": {}, "has_positive_evidence": false, "has_coverage_signal": false, "has_high_signal": false, "has_competition_signal": false, "review_llm_filter_applied": true, "must_keep_candidate": true, "must_keep_reasons": ["priority_p0"], "selected_by_review_gate": true, "retained_final": true, "dropped_stage": "retained", "dropped_reason": "retained", "covered_rule_ids": [], "missing_rule_hits": [], "core_rule_hits": [], "coverage_gain_score": 0, "reuse_risk_hit": false, "hit_must_cover_rule": false, "violates_forbidden_pattern": false, "hits_soft_constraint": false, "satisfies_quality_hint": false}, {"candidate_index": 6, "signature": "异常/恢复-对答案标记断网处理|断网时本地保存标记状态恢复后自动提交|断网时标记状态本地保存；恢复网络后自动提交标记结果，积分与错题本数据正常同步至服务器|断网时标记并提交，恢复网络", "case_id": "TC-016", "description": "断网时本地保存标记状态恢复后自动提交", "test_module": "异常/恢复-对答案标记断网处理", "expected_result": "断网时标记状态本地保存；恢复网络后自动提交标记结果，积分与错题本数据正常同步至服务器", "flow_stage": "stage:对答案与自评", "flow_stage_label": "对答案与自评", "flow_rank": 19, "cross_cutting": [], "scenario_key": "stage:对答案与自评:network_error:obj:异常_断网_网时", "is_scenario_duplicate": false, "duplicate_cluster_id": "", "duplicate_cluster_size": 0, "duplicate_of_case_id": "", "misordered_against_requirement_flow": false, "expected_result_quality": "assertable", "expected_result_quality_reason": "contains_concrete_assertion", "expected_result_alignment_warning": true, "truncated_text_detected": false, "case_quality": "valid_case", "invalid_case_reason": "", "invalid_case_signals": [], "rule_keys": [], "bucket": "异常/恢复-对答案标记断网处理|state", "adds_rule": false, "adds_bucket": true, "high_signal": false, "has_coverage_value": false, "retained_reason": "retained_default", "rerank_rank": 3, "focus_score": 1, "model_priority_current": "P0", "model_priority": "P0", "legacy_priority": "P0", "priority_final": "P1", "priority_decision_state": "decided", "priority_decision_source": "conflict_resolved_by_core_business_rule", "priority_confidence": "medium", "priority_conflict_reason": "model=P0,suggested=P2", "priority_resolution_reason": "core_business_evidence", "priority_score": 25, "suggested_priority": "P2", "priority_reasons": ["state_transition_hit", "main_workflow_hit", "no_release_blocking_guard"], "selected_by_review_llm": true, "selected_by_review_must_keep": false, "selected_by_review_constraints": false, "review_constraint_reason": "", "review_llm_drop_reason_raw": "", "review_llm_drop_reason": "", "review_llm_drop_reason_resolved": "", "review_llm_drop_reason_source": "", "review_llm_drop_reason_evidence": {}, "has_positive_evidence": false, "has_coverage_signal": false, "has_high_signal": false, "has_competition_signal": false, "review_llm_filter_applied": true, "must_keep_candidate": false, "must_keep_reasons": [], "selected_by_review_gate": true, "retained_final": true, "dropped_stage": "retained", "dropped_reason": "retained", "covered_rule_ids": [], "missing_rule_hits": [], "core_rule_hits": [], "coverage_gain_score": 0, "reuse_risk_hit": false, "hit_must_cover_rule": false, "violates_forbidden_pattern": false, "hits_soft_constraint": false, "satisfies_quality_hint": false}, {"candidate_index": 7, "signature": "拍照上传作业|照片水印验证-每张照片自动附加学生id+时间戳+课程名称水印|缩略图中照片自动附加水印，水印内容包含学生id、时间戳和课程名称三项信息|拍摄1张照片", "case_id": "TC-026", "description": "照片水印验证-每张照片自动附加学生ID+时间戳+课程名称水印", "test_module": "拍照上传作业", "expected_result": "缩略图中照片自动附加水印，水印内容包含学生ID、时间戳和课程名称三项信息", "flow_stage": "stage:拍照", "flow_stage_label": "拍照流程", "flow_rank": 8, "cross_cutting": [], "scenario_key": "stage:拍照:filter_toggle:obj:拍照_照上_上传", "is_scenario_duplicate": false, "duplicate_cluster_id": "", "duplicate_cluster_size": 0, "duplicate_of_case_id": "", "misordered_against_requirement_flow": true, "expected_result_quality": "assertable", "expected_result_quality_reason": "contains_concrete_assertion", "expected_result_alignment_warning": false, "truncated_text_detected": false, "case_quality": "valid_case", "invalid_case_reason": "", "invalid_case_signals": [], "rule_keys": [], "bucket": "拍照上传作业|happy", "adds_rule": false, "adds_bucket": false, "high_signal": true, "has_coverage_value": true, "retained_reason": "retained_due_to_coverage_value", "rerank_rank": 24, "focus_score": 0, "model_priority_current": "P0", "model_priority": "P0", "legacy_priority": "P0", "priority_final": "P1", "priority_decision_state": "decided", "priority_decision_source": "conflict_resolved_by_conservative_middle_priority", "priority_confidence": "medium", "priority_conflict_reason": "model=P0,suggested=P2", "priority_resolution_reason": "conservative_middle_priority", "priority_score": 11, "suggested_priority": "P2", "priority_reasons": ["main_workflow_hit", "coverage_gain_non_positive", "low_risk_only_covered_rules_penalty", "no_release_blocking_guard"], "selected_by_review_llm": true, "selected_by_review_must_keep": false, "selected_by_review_constraints": false, "review_constraint_reason": "", "review_llm_drop_reason_raw": "", "review_llm_drop_reason": "", "review_llm_drop_reason_resolved": "", "review_llm_drop_reason_source": "", "review_llm_drop_reason_evidence": {}, "has_positive_evidence": false, "has_coverage_signal": false, "has_high_signal": false, "has_competition_signal": false, "review_llm_filter_applied": true, "must_keep_candidate": false, "must_keep_reasons": [], "selected_by_review_gate": true, "retained_final": true, "dropped_stage": "retained", "dropped_reason": "retained", "covered_rule_ids": ["RULE-007"], "missing_rule_hits": [], "core_rule_hits": [], "coverage_gain_score": -8, "reuse_risk_hit": false, "hit_must_cover_rule": false, "violates_forbidden_pattern": false, "hits_soft_constraint": false, "satisfies_quality_hint": false}, {"candidate_index": 8, "signature": "拍照对答案自评流程-completion_sync|拍照上传作业-拍照后未确认直接关闭浏览器照片未上传|重新进入后点击申请看答案再次弹出拍照弹窗，之前拍摄的照片未上传至服务器，计数显示「已拍0张」，需重新拍照|未确认直接关闭浏览器后重新进入", "case_id": "TC-006", "description": "拍照上传作业-拍照后未确认直接关闭浏览器照片未上传", "test_module": "拍照对答案自评流程-completion_sync", "expected_result": "重新进入后点击申请看答案再次弹出拍照弹窗，之前拍摄的照片未上传至服务器，计数显示「已拍0张」，需重新拍照", "flow_stage": "stage:对答案与自评", "flow_stage_label": "对答案与自评", "flow_rank": 19, "cross_cutting": [], "scenario_key": "stage:对答案与自评:media_preview:obj:拍照_照对_对答", "is_scenario_duplicate": false, "duplicate_cluster_id": "SC-005", "duplicate_cluster_size": 3, "duplicate_of_case_id": "", "misordered_against_requirement_flow": false, "expected_result_quality": "assertable", "expected_result_quality_reason": "contains_concrete_assertion", "expected_result_alignment_warning": true, "truncated_text_detected": false, "case_quality": "valid_case", "invalid_case_reason": "", "invalid_case_signals": [], "rule_keys": [], "bucket": "拍照对答案自评流程-completion_sync|happy", "adds_rule": false, "adds_bucket": true, "high_signal": false, "has_coverage_value": false, "retained_reason": "retained_default", "rerank_rank": 12, "focus_score": 0, "model_priority_current": "P1", "model_priority": "P1", "legacy_priority": "P1", "priority_final": "P0", "priority_decision_state": "decided", "priority_decision_source": "hard_guard_promotion", "priority_confidence": "high", "priority_conflict_reason": "", "priority_resolution_reason": "", "priority_score": 0, "suggested_priority": "P2", "priority_reasons": ["no_release_blocking_guard"], "selected_by_review_llm": false, "selected_by_review_must_keep": true, "selected_by_review_constraints": false, "review_constraint_reason": "", "review_llm_drop_reason_raw": "", "review_llm_drop_reason": "", "review_llm_drop_reason_resolved": "", "review_llm_drop_reason_source": "", "review_llm_drop_reason_evidence": {}, "has_positive_evidence": false, "has_coverage_signal": false, "has_high_signal": false, "has_competition_signal": false, "review_llm_filter_applied": true, "must_keep_candidate": true, "must_keep_reasons": ["priority_p0"], "selected_by_review_gate": true, "retained_final": false, "dropped_stage": "post_review_dedup_or_reorder", "dropped_reason": "drop_post_review_dedup_or_reorder", "covered_rule_ids": [], "missing_rule_hits": [], "core_rule_hits": [], "coverage_gain_score": 0, "reuse_risk_hit": false, "hit_must_cover_rule": false, "violates_forbidden_pattern": false, "hits_soft_constraint": false, "satisfies_quality_hint": false}, {"candidate_index": 9, "signature": "拍照上传作业|确认上传后学生端不保留不展示任何已拍照片|确认上传后学生端不保留、不展示任何已拍照片缩略图，照片仅上传至服务器转发督导端|拍摄2张并确认上传", "case_id": "TC-028", "description": "确认上传后学生端不保留不展示任何已拍照片", "test_module": "拍照上传作业", "expected_result": "确认上传后学生端不保留、不展示任何已拍照片缩略图，照片仅上传至服务器转发督导端", "flow_stage": "stage:答案查看控制", "flow_stage_label": "答案查看控制", "flow_rank": 13, "cross_cutting": [], "scenario_key": "stage:答案查看控制:filter_toggle:obj:拍照_照上_上传", "is_scenario_duplicate": true, "duplicate_cluster_id": "SC-004", "duplicate_cluster_size": 2, "duplicate_of_case_id": "TC-027", "misordered_against_requirement_flow": true, "expected_result_quality": "assertable", "expected_result_quality_reason": "contains_concrete_assertion", "expected_result_alignment_warning": true, "truncated_text_detected": false, "case_quality": "valid_case", "invalid_case_reason": "", "invalid_case_signals": [], "rule_keys": [], "bucket": "拍照上传作业|happy", "adds_rule": false, "adds_bucket": false, "high_signal": true, "has_coverage_value": true, "retained_reason": "retained_due_to_coverage_value", "rerank_rank": 25, "focus_score": 0, "model_priority_current": "P2", "model_priority": "P2", "legacy_priority": "P2", "priority_final": "P2", "priority_decision_state": "decided", "priority_decision_source": "model_semantic_consistent", "priority_confidence": "high", "priority_conflict_reason": "", "priority_resolution_reason": "priority_final_reflected_from_execution_plan", "priority_score": 11, "suggested_priority": "P2", "priority_reasons": ["main_workflow_hit", "coverage_gain_non_positive", "low_risk_only_covered_rules_penalty", "no_release_blocking_guard"], "selected_by_review_llm": true, "selected_by_review_must_keep": false, "selected_by_review_constraints": false, "review_constraint_reason": "", "review_llm_drop_reason_raw": "", "review_llm_drop_reason": "", "review_llm_drop_reason_resolved": "", "review_llm_drop_reason_source": "", "review_llm_drop_reason_evidence": {}, "has_positive_evidence": false, "has_coverage_signal": false, "has_high_signal": false, "has_competition_signal": false, "review_llm_filter_applied": true, "must_keep_candidate": false, "must_keep_reasons": [], "selected_by_review_gate": true, "retained_final": true, "dropped_stage": "retained", "dropped_reason": "retained", "covered_rule_ids": ["RULE-013"], "missing_rule_hits": [], "core_rule_hits": [], "coverage_gain_score": -8, "reuse_risk_hit": false, "hit_must_cover_rule": false, "violates_forbidden_pattern": false, "hits_soft_constraint": false, "satisfies_quality_hint": false}, {"candidate_index": 10, "signature": "相似题推荐|牛刀小试答错后触发相似题推荐|提交后触发相似题推荐入口，推荐练习页面标题显示\"举一反三练习题\"，题目标注针对牛刀小试错题知识点|牛刀小试答错1题后提交", "case_id": "TC-030", "description": "牛刀小试答错后触发相似题推荐", "test_module": "相似题推荐", "expected_result": "提交后触发相似题推荐入口，推荐练习页面标题显示\"举一反三练习题\"，题目标注针对牛刀小试错题知识点", "flow_stage": "stage:出_测_基础巩固答错后触发", "flow_stage_label": "出⻔测、基础巩固答错后触发", "flow_rank": 0, "cross_cutting": [], "scenario_key": "stage:出_测_基础巩固答错后触发:title_format:obj:相似_似题_题推", "is_scenario_duplicate": false, "duplicate_cluster_id": "SC-006", "duplicate_cluster_size": 2, "duplicate_of_case_id": "", "misordered_against_requirement_flow": true, "expected_result_quality": "assertable", "expected_result_quality_reason": "contains_concrete_assertion", "expected_result_alignment_warning": true, "truncated_text_detected": false, "case_quality": "valid_case", "invalid_case_reason": "", "invalid_case_signals": [], "rule_keys": [], "bucket": "相似题推荐|happy", "adds_rule": false, "adds_bucket": false, "high_signal": false, "has_coverage_value": false, "retained_reason": "", "rerank_rank": 28, "focus_score": 0, "model_priority_current": "P0", "model_priority": "P0", "legacy_priority": "P0", "priority_final": "P1", "priority_decision_state": "decided", "priority_decision_source": "conflict_resolved_by_core_business_rule", "priority_confidence": "medium", "priority_conflict_reason": "model=P0,suggested=P2", "priority_resolution_reason": "core_business_evidence", "priority_score": 25, "suggested_priority": "P2", "priority_reasons": ["main_workflow_hit", "no_release_blocking_guard"], "selected_by_review_llm": true, "selected_by_review_must_keep": false, "selected_by_review_constraints": false, "review_constraint_reason": "", "review_llm_drop_reason_raw": "", "review_llm_drop_reason": "", "review_llm_drop_reason_resolved": "", "review_llm_drop_reason_source": "", "review_llm_drop_reason_evidence": {}, "has_positive_evidence": false, "has_coverage_signal": false, "has_high_signal": false, "has_competition_signal": false, "review_llm_filter_applied": true, "must_keep_candidate": false, "must_keep_reasons": [], "selected_by_review_gate": false, "retained_final": true, "dropped_stage": "review_gate", "dropped_reason": "drop_no_new_rule_no_new_bucket_no_high_signal", "covered_rule_ids": [], "missing_rule_hits": [], "core_rule_hits": [], "coverage_gain_score": 0, "reuse_risk_hit": false, "hit_must_cover_rule": false, "violates_forbidden_pattern": false, "hits_soft_constraint": false, "satisfies_quality_hint": false}, {"candidate_index": 11, "signature": "相似题推荐|基础巩固答错后触发相似题推荐|提交后触发相似题推荐入口，推荐题目标注针对基础巩固错题知识点|基础巩固答错1题后提交", "case_id": "TC-031", "description": "基础巩固答错后触发相似题推荐", "test_module": "相似题推荐", "expected_result": "提交后触发相似题推荐入口，推荐题目标注针对基础巩固错题知识点", "flow_stage": "stage:出_测_基础巩固答错后触发", "flow_stage_label": "出⻔测、基础巩固答错后触发", "flow_rank": 0, "cross_cutting": [], "scenario_key": "stage:出_测_基础巩固答错后触发:source_consistency:obj:相似_似题_题推", "is_scenario_duplicate": false, "duplicate_cluster_id": "SC-007", "duplicate_cluster_size": 2, "duplicate_of_case_id": "", "misordered_against_requirement_flow": true, "expected_result_quality": "assertable", "expected_result_quality_reason": "contains_concrete_assertion", "expected_result_alignment_warning": true, "truncated_text_detected": false, "case_quality": "valid_case", "invalid_case_reason": "", "invalid_case_signals": [], "rule_keys": [], "bucket": "相似题推荐|happy", "adds_rule": false, "adds_bucket": true, "high_signal": false, "has_coverage_value": false, "retained_reason": "retained_default", "rerank_rank": 9, "focus_score": 0, "model_priority_current": "P0", "model_priority": "P0", "legacy_priority": "P0", "priority_final": "P1", "priority_decision_state": "decided", "priority_decision_source": "conflict_resolved_by_core_business_rule", "priority_confidence": "medium", "priority_conflict_reason": "model=P0,suggested=P2", "priority_resolution_reason": "core_business_evidence", "priority_score": 25, "suggested_priority": "P2", "priority_reasons": ["main_workflow_hit", "no_release_blocking_guard"], "selected_by_review_llm": true, "selected_by_review_must_keep": false, "selected_by_review_constraints": false, "review_constraint_reason": "", "review_llm_drop_reason_raw": "", "review_llm_drop_reason": "", "review_llm_drop_reason_resolved": "", "review_llm_drop_reason_source": "", "review_llm_drop_reason_evidence": {}, "has_positive_evidence": false, "has_coverage_signal": false, "has_high_signal": false, "has_competition_signal": false, "review_llm_filter_applied": true, "must_keep_candidate": false, "must_keep_reasons": [], "selected_by_review_gate": true, "retained_final": true, "dropped_stage": "retained", "dropped_reason": "retained", "covered_rule_ids": [], "missing_rule_hits": [], "core_rule_hits": [], "coverage_gain_score": 0, "reuse_risk_hit": false, "hit_must_cover_rule": false, "violates_forbidden_pattern": false, "hits_soft_constraint": false, "satisfies_quality_hint": false}, {"candidate_index": 12, "signature": "拍照对答案自评流程-completion_sync|拍照上传作业-点击稍后再拍取消并返回做题页面|弹窗关闭，返回出门测做题页面，不保存任何已拍照片，下次点击申请看答案需重新拍照|点击稍后再拍按钮", "case_id": "TC-005", "description": "拍照上传作业-点击稍后再拍取消并返回做题页面", "test_module": "拍照对答案自评流程-completion_sync", "expected_result": "弹窗关闭，返回出门测做题页面，不保存任何已拍照片，下次点击申请看答案需重新拍照", "flow_stage": "stage:对答案与自评", "flow_stage_label": "对答案与自评", "flow_rank": 19, "cross_cutting": [], "scenario_key": "stage:对答案与自评:media_preview:obj:拍照_照对_对答", "is_scenario_duplicate": true, "duplicate_cluster_id": "SC-005", "duplicate_cluster_size": 3, "duplicate_of_case_id": "TC-006", "misordered_against_requirement_flow": false, "expected_result_quality": "assertable", "expected_result_quality_reason": "contains_concrete_assertion", "expected_result_alignment_warning": true, "truncated_text_detected": false, "case_quality": "valid_case", "invalid_case_reason": "", "invalid_case_signals": [], "rule_keys": [], "bucket": "拍照对答案自评流程-completion_sync|state", "adds_rule": false, "adds_bucket": true, "high_signal": false, "has_coverage_value": false, "retained_reason": "retained_default", "rerank_rank": 1, "focus_score": 1, "model_priority_current": "P1", "model_priority": "P1", "legacy_priority": "P1", "priority_final": "P0", "priority_decision_state": "decided", "priority_decision_source": "hard_guard_promotion", "priority_confidence": "high", "priority_conflict_reason": "", "priority_resolution_reason": "priority_final_reflected_from_execution_plan", "priority_score": 25, "suggested_priority": "P2", "priority_reasons": ["main_workflow_hit", "no_release_blocking_guard"], "selected_by_review_llm": false, "selected_by_review_must_keep": true, "selected_by_review_constraints": false, "review_constraint_reason": "", "review_llm_drop_reason_raw": "", "review_llm_drop_reason": "", "review_llm_drop_reason_resolved": "", "review_llm_drop_reason_source": "", "review_llm_drop_reason_evidence": {}, "has_positive_evidence": false, "has_coverage_signal": false, "has_high_signal": false, "has_competition_signal": false, "review_llm_filter_applied": true, "must_keep_candidate": true, "must_keep_reasons": ["priority_p0"], "selected_by_review_gate": true, "retained_final": true, "dropped_stage": "retained", "dropped_reason": "retained", "covered_rule_ids": [], "missing_rule_hits": [], "core_rule_hits": [], "coverage_gain_score": 0, "reuse_risk_hit": false, "hit_must_cover_rule": false, "violates_forbidden_pattern": false, "hits_soft_constraint": false, "satisfies_quality_hint": false}, {"candidate_index": 13, "signature": "拍照对答案自评流程-downstream_visibility|相似题推荐轮次-最多3轮难度递减且某知识点全对后停止推荐|第1轮显示「第1轮」指示器同难度；知识点a全对后停止推荐知识点a的相似题；第2轮显示「第2轮」降低1级，仅推荐知识点b；知识点b全对后停止推荐；第3轮显示「第3轮」降低2级仅剩未全对知识点；3轮全部完成或无错题知识点后结束推荐|分3轮完成相似题，知识点a第1轮全对，知识点b第2轮全对", "case_id": "TC-013", "description": "相似题推荐轮次-最多3轮难度递减且某知识点全对后停止推荐", "test_module": "拍照对答案自评流程-downstream_visibility", "expected_result": "第1轮显示「第1轮」指示器同难度；知识点A全对后停止推荐知识点A的相似题；第2轮显示「第2轮」降低1级，仅推荐知识点B；知识点B全对后停止推荐；第3轮显示「第3轮」降低2级仅剩未全对知识点；3轮全部完成或无错题知识点后结束推荐", "flow_stage": "stage:对答案与自评", "flow_stage_label": "对答案与自评", "flow_rank": 19, "cross_cutting": [], "scenario_key": "stage:对答案与自评:workflow_navigation:obj:拍照_照对_对答", "is_scenario_duplicate": false, "duplicate_cluster_id": "SC-008", "duplicate_cluster_size": 2, "duplicate_of_case_id": "", "misordered_against_requirement_flow": false, "expected_result_quality": "assertable", "expected_result_quality_reason": "contains_concrete_assertion", "expected_result_alignment_warning": false, "truncated_text_detected": false, "case_quality": "valid_case", "invalid_case_reason": "", "invalid_case_signals": [], "rule_keys": [], "bucket": "拍照对答案自评流程-downstream_visibility|state", "adds_rule": false, "adds_bucket": true, "high_signal": true, "has_coverage_value": true, "retained_reason": "retained_default", "rerank_rank": 16, "focus_score": 1, "model_priority_current": "P0", "model_priority": "P0", "legacy_priority": "P0", "priority_final": "P1", "priority_decision_state": "decided", "priority_decision_source": "conflict_resolved_by_conservative_middle_priority", "priority_confidence": "medium", "priority_conflict_reason": "model=P0,suggested=P2", "priority_resolution_reason": "conservative_middle_priority", "priority_score": 0, "suggested_priority": "P2", "priority_reasons": ["coverage_gain_non_positive", "low_risk_only_covered_rules_penalty", "no_release_blocking_guard"], "selected_by_review_llm": true, "selected_by_review_must_keep": false, "selected_by_review_constraints": false, "review_constraint_reason": "", "review_llm_drop_reason_raw": "", "review_llm_drop_reason": "", "review_llm_drop_reason_resolved": "", "review_llm_drop_reason_source": "", "review_llm_drop_reason_evidence": {}, "has_positive_evidence": false, "has_coverage_signal": false, "has_high_signal": false, "has_competition_signal": false, "review_llm_filter_applied": true, "must_keep_candidate": false, "must_keep_reasons": [], "selected_by_review_gate": true, "retained_final": true, "dropped_stage": "retained", "dropped_reason": "retained", "covered_rule_ids": ["RULE-016"], "missing_rule_hits": [], "core_rule_hits": [], "coverage_gain_score": -8, "reuse_risk_hit": false, "hit_must_cover_rule": false, "violates_forbidden_pattern": false, "hits_soft_constraint": false, "satisfies_quality_hint": false}, {"candidate_index": 14, "signature": "督导端学习进度控制|允许拖动视频进度条开关关闭后不可拖动但倍速仍可用|视频进度条不可拖动，无法快进或随意跳转；倍速播放功能仍可正常使用不受影响|关闭拖动进度条开关后观看视频", "case_id": "TC-035", "description": "允许拖动视频进度条开关关闭后不可拖动但倍速仍可用", "test_module": "督导端学习进度控制", "expected_result": "视频进度条不可拖动，无法快进或随意跳转；倍速播放功能仍可正常使用不受影响", "flow_stage": "stage:学习进度控制", "flow_stage_label": "学习进度控制", "flow_rank": 12, "cross_cutting": [], "scenario_key": "stage:学习进度控制:filter_toggle:obj:督导_导端_端学", "is_scenario_duplicate": false, "duplicate_cluster_id": "", "duplicate_cluster_size": 0, "duplicate_of_case_id": "", "misordered_against_requirement_flow": true, "expected_result_quality": "assertable", "expected_result_quality_reason": "contains_concrete_assertion", "expected_result_alignment_warning": true, "truncated_text_detected": false, "case_quality": "valid_case", "invalid_case_reason": "", "invalid_case_signals": [], "rule_keys": [], "bucket": "督导端学习进度控制|happy", "adds_rule": false, "adds_bucket": true, "high_signal": false, "has_coverage_value": false, "retained_reason": "retained_default", "rerank_rank": 10, "focus_score": 0, "model_priority_current": "P1", "model_priority": "P1", "legacy_priority": "P1", "priority_final": "P1", "priority_decision_state": "decided", "priority_decision_source": "model_p1_with_positive_evidence", "priority_confidence": "medium", "priority_conflict_reason": "", "priority_resolution_reason": "priority_final_reflected_from_execution_plan", "priority_score": 0, "suggested_priority": "P2", "priority_reasons": ["cross_page_flow_hit", "no_release_blocking_guard"], "selected_by_review_llm": true, "selected_by_review_must_keep": false, "selected_by_review_constraints": false, "review_constraint_reason": "", "review_llm_drop_reason_raw": "", "review_llm_drop_reason": "", "review_llm_drop_reason_resolved": "", "review_llm_drop_reason_source": "", "review_llm_drop_reason_evidence": {}, "has_positive_evidence": false, "has_coverage_signal": false, "has_high_signal": false, "has_competition_signal": false, "review_llm_filter_applied": true, "must_keep_candidate": false, "must_keep_reasons": [], "selected_by_review_gate": true, "retained_final": true, "dropped_stage": "retained", "dropped_reason": "retained", "covered_rule_ids": [], "missing_rule_hits": [], "core_rule_hits": [], "coverage_gain_score": 0, "reuse_risk_hit": false, "hit_must_cover_rule": false, "violates_forbidden_pattern": false, "hits_soft_constraint": false, "satisfies_quality_hint": false}, {"candidate_index": 15, "signature": "拍照对答案自评流程-completion_sync|拍照上传作业-正常拍摄并确认后进入对答案页面|缩略图列表显示1张照片，计数显示「已拍1张」；点击确认后弹出提示「照片已发送至督导端，老师可查看你的原始作业」，提示2秒后自动关闭，学生端不保留不展示任何已拍照片，直接进入对答案页面|拍摄1张照片并点击确认", "case_id": "TC-003", "description": "拍照上传作业-正常拍摄并确认后进入对答案页面", "test_module": "拍照对答案自评流程-completion_sync", "expected_result": "缩略图列表显示1张照片，计数显示「已拍1张」；点击确认后弹出提示「照片已发送至督导端，老师可查看你的原始作业」，提示2秒后自动关闭，学生端不保留不展示任何已拍照片，直接进入对答案页面", "flow_stage": "stage:对答案与自评", "flow_stage_label": "对答案与自评", "flow_rank": 19, "cross_cutting": [], "scenario_key": "stage:对答案与自评:filter_toggle:obj:拍照_照对_对答", "is_scenario_duplicate": false, "duplicate_cluster_id": "SC-010", "duplicate_cluster_size": 2, "duplicate_of_case_id": "", "misordered_against_requirement_flow": false, "expected_result_quality": "assertable", "expected_result_quality_reason": "contains_concrete_assertion", "expected_result_alignment_warning": true, "truncated_text_detected": false, "case_quality": "valid_case", "invalid_case_reason": "", "invalid_case_signals": [], "rule_keys": [], "bucket": "拍照对答案自评流程-completion_sync|happy", "adds_rule": false, "adds_bucket": false, "high_signal": true, "has_coverage_value": true, "retained_reason": "retained_due_to_coverage_value", "rerank_rank": 23, "focus_score": 0, "model_priority_current": "P1", "model_priority": "P1", "legacy_priority": "P1", "priority_final": "P0", "priority_decision_state": "decided", "priority_decision_source": "hard_guard_promotion", "priority_confidence": "high", "priority_conflict_reason": "", "priority_resolution_reason": "priority_final_reflected_from_execution_plan", "priority_score": 13, "suggested_priority": "P2", "priority_reasons": ["cross_page_flow_hit", "core_workflow_rule_hit", "unique_critical_rule_coverage", "no_release_blocking_guard"], "selected_by_review_llm": false, "selected_by_review_must_keep": true, "selected_by_review_constraints": false, "review_constraint_reason": "", "review_llm_drop_reason_raw": "", "review_llm_drop_reason": "", "review_llm_drop_reason_resolved": "", "review_llm_drop_reason_source": "", "review_llm_drop_reason_evidence": {}, "has_positive_evidence": false, "has_coverage_signal": false, "has_high_signal": false, "has_competition_signal": false, "review_llm_filter_applied": true, "must_keep_candidate": true, "must_keep_reasons": ["priority_p0"], "selected_by_review_gate": true, "retained_final": true, "dropped_stage": "retained", "dropped_reason": "retained", "covered_rule_ids": ["RULE-008", "RULE-013"], "missing_rule_hits": [], "core_rule_hits": ["RULE-008"], "coverage_gain_score": 13, "reuse_risk_hit": false, "hit_must_cover_rule": false, "violates_forbidden_pattern": false, "hits_soft_constraint": false, "satisfies_quality_hint": false}, {"candidate_index": 16, "signature": "模块计分|牛刀小试重新进入修改对错取历史最高分|重新进入可修改对错标记，提交后模块得分取历史最高分5分而非第1次得分3分|第1次答对3题，第2次修改后答对5题", "case_id": "TC-034", "description": "牛刀小试重新进入修改对错取历史最高分", "test_module": "模块计分", "expected_result": "重新进入可修改对错标记，提交后模块得分取历史最高分5分而非第1次得分3分", "flow_stage": "stage:最高分计算", "flow_stage_label": "最高分计算", "flow_rank": 1, "cross_cutting": [], "scenario_key": "stage:最高分计算:source_consistency:obj:模块计分_牛刀_刀小", "is_scenario_duplicate": false, "duplicate_cluster_id": "", "duplicate_cluster_size": 0, "duplicate_of_case_id": "", "misordered_against_requirement_flow": true, "expected_result_quality": "assertable", "expected_result_quality_reason": "contains_concrete_assertion", "expected_result_alignment_warning": true, "truncated_text_detected": false, "case_quality": "valid_case", "invalid_case_reason": "", "invalid_case_signals": [], "rule_keys": [], "bucket": "模块计分|happy", "adds_rule": false, "adds_bucket": true, "high_signal": false, "has_coverage_value": false, "retained_reason": "retained_default", "rerank_rank": 8, "focus_score": 0, "model_priority_current": "P1", "model_priority": "P1", "legacy_priority": "P1", "priority_final": "P1", "priority_decision_state": "decided", "priority_decision_source": "model_p1_with_positive_evidence", "priority_confidence": "medium", "priority_conflict_reason": "", "priority_resolution_reason": "priority_final_reflected_from_execution_plan", "priority_score": 25, "suggested_priority": "P2", "priority_reasons": ["main_workflow_hit", "no_release_blocking_guard"], "selected_by_review_llm": true, "selected_by_review_must_keep": false, "selected_by_review_constraints": false, "review_constraint_reason": "", "review_llm_drop_reason_raw": "", "review_llm_drop_reason": "", "review_llm_drop_reason_resolved": "", "review_llm_drop_reason_source": "", "review_llm_drop_reason_evidence": {}, "has_positive_evidence": false, "has_coverage_signal": false, "has_high_signal": false, "has_competition_signal": false, "review_llm_filter_applied": true, "must_keep_candidate": false, "must_keep_reasons": [], "selected_by_review_gate": true, "retained_final": true, "dropped_stage": "retained", "dropped_reason": "retained", "covered_rule_ids": [], "missing_rule_hits": [], "core_rule_hits": [], "coverage_gain_score": 0, "reuse_risk_hit": false, "hit_must_cover_rule": false, "violates_forbidden_pattern": false, "hits_soft_constraint": false, "satisfies_quality_hint": false}, {"candidate_index": 17, "signature": "拍照对答案自评流程-commit|提交自评结果-错题加入错题本|2道错题同步出现在学生端错题本、督导端习题集全部错题、课后报告错题打包中|提交包含2道错题的标记结果", "case_id": "TC-011", "description": "提交自评结果-错题加入错题本", "test_module": "拍照对答案自评流程-commit", "expected_result": "2道错题同步出现在学生端错题本、督导端习题集全部错题、课后报告错题打包中", "flow_stage": "stage:对答案与自评", "flow_stage_label": "对答案与自评", "flow_rank": 19, "cross_cutting": [], "scenario_key": "stage:对答案与自评:print_export:obj:拍照_照对_对答", "is_scenario_duplicate": false, "duplicate_cluster_id": "", "duplicate_cluster_size": 0, "duplicate_of_case_id": "", "misordered_against_requirement_flow": false, "expected_result_quality": "assertable", "expected_result_quality_reason": "contains_concrete_assertion", "expected_result_alignment_warning": true, "truncated_text_detected": false, "case_quality": "valid_case", "invalid_case_reason": "", "invalid_case_signals": [], "rule_keys": [], "bucket": "拍照对答案自评流程-commit|happy", "adds_rule": false, "adds_bucket": true, "high_signal": false, "has_coverage_value": false, "retained_reason": "retained_default", "rerank_rank": 7, "focus_score": 0, "model_priority_current": "P0", "model_priority": "P0", "legacy_priority": "P0", "priority_final": "P1", "priority_decision_state": "decided", "priority_decision_source": "conflict_resolved_by_core_business_rule", "priority_confidence": "medium", "priority_conflict_reason": "model=P0,suggested=P2", "priority_resolution_reason": "core_business_evidence", "priority_score": 25, "suggested_priority": "P2", "priority_reasons": ["main_workflow_hit", "no_release_blocking_guard"], "selected_by_review_llm": true, "selected_by_review_must_keep": false, "selected_by_review_constraints": false, "review_constraint_reason": "", "review_llm_drop_reason_raw": "", "review_llm_drop_reason": "", "review_llm_drop_reason_resolved": "", "review_llm_drop_reason_source": "", "review_llm_drop_reason_evidence": {}, "has_positive_evidence": false, "has_coverage_signal": false, "has_high_signal": false, "has_competition_signal": false, "review_llm_filter_applied": true, "must_keep_candidate": false, "must_keep_reasons": [], "selected_by_review_gate": true, "retained_final": true, "dropped_stage": "retained", "dropped_reason": "retained", "covered_rule_ids": [], "missing_rule_hits": [], "core_rule_hits": [], "coverage_gain_score": 0, "reuse_risk_hit": false, "hit_must_cover_rule": false, "violates_forbidden_pattern": false, "hits_soft_constraint": false, "satisfies_quality_hint": false}, {"candidate_index": 18, "signature": "拍照对答案自评流程-edit|逐题标记对错-标记做错即时反馈金币+1鼓励诚实|显示柔和红色提示与随机鼓励文案（如「没关系，加练一下就掌握🌟」），金币+1（鼓励诚实），右上角金币数字跳动增加1|标记第2题做错", "case_id": "TC-008", "description": "逐题标记对错-标记做错即时反馈金币+1鼓励诚实", "test_module": "拍照对答案自评流程-edit", "expected_result": "显示柔和红色提示与随机鼓励文案（如「没关系，加练一下就掌握🌟」），金币+1（鼓励诚实），右上角金币数字跳动增加1", "flow_stage": "stage:逐题标记即时反馈", "flow_stage_label": "逐题标记即时反馈", "flow_rank": 16, "cross_cutting": [], "scenario_key": "stage:逐题标记即时反馈:feedback:obj:拍照_照对_对答", "is_scenario_duplicate": false, "duplicate_cluster_id": "SC-011", "duplicate_cluster_size": 2, "duplicate_of_case_id": "", "misordered_against_requirement_flow": true, "expected_result_quality": "assertable", "expected_result_quality_reason": "contains_concrete_assertion", "expected_result_alignment_warning": true, "truncated_text_detected": false, "case_quality": "valid_case", "invalid_case_reason": "", "invalid_case_signals": [], "rule_keys": [], "bucket": "拍照对答案自评流程-edit|happy", "adds_rule": false, "adds_bucket": false, "high_signal": false, "has_coverage_value": false, "retained_reason": "", "rerank_rank": 0, "focus_score": 0, "model_priority_current": "P2", "model_priority": "P2", "legacy_priority": "P2", "priority_final": "P2", "priority_decision_state": "decided", "priority_decision_source": "model_semantic_consistent", "priority_confidence": "high", "priority_conflict_reason": "", "priority_resolution_reason": "", "priority_score": 0, "suggested_priority": "P2", "priority_reasons": ["boundary_or_low_risk_validation", "no_release_blocking_guard"], "selected_by_review_llm": false, "selected_by_review_must_keep": false, "selected_by_review_constraints": false, "review_constraint_reason": "dropped_by_target_max", "review_llm_drop_reason_raw": "coverage_redundant", "review_llm_drop_reason": "coverage_redundant", "review_llm_drop_reason_resolved": "coverage_redundant", "review_llm_drop_reason_source": "llm", "review_llm_drop_reason_evidence": {"bucket": "拍照对答案自评流程-edit|happy", "priority": "P2", "focus_score": 0, "coverage_gain_score": 0, "selected_case_ids": [], "selected_count_in_bucket": 0, "has_positive_evidence": false, "has_coverage_signal": false, "has_high_signal": false, "has_competition_signal": false, "missing_rule_hits": [], "core_rule_hits": [], "unique_coverage_hits": [], "reuse_risk_hit": false, "reason_from": "llm", "reason_origin": "llm"}, "has_positive_evidence": false, "has_coverage_signal": false, "has_high_signal": false, "has_competition_signal": false, "review_llm_filter_applied": true, "must_keep_candidate": false, "must_keep_reasons": [], "selected_by_review_gate": false, "retained_final": false, "dropped_stage": "review_llm", "dropped_reason": "drop_not_selected_by_review_llm:coverage_redundant", "covered_rule_ids": [], "missing_rule_hits": [], "core_rule_hits": [], "coverage_gain_score": 0, "reuse_risk_hit": false, "hit_must_cover_rule": false, "violates_forbidden_pattern": false, "hits_soft_constraint": false, "satisfies_quality_hint": false}], "row_count": 18, "row_count_total": 37, "rows_scope": "sampled_due_to_size", "request_id": "f242c53c31ca4995aef67654b53ea417", "project_id": 8, "multi_pass": true, "generation_mode": "multi_pass"}
GEN_DIAG:{"kind": "review_decision_table_compact", "generation_id": 0, "rows": [{"generation_id": 0, "request_id": "f242c53c31ca4995aef67654b53ea417", "candidate_index": 18, "case_id": "TC-008", "test_module": "拍照对答案自评流程-edit", "flow_stage": "stage:逐题标记即时反馈", "flow_stage_label": "逐题标记即时反馈", "scenario_key": "stage:逐题标记即时反馈:feedback:obj:拍照_照对_对答", "is_scenario_duplicate": false, "duplicate_cluster_id": "SC-011", "misordered_against_requirement_flow": true, "model_priority_current": "P2", "bucket": "拍照对答案自评流程-edit|happy", "dropped_stage": "review_llm", "dropped_reason": "drop_not_selected_by_review_llm:coverage_redundant", "review_llm_drop_reason_raw": "coverage_redundant", "review_llm_drop_reason": "coverage_redundant", "review_llm_drop_reason_source": "llm", "high_signal": false, "has_coverage_value": false, "has_positive_evidence": false, "has_coverage_signal": false, "has_high_signal": false, "has_competition_signal": false, "focus_score": 0, "evidence": {"selected_case_ids": [], "selected_count_in_bucket": 0, "coverage_gain_score": 0, "missing_rule_hits_count": 0, "core_rule_hits_count": 0, "unique_coverage_hits_count": 0, "similarity": 0.0, "duplicate_of_case_id": ""}}, {"generation_id": 0, "request_id": "f242c53c31ca4995aef67654b53ea417", "candidate_index": 19, "case_id": "TC-007", "test_module": "拍照对答案自评流程-edit", "flow_stage": "stage:逐题标记即时反馈", "flow_stage_label": "逐题标记即时反馈", "scenario_key": "stage:逐题标记即时反馈:feedback:obj:拍照_照对_对答", "is_scenario_duplicate": true, "duplicate_cluster_id": "SC-011", "misordered_against_requirement_flow": true, "model_priority_current": "P2", "bucket": "拍照对答案自评流程-edit|happy", "dropped_stage": "review_llm", "dropped_reason": "drop_not_selected_by_review_llm:coverage_redundant", "review_llm_drop_reason_raw": "coverage_redundant", "review_llm_drop_reason": "coverage_redundant", "review_llm_drop_reason_source": "llm", "high_signal": false, "has_coverage_value": false, "has_positive_evidence": false, "has_coverage_signal": false, "has_high_signal": false, "has_competition_signal": false, "focus_score": 0, "evidence": {"selected_case_ids": [], "selected_count_in_bucket": 0, "coverage_gain_score": 0, "missing_rule_hits_count": 0, "core_rule_hits_count": 0, "unique_coverage_hits_count": 0, "similarity": 0.0, "duplicate_of_case_id": ""}}, {"generation_id": 0, "request_id": "f242c53c31ca4995aef67654b53ea417", "candidate_index": 21, "case_id": "TC-010", "test_module": "拍照对答案自评流程-commit", "flow_stage": "stage:对答案与自评", "flow_stage_label": "对答案与自评", "scenario_key": "stage:对答案与自评:workflow_navigation:obj:拍照_照对_对答", "is_scenario_duplicate": true, "duplicate_cluster_id": "SC-008", "misordered_against_requirement_flow": false, "model_priority_current": "P0", "bucket": "拍照对答案自评流程-commit|happy", "dropped_stage": "review_llm", "dropped_reason": "drop_not_selected_by_review_llm:duplicate", "review_llm_drop_reason_raw": "duplicate", "review_llm_drop_reason": "duplicate", "review_llm_drop_reason_source": "llm", "high_signal": false, "has_coverage_value": false, "has_positive_evidence": false, "has_coverage_signal": false, "has_high_signal": false, "has_competition_signal": false, "focus_score": 0, "evidence": {"selected_case_ids": ["TC-011"], "selected_count_in_bucket": 1, "coverage_gain_score": 0, "missing_rule_hits_count": 0, "core_rule_hits_count": 0, "unique_coverage_hits_count": 0, "similarity": 0.0, "duplicate_of_case_id": ""}}, {"generation_id": 0, "request_id": "f242c53c31ca4995aef67654b53ea417", "candidate_index": 26, "case_id": "TC-029", "test_module": "照片管理", "flow_stage": "stage:照片管理", "flow_stage_label": "照片管理", "scenario_key": "stage:照片管理:filter_toggle:obj:照片管理_删除_除单", "is_scenario_duplicate": false, "duplicate_cluster_id": "", "misordered_against_requirement_flow": true, "model_priority_current": "P2", "bucket": "照片管理|state", "dropped_stage": "review_llm", "dropped_reason": "drop_not_selected_by_review_llm:low_value", "review_llm_drop_reason_raw": "low_value", "review_llm_drop_reason": "low_value", "review_llm_drop_reason_source": "llm", "high_signal": false, "has_coverage_value": false, "has_positive_evidence": false, "has_coverage_signal": false, "has_high_signal": false, "has_competition_signal": false, "focus_score": 1, "evidence": {"selected_case_ids": [], "selected_count_in_bucket": 0, "coverage_gain_score": 0, "missing_rule_hits_count": 0, "core_rule_hits_count": 0, "unique_coverage_hits_count": 0, "similarity": 0.0, "duplicate_of_case_id": ""}}, {"generation_id": 0, "request_id": "f242c53c31ca4995aef67654b53ea417", "candidate_index": 27, "case_id": "TC-023", "test_module": "独立功能-奖励进度条", "flow_stage": "stage:奖励进度条", "flow_stage_label": "奖励进度条", "scenario_key": "stage:奖励进度条:workflow_navigation:obj:奖励_励进_进度", "is_scenario_duplicate": false, "duplicate_cluster_id": "", "misordered_against_requirement_flow": true, "model_priority_current": "P0", "bucket": "独立功能-奖励进度条|happy", "dropped_stage": "review_llm", "dropped_reason": "drop_not_selected_by_review_llm:selection_tradeoff_omitted", "review_llm_drop_reason_raw": "selection_tradeoff_omitted", "review_llm_drop_reason": "selection_tradeoff_omitted", "review_llm_drop_reason_source": "llm", "high_signal": false, "has_coverage_value": false, "has_positive_evidence": false, "has_coverage_signal": false, "has_high_signal": false, "has_competition_signal": false, "focus_score": 0, "evidence": {"selected_case_ids": [], "selected_count_in_bucket": 0, "coverage_gain_score": 0, "missing_rule_hits_count": 0, "core_rule_hits_count": 0, "unique_coverage_hits_count": 0, "similarity": 0.0, "duplicate_of_case_id": ""}}, {"generation_id": 0, "request_id": "f242c53c31ca4995aef67654b53ea417", "candidate_index": 31, "case_id": "TC-024", "test_module": "独立功能-左侧导航交互", "flow_stage": "stage:左侧导航交互", "flow_stage_label": "左侧导航交互", "scenario_key": "stage:左侧导航交互:workflow_navigation:obj:左侧_侧导_导航", "is_scenario_duplicate": false, "duplicate_cluster_id": "", "misordered_against_requirement_flow": true, "model_priority_current": "P1", "bucket": "独立功能-左侧导航交互|happy", "dropped_stage": "review_llm", "dropped_reason": "drop_not_selected_by_review_llm:selection_tradeoff_omitted", "review_llm_drop_reason_raw": "selection_tradeoff_omitted", "review_llm_drop_reason": "selection_tradeoff_omitted", "review_llm_drop_reason_source": "llm", "high_signal": false, "has_coverage_value": false, "has_positive_evidence": false, "has_coverage_signal": false, "has_high_signal": false, "has_competition_signal": false, "focus_score": 0, "evidence": {"selected_case_ids": [], "selected_count_in_bucket": 0, "coverage_gain_score": 0, "missing_rule_hits_count": 0, "core_rule_hits_count": 0, "unique_coverage_hits_count": 0, "similarity": 0.0, "duplicate_of_case_id": ""}}, {"generation_id": 0, "request_id": "f242c53c31ca4995aef67654b53ea417", "candidate_index": 37, "case_id": "TC-020", "test_module": "边界/状态回退-模块配置边界", "flow_stage": "stage:最高分计算", "flow_stage_label": "最高分计算", "scenario_key": "stage:最高分计算:source_consistency:obj:边界_基础_础巩", "is_scenario_duplicate": false, "duplicate_cluster_id": "", "misordered_against_requirement_flow": true, "model_priority_current": "P2", "bucket": "边界/状态回退-模块配置边界|happy", "dropped_stage": "review_llm", "dropped_reason": "drop_not_selected_by_review_llm:selection_tradeoff_omitted", "review_llm_drop_reason_raw": "selection_tradeoff_omitted", "review_llm_drop_reason": "selection_tradeoff_omitted", "review_llm_drop_reason_source": "llm", "high_signal": false, "has_coverage_value": false, "has_positive_evidence": false, "has_coverage_signal": false, "has_high_signal": false, "has_competition_signal": false, "focus_score": 0, "evidence": {"selected_case_ids": [], "selected_count_in_bucket": 0, "coverage_gain_score": 0, "missing_rule_hits_count": 0, "core_rule_hits_count": 0, "unique_coverage_hits_count": 0, "similarity": 0.0, "duplicate_of_case_id": ""}}], "row_count": 7, "row_count_total": 7, "request_id": "f242c53c31ca4995aef67654b53ea417", "project_id": 8, "multi_pass": true, "generation_mode": "multi_pass"}
GEN_DIAG:{"kind": "generation_quality_ledger", "generation_id": 0, "request_id": "f242c53c31ca4995aef67654b53ea417", "generation_mode": "multi_pass", "final_count": 37, "quality_assessment": "high", "initial_quality_score": 97, "quality_score": 97, "quality_score_grade": "high", "quality_score_source": "backend_diagnostic_v1", "quality_score_basis": "coverage+review+judge+funnel+context", "quality_score_confidence": "high", "quality_score_deductions": [{"key": "low_quality_dropped", "label": "低质量用例被过滤", "count": 1, "points": 3.0}], "quality_score_inputs": {"coverage_rate": 1.0, "total_rules": 21, "missing_rules_count": 0, "final_count": 37, "candidate_total": 37, "retained_total": 31, "judge_total": 27, "rejected_count": 0, "raw_rejected_count": 0, "pending_count": 0, "raw_pending_count": 1, "semantic_duplicate_reject_count": 0, "filtered_semantic_duplicate_reject_count": 0, "filtered_pending_candidate_count": 1, "repairable_count": 0, "raw_repairable_count": 1, "repaired_pass_count": 0, "unrepaired_repairable_count": 1, "fact_profile_forbidden_count": 0, "fact_violation_count": 0, "raw_flow_missing_count": 15, "flow_missing_advisory_count": 15, "flow_missing_count": 0, "flow_misordered_count": 0, "scenario_duplicate_cluster_count": 0, "scenario_duplicate_case_count": 0, "low_quality_dropped_count": 1, "semantic_dedup_dropped_count": 0, "semantic_dedup_pressure_count": 0, "semantic_dedup_penalty_count": 0, "structure_metric_scope": "final_cases", "manual_quality_profile_applied": false, "manual_quality_profile_version": ""}, "manual_delivery": {"applied": false}, "stop_reason": ["coverage_satisfied", "optimal_case_set_reached"], "coverage": {"coverage_rate": 1.0, "total_rules": 21, "total_extracted_rules": 22, "missing_rules_count": 0, "missing_boundary_count": 0, "missing_exception_count": 0, "non_blocking_rules_count": 1}, "funnel": {"primary_count": 36, "gap_count": 1, "review_count": 26, "candidate_count_before_review": 37, "review_selected_count": 26, "post_review_dedup_drop": 0, "final_description_dedup_drop_count": 0, "total_dedup_drop_count": 0, "low_quality_dropped_count": 1, "low_quality_dropped_examples": [{"stage": "post_recovery_quality_filter", "reason": "expected_result_quality:non_assertable", "case_id": "TC-008", "test_module": "错题流向同步", "priority": "P0", "description": "错题同步验证-学生端错题本、督导端习题集与课后报告三端同步包含相似题", "expected_result": "学生端错题本、督导端习题集、课后报告三处均同步包含出门测原始错题与相似题加练错题，数据一致无遗漏"}], "semantic_dedup_dropped_count": 0}, "review": {"candidate_total": 37, "retained_total": 31, "drop_by_review_llm_count": 7, "drop_by_review_gate_count": 0, "drop_by_post_review_dedup_count": 2, "drop_final_description_duplicate_count": 0, "flow_missing_stage_count": 13, "flow_misordered_count": 24, "final_flow_missing_stage_count": 15, "final_flow_misordered_count": 0, "scenario_duplicate_cluster_count": 13, "scenario_duplicate_case_count": 15, "final_scenario_duplicate_cluster_count": 0, "final_scenario_duplicate_case_count": 0, "fact_profile_forbidden_count": 0, "fact_profile_pending_count": 0}, "judge": {"total": 27, "rejected_out_count": 0, "pending_out_count": 1, "repairable_count": 0, "raw_repairable_count": 1, "repaired_pass_out_count": 0, "unrepaired_repairable_count": 1, "fact_violation_count": 0, "rejected_total": 0, "reason_clusters": {}, "dominant_reason": ""}, "context": {"snapshot_status": "success", "snapshot_used": true, "realtime_rag_used": true, "current_document_used": true, "fusion_mode": "snapshot+rag", "compression_ratio": 0.4916, "retained_chunk_count": 1}, "control": {"control_state_applied": true, "generation_coverage_mode": "standard_regression", "must_cover_rules_count": 0, "quality_fix_hints_count": 6}, "quality_remediation": {"kind": "quality_remediation", "quality_score": 97, "quality_score_grade": "high", "action_count": 1, "primary_action": "tighten_expected_results", "actions": [{"action_id": "tighten_expected_results", "priority": "P1", "reason": "low_quality_cases_filtered", "target_stage": "primary_generation_prompt_and_postprocess", "evidence": {"low_quality_dropped_count": 1, "examples": [{"stage": "post_recovery_quality_filter", "reason": "expected_result_quality:non_assertable", "case_id": "TC-008", "test_module": "错题流向同步", "priority": "P0", "description": "错题同步验证-学生端错题本、督导端习题集与课后报告三端同步包含相似题", "expected_result": "学生端错题本、督导端习题集、课后报告三处均同步包含出门测原始错题与相似题加练错题，数据一致无遗漏"}]}}], "next_run_controls": {"target_missing_rules": [], "avoid_judge_reject_reasons": {}, "low_quality_dropped_count": 1, "semantic_dedup_penalty_count": 0}}, "case_quality_gate": {"kind": "case_quality_gate", "mode": "shadow", "passed": true, "blocked": false, "failure_reasons": [], "metrics": {"final_count": 37, "min_acceptable_final": 29, "judge_rejected_count": 0, "final_scenario_duplicate_case_count": 0, "final_flow_misordered_count": 0, "reasoning_leak_count": 0, "role_mismatch_count": 0, "quality_score": 97, "quality_score_grade": "high", "raw_judge_rejected_count": 0, "semantic_duplicate_reject_count": 0, "filtered_semantic_duplicate_reject_count": 0}}, "project_id": 8, "multi_pass": true}
GEN_DIAG:{"kind": "case_quality_gate", "mode": "shadow", "passed": true, "blocked": false, "failure_reasons": [], "metrics": {"final_count": 37, "min_acceptable_final": 29, "judge_rejected_count": 0, "final_scenario_duplicate_case_count": 0, "final_flow_misordered_count": 0, "reasoning_leak_count": 0, "role_mismatch_count": 0, "quality_score": 97, "quality_score_grade": "high", "raw_judge_rejected_count": 0, "semantic_duplicate_reject_count": 0, "filtered_semantic_duplicate_reject_count": 0}, "generation_id": 0, "request_id": "f242c53c31ca4995aef67654b53ea417", "project_id": 8, "multi_pass": true, "generation_mode": "multi_pass"}
GEN_DIAG:{"total_rules": 21, "total_extracted_rules": 22, "non_blocking_rules": ["RULE-001"], "covered_rules": ["RULE-002", "RULE-003", "RULE-004", "RULE-005", "RULE-006", "RULE-007", "RULE-008", "RULE-009", "RULE-010", "RULE-011", "RULE-012", "RULE-013", "RULE-014", "RULE-015", "RULE-016", "RULE-017", "RULE-018", "RULE-019", "RULE-020", "RULE-021", "RULE-022"], "missing_rules": [], "rule_diagnostics": [{"rule_id": "RULE-001", "rule_text": "整体结构调整", "biz_key": "unknown", "rule_level": "soft", "confidence": "low", "source_type": "ambiguous_fragment", "blocking": false, "non_blocking_reason": "short_fragment", "covered": false, "coverage_types": [], "missing_types": []}, {"rule_id": "RULE-002", "rule_text": "二、模块说明快问快答•可反复刷的模块,取历史最高分•中途退出不计分、不记录牛刀小试•可反复刷的模块,取历史最高分(可以重新进入,修改对错)•答错后触发相似题推荐出⻔测•可反复刷的模块,取历史最高分(可以重新进入,修改对错),选做•与基础巩固至少完成一个,才可进入后续流程•答错后触发相似题推荐基础巩固(ABS测试)•可反复刷的模块,取历史最高分(可以重新进入,修改对错),选做•本课未配置时不展示入口•答错后触发相似题推荐推荐练习(相似题)•牛刀小试、出⻔测、基础巩固答错后触发•最多 3 轮,每轮独立计分•某知识点全部答对后,停止推荐该知识点•需要进入错题本\\习题集错题\\课后报告", "biz_key": "unknown", "rule_level": "hard", "confidence": "high", "source_type": "confirmed_requirement", "blocking": true, "non_blocking_reason": "", "covered": true, "coverage_types": ["boundary", "happy"], "missing_types": []}, {"rule_id": "RULE-003", "rule_text": "一、页面结构•顶部栏:返回按钮、课程标题、当前金币数、切换课程、打印•奖励进度条:本节课各阶段金币奖励可视化•左侧导航:课程步骤树 + 完成状态•主内容区:当前步骤的做题 / 视频 / 弹题内容", "biz_key": "unknown", "rule_level": "hard", "confidence": "high", "source_type": "confirmed_requirement", "blocking": true, "non_blocking_reason": "", "covered": true, "coverage_types": ["boundary", "happy"], "missing_types": []}, {"rule_id": "RULE-004", "rule_text": "三、左侧导航交互•交互调整:由 2 层折叠抽屉改为多层抽屉可展开•每个步骤卡片点击后向下展开该步骤对应的内容目录•展开时箭头旋转 180°,收起时复位•手⻛琴效果:同时只能展开一个步骤的内容目录•内容目录内部沿用之前的 2 层树形结构(知识点 →视频/练习项)增加拍照保存答案", "biz_key": "unknown", "rule_level": "hard", "confidence": "high", "source_type": "confirmed_requirement", "blocking": true, "non_blocking_reason": "", "covered": true, "coverage_types": ["boundary", "happy"], "missing_types": []}, {"rule_id": "RULE-005", "rule_text": "一、触发条件•学生点击\"申请看答案\"按钮时触发•若老师设置中\"学生提交作业需拍照\"为关闭:跳过拍照,直接进入对答案页面•若老师设置中该开关为开启:弹出拍照弹窗,必须完成拍照才能查看答案", "biz_key": "unknown", "rule_level": "hard", "confidence": "high", "source_type": "confirmed_requirement", "blocking": true, "non_blocking_reason": "", "covered": true, "coverage_types": ["boundary", "exception", "happy", "risk"], "missing_types": []}, {"rule_id": "RULE-006", "rule_text": "二、弹窗展示•弹窗标题:\"请先拍照上传作业\"•提示文案:\"为了保证学习效果,申请查看答案前请先拍摄你的作业照片(支持多张)\"•显示已拍照片计数:\"已拍 N 张\"•已拍照片区域:3 列网格缩略图展示(仅用于学生确认拍摄内容,拍完确认后不再展示)•拍照按钮:\"点击拍照上传\"•确认按钮:\"已拍照,查看答案\"(未拍时置灰)•取消按钮:\"稍后再拍\"", "biz_key": "unknown", "rule_level": "hard", "confidence": "high", "source_type": "confirmed_requirement", "blocking": true, "non_blocking_reason": "", "covered": true, "coverage_types": ["boundary", "happy", "risk"], "missing_types": []}, {"rule_id": "RULE-007", "rule_text": "三、拍照流程•点击拍照按钮:调用设备摄像头或生成模拟照片•每拍一张追加到缩略图列表,计数 +1•照片自动附加水印:学生 ID + 时间戳 + 课程名称•支持连续拍摄,不限制张数", "biz_key": "unknown", "rule_level": "hard", "confidence": "high", "source_type": "confirmed_requirement", "blocking": true, "non_blocking_reason": "", "covered": true, "coverage_types": ["boundary", "exception", "happy", "risk"], "missing_types": []}, {"rule_id": "RULE-008", "rule_text": "五、确认与取消(核心调整)•至少拍摄 1 张后,\"已拍照,查看答案\"按钮可点击•点击确认:◦照片立即上传至服务器,直接转发到督导端◦学生端弹出提示:\"照片已发送至督导端,老师可查看你的原始作业\"◦弹窗 2 秒后自动关闭,或点击\"知道了\"手动关闭◦学生端不保留、不展示任何已拍照片◦直接进入对答案页面•点击\"稍后再拍\":关闭弹窗,返回做题页面,不保存任何照片•拍照后未点确认直接关闭浏览器:照片未上传,下次需重新拍照", "biz_key": "unknown", "rule_level": "hard", "confidence": "high", "source_type": "confirmed_requirement", "blocking": true, "non_blocking_reason": "", "covered": true, "coverage_types": ["boundary", "exception", "happy", "risk"], "missing_types": []}, {"rule_id": "RULE-009", "rule_text": "二、学习进度控制按学习计划顺序学习•定义:开启后,学生只能按照学习计划中编排的内容和顺序进行学习,不能自主选择计划外的课程,也不能跳过节次•默认状态:关闭•开启效果:学习计划强制执行。学生必须完成当前节次的学习任务(视频、练习等)后,下一节才解锁。学生无法在课程列表中自选其他课程•关闭效果:学习计划仅作为参考。学生可在课程列表中自主选择任意课程,也可以跳过节次,不受计划顺序约束允许拖动视频进度条•定义:开启后,学生可在视频讲解中拖动进度条进行快进或回退•默认状态:开启•开启效果:学生可自由拖动视频进度条,跳转到任意时间点•关闭效果:视频只能按正常倍率顺序播放,进度条不可拖动,学生无法快进或随意跳转•注意:此设置仅控制进度条拖动,不影响倍速播放功能。倍速播放由学生端独立控制•适用场景:关闭后用于确保学生完整观看教学视频,避免跳过关键讲解环节", "biz_key": "unknown", "rule_level": "hard", "confidence": "high", "source_type": "confirmed_requirement", "blocking": true, "non_blocking_reason": "", "covered": true, "coverage_types": ["happy", "risk"], "missing_types": []}, {"rule_id": "RULE-010", "rule_text": "开启效果:学生点击「查看答案」后,系统向", "biz_key": "unknown", "rule_level": "hard", "confidence": "high", "source_type": "confirmed_requirement", "blocking": true, "non_blocking_reason": "", "covered": true, "coverage_types": ["happy", "risk"], "missing_types": []}, {"rule_id": "RULE-011", "rule_text": "开启效果:学生点击「查看答案」后,必须先", "biz_key": "unknown", "rule_level": "hard", "confidence": "high", "source_type": "confirmed_requirement", "blocking": true, "non_blocking_reason": "", "covered": true, "coverage_types": ["happy", "risk"], "missing_types": []}, {"rule_id": "RULE-012", "rule_text": "才展示答案。照片直接发送至督导端,学生端", "biz_key": "unknown", "rule_level": "hard", "confidence": "high", "source_type": "confirmed_requirement", "blocking": true, "non_blocking_reason": "", "covered": true, "coverage_types": ["boundary", "happy", "risk"], "missing_types": []}, {"rule_id": "RULE-013", "rule_text": "仅显示「发送成功」提示,不保留、不展示照", "biz_key": "unknown", "rule_level": "hard", "confidence": "high", "source_type": "confirmed_requirement", "blocking": true, "non_blocking_reason": "", "covered": true, "coverage_types": ["happy"], "missing_types": []}, {"rule_id": "RULE-014", "rule_text": "一、前置条件•学生已完成出⻔测纸上作答•点击\"申请看答案\"后展示此模块•已拍照上传(若老师开启拍照设置)", "biz_key": "unknown", "rule_level": "hard", "confidence": "high", "source_type": "confirmed_requirement", "blocking": true, "non_blocking_reason": "", "covered": true, "coverage_types": ["boundary", "exception", "happy", "risk"], "missing_types": []}, {"rule_id": "RULE-015", "rule_text": "二、页面展示•提示:\"对照答案,手动标记每道题的对错,标记一道就有金币奖励哦~\"•逐题展示:题号 + 正确答案(绿色字体)•每道题右侧两个按钮:\"我做对了 ✓\"(绿色)、\"我做错了  ✗ \"(红色)、解析、AI讲题•底部:\"提交标记 (对X/总Y)\" 按钮", "biz_key": "unknown", "rule_level": "hard", "confidence": "high", "source_type": "confirmed_requirement", "blocking": true, "non_blocking_reason": "", "covered": true, "coverage_types": ["boundary", "happy"], "missing_types": []}, {"rule_id": "RULE-016", "rule_text": "二、轮次规则•最多 3 轮,每轮独立计分•每轮显示轮次指示器(第 1 轮 / 第 2 轮 / 第 3轮)•第 1 轮:同难度,第 2 轮:降低 1 级,第 3轮:降低 2 级•某知识点全部答对后,该知识点停止推荐,其他错题知识点继续", "biz_key": "unknown", "rule_level": "hard", "confidence": "high", "source_type": "confirmed_requirement", "blocking": true, "non_blocking_reason": "", "covered": true, "coverage_types": ["boundary", "happy"], "missing_types": []}, {"rule_id": "RULE-017", "rule_text": "三、做题流程•页面标题:\"举一反三练习题\"•提示文案:\"请在纸上完成以下练习题,全部做完后申请查看答案\"•每题标注\"针对出⻔测第 X 题(难度降低)\"•全部做完后点击\"申请看答案\",同出⻔测拍照逻辑", "biz_key": "unknown", "rule_level": "hard", "confidence": "high", "source_type": "confirmed_requirement", "blocking": true, "non_blocking_reason": "", "covered": true, "coverage_types": ["boundary", "happy"], "missing_types": []}, {"rule_id": "RULE-018", "rule_text": "四、对答案与自评•同出⻔测对答案逻辑•显示\"相似题作业照片\"缩略图•逐题标记\"我做对了 / 我做错了\",即时反馈同出⻔测•全部标记后显示\"提交标记\"", "biz_key": "unknown", "rule_level": "hard", "confidence": "high", "source_type": "confirmed_requirement", "blocking": true, "non_blocking_reason": "", "covered": true, "coverage_types": ["boundary", "exception", "happy"], "missing_types": []}, {"rule_id": "RULE-019", "rule_text": "二、页面展示•中央大图标:金色奖杯动画,带发光效果•主标题:\"出⻔测阶段完成!\"(大号金色字体)•副标题:\"你认真对待每一道题的态度值得点赞✨ \"•金币卡片:显示本阶段获得金币总数(如 70 金币)•卡片下方标注:\"出⻔测阶段获得\"", "biz_key": "unknown", "rule_level": "hard", "confidence": "high", "source_type": "confirmed_requirement", "blocking": true, "non_blocking_reason": "", "covered": true, "coverage_types": ["happy"], "missing_types": []}, {"rule_id": "RULE-020", "rule_text": "三、金币计算•本阶段金币 = 出⻔测做对题数对应金币 + 相似题加练做对题数对应金币•金币实时累加到顶部总金币数•进度条同步更新,显示\"再得 X 金币拿满奖励\"", "biz_key": "unknown", "rule_level": "hard", "confidence": "high", "source_type": "confirmed_requirement", "blocking": true, "non_blocking_reason": "", "covered": true, "coverage_types": ["boundary", "happy"], "missing_types": []}, {"rule_id": "RULE-021", "rule_text": "五、后续流程•动画播放 2-3 秒后,底部渐显\"下一步\"按钮•点击后进入\"讲知识 & 错题\"步骤•若还有未完成的日清,左侧导航第六步显示待完成提示•左侧导航自动将\"出⻔测\"标记为完成,\"讲知识& 错题\"高亮为当前", "biz_key": "unknown", "rule_level": "hard", "confidence": "high", "source_type": "confirmed_requirement", "blocking": true, "non_blocking_reason": "", "covered": true, "coverage_types": ["boundary", "exception", "happy", "risk"], "missing_types": []}, {"rule_id": "RULE-022", "rule_text": "六、极限情况•动画播放时退出或刷新:直接显示静态结果页,金币已正常发放•重复刷新结果页:金币只发放一次,幂等处理•多个模块连续完成:每个模块独立触发庆祝,动画排队播放,不堆积课后报告+习题集错题流向•进入学生端错题本,包括推荐的相似题•进入督导端习题集全部错题•进入课后报告错题打包", "biz_key": "unknown", "rule_level": "hard", "confidence": "high", "source_type": "confirmed_requirement", "blocking": true, "non_blocking_reason": "", "covered": true, "coverage_types": ["boundary", "happy"], "missing_types": []}], "coverage_rate": 1.0, "missing_types": {"boundary": [], "exception": []}, "kind": "coverage_check", "request_id": "f242c53c31ca4995aef67654b53ea417", "project_id": 8, "multi_pass": true, "generation_mode": "multi_pass"}

@@STATUS@@:生成结果未通过落库门禁: non_assertable_expected_result_count=1
Error: LOW_QUALITY_GENERATED_CASES: non_assertable_expected_result_count=1

===== base_generation started 2026-07-14T17:09:48 =====
@@CONTEXT_DEBUG@@:{"snapshot_status": "success", "snapshot_ready": true, "snapshot_used": true, "snapshot_fallback_reason": "", "realtime_rag_used": true, "current_document_used": true, "snapshot_rebuild_triggered": false, "snapshot_rebuild_reason": "none"}
@@STATUS@@:snapshot gate result: gate_disabled_proceed (poll=0, elapsed_ms=0)
@@STATUS@@:preparing project snapshot context...
@@STATUS@@:snapshot ready and reusable -> using snapshot (reason=snapshot_success_and_hash_matched)
@@STATUS@@:precision retrieval enabled (explicit_precision_mode,generation_default_precision,keyword_triggered)
@@STATUS@@:hybrid fusion done: mode=snapshot+rag rag_chunks=1 tokens~2314
@@STATUS@@:current requirement blueprint applied (count=1,steps=6)
@@STATUS@@:[multi-pass] 阶段1/3 主生成开始...
@@STATUS@@:正在进行需求元分析 (Meta-Analysis)，识别系统类型与测试策略...
@@STATUS@@:分析完成 - 系统类型: Tablet + Web, 复杂度: High, 策略: {"functional": 0.65, "regression": 0.15, "non_functional": 0.2}...
@@STATUS@@:正在生成第 1/2 批次 (25 条) - 第 1 次尝试...
GEN_DIAG:{"kind": "prompt_context_intake", "diag_version": "1.0", "mode": "stream", "doc_type": "requirement", "compress": false, "project_id": 8, "request_id": "de10329c2afe4b34aa2c42e202ddaa49", "batch_index": 1, "total_batches": 2, "attempt": 1, "expected_count": 25, "multi_pass": true, "generation_mode": "multi_pass", "model": "glm-5.1", "max_output_tokens": 10000, "max_tokens_semantics": "output_tokens", "current_biz_key": "unknown", "only_current_biz": false, "section_sizes": {"requirement_user": {"chars": 9464, "approx_tokens": 2366, "sha256_16": "29d26833ae12aa67", "noise_flags": []}, "kb_context": {"chars": 9259, "approx_tokens": 2314, "sha256_16": "d4cdc5a8be3d7990", "noise_flags": []}, "requirement_context": {"chars": 2457, "approx_tokens": 614, "sha256_16": "ad719b851d242616", "noise_flags": []}, "requirement_semantics_context": {"chars": 312, "approx_tokens": 78, "sha256_16": "b94786f6bb3003b2", "noise_flags": []}, "testcase_context": {"chars": 7, "approx_tokens": 1, "sha256_16": "d29a0939bcb51176", "noise_flags": ["short_fragment", "label_fragment"]}, "supplement_context": {"chars": 329, "approx_tokens": 82, "sha256_16": "4e83209e22e23cb1", "noise_flags": []}, "control_context": {"chars": 2931, "approx_tokens": 732, "sha256_16": "aa6d0043b86b1d5c", "noise_flags": []}, "base_prompt": {"chars": 15142, "approx_tokens": 3785, "sha256_16": "da0de4a7a6480a27", "noise_flags": []}, "system_prompt": {"chars": 20122, "approx_tokens": 5030, "sha256_16": "f22f13a4d7c83a24", "noise_flags": []}, "full_input": {"chars": 29586, "approx_tokens": 7396, "sha256_16": "29708706da227a1b", "noise_flags": []}}, "source_lanes": {"context_source": "snapshot+rag", "snapshot": {"used": true, "status": "success", "version": 37}, "rag": {"used": true, "chunk_count": 1, "final_status": "success", "retrieval_profile": {"profile_version": "2.5", "query_type": "process", "query_length": 1000, "rewrite_count": 1, "recall_lane_hits": {"original_raw": 5, "original_summary": 0, "rewrite_raw": 5, "rewrite_summary": 0, "keyword_docs": 42}, "raw_topk_scores": [0.875, 0.485, 0.485, 0.40279, 0.357441, 0.2725, 0.2725, 0.2725, 0.2725, 0.2725], "rerank_top_scores": [0.935, 0.43, 0.43, 0.42279, 0.382441, 0.291667, 0.2725, 0.2725, 0.270833, 0.270833], "final_chunk_count": 1, "final_doc_type_distribution": {"requirement": 1}, "compressed_before_chars": 3255, "compressed_after_chars": 1600, "snapshot_related_hit": false, "question_length": 1000, "lane_health": {"counts": {"original_raw": 5, "original_summary": 0, "rewrite_raw": 5, "rewrite_summary": 0, "keyword_docs": 42}, "reasons": {"original_raw": "ok", "original_summary": "no_hit", "rewrite_raw": "ok", "rewrite_summary": "no_hit", "keyword_docs": "ok"}, "topk": {"original_raw": 40, "original_summary": 20, "rewrite_raw": 20, "rewrite_summary": 10, "keyword_docs": 40}, "merged_count": 52, "deduped_count": 45}, "score_profile": {"rerank_top1": 0.935, "rerank_topk_avg": 0.3479832029220469, "selected_top1": 0.935, "selected_topk_avg": 0.935, "rerank_score_bands": {"gte_0_9": 1, "0_8_to_0_9": 0, "0_7_to_0_8": 0, "lt_0_7": 15}, "selected_score_bands": {"gte_0_9": 1, "0_8_to_0_9": 0, "0_7_to_0_8": 0, "lt_0_7": 0}}, "selection_profile": {"selected_count": 1, "kept_by_query_source": {"original": 1, "rewrite": 0, "unknown": 0}, "kept_by_chunk_source": {"raw": 1, "summary": 0, "unknown": 0}}, "stability": {"attempt_count": 1, "retry_triggered_count": 0, "retry_reasons": [], "final_status": "success", "final_failure_reason": ""}}}}, "rag_sources": [{"rank": 1, "doc_id": "238", "chunk_id": "238_0", "filename": "学习激励+错题推荐.pdf", "score": 0.935, "chars": 1200, "approx_tokens": 300, "sha256_16": "086a97471d9eade9", "preview": "学习激励+错题推荐\u0001 范围：初中数理化的标准化⾃习\u0001 整体结构调整\u0001 \u0001 \u0001 课中积分逻辑\u0001 ⼀、计分规则\u0001 • 每道题答对得\u00011\u0001分，答错得\u00010\u0001分\u0001 • 模块得分\u0001=\u0001该模块答对题数\u0001 • 每节课题量由题库配置决定，最⾼分各不相同\u0001 ⼆、模块说明\u0001 快问快答\u0001 • 可反复刷的模块，取历史最⾼分\u0001 • 中途退出...", "noise_flags": []}], "control": {"workflow_blueprint_count": 1, "generation_execution_plan_blueprint_count": 1, "generation_execution_plan_step_count": 6, "generation_execution_plan_in_context": true, "generation_execution_independent_suite_order": ["permission/security", "exception/recovery", "boundary/state rollback", "independent functional", "UI/display"], "must_cover_rules_count": 0, "quality_fix_hints_count": 6, "fact_profile_source": "requirement_semantics", "fact_profile_confidence": 0.75, "fact_profile_confirmed_count": 5, "fact_profile_pending_count": 0, "fact_profile_forbidden_count": 0, "scoped_rules_count": 0, "hard_flow_constraints_count": 3, "reuse_risks_count": 0}, "requirement_understanding": {"present": true, "visual_fact_count": 4, "invalid_visual_block_count": 0, "aligned_evidence_count": 4}, "business_scope": {"biz_key_order": ["unknown"], "module_order_hint": [], "module_order_source": "none", "requirement_semantics_by_biz": [{"biz_key": "unknown", "confirmed_facts_count": 5, "scoped_rules_count": 0, "pending_items_count": 0, "forbidden_facts_count": 0, "reuse_risks_count": 0}]}, "noise_summary": {"section_noise_flags": {"short_fragment": 1, "label_fragment": 1}, "rag_source_noise_flags": {}}, "risk_flags": []}
```json
[
  {
    "id": "TC-001",
    "description": "申请查看答案-拍照开关关闭时跳过拍照直接进入对答案页面",
    "test_module": "拍照对答案自评流程-申请查看答案",
    "preconditions": [
      "学生已完成出门测纸上作答",
      "督导端「查看答案前需拍照上传」开关为关闭状态"
    ],
    "steps": [
      "学生进入出门测模块",
      "点击「申请看答案」按钮"
    ],
    "test_input": "点击申请看答案",
    "expected_result": "不弹出拍照弹窗，直接跳转进入对答案页面，页面显示逐题对错标记界面",
    "priority": "P0"
  },
  {
    "id": "TC-002",
    "description": "申请查看答案-拍照开关开启时弹出拍照弹窗必须完成拍照",
    "test_module": "拍照对答案自评流程-申请查看答案",
    "preconditions": [
      "学生已完成出门测纸上作答",
      "督导端「查看答案前需拍照上传」开关为开启状态"
    ],
    "steps": [
      "学生进入出门测模块",
      "点击「申请看答案」按钮"
    ],
    "test_input": "点击申请看答案",
    "expected_result": "弹出拍照弹窗，弹窗标题为「请先拍照上传作业」，确认按钮置灰不可点击，学生必须完成拍照才能查看答案",
    "priority": "P0"
  },
  {
    "id": "TC-003",
    "description": "拍照上传作业-拍摄一张照片后缩略图追加计数+1水印附加",
    "test_module": "拍照对答案自评流程-拍照上传作业",
    "preconditions": [
      "拍照弹窗已弹出",
      "已拍照片数为0"
    ],
    "steps": [
      "点击「点击拍照上传」按钮调用摄像头",
      "完成拍摄一张照片"
    ],
    "test_input": "拍摄1张照片",
    "expected_result": "缩略图列表新增1张照片，计数显示「已拍1张」，照片自动附加水印包含学生ID+时间戳+课程名称，确认按钮变为可点击状态",
    "priority": "P0"
  },
  {
    "id": "TC-004",
    "description": "拍照上传作业-删除照片后计数更新确认按钮置灰",
    "test_module": "拍照对答案自评流程-拍照上传作业",
    "preconditions": [
      "已拍摄1张照片，计数为1"
    ],
    "steps": [
      "点击缩略图右上角「×」删除按钮删除该照片"
    ],
    "test_input": "删除唯一1张照片",
    "expected_result": "照片从缩略图列表移除，计数更新为「已拍0张」，确认按钮重新置灰不可点击",
    "priority": "P1"
  },
  {
    "id": "TC-005",
    "description": "拍照上传作业-连续拍摄多张照片计数累加确认按钮保持可点击",
    "test_module": "拍照对答案自评流程-拍照上传作业",
    "preconditions": [
      "拍照弹窗已弹出",
      "已拍照片数为0"
    ],
    "steps": [
      "连续拍摄3张照片",
      "观察计数和缩略图列表变化"
    ],
    "test_input": "连续拍摄3张照片",
    "expected_result": "缩略图列表按3列网格展示3张照片，计数依次变为1→2→3，每张照片均带水印，确认按钮自第1张起保持可点击",
    "priority": "P1"
  },
  {
    "id": "TC-006",
    "description": "拍照确认-点击确认后照片上传转发督导端学生端提示后关闭弹窗进入对答案",
    "test_module": "拍照对答案自评流程-拍照确认",
    "preconditions": [
      "已拍摄至少1张照片",
      "确认按钮可点击"
    ],
    "steps": [
      "点击「已拍照，查看答案」确认按钮",
      "观察上传提示弹窗"
    ],
    "test_input": "点击确认按钮",
    "expected_result": "照片立即上传至服务器并转发督导端，学生端弹出提示「照片已发送至督导端，老师可查看你的原始作业」，弹窗2秒后自动关闭，学生端不保留不展示任何已拍照片，直接进入对答案页面",
    "priority": "P0"
  },
  {
    "id": "TC-007",
    "description": "拍照取消-点击稍后再拍关闭弹窗返回做题页面不保存照片",
    "test_module": "拍照对答案自评流程-拍照取消",
    "preconditions": [
      "拍照弹窗已弹出",
      "已拍摄2张照片"
    ],
    "steps": [
      "点击「稍后再拍」取消按钮"
    ],
    "test_input": "点击稍后再拍",
    "expected_result": "弹窗关闭，返回做题页面，已拍摄的2张照片不保存不上传，下次申请查看答案需重新拍照",
    "priority": "P1"
  },
  {
    "id": "TC-008",
    "description": "逐题标记对错-标记做对即时反馈绿色动画金币+1",
    "test_module": "拍照对答案自评流程-逐题标记对错",
    "preconditions": [
      "已进入对答案页面",
      "第1题正确答案已展示"
    ],
    "steps": [
      "点击第1题「我做对了 ✓」按钮"
    ],
    "test_input": "标记第1题做对",
    "expected_result": "出现绿色微光动画+随机正向文案（如「太棒了！继续加油💪」），金币+1，右上角金币数字跳动更新，底部提交标记按钮计数更新为(对1/总Y)",
    "priority": "P0"
  },
  {
    "id": "TC-009",
    "description": "逐题标记对错-标记做错即时反馈红色提示金币+1鼓励诚实",
    "test_module": "拍照对答案自评流程-逐题标记对错",
    "preconditions": [
      "已进入对答案页面",
      "第2题正确答案已展示"
    ],
    "steps": [
      "点击第2题「我做错了 ✗」按钮"
    ],
    "test_input": "标记第2题做错",
    "expected_result": "出现柔和红色提示+随机鼓励文案（如「没关系，加练一下就掌握🌟」），金币+1（鼓励诚实），右上角金币数字跳动更新，底部提交标记按钮计数更新为(对X/总Y)，该题标记为错题",
    "priority": "P0"
  },
  {
    "id": "TC-010",
    "description": "提交自评结果-提交时统计答对题数计算积分错题加入错题本",
    "test_module": "拍照对答案自评流程-提交自评结果",
    "preconditions": [
      "已逐题标记完所有5道出门测题目",
      "标记结果：3对2错"
    ],
    "steps": [
      "点击底部「提交标记(对3/总5)」按钮"
    ],
    "test_input": "提交标记结果",
    "expected_result": "统计答对题数为3，计算积分3分（3×1分），2道错题加入错题本、习题集错题、课后报告，出门测模块得分记录为3分",
    "priority": "P0"
  },
  {
    "id": "TC-011",
    "description": "触发相似题推荐-出门测提交存在错题时触发推荐",
    "test_module": "拍照对答案自评流程-触发相似题推荐",
    "preconditions": [
      "出门测提交后有2道错题涉及2个知识点"
    ],
    "steps": [
      "出门测提交完成",
      "观察是否触发相似题推荐"
    ],
    "test_input": "出门测提交2道错题",
    "expected_result": "根据2道错题知识点从题库抽取相似题，进入「举一反三练习题」页面，显示第1轮轮次指示器，每题标注「针对出门测第X题」",
    "priority": "P0"
  },
  {
    "id": "TC-012",
    "description": "相似题推荐-最多3轮每轮独立计分难度递降",
    "test_module": "拍照对答案自评流程-相似题推荐轮次",
    "preconditions": [
      "第1轮相似题存在错题，触发第2轮"
    ],
    "steps": [
      "完成第1轮相似题并提交（有错题）",
      "进入第2轮",
      "完成第2轮相似题并提交（有错题）",
      "进入第3轮",
      "完成第3轮并提交"
    ],
    "test_input": "连续3轮均有错题",
    "expected_result": "第1轮显示「第1轮」指示器同难度题目，第2轮显示「第2轮」降低1级难度，第3轮显示「第3轮」降低2级难度，每轮独立计分，3轮全部做完后结束推荐不再继续",
    "priority": "P1"
  },
  {
    "id": "TC-013",
    "description": "相似题推荐-某知识点全部答对后停止推荐该知识点其他错题知识点继续",
    "test_module": "拍照对答案自评流程-相似题推荐知识点停止",
    "preconditions": [
      "出门测错题涉及2个知识点A和B",
      "第1轮相似题中知识点A全部答对，知识点B仍有错题"
    ],
    "steps": [
      "提交第1轮标记结果",
      "观察后续推荐"
    ],
    "test_input": "知识点A全对、知识点B有错",
    "expected_result": "知识点A停止推荐不再出现该知识点相似题，知识点B继续推荐第2轮相似题，轮次指示器显示第2轮",
    "priority": "P1"
  },
  {
    "id": "TC-014",
    "description": "督导端设置-查看答案需老师同意开关开启后学生申请需审批",
    "test_module": "权限/安全-督导端答案查看控制",
    "preconditions": [
      "督导端「查看答案需老师同意」开关为开启",
      "「查看答案前需拍照上传」开关为关闭"
    ],
    "steps": [
      "学生点击「查看答案」",
      "观察审批请求发送",
      "老师未同意前学生尝试查看答案"
    ],
    "test_input": "学生申请查看答案",
    "expected_result": "系统向老师发送审批请求，老师同意前学生无法看到答案内容，学生端显示等待审批状态",
    "priority": "P1"
  },
  {
    "id": "TC-015",
    "description": "督导端设置-两个开关都开启时申请→老师同意→拍照上传→查看答案",
    "test_module": "权限/安全-督导端答案查看组合控制",
    "preconditions": [
      "督导端「查看答案需老师同意」开关为开启",
      "督导端「查看答案前需拍照上传」开关为开启"
    ],
    "steps": [
      "学生点击「查看答案」发起申请",
      "老师同意审批",
      "学生端弹出拍照弹窗",
      "学生完成拍照并确认",
      "进入对答案页面"
    ],
    "test_input": "两个开关都开启的完整流程",
    "expected_result": "流程顺序为：申请→老师同意→拍照上传→查看答案，管理强度最高，每个环节必须依次完成才能查看答案",
    "priority": "P1"
  },
  {
    "id": "TC-016",
    "description": "断网时本地保存标记状态恢复后自动提交",
    "test_module": "异常/恢复-对答案断网恢复",
    "preconditions": [
      "学生正在逐题标记对错",
      "已标记3道题（2对1错）",
      "网络突然断开"
    ],
    "steps": [
      "断网状态下继续标记剩余题目",
      "点击提交标记",
      "网络恢复后观察自动提交"
    ],
    "test_input": "断网后标记并提交",
    "expected_result": "断网时标记状态本地保存，网络恢复后自动提交标记结果，提交数据与本地保存一致（2对1错的标记状态完整恢复）",
    "priority": "P1"
  },
  {
    "id": "TC-017",
    "description": "刷新页面恢复之前的标记状态",
    "test_module": "异常/恢复-对答案刷新恢复",
    "preconditions": [
      "学生已标记3道题（2对1错）但未提交"
    ],
    "steps": [
      "刷新对答案页面",
      "观察标记状态恢复"
    ],
    "test_input": "刷新页面",
    "expected_result": "页面刷新后恢复之前的标记状态，3道题的标记结果（2对1错）保持不变，金币数保持刷新前数值，提交按钮计数不变",
    "priority": "P1"
  },
  {
    "id": "TC-018",
    "description": "拍照后未点确认直接关闭浏览器下次需重新拍照",
    "test_module": "异常/恢复-拍照中断恢复",
    "preconditions": [
      "已拍摄2张照片但未点击确认按钮"
    ],
    "steps": [
      "直接关闭浏览器",
      "重新打开浏览器进入出门测",
      "点击「申请看答案」"
    ],
    "test_input": "关闭浏览器后重新进入",
    "expected_result": "照片未上传服务器，重新进入后需重新拍照，之前拍摄的2张照片不会保留，拍照弹窗计数为0，确认按钮置灰",
    "priority": "P1"
  },
  {
    "id": "TC-019",
    "description": "快问快答中途退出不计分不记录",
    "test_module": "边界/状态回退-模块中途退出",
    "preconditions": [
      "快问快答模块配置10道题",
      "学生已答5道题（4对1错）"
    ],
    "steps": [
      "学生中途退出快问快答模块",
      "观察得分和记录"
    ],
    "test_input": "中途退出快问快答",
    "expected_result": "本次快问快答不计分（0分）、不记录答题历史，历史最高分保持之前记录不变，下次重新进入从第1题开始",
    "priority": "P1"
  },
  {
    "id": "TC-020",
    "description": "出门测与基础巩固至少完成一个才可进入后续流程",
    "test_module": "边界/状态回退-流程解锁条件",
    "preconditions": [
      "出门测和基础巩固均未完成",
      "基础巩固已配置且有入口"
    ],
    "steps": [
      "尝试点击后续流程步骤（如讲知识&错题）",
      "完成出门测后再次尝试",
      "观察解锁变化"
    ],
    "test_input": "未完成出门测和基础巩固时尝试进入后续流程",
    "expected_result": "未完成时后续流程步骤不可进入（锁定状态），完成出门测后后续流程解锁可进入，仅完成基础巩固也可解锁后续流程",
    "priority": "P0"
  },
  {
    "id": "TC-021",
    "description": "基础巩固本课未配置时不展示入口",
    "test_module": "边界/状态回退-基础巩固入口显隐",
    "preconditions": [
      "当前课程未配置基础巩固(ABS测试)题目"
    ],
    "steps": [
      "进入课程学习页面",
      "观察左侧导航和主内容区"
    ],
    "test_input": "课程未配置基础巩固",
    "expected_result": "左侧导航和主内容区均不展示基础巩固入口，最高分计算中基础巩固题数为0，后续流程解锁仅需完成出门测",
    "priority": "P1"
  },
  {
    "id": "TC-022",
    "description": "最高分计算公式验证-含基础巩固和相似题满分",
    "test_module": "边界/状态回退-最高分计算",
    "preconditions": [
      "快问快答10题、牛刀小试5题、出门测5题、基础巩固5题、相似题3轮×3题"
    ],
    "steps": [
      "查看本节课最高分显示",
      "核对计算公式"
    ],
    "test_input": "题库配置：10+5+5+5+9",
    "expected_result": "最高分=10+5+5+5+9=34分，页面最高分显示34分，与公式计算一致",
    "priority": "P1"
  },
  {
    "id": "TC-023",
    "description": "最高分计算-基础巩固题数为0时最高分不含该模块",
    "test_module": "边界/状态回退-最高分计算边界",
    "preconditions": [
      "快问快答10题、牛刀小试5题、出门测5题、基础巩固0题、相似题3轮×3题"
    ],
    "steps": [
      "查看本节课最高分显示"
    ],
    "test_input": "基础巩固题数为0",
    "expected_result": "最高分=10+5+5+0+9=29分，基础巩固模块不展示入口，最高分计算正确不含基础巩固部分",
    "priority": "P2"
  },
  {
    "id": "TC-024",
    "description": "督导端设置-按学习计划顺序学习开关开启后学生无法跳过节次",
    "test_module": "独立功能-督导端学习进度控制",
    "preconditions": [
      "督导端「按学习计划顺序学习」开关为开启"
    ],
    "steps": [
      "学生尝试在课程列表自选其他课程",
      "学生尝试跳过当前节次进入下一节",
      "完成当前节次学习任务后观察下一节解锁"
    ],
    "test_input": "开启顺序学习开关",
    "expected_result": "学生无法在课程列表自选其他课程，无法跳过节次，必须完成当前节次全部学习任务后下一节才解锁",
    "priority": "P1"
  },
  {
    "id": "TC-025",
    "description": "督导端设置-允许拖动视频进度条开关关闭后进度条不可拖动",
    "test_module": "独立功能-督导端视频进度控制",
    "preconditions": [
      "督导端「允许拖动视频进度条」开关为关闭"
    ],
    "steps": [
      "学生进入视频讲解环节",
      "尝试拖动进度条快进或回退",
      "尝试使用倍速播放功能"
    ],
    "test_input": "关闭拖动进度条开关",
    "expected_result": "视频进度条不可拖动，无法快进或随意跳转，但倍速播放功能不受影响仍可正常使用，视频只能按正常倍率顺序播放",
    "priority": "P1"
  },
  {
    "id": "TC-026",
    "description": "奖励进度条实时填充与动态计算剩余金币",
    "test_module": "独立功能-奖励进度条",
    "preconditions": [
      "本节课总金币170（牛刀小试+20、快问快答+30×2、出门测+10、巩固练习+10、出门测加练+50）",
      "学生已获得快问快答30金币"
    ],
    "steps": [
      "观察进度条填充比例",
      "观察右侧提示文案",
      "完成牛刀小试获得20金币后观察更新"
    ],
    "test_input": "已获30金币/总170金币",
    "expected_result": "进度条填充比例为30/170，右侧提示「再得140金币拿满奖励」，完成牛刀小试后进度条更新为50/170，提示更新为「再得120金币拿满奖励」",
    "priority": "P1"
  },
  {
    "id": "TC-027",
    "description": "左侧导航手风琴效果同时只能展开一个步骤",
    "test_module": "独立功能-左侧导航交互",
    "preconditions": [
      "左侧导航有6个步骤卡片"
    ],
    "steps": [
      "点击「第二步 学&练」步骤卡片展开内容目录",
      "观察箭头旋转180°",
      "点击「第四步 随堂测」步骤卡片",
      "观察第二步是否自动收起、箭头复位"
    ],
    "test_input": "依次展开两个不同步骤",
    "expected_result": "第二步展开时箭头旋转180°显示内容目录，点击第四步后第二步自动收起箭头复位，同时只有第四步展开，内容目录内部沿用2层树形结构（知识点→视频/练习项）",
    "priority": "P2"
  },
  {
    "id": "TC-028",
    "description": "牛刀小试可反复刷取历史最高分重新进入可修改对错",
    "test_module": "独立功能-模块反复刷最高分",
    "preconditions": [
      "牛刀小试配置5题",
      "学生第1次完成牛刀小试答对3题得分3分"
    ],
    "steps": [
      "重新进入牛刀小试模块",
      "修改之前标记的对错（将1道错题改为对）",
      "提交标记结果",
      "观察得分更新"
    ],
    "test_input": "重新进入修改对错后提交",
    "expected_result": "重新进入后可修改之前标记的对错，修改后答对4题得分4分，历史最高分从3分更新为4分，取历史最高分记录",
    "priority": "P1"
  },
  {
    "id": "TC-029",
    "description": "结束庆祝页面金币计算与幂等处理",
    "test_module": "独立功能-结束庆祝逻辑",
    "preconditions": [
      "出门测答对3题+相似题加练答对4题",
      "出门测做对题对应金币+相似题加练对应金币合计70金币"
    ],
    "steps": [
      "出门测及相似题加练全部完成提交",
      "观察结束庆祝页面金币显示",
      "重复刷新结果页"
    ],
    "test_input": "完成出门测阶段触发庆祝",
    "expected_result": "庆祝页面显示金色奖杯动画，金币卡片显示70金币并标注「出门测阶段获得」，金币实时累加到顶部总金币数，重复刷新结果页金币只发放一次（幂等处理），进度条同步更新",
    "priority": "P1"
  }
]
```GEN_DIAG:{"kind": "stream_batch_token_usage", "project_id": 8, "request_id": "de10329c2afe4b34aa2c42e202ddaa49", "current_biz_key": "unknown", "multi_pass": true, "generation_mode": "multi_pass", "batch_index": 1, "total_batches": 2, "attempt": 1, "requested_count": 25, "input_tokens": null, "output_tokens": null, "total_tokens": null, "token_source": "unavailable", "token_unavailable_reason": "provider_usage_estimated", "estimate_method": "chars_div_4", "model": "glm-5.1", "duration_ms": 121960, "response_chars": 11287, "attempt_status": "received", "provider_error": ""}

GEN_DIAG:{"kind": "stream_batch_quality", "project_id": 8, "request_id": "de10329c2afe4b34aa2c42e202ddaa49", "current_biz_key": "unknown", "multi_pass": true, "generation_mode": "multi_pass", "batch_index": 1, "batch_overflow_trimmed": true, "requested_count": 25, "overflow_count": 4}
GEN_DIAG:{"kind": "stream_batch_quality", "project_id": 8, "request_id": "de10329c2afe4b34aa2c42e202ddaa49", "current_biz_key": "unknown", "multi_pass": true, "generation_mode": "multi_pass", "batch_index": 1, "new_valid_cases_count": 25, "duplicate_rate": 0.0, "non_assertable_count": 0, "low_quality_filtered_count": 0, "coverage_gain_count": 25, "low_gain_detected": false, "low_gain_streak": 0}
@@STATUS@@:正在生成第 2/2 批次 (11 条) - 第 1 次尝试...
GEN_DIAG:{"kind": "prompt_context_intake", "diag_version": "1.0", "mode": "stream", "doc_type": "requirement", "compress": false, "project_id": 8, "request_id": "de10329c2afe4b34aa2c42e202ddaa49", "batch_index": 2, "total_batches": 2, "attempt": 1, "expected_count": 11, "multi_pass": true, "generation_mode": "multi_pass", "model": "glm-5.1", "max_output_tokens": 10000, "max_tokens_semantics": "output_tokens", "current_biz_key": "unknown", "only_current_biz": false, "section_sizes": {"requirement_user": {"chars": 9464, "approx_tokens": 2366, "sha256_16": "29d26833ae12aa67", "noise_flags": []}, "kb_context": {"chars": 9259, "approx_tokens": 2314, "sha256_16": "d4cdc5a8be3d7990", "noise_flags": []}, "requirement_context": {"chars": 2457, "approx_tokens": 614, "sha256_16": "ad719b851d242616", "noise_flags": []}, "requirement_semantics_context": {"chars": 312, "approx_tokens": 78, "sha256_16": "b94786f6bb3003b2", "noise_flags": []}, "testcase_context": {"chars": 7, "approx_tokens": 1, "sha256_16": "d29a0939bcb51176", "noise_flags": ["short_fragment", "label_fragment"]}, "supplement_context": {"chars": 329, "approx_tokens": 82, "sha256_16": "4e83209e22e23cb1", "noise_flags": []}, "control_context": {"chars": 2931, "approx_tokens": 732, "sha256_16": "aa6d0043b86b1d5c", "noise_flags": []}, "base_prompt": {"chars": 15979, "approx_tokens": 3994, "sha256_16": "bd4c1bc5a145c975", "noise_flags": []}, "system_prompt": {"chars": 22179, "approx_tokens": 5544, "sha256_16": "c386bd9f14969b5e", "noise_flags": []}, "full_input": {"chars": 31643, "approx_tokens": 7910, "sha256_16": "5a0c6df6b3450c32", "noise_flags": []}}, "source_lanes": {"context_source": "snapshot+rag", "snapshot": {"used": true, "status": "success", "version": 37}, "rag": {"used": true, "chunk_count": 1, "final_status": "success", "retrieval_profile": {"profile_version": "2.5", "query_type": "process", "query_length": 1000, "rewrite_count": 1, "recall_lane_hits": {"original_raw": 5, "original_summary": 0, "rewrite_raw": 5, "rewrite_summary": 0, "keyword_docs": 42}, "raw_topk_scores": [0.875, 0.485, 0.485, 0.40279, 0.357441, 0.2725, 0.2725, 0.2725, 0.2725, 0.2725], "rerank_top_scores": [0.935, 0.43, 0.43, 0.42279, 0.382441, 0.291667, 0.2725, 0.2725, 0.270833, 0.270833], "final_chunk_count": 1, "final_doc_type_distribution": {"requirement": 1}, "compressed_before_chars": 3255, "compressed_after_chars": 1600, "snapshot_related_hit": false, "question_length": 1000, "lane_health": {"counts": {"original_raw": 5, "original_summary": 0, "rewrite_raw": 5, "rewrite_summary": 0, "keyword_docs": 42}, "reasons": {"original_raw": "ok", "original_summary": "no_hit", "rewrite_raw": "ok", "rewrite_summary": "no_hit", "keyword_docs": "ok"}, "topk": {"original_raw": 40, "original_summary": 20, "rewrite_raw": 20, "rewrite_summary": 10, "keyword_docs": 40}, "merged_count": 52, "deduped_count": 45}, "score_profile": {"rerank_top1": 0.935, "rerank_topk_avg": 0.3479832029220469, "selected_top1": 0.935, "selected_topk_avg": 0.935, "rerank_score_bands": {"gte_0_9": 1, "0_8_to_0_9": 0, "0_7_to_0_8": 0, "lt_0_7": 15}, "selected_score_bands": {"gte_0_9": 1, "0_8_to_0_9": 0, "0_7_to_0_8": 0, "lt_0_7": 0}}, "selection_profile": {"selected_count": 1, "kept_by_query_source": {"original": 1, "rewrite": 0, "unknown": 0}, "kept_by_chunk_source": {"raw": 1, "summary": 0, "unknown": 0}}, "stability": {"attempt_count": 1, "retry_triggered_count": 0, "retry_reasons": [], "final_status": "success", "final_failure_reason": ""}}}}, "rag_sources": [{"rank": 1, "doc_id": "238", "chunk_id": "238_0", "filename": "学习激励+错题推荐.pdf", "score": 0.935, "chars": 1200, "approx_tokens": 300, "sha256_16": "086a97471d9eade9", "preview": "学习激励+错题推荐\u0001 范围：初中数理化的标准化⾃习\u0001 整体结构调整\u0001 \u0001 \u0001 课中积分逻辑\u0001 ⼀、计分规则\u0001 • 每道题答对得\u00011\u0001分，答错得\u00010\u0001分\u0001 • 模块得分\u0001=\u0001该模块答对题数\u0001 • 每节课题量由题库配置决定，最⾼分各不相同\u0001 ⼆、模块说明\u0001 快问快答\u0001 • 可反复刷的模块，取历史最⾼分\u0001 • 中途退出...", "noise_flags": []}], "control": {"workflow_blueprint_count": 1, "generation_execution_plan_blueprint_count": 1, "generation_execution_plan_step_count": 6, "generation_execution_plan_in_context": true, "generation_execution_independent_suite_order": ["permission/security", "exception/recovery", "boundary/state rollback", "independent functional", "UI/display"], "must_cover_rules_count": 0, "quality_fix_hints_count": 6, "fact_profile_source": "requirement_semantics", "fact_profile_confidence": 0.75, "fact_profile_confirmed_count": 5, "fact_profile_pending_count": 0, "fact_profile_forbidden_count": 0, "scoped_rules_count": 0, "hard_flow_constraints_count": 3, "reuse_risks_count": 0}, "requirement_understanding": {"present": true, "visual_fact_count": 4, "invalid_visual_block_count": 0, "aligned_evidence_count": 4}, "business_scope": {"biz_key_order": ["unknown"], "module_order_hint": [], "module_order_source": "none", "requirement_semantics_by_biz": [{"biz_key": "unknown", "confirmed_facts_count": 5, "scoped_rules_count": 0, "pending_items_count": 0, "forbidden_facts_count": 0, "reuse_risks_count": 0}]}, "noise_summary": {"section_noise_flags": {"short_fragment": 1, "label_fragment": 1}, "rag_source_noise_flags": {}}, "risk_flags": []}
```json
[
  {
    "id": "TC-026",
    "description": "牛刀小试重新进入修改对错后取历史最高分",
    "test_module": "课中积分逻辑-模块说明",
    "preconditions": [
      "学生已完成一次牛刀小试，得分3/5",
      "牛刀小试模块可反复刷"
    ],
    "steps": [
      "重新进入牛刀小试模块",
      "修改之前答错的2道题标记为做对",
      "提交标记"
    ],
    "test_input": "牛刀小试5题，首次答对3题，第二次修改2题为对",
    "expected_result": "模块得分更新为5分（历史最高分），原3分记录被覆盖；积分按5分计算",
    "priority": "P1"
  },
  {
    "id": "TC-027",
    "description": "出门测重新进入修改对错后取历史最高分",
    "test_module": "课中积分逻辑-模块说明",
    "preconditions": [
      "学生已完成一次出门测，得分2/5",
      "出门测模块可反复刷"
    ],
    "steps": [
      "重新进入出门测模块",
      "修改之前答错的3道题中2道为做对",
      "提交标记"
    ],
    "test_input": "出门测5题，首次答对2题，第二次修改2题为对",
    "expected_result": "模块得分更新为4分（取历史最高分），原2分记录被覆盖",
    "priority": "P1"
  },
  {
    "id": "TC-028",
    "description": "奖励进度条实时填充与再得X金币动态计算",
    "test_module": "课中学习交互-奖励进度条",
    "preconditions": [
      "本节课总金币170（牛刀小试+20、快问快答+30×2、出门测+10、巩固练习+10、出门测加练+50）",
      "学生已完成牛刀小试获得20金币"
    ],
    "steps": [
      "查看奖励进度条当前状态",
      "完成快问快答获得30金币",
      "查看进度条和右侧提示文案"
    ],
    "test_input": "已获50金币，总金币170",
    "expected_result": "进度条填充比例为50/170；右侧提示显示'再得120金币拿满奖励'；完成快问快答后填充更新为80/170，提示变为'再得90金币拿满奖励'",
    "priority": "P1"
  },
  {
    "id": "TC-029",
    "description": "左侧导航手风琴效果-同时只能展开一个步骤",
    "test_module": "课中学习交互-左侧导航",
    "preconditions": [
      "学生进入课程学习页面",
      "左侧导航有多个步骤卡片"
    ],
    "steps": [
      "点击'第二步 学&练'步骤卡片，展开其内容目录",
      "点击'第四步 随堂测'步骤卡片，展开其内容目录",
      "观察'第二步'的内容目录状态"
    ],
    "test_input": "依次点击两个不同步骤卡片",
    "expected_result": "点击第四步后，第二步内容目录自动收起、箭头复位；同时只有第四步内容目录展开、箭头旋转180°",
    "priority": "P2"
  },
  {
    "id": "TC-030",
    "description": "结束庆祝页金币计算与重复刷新幂等处理",
    "test_module": "结束庆祝逻辑",
    "preconditions": [
      "学生完成出门测及相似题加练并提交",
      "出门测做对3题对应金币+相似题加练做对2题对应金币"
    ],
    "steps": [
      "查看结束庆祝页金币卡片显示数值",
      "刷新页面",
      "再次查看金币数值和顶部总金币数"
    ],
    "test_input": "出门测阶段完成，刷新结果页",
    "expected_result": "庆祝页金币卡片显示本阶段获得金币总数；刷新后显示静态结果页，金币数值不变；顶部总金币数未重复累加，金币只发放一次",
    "priority": "P1"
  },
  {
    "id": "TC-031",
    "description": "两个答案查看开关都关闭时学生直接查看答案",
    "test_module": "督导端配置-答案查看控制",
    "preconditions": [
      "督导端'查看答案需老师同意'开关为关闭",
      "督导端'查看答案前需拍照上传'开关为关闭"
    ],
    "steps": [
      "学生端进入出门测",
      "点击'申请看答案'按钮"
    ],
    "test_input": "两个开关均关闭，点击申请看答案",
    "expected_result": "不弹拍照弹窗、不发送审批请求，直接进入对答案页面展示答案内容",
    "priority": "P1"
  },
  {
    "id": "TC-032",
    "description": "牛刀小试答错后触发相似题推荐",
    "test_module": "错题推荐练习-触发条件",
    "preconditions": [
      "学生正在做牛刀小试模块",
      "牛刀小试共5题"
    ],
    "steps": [
      "完成牛刀小试，标记2道题为做错",
      "提交标记",
      "观察是否触发相似题推荐"
    ],
    "test_input": "牛刀小试5题中2道答错",
    "expected_result": "提交后触发相似题推荐，根据2道错题的知识点从题库抽取相似题，页面标题显示'举一反三练习题'",
    "priority": "P1"
  },
  {
    "id": "TC-033",
    "description": "基础巩固答错后触发相似题推荐",
    "test_module": "错题推荐练习-触发条件",
    "preconditions": [
      "本课已配置基础巩固模块",
      "学生正在做基础巩固"
    ],
    "steps": [
      "完成基础巩固，标记3道题为做错",
      "提交标记",
      "观察是否触发相似题推荐"
    ],
    "test_input": "基础巩固中3道答错",
    "expected_result": "提交后触发相似题推荐，根据3道错题知识点抽取相似题，进入举一反三练习题页面",
    "priority": "P1"
  },
  {
    "id": "TC-034",
    "description": "错题流向同步-错题本+习题集+课后报告",
    "test_module": "课后报告+习题集-错题流向",
    "preconditions": [
      "学生在出门测和相似题推荐中均有错题",
      "错题包含原始题和推荐相似题"
    ],
    "steps": [
      "查看学生端错题本是否包含出门测错题和相似题",
      "查看督导端习题集是否包含全部错题",
      "查看课后报告是否包含错题打包"
    ],
    "test_input": "出门测错2题+相似题错1题",
    "expected_result": "学生端错题本包含3道错题（含相似题）；督导端习题集显示全部3道错题；课后报告中错题打包同步包含这3道错题",
    "priority": "P1"
  },
  {
    "id": "TC-035",
    "description": "督导端设置即时生效-学习中切换开关立即影响学生端",
    "test_module": "督导端配置-设置即时生效",
    "preconditions": [
      "督导端'按学习计划顺序学习'开关为关闭",
      "学生正在课程列表可自由选择课程"
    ],
    "steps": [
      "督导端开启'按学习计划顺序学习'开关",
      "学生端刷新或切换页面",
      "观察学生端课程列表和节次跳转行为"
    ],
    "test_input": "督导端实时开启学习计划顺序开关",
    "expected_result": "设置即时生效，学生端无法再自主选择计划外课程，必须按顺序完成当前节次后下一节才解锁",
    "priority": "P1"
  },
  {
    "id": "TC-036",
    "description": "多个模块连续完成时庆祝动画排队播放不堆积",
    "test_module": "结束庆祝逻辑-极限情况",
    "preconditions": [
      "学生连续完成快问快答和牛刀小试两个模块"
    ],
    "steps": [
      "完成快问快答模块，触发小庆祝动画",
      "动画未播放完时完成牛刀小试模块",
      "观察两个庆祝动画的播放顺序"
    ],
    "test_input": "连续完成两个模块",
    "expected_result": "快问快答庆祝动画先播放，牛刀小试庆祝动画排队等待，前者播放完毕后后者开始播放，两个动画不叠加不堆积",
    "priority": "P2"
  }
]
```GEN_DIAG:{"kind": "stream_batch_token_usage", "project_id": 8, "request_id": "de10329c2afe4b34aa2c42e202ddaa49", "current_biz_key": "unknown", "multi_pass": true, "generation_mode": "multi_pass", "batch_index": 2, "total_batches": 2, "attempt": 1, "requested_count": 11, "input_tokens": null, "output_tokens": null, "total_tokens": null, "token_source": "unavailable", "token_unavailable_reason": "provider_usage_estimated", "estimate_method": "chars_div_4", "model": "glm-5.1", "duration_ms": 56335, "response_chars": 4400, "attempt_status": "received", "provider_error": ""}

GEN_DIAG:{"kind": "stream_batch_quality", "project_id": 8, "request_id": "de10329c2afe4b34aa2c42e202ddaa49", "current_biz_key": "unknown", "multi_pass": true, "generation_mode": "multi_pass", "batch_index": 2, "new_valid_cases_count": 11, "duplicate_rate": 0.0, "non_assertable_count": 0, "low_quality_filtered_count": 0, "coverage_gain_count": 11, "low_gain_detected": false, "low_gain_streak": 0}
@@STATUS@@:[multi-pass] Stage 3/3 review selection started...
GEN_DIAG:{"kind": "persistence_gate", "passed": true, "gate_mode": "enforce", "blocked": false, "failure_code": "", "quality_would_block": false, "quality_would_warn": false, "quality_soft_failures": [], "quality_hard_failures": [], "execution_plan_would_block": false, "quality_gate": {"passed": true, "failed_checks": [], "priority_final_null_count": 0, "invalid_priority_final_count": 0, "invalid_priority_final_case_ids": [], "non_assertable_expected_result_count": 0, "truncated_text_count": 0, "non_assertable_case_ids": [], "truncated_case_ids": [], "metrics": {"persistable_case_count": 33, "persistable_required_field_missing_count": 0, "persistable_priority_final_invalid_count": 0, "persistable_reasoning_leakage_count": 0, "final_count": 33, "min_acceptable_final": 29, "judge_rejected_count": 1, "final_scenario_duplicate_case_count": 0, "final_flow_misordered_count": 0, "reasoning_leak_count": 0, "role_mismatch_count": 0}, "persistable_required_field_missing_case_ids": [], "persistable_priority_final_invalid_case_ids": [], "persistable_reasoning_leakage_case_ids": []}, "execution_plan_validation": {"passed": true, "failure_code": "", "failure_reasons": [], "generation_mode": "multi_pass", "metrics": {"final_case_count": 33, "main_smoke_count": 6, "p0_count": 13, "state_field_coverage": 1.0, "workflow_id_missing_count": 0, "workflow_id_missing_rate": 0.0, "state_conflict_count": 0, "semantic_conflict_count": 0, "execution_group_order_conflict_count": 0, "linear_executable": true, "workflow_blueprint_count": 1, "trusted_workflow_contract_count": 0, "current_requirement_blueprint_count": 1, "untrusted_workflow_blueprint_count": 1, "workflow_contract_source_types": [], "workflow_blueprint_source": "current_requirement_blueprint", "current_requirement_blueprint_allowed": true, "candidate_blueprint_without_contract_allowed": false, "main_chain_stage_kinds": ["consume", "completion_sync", "edit", "preview", "commit", "downstream_visibility"], "commit_step_count": 1, "downstream_or_completion_step_count": 3, "commit_downstream_completion_closed": true}, "state_conflicts": [], "semantic_conflicts": [], "execution_group_order_conflicts": []}, "request_id": "de10329c2afe4b34aa2c42e202ddaa49", "project_id": 8}
GEN_DIAG:{"kind": "generation_execution_suite", "generation_id": 515, "project_id": 8, "request_id": "de10329c2afe4b34aa2c42e202ddaa49", "source": "persistence_gate_pre_projection", "case_count": 33, "execution_readiness": "ready", "execution_suite": {"kind": "execution_suite", "version": "execution-suite-v1", "case_count": 33, "suite_count": 6, "runnable_suite_count": 6, "linear_executable": true, "execution_readiness": "ready", "main_suite_id": "main_smoke_chain", "metadata_quality": {"complete_execution_metadata": true, "has_any_execution_metadata": true, "field_counts": {"execution_group": 33, "execution_sequence": 33, "role": 33, "session_key": 33}, "missing_dependency_count": 0}, "warnings": [], "suites": [{"suite_id": "main_smoke_chain", "suite_name": "主链路冒烟", "execution_group": "main_smoke", "run_mode": "sequential", "group_setup": "seed_workflow_blueprint_dataset()", "group_teardown": "cleanup_workflow_blueprint_dataset()", "case_count": 6, "roles": ["student"], "fixture_keys": ["workflow_blueprint_chain_seed"], "missing_dependencies": [], "runnable": true, "warnings": [], "cases": [{"case_id": "TC-001", "suite_order": 1, "execution_sequence": 1, "description": "申请查看答案", "test_module": "拍照对答案自评流程", "priority": "P0", "role": "student", "session_key": "student_session", "depends_on": [], "fixture_key": "workflow_blueprint_chain_seed", "setup_hint": "组级准备：seed_workflow_blueprint_dataset()；然后执行本主链路首个用例", "teardown_hint": "主链路末尾执行清理；中间步骤不清理，供下一条用例复用状态", "preconditions": ["已具备执行“申请查看答案”的前置业务状态"], "steps": ["点击申请看答案按钮"], "test_input": "点击申请看答案按钮", "expected_result": "申请查看答案完成，目标页面打开并展示可操作内容", "source_state": "initial", "target_state": "photo_popup", "action": "点击申请看答案按钮", "transition_action": "点击申请看答案按钮", "runnable": true}, {"case_id": "TC-002", "suite_order": 2, "execution_sequence": 2, "description": "拍照上传作业-拍摄一张照片后缩略图追加计数+1水印附加", "test_module": "拍照对答案自评流程-拍照上传作业", "priority": "P0", "role": "student", "session_key": "student_session", "depends_on": ["TC-001"], "fixture_key": "workflow_blueprint_chain_seed", "setup_hint": "依赖 TC-001 的执行结果：申请查看答案完成，目标页面打开并展示可操作内容", "teardown_hint": "主链路末尾执行清理；中间步骤不清理，供下一条用例复用状态", "preconditions": ["拍照弹窗已弹出", "已拍照片数为0"], "steps": ["1. 点击「点击拍照上传」按钮调用摄像头", "2. 完成拍摄一张照片"], "test_input": "拍摄1张照片", "expected_result": "缩略图列表新增1张照片，计数显示「已拍1张」，照片自动附加水印包含学生ID+时间戳+课程名称，确认按钮变为可点击状态", "source_state": "photo_popup", "target_state": "photo_uploaded", "action": "1. 点击「点击拍照上传」按钮调用摄像头", "transition_action": "拍照上传手写作业照片", "runnable": true}, {"case_id": "TC-003", "suite_order": 3, "execution_sequence": 3, "description": "逐题标记对错-标记做错即时反馈红色提示金币+1鼓励诚实", "test_module": "拍照对答案自评流程-逐题标记对错", "priority": "P0", "role": "student", "session_key": "student_session", "depends_on": ["TC-002"], "fixture_key": "workflow_blueprint_chain_seed", "setup_hint": "依赖 TC-002 的执行结果：缩略图列表新增1张照片，计数显示「已拍1张」，照片自动附加水印包含学生ID+时间戳+课程名称，确认按钮变为可点击状态", "teardown_hint": "主链路末尾执行清理；中间步骤不清理，供下一条用例复用状态", "preconditions": ["已进入对答案页面", "第2题正确答案已展示"], "steps": ["1. 点击第2题「我做错了 ✗」按钮"], "test_input": "标记第2题做错", "expected_result": "出现柔和红色提示+随机鼓励文案（如「没关系，加练一下就掌握🌟」），金币+1（鼓励诚实），右上角金币数字跳动更新，底部提交标记按钮计数更新为(对X/总Y)，该题标记为错题", "source_state": "photo_uploaded", "target_state": "marking_done", "action": "1. 点击第2题「我做错了 ✗」按钮", "transition_action": "逐题标记我做对或做错", "runnable": true}, {"case_id": "TC-004", "suite_order": 4, "execution_sequence": 4, "description": "确认标记结果", "test_module": "拍照对答案自评流程", "priority": "P0", "role": "student", "session_key": "student_session", "depends_on": ["TC-003"], "fixture_key": "workflow_blueprint_chain_seed", "setup_hint": "依赖 TC-003 的执行结果：出现柔和红色提示+随机鼓励文案（如「没关系，加练一下就掌握🌟」），金币+1（鼓励诚实），右上角金币数字跳动更新，底部提交标记按钮计数更新为(对X/总Y)，该题标记为错题", "teardown_hint": "主链路末尾执行清理；中间步骤不清理，供下一条用例复用状态", "preconditions": ["已具备执行“确认标记结果”的前置业务状态"], "steps": ["核对标记并准备提交"], "test_input": "核对标记并准备提交", "expected_result": "确认标记结果完成，预览内容展示当前配置结果", "source_state": "marking_done", "target_state": "ready_submit", "action": "核对标记并准备提交", "transition_action": "核对标记并准备提交", "runnable": true}, {"case_id": "TC-005", "suite_order": 5, "execution_sequence": 5, "description": "提交自评结果-提交时统计答对题数计算积分错题加入错题本", "test_module": "拍照对答案自评流程-提交自评结果", "priority": "P0", "role": "student", "session_key": "student_session", "depends_on": ["TC-004"], "fixture_key": "workflow_blueprint_chain_seed", "setup_hint": "依赖 TC-004 的执行结果：确认标记结果完成，预览内容展示当前配置结果", "teardown_hint": "主链路末尾执行清理；中间步骤不清理，供下一条用例复用状态", "preconditions": ["已逐题标记完所有5道出门测题目", "标记结果：3对2错"], "steps": ["1. 点击底部「提交标记(对3/总5)」按钮"], "test_input": "提交标记结果", "expected_result": "统计答对题数为3，计算积分3分（3×1分），2道错题加入错题本、习题集错题、课后报告，出门测模块得分记录为3分", "source_state": "ready_submit", "target_state": "submitted", "action": "1. 点击底部「提交标记(对3/总5)」按钮", "transition_action": "提交标记并计算积分", "runnable": true}, {"case_id": "TC-006", "suite_order": 6, "execution_sequence": 6, "description": "触发相似题推荐", "test_module": "拍照对答案自评流程", "priority": "P0", "role": "student", "session_key": "student_session", "depends_on": ["TC-005"], "fixture_key": "workflow_blueprint_chain_seed", "setup_hint": "依赖 TC-005 的执行结果：统计答对题数为3，计算积分3分（3×1分），2道错题加入错题本、习题集错题、课后报告，出门测模块得分记录为3分", "teardown_hint": "主链路末尾执行清理；中间步骤不清理，供下一条用例复用状态", "preconditions": ["已具备执行“触发相似题推荐”的前置业务状态"], "steps": ["错题触发相似题推荐练习"], "test_input": "错题触发相似题推荐练习", "expected_result": "触发相似题推荐完成，下游页面展示最新业务结果", "source_state": "submitted", "target_state": "recommend_triggered", "action": "错题触发相似题推荐练习", "transition_action": "错题触发相似题推荐练习", "runnable": true}]}, {"suite_id": "permission_independent", "suite_name": "权限与鉴权", "execution_group": "permission", "run_mode": "isolated", "group_setup": "seed_permission_state_dataset()", "group_teardown": "reset_permission_state_dataset()", "case_count": 2, "roles": ["supervisor"], "fixture_keys": ["permission_state_dataset"], "missing_dependencies": [], "runnable": true, "warnings": [], "cases": [{"case_id": "TC-007", "suite_order": 1, "execution_sequence": 7, "description": "督导端设置-查看答案需老师同意开关开启后学生申请需审批", "test_module": "权限/安全-督导端答案查看控制", "priority": "P0", "role": "supervisor", "session_key": "supervisor_session", "depends_on": [], "fixture_key": "permission_state_dataset", "setup_hint": "独立准备：督导端「查看答案需老师同意」开关为开启；「查看答案前需拍照上传」开关为关闭", "teardown_hint": "执行后恢复本用例改动的数据，避免影响其他独立用例", "preconditions": ["督导端「查看答案需老师同意」开关为开启", "「查看答案前需拍照上传」开关为关闭"], "steps": ["1. 学生点击「查看答案」", "2. 观察审批请求发送", "3. 老师未同意前学生尝试查看答案"], "test_input": "学生申请查看答案", "expected_result": "系统向老师发送审批请求，老师同意前学生无法看到答案内容，学生端显示等待审批状态", "source_state": "", "target_state": "", "action": "1. 学生点击「查看答案」", "transition_action": "", "runnable": true}, {"case_id": "TC-008", "suite_order": 2, "execution_sequence": 8, "description": "督导端设置-两个开关都开启时申请→老师同意→拍照上传→查看答案", "test_module": "权限/安全-督导端答案查看组合控制", "priority": "P0", "role": "supervisor", "session_key": "supervisor_session", "depends_on": [], "fixture_key": "permission_state_dataset", "setup_hint": "独立准备：督导端「查看答案需老师同意」开关为开启；督导端「查看答案前需拍照上传」开关为开启", "teardown_hint": "执行后恢复本用例改动的数据，避免影响其他独立用例", "preconditions": ["督导端「查看答案需老师同意」开关为开启", "督导端「查看答案前需拍照上传」开关为开启"], "steps": ["1. 学生点击「查看答案」发起申请", "2. 老师同意审批", "3. 学生端弹出拍照弹窗", "4. 学生完成拍照并确认", "5. 进入对答案页面"], "test_input": "两个开关都开启的完整流程", "expected_result": "流程顺序为：申请→老师同意→拍照上传→查看答案，管理强度最高，每个环节必须依次完成才能查看答案", "source_state": "", "target_state": "", "action": "1. 学生点击「查看答案」发起申请", "transition_action": "", "runnable": true}]}, {"suite_id": "exception_independent", "suite_name": "异常与失败路径", "execution_group": "exception", "run_mode": "isolated", "group_setup": "enable_fault_injection_for_case()", "group_teardown": "disable_fault_injection()", "case_count": 3, "roles": ["business_user"], "fixture_keys": ["fault_injection_case"], "missing_dependencies": [], "runnable": true, "warnings": [], "cases": [{"case_id": "TC-009", "suite_order": 1, "execution_sequence": 9, "description": "拍照后未点确认直接关闭浏览器下次需重新拍照", "test_module": "异常/恢复-拍照中断恢复", "priority": "P0", "role": "business_user", "session_key": "business_user_session", "depends_on": [], "fixture_key": "fault_injection_case", "setup_hint": "独立准备：已拍摄2张照片但未点击确认按钮", "teardown_hint": "执行后恢复本用例改动的数据，避免影响其他独立用例", "preconditions": ["已拍摄2张照片但未点击确认按钮"], "steps": ["1. 直接关闭浏览器", "2. 重新打开浏览器进入出门测", "3. 点击「申请看答案」"], "test_input": "关闭浏览器后重新进入", "expected_result": "照片未上传服务器，重新进入后需重新拍照，之前拍摄的2张照片不会保留，拍照弹窗计数为0，确认按钮置灰", "source_state": "", "target_state": "", "action": "1. 直接关闭浏览器", "transition_action": "", "runnable": true}, {"case_id": "TC-011", "suite_order": 2, "execution_sequence": 10, "description": "断网时本地保存标记状态恢复后自动提交", "test_module": "异常/恢复-对答案断网恢复", "priority": "P1", "role": "business_user", "session_key": "business_user_session", "depends_on": [], "fixture_key": "fault_injection_case", "setup_hint": "独立准备：学生正在逐题标记对错；已标记3道题（2对1错）；网络突然断开", "teardown_hint": "执行后恢复本用例改动的数据，避免影响其他独立用例", "preconditions": ["学生正在逐题标记对错", "已标记3道题（2对1错）", "网络突然断开"], "steps": ["1. 断网状态下继续标记剩余题目", "2. 点击提交标记", "3. 网络恢复后观察自动提交"], "test_input": "断网后标记并提交", "expected_result": "断网时标记状态本地保存，网络恢复后自动提交标记结果，提交数据与本地保存一致（2对1错的标记状态完整恢复）", "source_state": "", "target_state": "", "action": "1. 断网状态下继续标记剩余题目", "transition_action": "", "runnable": true}, {"case_id": "TC-010", "suite_order": 3, "execution_sequence": 11, "description": "刷新页面恢复之前的标记状态", "test_module": "异常/恢复-对答案刷新恢复", "priority": "P1", "role": "business_user", "session_key": "business_user_session", "depends_on": [], "fixture_key": "fault_injection_case", "setup_hint": "独立准备：学生已标记3道题（2对1错）但未提交", "teardown_hint": "执行后恢复本用例改动的数据，避免影响其他独立用例", "preconditions": ["学生已标记3道题（2对1错）但未提交"], "steps": ["1. 刷新对答案页面", "2. 观察标记状态恢复"], "test_input": "刷新页面", "expected_result": "页面刷新后恢复之前的标记状态，3道题的标记结果（2对1错）保持不变，金币数保持刷新前数值，提交按钮计数不变", "source_state": "", "target_state": "", "action": "1. 刷新对答案页面", "transition_action": "", "runnable": true}]}, {"suite_id": "boundary_independent", "suite_name": "边界数据", "execution_group": "boundary", "run_mode": "isolated", "group_setup": "seed_boundary_dataset()", "group_teardown": "delete_boundary_dataset()", "case_count": 5, "roles": ["business_user", "student"], "fixture_keys": ["boundary_dataset"], "missing_dependencies": [], "runnable": true, "warnings": [], "cases": [{"case_id": "TC-016", "suite_order": 1, "execution_sequence": 12, "description": "出门测与基础巩固至少完成一个才可进入后续流程", "test_module": "边界/状态回退-流程解锁条件", "priority": "P2", "role": "business_user", "session_key": "business_user_session", "depends_on": [], "fixture_key": "boundary_dataset", "setup_hint": "独立准备：出门测和基础巩固均未完成；基础巩固已配置且有入口", "teardown_hint": "执行后恢复本用例改动的数据，避免影响其他独立用例", "preconditions": ["出门测和基础巩固均未完成", "基础巩固已配置且有入口"], "steps": ["1. 尝试点击后续流程步骤（如讲知识&错题）", "2. 完成出门测后再次尝试", "3. 观察解锁变化"], "test_input": "未完成出门测和基础巩固时尝试进入后续流程", "expected_result": "未完成时后续流程步骤不可进入（锁定状态），完成出门测后后续流程解锁可进入，仅完成基础巩固也可解锁后续流程", "source_state": "", "target_state": "", "action": "1. 尝试点击后续流程步骤（如讲知识&错题）", "transition_action": "", "runnable": true}, {"case_id": "TC-013", "suite_order": 2, "execution_sequence": 13, "description": "基础巩固本课未配置时不展示入口", "test_module": "边界/状态回退-基础巩固入口显隐", "priority": "P2", "role": "business_user", "session_key": "business_user_session", "depends_on": [], "fixture_key": "boundary_dataset", "setup_hint": "独立准备：当前课程未配置基础巩固(ABS测试)题目", "teardown_hint": "执行后恢复本用例改动的数据，避免影响其他独立用例", "preconditions": ["当前课程未配置基础巩固(ABS测试)题目"], "steps": ["1. 进入课程学习页面", "2. 观察左侧导航和主内容区"], "test_input": "课程未配置基础巩固", "expected_result": "左侧导航和主内容区均不展示基础巩固入口，最高分计算中基础巩固题数为0，后续流程解锁仅需完成出门测", "source_state": "", "target_state": "", "action": "1. 进入课程学习页面", "transition_action": "", "runnable": true}, {"case_id": "TC-014", "suite_order": 3, "execution_sequence": 14, "description": "最高分计算公式验证-含基础巩固和相似题满分", "test_module": "边界/状态回退-最高分计算", "priority": "P2", "role": "business_user", "session_key": "business_user_session", "depends_on": [], "fixture_key": "boundary_dataset", "setup_hint": "独立准备：快问快答10题、牛刀小试5题、出门测5题、基础巩固5题、相似题3轮×3题", "teardown_hint": "执行后恢复本用例改动的数据，避免影响其他独立用例", "preconditions": ["快问快答10题、牛刀小试5题、出门测5题、基础巩固5题、相似题3轮×3题"], "steps": ["1. 查看本节课最高分显示", "2. 核对计算公式"], "test_input": "题库配置：10+5+5+5+9", "expected_result": "最高分=10+5+5+5+9=34分，页面最高分显示34分，与公式计算一致", "source_state": "", "target_state": "", "action": "1. 查看本节课最高分显示", "transition_action": "", "runnable": true}, {"case_id": "TC-015", "suite_order": 4, "execution_sequence": 15, "description": "快问快答中途退出不计分不记录", "test_module": "边界/状态回退-模块中途退出", "priority": "P2", "role": "student", "session_key": "student_session", "depends_on": [], "fixture_key": "boundary_dataset", "setup_hint": "独立准备：快问快答模块配置10道题；学生已答5道题（4对1错）", "teardown_hint": "执行后恢复本用例改动的数据，避免影响其他独立用例", "preconditions": ["快问快答模块配置10道题", "学生已答5道题（4对1错）"], "steps": ["1. 学生中途退出快问快答模块", "2. 观察得分和记录"], "test_input": "中途退出快问快答", "expected_result": "本次快问快答不计分（0分）、不记录答题历史，历史最高分保持之前记录不变，下次重新进入从第1题开始", "source_state": "", "target_state": "", "action": "1. 学生中途退出快问快答模块", "transition_action": "", "runnable": true}, {"case_id": "TC-012", "suite_order": 5, "execution_sequence": 16, "description": "相似题推荐-最多3轮每轮独立计分难度递降", "test_module": "拍照对答案自评流程-相似题推荐轮次", "priority": "P0", "role": "business_user", "session_key": "business_user_session", "depends_on": [], "fixture_key": "boundary_dataset", "setup_hint": "独立准备：第1轮相似题存在错题，触发第2轮", "teardown_hint": "执行后恢复本用例改动的数据，避免影响其他独立用例", "preconditions": ["第1轮相似题存在错题，触发第2轮"], "steps": ["1. 完成第1轮相似题并提交（有错题）", "2. 进入第2轮", "3. 完成第2轮相似题并提交（有错题）", "4. 进入第3轮", "5. 完成第3轮并提交"], "test_input": "连续3轮均有错题", "expected_result": "第1轮显示「第1轮」指示器同难度题目，第2轮显示「第2轮」降低1级难度，第3轮显示「第3轮」降低2级难度，每轮独立计分，3轮全部做完后结束推荐不再继续", "source_state": "", "target_state": "", "action": "1. 完成第1轮相似题并提交（有错题）", "transition_action": "", "runnable": true}]}, {"suite_id": "independent_functional_independent", "suite_name": "独立功能", "execution_group": "independent_functional", "run_mode": "isolated", "group_setup": "seed_functional_dataset()", "group_teardown": "cleanup_functional_dataset()", "case_count": 11, "roles": ["business_user", "supervisor"], "fixture_keys": ["independent_functional_dataset"], "missing_dependencies": [], "runnable": true, "warnings": [], "cases": [{"case_id": "TC-018", "suite_order": 1, "execution_sequence": 17, "description": "错题流向同步-错题本+习题集+课后报告", "test_module": "课后报告+习题集-错题流向", "priority": "P0", "role": "supervisor", "session_key": "supervisor_session", "depends_on": [], "fixture_key": "independent_functional_dataset", "setup_hint": "独立准备：学生在出门测和相似题推荐中均有错题；错题包含原始题和推荐相似题", "teardown_hint": "执行后恢复本用例改动的数据，避免影响其他独立用例", "preconditions": ["学生在出门测和相似题推荐中均有错题", "错题包含原始题和推荐相似题"], "steps": ["1. 查看学生端错题本是否包含出门测错题和相似题", "2. 查看督导端习题集是否包含全部错题", "3. 查看课后报告是否包含错题打包"], "test_input": "出门测错2题+相似题错1题", "expected_result": "学生端错题本包含3道错题（含相似题）；督导端习题集显示全部3道错题；课后报告中错题打包同步包含这3道错题", "source_state": "", "target_state": "", "action": "1. 查看学生端错题本是否包含出门测错题和相似题", "transition_action": "", "runnable": true}, {"case_id": "TC-019", "suite_order": 2, "execution_sequence": 18, "description": "基础巩固答错后触发相似题推荐", "test_module": "错题推荐练习-触发条件", "priority": "P0", "role": "business_user", "session_key": "business_user_session", "depends_on": [], "fixture_key": "independent_functional_dataset", "setup_hint": "独立准备：本课已配置基础巩固模块；学生正在做基础巩固", "teardown_hint": "执行后恢复本用例改动的数据，避免影响其他独立用例", "preconditions": ["本课已配置基础巩固模块", "学生正在做基础巩固"], "steps": ["1. 完成基础巩固，标记3道题为做错", "2. 提交标记", "3. 观察是否触发相似题推荐"], "test_input": "基础巩固中3道答错", "expected_result": "提交后触发相似题推荐，根据3道错题知识点抽取相似题，进入举一反三练习题页面", "source_state": "", "target_state": "", "action": "1. 完成基础巩固，标记3道题为做错", "transition_action": "", "runnable": true}, {"case_id": "TC-024", "suite_order": 3, "execution_sequence": 19, "description": "出门测重新进入修改对错后取历史最高分", "test_module": "课中积分逻辑-模块说明", "priority": "P1", "role": "business_user", "session_key": "business_user_session", "depends_on": [], "fixture_key": "independent_functional_dataset", "setup_hint": "独立准备：学生已完成一次出门测，得分2/5；出门测模块可反复刷", "teardown_hint": "执行后恢复本用例改动的数据，避免影响其他独立用例", "preconditions": ["学生已完成一次出门测，得分2/5", "出门测模块可反复刷"], "steps": ["1. 重新进入出门测模块", "2. 修改之前答错的3道题中2道为做对", "3. 提交标记"], "test_input": "出门测5题，首次答对2题，第二次修改2题为对", "expected_result": "模块得分更新为4分（取历史最高分），原2分记录被覆盖", "source_state": "", "target_state": "", "action": "1. 重新进入出门测模块", "transition_action": "", "runnable": true}, {"case_id": "TC-026", "suite_order": 4, "execution_sequence": 20, "description": "奖励进度条实时填充与再得X金币动态计算", "test_module": "课中学习交互-奖励进度条", "priority": "P2", "role": "business_user", "session_key": "business_user_session", "depends_on": [], "fixture_key": "independent_functional_dataset", "setup_hint": "独立准备：本节课总金币170（牛刀小试+20、快问快答+30×2、出门测+10、巩固练习+10、出门测加练+50）；学生已完成牛刀小试获得20金币", "teardown_hint": "执行后恢复本用例改动的数据，避免影响其他独立用例", "preconditions": ["本节课总金币170（牛刀小试+20、快问快答+30×2、出门测+10、巩固练习+10、出门测加练+50）", "学生已完成牛刀小试获得20金币"], "steps": ["1. 查看奖励进度条当前状态", "2. 完成快问快答获得30金币", "3. 查看进度条和右侧提示文案"], "test_input": "已获50金币，总金币170", "expected_result": "进度条填充比例为50/170；右侧提示显示'再得120金币拿满奖励'；完成快问快答后填充更新为80/170，提示变为'再得90金币拿满奖励'", "source_state": "", "target_state": "", "action": "1. 查看奖励进度条当前状态", "transition_action": "", "runnable": true}, {"case_id": "TC-027", "suite_order": 5, "execution_sequence": 21, "description": "左侧导航手风琴效果-同时只能展开一个步骤", "test_module": "课中学习交互-左侧导航", "priority": "P2", "role": "business_user", "session_key": "business_user_session", "depends_on": [], "fixture_key": "independent_functional_dataset", "setup_hint": "独立准备：学生进入课程学习页面；左侧导航有多个步骤卡片", "teardown_hint": "执行后恢复本用例改动的数据，避免影响其他独立用例", "preconditions": ["学生进入课程学习页面", "左侧导航有多个步骤卡片"], "steps": ["1. 点击'第二步 学&练'步骤卡片，展开其内容目录", "2. 点击'第四步 随堂测'步骤卡片，展开其内容目录", "3. 观察'第二步'的内容目录状态"], "test_input": "依次点击两个不同步骤卡片", "expected_result": "点击第四步后，第二步内容目录自动收起、箭头复位；同时只有第四步内容目录展开、箭头旋转180°", "source_state": "", "target_state": "", "action": "1. 点击'第二步 学&练'步骤卡片，展开其内容目录", "transition_action": "", "runnable": true}, {"case_id": "TC-022", "suite_order": 6, "execution_sequence": 22, "description": "督导端设置-允许拖动视频进度条开关关闭后进度条不可拖动", "test_module": "独立功能-督导端视频进度控制", "priority": "P1", "role": "supervisor", "session_key": "supervisor_session", "depends_on": [], "fixture_key": "independent_functional_dataset", "setup_hint": "独立准备：督导端「允许拖动视频进度条」开关为关闭", "teardown_hint": "执行后恢复本用例改动的数据，避免影响其他独立用例", "preconditions": ["督导端「允许拖动视频进度条」开关为关闭"], "steps": ["1. 学生进入视频讲解环节", "2. 尝试拖动进度条快进或回退", "3. 尝试使用倍速播放功能"], "test_input": "关闭拖动进度条开关", "expected_result": "视频进度条不可拖动，无法快进或随意跳转，但倍速播放功能不受影响仍可正常使用，视频只能按正常倍率顺序播放", "source_state": "", "target_state": "", "action": "1. 学生进入视频讲解环节", "transition_action": "", "runnable": true}, {"case_id": "TC-021", "suite_order": 7, "execution_sequence": 23, "description": "逐题标记对错-标记做对即时反馈绿色动画金币+1", "test_module": "拍照对答案自评流程-逐题标记对错", "priority": "P1", "role": "business_user", "session_key": "business_user_session", "depends_on": [], "fixture_key": "independent_functional_dataset", "setup_hint": "独立准备：已进入对答案页面；第1题正确答案已展示", "teardown_hint": "执行后恢复本用例改动的数据，避免影响其他独立用例", "preconditions": ["已进入对答案页面", "第1题正确答案已展示"], "steps": ["1. 点击第1题「我做对了 ✓」按钮"], "test_input": "标记第1题做对", "expected_result": "出现绿色微光动画+随机正向文案（如「太棒了！继续加油💪」），金币+1，右上角金币数字跳动更新，底部提交标记按钮计数更新为(对1/总Y)", "source_state": "", "target_state": "", "action": "1. 点击第1题「我做对了 ✓」按钮", "transition_action": "", "runnable": true}, {"case_id": "TC-025", "suite_order": 8, "execution_sequence": 24, "description": "多个模块连续完成时庆祝动画排队播放不堆积", "test_module": "结束庆祝逻辑-极限情况", "priority": "P2", "role": "business_user", "session_key": "business_user_session", "depends_on": [], "fixture_key": "independent_functional_dataset", "setup_hint": "独立准备：学生连续完成快问快答和牛刀小试两个模块", "teardown_hint": "执行后恢复本用例改动的数据，避免影响其他独立用例", "preconditions": ["学生连续完成快问快答和牛刀小试两个模块"], "steps": ["1. 完成快问快答模块，触发小庆祝动画", "2. 动画未播放完时完成牛刀小试模块", "3. 观察两个庆祝动画的播放顺序"], "test_input": "连续完成两个模块", "expected_result": "快问快答庆祝动画先播放，牛刀小试庆祝动画排队等待，前者播放完毕后后者开始播放，两个动画不叠加不堆积", "source_state": "", "target_state": "", "action": "1. 完成快问快答模块，触发小庆祝动画", "transition_action": "", "runnable": true}, {"case_id": "TC-017", "suite_order": 9, "execution_sequence": 25, "description": "相似题推荐-某知识点全部答对后停止推荐该知识点其他错题知识点继续", "test_module": "拍照对答案自评流程-相似题推荐知识点停止", "priority": "P0", "role": "business_user", "session_key": "business_user_session", "depends_on": [], "fixture_key": "independent_functional_dataset", "setup_hint": "独立准备：出门测错题涉及2个知识点A和B；第1轮相似题中知识点A全部答对，知识点B仍有错题", "teardown_hint": "执行后恢复本用例改动的数据，避免影响其他独立用例", "preconditions": ["出门测错题涉及2个知识点A和B", "第1轮相似题中知识点A全部答对，知识点B仍有错题"], "steps": ["1. 提交第1轮标记结果", "2. 观察后续推荐"], "test_input": "知识点A全对、知识点B有错", "expected_result": "知识点A停止推荐不再出现该知识点相似题，知识点B继续推荐第2轮相似题，轮次指示器显示第2轮", "source_state": "", "target_state": "", "action": "1. 提交第1轮标记结果", "transition_action": "", "runnable": true}, {"case_id": "TC-020", "suite_order": 10, "execution_sequence": 26, "description": "触发相似题推荐-出门测提交存在错题时触发推荐", "test_module": "拍照对答案自评流程-触发相似题推荐", "priority": "P1", "role": "business_user", "session_key": "business_user_session", "depends_on": [], "fixture_key": "independent_functional_dataset", "setup_hint": "独立准备：出门测提交后有2道错题涉及2个知识点", "teardown_hint": "执行后恢复本用例改动的数据，避免影响其他独立用例", "preconditions": ["出门测提交后有2道错题涉及2个知识点"], "steps": ["1. 出门测提交完成", "2. 观察是否触发相似题推荐"], "test_input": "出门测提交2道错题", "expected_result": "根据2道错题知识点从题库抽取相似题，进入「举一反三练习题」页面，显示第1轮轮次指示器，每题标注「针对出门测第X题」", "source_state": "", "target_state": "", "action": "1. 出门测提交完成", "transition_action": "", "runnable": true}, {"case_id": "TC-023", "suite_order": 11, "execution_sequence": 27, "description": "结束庆祝页金币计算与重复刷新幂等处理", "test_module": "结束庆祝逻辑", "priority": "P1", "role": "business_user", "session_key": "business_user_session", "depends_on": [], "fixture_key": "independent_functional_dataset", "setup_hint": "独立准备：学生完成出门测及相似题加练并提交；出门测做对3题对应金币+相似题加练做对2题对应金币", "teardown_hint": "执行后恢复本用例改动的数据，避免影响其他独立用例", "preconditions": ["学生完成出门测及相似题加练并提交", "出门测做对3题对应金币+相似题加练做对2题对应金币"], "steps": ["1. 查看结束庆祝页金币卡片显示数值", "2. 刷新页面", "3. 再次查看金币数值和顶部总金币数"], "test_input": "出门测阶段完成，刷新结果页", "expected_result": "庆祝页金币卡片显示本阶段获得金币总数；刷新后显示静态结果页，金币数值不变；顶部总金币数未重复累加，金币只发放一次", "source_state": "", "target_state": "", "action": "1. 查看结束庆祝页金币卡片显示数值", "transition_action": "", "runnable": true}]}, {"suite_id": "display_independent", "suite_name": "展示与查询", "execution_group": "display", "run_mode": "isolated", "group_setup": "seed_display_ready_dataset()", "group_teardown": "delete_display_ready_dataset()", "case_count": 6, "roles": ["student", "supervisor"], "fixture_keys": ["display_ready_dataset"], "missing_dependencies": [], "runnable": true, "warnings": [], "cases": [{"case_id": "TC-031", "suite_order": 1, "execution_sequence": 28, "description": "督导端设置即时生效-学习中切换开关立即影响学生端", "test_module": "督导端配置-设置即时生效", "priority": "P1", "role": "supervisor", "session_key": "supervisor_session", "depends_on": [], "fixture_key": "display_ready_dataset", "setup_hint": "独立准备：督导端'按学习计划顺序学习'开关为关闭；学生正在课程列表可自由选择课程", "teardown_hint": "执行后恢复本用例改动的数据，避免影响其他独立用例", "preconditions": ["督导端'按学习计划顺序学习'开关为关闭", "学生正在课程列表可自由选择课程"], "steps": ["1. 督导端开启'按学习计划顺序学习'开关", "2. 学生端刷新或切换页面", "3. 观察学生端课程列表和节次跳转行为"], "test_input": "督导端实时开启学习计划顺序开关", "expected_result": "设置即时生效，学生端无法再自主选择计划外课程，必须按顺序完成当前节次后下一节才解锁", "source_state": "", "target_state": "", "action": "1. 督导端开启'按学习计划顺序学习'开关", "transition_action": "", "runnable": true}, {"case_id": "TC-033", "suite_order": 2, "execution_sequence": 29, "description": "督导端设置-按学习计划顺序学习开关开启后学生无法跳过节次", "test_module": "独立功能-督导端学习进度控制", "priority": "P2", "role": "supervisor", "session_key": "supervisor_session", "depends_on": [], "fixture_key": "display_ready_dataset", "setup_hint": "独立准备：督导端「按学习计划顺序学习」开关为开启", "teardown_hint": "执行后恢复本用例改动的数据，避免影响其他独立用例", "preconditions": ["督导端「按学习计划顺序学习」开关为开启"], "steps": ["1. 学生尝试在课程列表自选其他课程", "2. 学生尝试跳过当前节次进入下一节", "3. 完成当前节次学习任务后观察下一节解锁"], "test_input": "开启顺序学习开关", "expected_result": "学生无法在课程列表自选其他课程，无法跳过节次，必须完成当前节次全部学习任务后下一节才解锁", "source_state": "", "target_state": "", "action": "1. 学生尝试在课程列表自选其他课程", "transition_action": "", "runnable": true}, {"case_id": "TC-028", "suite_order": 3, "execution_sequence": 30, "description": "两个答案查看开关都关闭时学生直接查看答案", "test_module": "督导端配置-答案查看控制", "priority": "P1", "role": "supervisor", "session_key": "supervisor_session", "depends_on": [], "fixture_key": "display_ready_dataset", "setup_hint": "独立准备：督导端'查看答案需老师同意'开关为关闭；督导端'查看答案前需拍照上传'开关为关闭", "teardown_hint": "执行后恢复本用例改动的数据，避免影响其他独立用例", "preconditions": ["督导端'查看答案需老师同意'开关为关闭", "督导端'查看答案前需拍照上传'开关为关闭"], "steps": ["1. 学生端进入出门测", "2. 点击'申请看答案'按钮"], "test_input": "两个开关均关闭，点击申请看答案", "expected_result": "不弹拍照弹窗、不发送审批请求，直接进入对答案页面展示答案内容", "source_state": "", "target_state": "", "action": "1. 学生端进入出门测", "transition_action": "", "runnable": true}, {"case_id": "TC-029", "suite_order": 4, "execution_sequence": 31, "description": "拍照确认-点击确认后照片上传转发督导端学生端提示后关闭弹窗进入对答案", "test_module": "拍照对答案自评流程-拍照确认", "priority": "P1", "role": "supervisor", "session_key": "supervisor_session", "depends_on": [], "fixture_key": "display_ready_dataset", "setup_hint": "独立准备：已拍摄至少1张照片；确认按钮可点击", "teardown_hint": "执行后恢复本用例改动的数据，避免影响其他独立用例", "preconditions": ["已拍摄至少1张照片", "确认按钮可点击"], "steps": ["1. 点击「已拍照，查看答案」确认按钮", "2. 观察上传提示弹窗"], "test_input": "点击确认按钮", "expected_result": "照片立即上传至服务器并转发督导端，学生端弹出提示「照片已发送至督导端，老师可查看你的原始作业」，弹窗2秒后自动关闭，学生端不保留不展示任何已拍照片，直接进入对答案页面", "source_state": "", "target_state": "", "action": "1. 点击「已拍照，查看答案」确认按钮", "transition_action": "", "runnable": true}, {"case_id": "TC-030", "suite_order": 5, "execution_sequence": 32, "description": "申请查看答案-拍照开关关闭时跳过拍照直接进入对答案页面", "test_module": "拍照对答案自评流程-申请查看答案", "priority": "P1", "role": "student", "session_key": "student_session", "depends_on": [], "fixture_key": "display_ready_dataset", "setup_hint": "独立准备：学生已完成出门测纸上作答；督导端「查看答案前需拍照上传」开关为关闭状态", "teardown_hint": "执行后恢复本用例改动的数据，避免影响其他独立用例", "preconditions": ["学生已完成出门测纸上作答", "督导端「查看答案前需拍照上传」开关为关闭状态"], "steps": ["1. 学生进入出门测模块", "2. 点击「申请看答案」按钮"], "test_input": "点击申请看答案", "expected_result": "不弹出拍照弹窗，直接跳转进入对答案页面，页面显示逐题对错标记界面", "source_state": "", "target_state": "", "action": "1. 学生进入出门测模块", "transition_action": "", "runnable": true}, {"case_id": "TC-032", "suite_order": 6, "execution_sequence": 33, "description": "申请查看答案-拍照开关开启时弹出拍照弹窗必须完成拍照", "test_module": "拍照对答案自评流程-申请查看答案", "priority": "P2", "role": "student", "session_key": "student_session", "depends_on": [], "fixture_key": "display_ready_dataset", "setup_hint": "独立准备：学生已完成出门测纸上作答；督导端「查看答案前需拍照上传」开关为开启状态", "teardown_hint": "执行后恢复本用例改动的数据，避免影响其他独立用例", "preconditions": ["学生已完成出门测纸上作答", "督导端「查看答案前需拍照上传」开关为开启状态"], "steps": ["1. 学生进入出门测模块", "2. 点击「申请看答案」按钮"], "test_input": "点击申请看答案", "expected_result": "弹出拍照弹窗，弹窗标题为「请先拍照上传作业」，确认按钮置灰不可点击，学生必须完成拍照才能查看答案", "source_state": "", "target_state": "", "action": "1. 学生进入出门测模块", "transition_action": "", "runnable": true}]}], "flat_run_order": [{"run_index": 1, "suite_index": 1, "suite_id": "main_smoke_chain", "suite_name": "主链路冒烟", "case_id": "TC-001", "execution_sequence": 1, "depends_on": [], "role": "student", "session_key": "student_session", "fixture_key": "workflow_blueprint_chain_seed"}, {"run_index": 2, "suite_index": 1, "suite_id": "main_smoke_chain", "suite_name": "主链路冒烟", "case_id": "TC-002", "execution_sequence": 2, "depends_on": ["TC-001"], "role": "student", "session_key": "student_session", "fixture_key": "workflow_blueprint_chain_seed"}, {"run_index": 3, "suite_index": 1, "suite_id": "main_smoke_chain", "suite_name": "主链路冒烟", "case_id": "TC-003", "execution_sequence": 3, "depends_on": ["TC-002"], "role": "student", "session_key": "student_session", "fixture_key": "workflow_blueprint_chain_seed"}, {"run_index": 4, "suite_index": 1, "suite_id": "main_smoke_chain", "suite_name": "主链路冒烟", "case_id": "TC-004", "execution_sequence": 4, "depends_on": ["TC-003"], "role": "student", "session_key": "student_session", "fixture_key": "workflow_blueprint_chain_seed"}, {"run_index": 5, "suite_index": 1, "suite_id": "main_smoke_chain", "suite_name": "主链路冒烟", "case_id": "TC-005", "execution_sequence": 5, "depends_on": ["TC-004"], "role": "student", "session_key": "student_session", "fixture_key": "workflow_blueprint_chain_seed"}, {"run_index": 6, "suite_index": 1, "suite_id": "main_smoke_chain", "suite_name": "主链路冒烟", "case_id": "TC-006", "execution_sequence": 6, "depends_on": ["TC-005"], "role": "student", "session_key": "student_session", "fixture_key": "workflow_blueprint_chain_seed"}, {"run_index": 7, "suite_index": 2, "suite_id": "permission_independent", "suite_name": "权限与鉴权", "case_id": "TC-007", "execution_sequence": 7, "depends_on": [], "role": "supervisor", "session_key": "supervisor_session", "fixture_key": "permission_state_dataset"}, {"run_index": 8, "suite_index": 2, "suite_id": "permission_independent", "suite_name": "权限与鉴权", "case_id": "TC-008", "execution_sequence": 8, "depends_on": [], "role": "supervisor", "session_key": "supervisor_session", "fixture_key": "permission_state_dataset"}, {"run_index": 9, "suite_index": 3, "suite_id": "exception_independent", "suite_name": "异常与失败路径", "case_id": "TC-009", "execution_sequence": 9, "depends_on": [], "role": "business_user", "session_key": "business_user_session", "fixture_key": "fault_injection_case"}, {"run_index": 10, "suite_index": 3, "suite_id": "exception_independent", "suite_name": "异常与失败路径", "case_id": "TC-011", "execution_sequence": 10, "depends_on": [], "role": "business_user", "session_key": "business_user_session", "fixture_key": "fault_injection_case"}, {"run_index": 11, "suite_index": 3, "suite_id": "exception_independent", "suite_name": "异常与失败路径", "case_id": "TC-010", "execution_sequence": 11, "depends_on": [], "role": "business_user", "session_key": "business_user_session", "fixture_key": "fault_injection_case"}, {"run_index": 12, "suite_index": 4, "suite_id": "boundary_independent", "suite_name": "边界数据", "case_id": "TC-016", "execution_sequence": 12, "depends_on": [], "role": "business_user", "session_key": "business_user_session", "fixture_key": "boundary_dataset"}, {"run_index": 13, "suite_index": 4, "suite_id": "boundary_independent", "suite_name": "边界数据", "case_id": "TC-013", "execution_sequence": 13, "depends_on": [], "role": "business_user", "session_key": "business_user_session", "fixture_key": "boundary_dataset"}, {"run_index": 14, "suite_index": 4, "suite_id": "boundary_independent", "suite_name": "边界数据", "case_id": "TC-014", "execution_sequence": 14, "depends_on": [], "role": "business_user", "session_key": "business_user_session", "fixture_key": "boundary_dataset"}, {"run_index": 15, "suite_index": 4, "suite_id": "boundary_independent", "suite_name": "边界数据", "case_id": "TC-015", "execution_sequence": 15, "depends_on": [], "role": "student", "session_key": "student_session", "fixture_key": "boundary_dataset"}, {"run_index": 16, "suite_index": 4, "suite_id": "boundary_independent", "suite_name": "边界数据", "case_id": "TC-012", "execution_sequence": 16, "depends_on": [], "role": "business_user", "session_key": "business_user_session", "fixture_key": "boundary_dataset"}, {"run_index": 17, "suite_index": 5, "suite_id": "independent_functional_independent", "suite_name": "独立功能", "case_id": "TC-018", "execution_sequence": 17, "depends_on": [], "role": "supervisor", "session_key": "supervisor_session", "fixture_key": "independent_functional_dataset"}, {"run_index": 18, "suite_index": 5, "suite_id": "independent_functional_independent", "suite_name": "独立功能", "case_id": "TC-019", "execution_sequence": 18, "depends_on": [], "role": "business_user", "session_key": "business_user_session", "fixture_key": "independent_functional_dataset"}, {"run_index": 19, "suite_index": 5, "suite_id": "independent_functional_independent", "suite_name": "独立功能", "case_id": "TC-024", "execution_sequence": 19, "depends_on": [], "role": "business_user", "session_key": "business_user_session", "fixture_key": "independent_functional_dataset"}, {"run_index": 20, "suite_index": 5, "suite_id": "independent_functional_independent", "suite_name": "独立功能", "case_id": "TC-026", "execution_sequence": 20, "depends_on": [], "role": "business_user", "session_key": "business_user_session", "fixture_key": "independent_functional_dataset"}, {"run_index": 21, "suite_index": 5, "suite_id": "independent_functional_independent", "suite_name": "独立功能", "case_id": "TC-027", "execution_sequence": 21, "depends_on": [], "role": "business_user", "session_key": "business_user_session", "fixture_key": "independent_functional_dataset"}, {"run_index": 22, "suite_index": 5, "suite_id": "independent_functional_independent", "suite_name": "独立功能", "case_id": "TC-022", "execution_sequence": 22, "depends_on": [], "role": "supervisor", "session_key": "supervisor_session", "fixture_key": "independent_functional_dataset"}, {"run_index": 23, "suite_index": 5, "suite_id": "independent_functional_independent", "suite_name": "独立功能", "case_id": "TC-021", "execution_sequence": 23, "depends_on": [], "role": "business_user", "session_key": "business_user_session", "fixture_key": "independent_functional_dataset"}, {"run_index": 24, "suite_index": 5, "suite_id": "independent_functional_independent", "suite_name": "独立功能", "case_id": "TC-025", "execution_sequence": 24, "depends_on": [], "role": "business_user", "session_key": "business_user_session", "fixture_key": "independent_functional_dataset"}, {"run_index": 25, "suite_index": 5, "suite_id": "independent_functional_independent", "suite_name": "独立功能", "case_id": "TC-017", "execution_sequence": 25, "depends_on": [], "role": "business_user", "session_key": "business_user_session", "fixture_key": "independent_functional_dataset"}, {"run_index": 26, "suite_index": 5, "suite_id": "independent_functional_independent", "suite_name": "独立功能", "case_id": "TC-020", "execution_sequence": 26, "depends_on": [], "role": "business_user", "session_key": "business_user_session", "fixture_key": "independent_functional_dataset"}, {"run_index": 27, "suite_index": 5, "suite_id": "independent_functional_independent", "suite_name": "独立功能", "case_id": "TC-023", "execution_sequence": 27, "depends_on": [], "role": "business_user", "session_key": "business_user_session", "fixture_key": "independent_functional_dataset"}, {"run_index": 28, "suite_index": 6, "suite_id": "display_independent", "suite_name": "展示与查询", "case_id": "TC-031", "execution_sequence": 28, "depends_on": [], "role": "supervisor", "session_key": "supervisor_session", "fixture_key": "display_ready_dataset"}, {"run_index": 29, "suite_index": 6, "suite_id": "display_independent", "suite_name": "展示与查询", "case_id": "TC-033", "execution_sequence": 29, "depends_on": [], "role": "supervisor", "session_key": "supervisor_session", "fixture_key": "display_ready_dataset"}, {"run_index": 30, "suite_index": 6, "suite_id": "display_independent", "suite_name": "展示与查询", "case_id": "TC-028", "execution_sequence": 30, "depends_on": [], "role": "supervisor", "session_key": "supervisor_session", "fixture_key": "display_ready_dataset"}, {"run_index": 31, "suite_index": 6, "suite_id": "display_independent", "suite_name": "展示与查询", "case_id": "TC-029", "execution_sequence": 31, "depends_on": [], "role": "supervisor", "session_key": "supervisor_session", "fixture_key": "display_ready_dataset"}, {"run_index": 32, "suite_index": 6, "suite_id": "display_independent", "suite_name": "展示与查询", "case_id": "TC-030", "execution_sequence": 32, "depends_on": [], "role": "student", "session_key": "student_session", "fixture_key": "display_ready_dataset"}, {"run_index": 33, "suite_index": 6, "suite_id": "display_independent", "suite_name": "展示与查询", "case_id": "TC-032", "execution_sequence": 33, "depends_on": [], "role": "student", "session_key": "student_session", "fixture_key": "display_ready_dataset"}]}}
GEN_DIAG:{"kind": "generation_persisted", "generation_id": 515, "project_id": 8, "request_id": "de10329c2afe4b34aa2c42e202ddaa49"}
GEN_DIAG:{"kind": "generation_timing_ledger", "schema_version": "1.0", "generation_id": 515, "project_id": 8, "request_id": "de10329c2afe4b34aa2c42e202ddaa49", "mode": "multi_pass", "multi_pass": true, "duration_by_stage_ms": {"prepare_total": 2364, "client_resolution": 2, "linked_final_case_signal": 854, "append_existing_lookup": 0, "snapshot_gate": 0, "hybrid_context": 1427, "feedback_control_state": 76, "current_requirement_blueprint": 3, "requirement_compress": 0, "kb_context_compress": 0, "meta_analysis": 2, "primary": 178325, "stream_generation_phase": 178377, "gap": 0, "review": 6300, "final_shortfall": 0, "postprocess_total": 8198}, "event_count": 17, "events": [{"stage": "client_resolution", "duration_ms": 2, "db_available": true, "user_scoped": true}, {"stage": "requirement_compression_decision", "duration_ms": 1, "char_count": 9464, "min_chars": 12000, "should_compress": false}, {"stage": "linked_final_case_signal", "duration_ms": 854, "linked_final_case_count": 0, "source_doc_count": 0}, {"stage": "memory_fabric_init", "duration_ms": 0, "available": true}, {"stage": "snapshot_gate", "duration_ms": 0, "active_db_session": true, "proceed": true, "snapshot_wait_result": "gate_disabled_proceed"}, {"stage": "hybrid_context", "duration_ms": 1427, "context_source": "snapshot+rag", "kb_chars": 9259, "snapshot_used": true, "realtime_rag_used": true, "abort_generation": false}, {"stage": "feedback_control_state", "duration_ms": 76, "workflow_blueprint_count": 0, "linked_final_case_count": 0}, {"stage": "current_requirement_blueprint", "duration_ms": 3, "status": "applied", "count": 1, "step_count": 6, "max_tokens": 1600}, {"stage": "prepare_total", "duration_ms": 2364, "status": "completed", "db_available": true, "append": false, "compression_requested": false, "kb_chars": 9259, "context_source": "snapshot+rag"}, {"stage": "meta_analysis", "duration_ms": 2, "system_type": "Tablet + Web", "complexity": "High"}, {"stage": "primary_batch_attempt", "duration_ms": 121960, "batch_index": 1, "total_batches": 2, "attempt": 1, "requested_count": 25, "response_chars": 11287, "attempt_status": "parsed", "provider_error": "", "parsed_case_count": 29}, {"stage": "primary_batch_attempt", "duration_ms": 56335, "batch_index": 2, "total_batches": 2, "attempt": 1, "requested_count": 11, "response_chars": 4400, "attempt_status": "parsed", "provider_error": "", "parsed_case_count": 11}, {"stage": "primary_batches", "duration_ms": 178325, "total_batches": 2, "completed_batches": 2, "batch_size": 25, "expected_count": 36, "early_stop_triggered": false, "early_stop_reason": ""}, {"stage": "stream_generation_phase", "duration_ms": 178377, "total_batches": 2, "completed_batches": 2}, {"stage": "postprocess_initial_parse_filter", "duration_ms": 142, "primary_count": 36, "input_chars": 13919}, {"stage": "review_selection", "duration_ms": 6300, "candidate_count": 36, "llm_pool_count": 24, "selected_count": 33, "llm_invoked": true, "llm_applied": true, "llm_skip_reason": ""}, {"stage": "postprocess_total", "duration_ms": 8198, "final_count": 33, "candidate_count_before_review": 36, "review_selected_count": 33}]}
GEN_DIAG:{"kind": "generation_mode", "mode": "multi_pass", "biz_keys": ["unknown"], "current_biz_key": "unknown", "multi_pass": true}
GEN_DIAG:{"kind": "generation_stage", "stage": "primary", "case_count": 36, "duration_ms": 178325, "multi_pass": true, "generation_mode": "multi_pass"}
GEN_DIAG:{"kind": "generation_stage", "stage": "gap", "case_count": 0, "duration_ms": 0, "multi_pass": true, "generation_mode": "multi_pass"}
GEN_DIAG:{"kind": "generation_stage", "stage": "review", "case_count": 33, "duration_ms": 6300, "multi_pass": true, "generation_mode": "multi_pass"}
GEN_DIAG:{"kind": "gen_diag", "mode": "stream", "doc_type": "requirement", "compress": false, "expected_count": 36, "generated_count": 33, "content_length": 9464, "kb_length": 9259, "model": "glm-5.1", "max_tokens": 10000, "multi_pass": true, "generation_mode": "multi_pass", "context_compression_ratio": 0.4916, "context_retained_chunk_count": 1, "context_relevance_distribution": {"sample_size": 1, "high_count": 1, "medium_count": 0, "low_count": 0, "high_ratio": 1.0, "medium_ratio": 0.0, "low_ratio": 0.0, "mean_score": 0.935, "min_score": 0.935, "max_score": 0.935}}
GEN_DIAG:{"kind": "generation_context_compression", "context_source": "snapshot+rag", "input_chars": 3255, "output_chars": 1600, "compression_ratio": 0.4916, "compression_rate": 0.5084, "input_chunk_count": 12, "retained_chunk_count": 1, "chunk_retention_ratio": 0.0833, "relevance_distribution": {"sample_size": 1, "high_count": 1, "medium_count": 0, "low_count": 0, "high_ratio": 1.0, "medium_ratio": 0.0, "low_ratio": 0.0, "mean_score": 0.935, "min_score": 0.935, "max_score": 0.935}, "snapshot_id": "37", "corpus_hash": "fe3e128d2f714c8967f3c08b52c0c12604fce973e68fd8ee2be08f9b6893606e", "retrieval_hash": "4f1b8a92e5a2673d", "multi_pass": true, "generation_mode": "multi_pass", "request_id": "de10329c2afe4b34aa2c42e202ddaa49"}
GEN_DIAG:{"kind": "generation_convergence", "suggested_count": 36, "final_count": 33, "reference_gap": 3, "converged": true, "duplication_rate_estimate": 0.0, "primary_count": 36, "gap_count": 0, "review_count": 33, "candidate_count_before_review": 36, "review_selected_count": 33, "post_review_dedup_drop": 0, "judge_reject_count": 1, "judge_pending_count": 0, "judge_pass_count": 32, "final_input_count": 32, "final_output_count": 33, "final_non_judge_drop_count": 0, "scenario_duplicate_pruned_count": 0, "post_review_dedup_reorder_drop_count": 0, "final_description_dedup_drop_count": 0, "total_dedup_drop_count": 0, "gap_attempts": 0, "gap_remaining_after_attempts": 0, "missing_rules_count": 0, "missing_types_exists": false, "low_quality_dropped_count": 0, "low_quality_dropped_examples": [], "postprocess_filter_drop_total": 0, "semantic_dedup_dropped_count": 0, "governance_hard_drop_count": 0, "duplicate_pruned_count": 0, "invalid_pruned_count": 0, "quality_rejected_count": 1, "review_selector_pruned_count": 3, "valid_unique_candidate_count": 36, "generation_coverage_mode": "standard_regression", "requested_generation_mode": "", "effective_generation_coverage_mode_source": "feedback_control_state", "explicit_generation_mode_override": false, "explicit_expected_count_floor_preserved": false, "expected_count": 36, "expected_count_explicit": true, "recommended_min": 30, "recommended_max": 50, "target_final_count": 36, "soft_min_count": 29, "hard_min_count": 25, "min_acceptable_final": 29, "target_satisfaction_ratio": 0.9167, "underfilled": false, "underfill_level": "", "underfill_reason": "", "underfill_root_cause": "", "append_target_count": 0, "append_final_cap_count": 0, "append_cap_drop_count": 0, "flow_governance": {"applied": true, "reason": "", "scenario_policy_registry_version": 1, "scenario_policy_registered_count": 93, "scenario_policy_candidate_count": 0, "scenario_policy_pending_candidate_count": 0, "domain_policy_registered_count": 4, "scenario_policy_domains": {"ai_wrong_question_teaching": 10, "recent_course_scheduling": 7, "essay_writing": 23, "course_access": 2, "general": 51}, "scenario_policy_sources": {"manual_seed": 1, "registry": 16, "legacy_duplicate_policy": 19, "legacy_coverage_pattern": 28, "legacy_judge_duplicate_policy": 29}, "scenario_policy_documents": [], "flow_reordered": true, "flow_order": ["stage:出_测_基础巩固答错后触发", "stage:最高分计算", "stage:页面结构", "stage:打印", "stage:奖励进度条", "stage:左侧导航交互", "stage:触发条件", "stage:弹窗展示", "stage:拍照", "stage:照片管理", "stage:确认与取消", "stage:设置总览", "stage:学习进度控制", "stage:答案查看控制", "stage:前置条件", "stage:页面展示", "stage:逐题标记即时反馈", "stage:提交与极限情况", "stage:做题", "stage:对答案与自评", "stage:提交后处理", "stage:金币计算", "stage:动画效果"], "cross_cutting_order": [], "scenario_duplicate_pruned_count": 0, "scenario_duplicate_pruned_indices": [], "scenario_cap_policy": {}, "scenario_duplicate_cluster_count": 4, "flow_misordered_count_before": 3, "missing_flow_stage_count": 13, "registry_impact": {"registry_version": 1, "total_policies_available": 93, "candidate_policies_active": 0, "candidate_policies_pending": 0, "primary_domain": "", "scenario_kinds_seen": {"source_consistency": 6, "workflow_navigation": 6, "print_export": 1, "media_preview": 3, "filter_toggle": 7, "network_error": 1, "feedback": 1, "statistics": 2, "sorting_limit": 1, "title_format": 1}, "policies_matched": [{"key": "source_consistency", "domain": "general", "source": "legacy_coverage_pattern", "specific": false, "default_cap": 1, "mode_cap": null, "cross_module": false, "judge_duplicate": false, "judge_threshold": {"score": 0.2, "overlap": 5}, "status": "active", "documents": []}, {"key": "workflow_navigation", "domain": "general", "source": "legacy_coverage_pattern", "specific": false, "default_cap": 2, "mode_cap": null, "cross_module": false, "judge_duplicate": false, "judge_threshold": {"score": 0.2, "overlap": 5}, "status": "active", "documents": []}, {"key": "print_export", "domain": "general", "source": "legacy_coverage_pattern", "specific": false, "default_cap": 1, "mode_cap": null, "cross_module": false, "judge_duplicate": false, "judge_threshold": {"score": 0.2, "overlap": 5}, "status": "active", "documents": []}, {"key": "media_preview", "domain": "general", "source": "legacy_coverage_pattern", "specific": false, "default_cap": 1, "mode_cap": null, "cross_module": false, "judge_duplicate": false, "judge_threshold": {"score": 0.2, "overlap": 5}, "status": "active", "documents": []}, {"key": "filter_toggle", "domain": "general", "source": "legacy_coverage_pattern", "specific": false, "default_cap": 1, "mode_cap": null, "cross_module": false, "judge_duplicate": false, "judge_threshold": {"score": 0.2, "overlap": 5}, "status": "active", "documents": []}, {"key": "network_error", "domain": "general", "source": "legacy_coverage_pattern", "specific": false, "default_cap": 1, "mode_cap": null, "cross_module": false, "judge_duplicate": false, "judge_threshold": {"score": 0.2, "overlap": 5}, "status": "active", "documents": []}, {"key": "feedback", "domain": "general", "source": "legacy_coverage_pattern", "specific": false, "default_cap": 1, "mode_cap": null, "cross_module": false, "judge_duplicate": false, "judge_threshold": {"score": 0.2, "overlap": 5}, "status": "active", "documents": []}, {"key": "statistics", "domain": "general", "source": "legacy_coverage_pattern", "specific": false, "default_cap": 2, "mode_cap": null, "cross_module": false, "judge_duplicate": false, "judge_threshold": {"score": 0.2, "overlap": 5}, "status": "active", "documents": []}, {"key": "sorting_limit", "domain": "general", "source": "legacy_coverage_pattern", "specific": false, "default_cap": 1, "mode_cap": null, "cross_module": false, "judge_duplicate": false, "judge_threshold": {"score": 0.2, "overlap": 5}, "status": "active", "documents": []}, {"key": "title_format", "domain": "general", "source": "legacy_coverage_pattern", "specific": false, "default_cap": 1, "mode_cap": null, "cross_module": false, "judge_duplicate": false, "judge_threshold": {"score": 0.2, "overlap": 5}, "status": "active", "documents": []}], "matched_documents": [], "caps_applied": {"source_consistency": 1, "workflow_navigation": 2, "print_export": 1, "media_preview": 1, "filter_toggle": 1, "network_error": 1, "feedback": 1, "statistics": 2, "sorting_limit": 1, "title_format": 1}, "judge_thresholds_used": {}, "cross_module_policies_in_effect": []}, "relaxed_for_floor_backfill": true}, "needs_priority_review": false, "priority_conflict_count": 0, "priority_undetermined_count": 0, "priority_optional_count": 0, "reasons": ["quality_converged_before_reference_count", "flow_structure_reordered"], "generation_target_case_range": {"min": 30, "max": 50}, "multi_pass": true, "generation_mode": "multi_pass"}
GEN_DIAG:{"kind": "review_decision_summary", "candidate_total": 36, "retained_total": 30, "dropped_total": 6, "flow_order": ["stage:出_测_基础巩固答错后触发", "stage:最高分计算", "stage:页面结构", "stage:打印", "stage:奖励进度条", "stage:左侧导航交互", "stage:触发条件", "stage:弹窗展示", "stage:拍照", "stage:照片管理", "stage:确认与取消", "stage:设置总览", "stage:学习进度控制", "stage:答案查看控制", "stage:前置条件", "stage:页面展示", "stage:逐题标记即时反馈", "stage:提交与极限情况", "stage:做题", "stage:对答案与自评", "stage:提交后处理", "stage:金币计算", "stage:动画效果"], "flow_labels": {"stage:出_测_基础巩固答错后触发": "出⻔测、基础巩固答错后触发", "stage:最高分计算": "最高分计算", "stage:页面结构": "页面结构", "stage:打印": "打印", "stage:奖励进度条": "奖励进度条", "stage:左侧导航交互": "左侧导航交互", "stage:触发条件": "触发条件", "stage:弹窗展示": "弹窗展示", "stage:拍照": "拍照流程", "stage:照片管理": "照片管理", "stage:确认与取消": "确认与取消(核心调整)", "stage:设置总览": "设置总览", "stage:学习进度控制": "学习进度控制", "stage:答案查看控制": "答案查看控制", "stage:前置条件": "前置条件", "stage:页面展示": "页面展示", "stage:逐题标记即时反馈": "逐题标记即时反馈", "stage:提交与极限情况": "提交与极限情况", "stage:做题": "做题流程", "stage:对答案与自评": "对答案与自评", "stage:提交后处理": "提交后处理", "stage:金币计算": "金币计算", "stage:动画效果": "动画效果(看ziyi的设计)"}, "flow_stage_breakdown": {"stage:答案查看控制": 3, "stage:对答案与自评": 11, "stage:出_测_基础巩固答错后触发": 6, "stage:学习进度控制": 3, "stage:最高分计算": 5, "stage:逐题标记即时反馈": 4, "stage:提交后处理": 1, "stage:左侧导航交互": 1, "stage:提交与极限情况": 1, "stage:奖励进度条": 1}, "flow_missing_stages": ["stage:页面结构", "stage:打印", "stage:触发条件", "stage:弹窗展示", "stage:拍照", "stage:照片管理", "stage:确认与取消", "stage:设置总览", "stage:前置条件", "stage:页面展示", "stage:做题", "stage:金币计算", "stage:动画效果"], "flow_missing_stage_count": 13, "flow_misordered_count": 29, "scenario_duplicate_cluster_count": 9, "scenario_duplicate_case_count": 12, "scenario_duplicate_clusters": [{"cluster_id": "SC-001", "scenario_key": "stage:答案查看控制:filter_toggle:obj:权限_督导_导端", "group_type": "scenario", "size": 2, "first_case_id": "TC-015", "candidate_indices": [1, 3]}, {"cluster_id": "SC-002", "scenario_key": "stage:对答案与自评:workflow_navigation:obj:拍照_照对_对答", "group_type": "scenario", "size": 2, "first_case_id": "TC-012", "candidate_indices": [2, 22]}, {"cluster_id": "SC-003", "scenario_key": "stage:对答案与自评:intent:submit:拍照_照对_对答:content", "group_type": "intent", "size": 2, "first_case_id": "TC-012", "candidate_indices": [2, 8]}, {"cluster_id": "SC-004", "scenario_key": "stage:对答案与自评:media_preview:obj:拍照_照对_对答", "group_type": "scenario", "size": 5, "first_case_id": "TC-005", "candidate_indices": [9, 11, 12, 19, 21]}, {"cluster_id": "SC-005", "scenario_key": "stage:对答案与自评:intent:open:拍照_照对_对答:navigate", "group_type": "intent", "size": 2, "first_case_id": "TC-007", "candidate_indices": [11, 20]}, {"cluster_id": "SC-006", "scenario_key": "stage:对答案与自评:intent:open:拍照_照对_对答:status", "group_type": "intent", "size": 2, "first_case_id": "TC-004", "candidate_indices": [12, 21]}, {"cluster_id": "SC-007", "scenario_key": "stage:逐题标记即时反馈:feedback:obj:拍照_照对_对答", "group_type": "scenario", "size": 2, "first_case_id": "TC-009", "candidate_indices": [24, 26]}, {"cluster_id": "SC-008", "scenario_key": "stage:逐题标记即时反馈:intent:submit:拍照_照对_对答:content", "group_type": "intent", "size": 2, "first_case_id": "TC-010", "candidate_indices": [25, 26]}, {"cluster_id": "SC-009", "scenario_key": "stage:最高分计算:intent:open:边界_最高_高分:content", "group_type": "intent", "size": 2, "first_case_id": "TC-022", "candidate_indices": [33, 36]}], "final_flow_stage_breakdown": {"stage:答案查看控制": 3, "stage:出_测_基础巩固答错后触发": 5, "stage:逐题标记即时反馈": 2, "stage:对答案与自评": 7, "stage:最高分计算": 3, "stage:奖励进度条": 1, "stage:左侧导航交互": 1, "stage:学习进度控制": 3, "stage:提交与极限情况": 1, "stage:提交后处理": 1}, "final_flow_missing_stages": ["stage:页面结构", "stage:打印", "stage:触发条件", "stage:弹窗展示", "stage:拍照", "stage:照片管理", "stage:确认与取消", "stage:设置总览", "stage:前置条件", "stage:页面展示", "stage:做题", "stage:金币计算", "stage:动画效果"], "final_flow_missing_stage_count": 13, "final_flow_misordered_count": 0, "final_scenario_duplicate_cluster_count": 0, "final_scenario_duplicate_case_count": 0, "final_scenario_duplicate_clusters": [], "final_scenario_duplicate_raw_cluster_count": 6, "final_scenario_duplicate_raw_case_count": 10, "final_order_flow_governance": {"applied": true, "reason": "", "scenario_policy_registry_version": 1, "scenario_policy_registered_count": 93, "scenario_policy_candidate_count": 0, "scenario_policy_pending_candidate_count": 0, "domain_policy_registered_count": 4, "scenario_policy_domains": {"ai_wrong_question_teaching": 10, "recent_course_scheduling": 7, "essay_writing": 23, "course_access": 2, "general": 51}, "scenario_policy_sources": {"manual_seed": 1, "registry": 16, "legacy_duplicate_policy": 19, "legacy_coverage_pattern": 28, "legacy_judge_duplicate_policy": 29}, "scenario_policy_documents": [], "flow_reordered": true, "flow_order": ["stage:出_测_基础巩固答错后触发", "stage:最高分计算", "stage:页面结构", "stage:打印", "stage:奖励进度条", "stage:左侧导航交互", "stage:触发条件", "stage:弹窗展示", "stage:拍照", "stage:照片管理", "stage:确认与取消", "stage:设置总览", "stage:学习进度控制", "stage:答案查看控制", "stage:前置条件", "stage:页面展示", "stage:逐题标记即时反馈", "stage:提交与极限情况", "stage:做题", "stage:对答案与自评", "stage:提交后处理", "stage:金币计算", "stage:动画效果"], "cross_cutting_order": [], "scenario_duplicate_pruned_count": 0, "scenario_duplicate_pruned_indices": [], "scenario_cap_policy": {}, "scenario_duplicate_cluster_count": 3, "flow_misordered_count_before": 0, "missing_flow_stage_count": 13, "registry_impact": {"registry_version": 1, "total_policies_available": 93, "candidate_policies_active": 0, "candidate_policies_pending": 0, "primary_domain": "", "scenario_kinds_seen": {"filter_toggle": 7, "media_preview": 2, "sorting_limit": 1, "network_error": 1, "workflow_navigation": 6, "source_consistency": 6, "print_export": 1, "feedback": 1, "statistics": 1, "title_format": 1}, "policies_matched": [{"key": "filter_toggle", "domain": "general", "source": "legacy_coverage_pattern", "specific": false, "default_cap": 1, "mode_cap": null, "cross_module": false, "judge_duplicate": false, "judge_threshold": {"score": 0.2, "overlap": 5}, "status": "active", "documents": []}, {"key": "media_preview", "domain": "general", "source": "legacy_coverage_pattern", "specific": false, "default_cap": 1, "mode_cap": null, "cross_module": false, "judge_duplicate": false, "judge_threshold": {"score": 0.2, "overlap": 5}, "status": "active", "documents": []}, {"key": "sorting_limit", "domain": "general", "source": "legacy_coverage_pattern", "specific": false, "default_cap": 1, "mode_cap": null, "cross_module": false, "judge_duplicate": false, "judge_threshold": {"score": 0.2, "overlap": 5}, "status": "active", "documents": []}, {"key": "network_error", "domain": "general", "source": "legacy_coverage_pattern", "specific": false, "default_cap": 1, "mode_cap": null, "cross_module": false, "judge_duplicate": false, "judge_threshold": {"score": 0.2, "overlap": 5}, "status": "active", "documents": []}, {"key": "workflow_navigation", "domain": "general", "source": "legacy_coverage_pattern", "specific": false, "default_cap": 2, "mode_cap": null, "cross_module": false, "judge_duplicate": false, "judge_threshold": {"score": 0.2, "overlap": 5}, "status": "active", "documents": []}, {"key": "source_consistency", "domain": "general", "source": "legacy_coverage_pattern", "specific": false, "default_cap": 1, "mode_cap": null, "cross_module": false, "judge_duplicate": false, "judge_threshold": {"score": 0.2, "overlap": 5}, "status": "active", "documents": []}, {"key": "print_export", "domain": "general", "source": "legacy_coverage_pattern", "specific": false, "default_cap": 1, "mode_cap": null, "cross_module": false, "judge_duplicate": false, "judge_threshold": {"score": 0.2, "overlap": 5}, "status": "active", "documents": []}, {"key": "feedback", "domain": "general", "source": "legacy_coverage_pattern", "specific": false, "default_cap": 1, "mode_cap": null, "cross_module": false, "judge_duplicate": false, "judge_threshold": {"score": 0.2, "overlap": 5}, "status": "active", "documents": []}, {"key": "statistics", "domain": "general", "source": "legacy_coverage_pattern", "specific": false, "default_cap": 2, "mode_cap": null, "cross_module": false, "judge_duplicate": false, "judge_threshold": {"score": 0.2, "overlap": 5}, "status": "active", "documents": []}, {"key": "title_format", "domain": "general", "source": "legacy_coverage_pattern", "specific": false, "default_cap": 1, "mode_cap": null, "cross_module": false, "judge_duplicate": false, "judge_threshold": {"score": 0.2, "overlap": 5}, "status": "active", "documents": []}], "matched_documents": [], "caps_applied": {"filter_toggle": 1, "media_preview": 1, "sorting_limit": 1, "network_error": 1, "workflow_navigation": 2, "source_consistency": 1, "print_export": 1, "feedback": 1, "statistics": 2, "title_format": 1}, "judge_thresholds_used": {}, "cross_module_policies_in_effect": []}, "execution_orchestration_plan": {"plan_first": true, "planned_case_count": 33, "main_chain_case_count": 6, "side_suite_count": 5, "execution_group_order": ["main_smoke", "permission", "exception", "boundary", "independent_functional", "display"], "main_chain": [{"case_id": "TC-001", "execution_sequence": 1, "main_chain_step": 1, "stage": "entry", "stage_kind": "consume", "source_state": "initial", "target_state": "photo_popup", "role": "student", "depends_on": []}, {"case_id": "TC-002", "execution_sequence": 2, "main_chain_step": 2, "stage": "configure", "stage_kind": "completion_sync", "source_state": "photo_popup", "target_state": "photo_uploaded", "role": "student", "depends_on": ["TC-001"]}, {"case_id": "TC-003", "execution_sequence": 3, "main_chain_step": 3, "stage": "edit", "stage_kind": "edit", "source_state": "photo_uploaded", "target_state": "marking_done", "role": "student", "depends_on": ["TC-002"]}, {"case_id": "TC-004", "execution_sequence": 4, "main_chain_step": 4, "stage": "preview", "stage_kind": "preview", "source_state": "marking_done", "target_state": "ready_submit", "role": "student", "depends_on": ["TC-003"]}, {"case_id": "TC-005", "execution_sequence": 5, "main_chain_step": 5, "stage": "commit", "stage_kind": "commit", "source_state": "ready_submit", "target_state": "submitted", "role": "student", "depends_on": ["TC-004"]}, {"case_id": "TC-006", "execution_sequence": 6, "main_chain_step": 6, "stage": "downstream_visibility", "stage_kind": "downstream_visibility", "source_state": "submitted", "target_state": "recommend_triggered", "role": "student", "depends_on": ["TC-005"]}], "side_suites": [{"suite_id": "permission_suite", "execution_group": "permission", "rank": 1, "case_ids": ["TC-007", "TC-008"], "case_count": 2}, {"suite_id": "exception_suite", "execution_group": "exception", "rank": 2, "case_ids": ["TC-009", "TC-011", "TC-010"], "case_count": 3}, {"suite_id": "boundary_suite", "execution_group": "boundary", "rank": 3, "case_ids": ["TC-016", "TC-013", "TC-014", "TC-015", "TC-012"], "case_count": 5}, {"suite_id": "independent_functional_suite", "execution_group": "independent_functional", "rank": 4, "case_ids": ["TC-018", "TC-019", "TC-024", "TC-026", "TC-027", "TC-022", "TC-021", "TC-025", "TC-017", "TC-020", "TC-023"], "case_count": 11}, {"suite_id": "display_suite", "execution_group": "display", "rank": 5, "case_ids": ["TC-031", "TC-033", "TC-028", "TC-029", "TC-030", "TC-032"], "case_count": 6}]}, "execution_group_order": ["main_smoke", "permission", "exception", "boundary", "independent_functional", "display"]}, "final_execution_group_order": ["main_smoke", "permission", "exception", "boundary", "independent_functional", "display"], "final_execution_orchestration_plan": {"plan_first": true, "planned_case_count": 33, "main_chain_case_count": 6, "side_suite_count": 5, "execution_group_order": ["main_smoke", "permission", "exception", "boundary", "independent_functional", "display"], "main_chain": [{"case_id": "TC-001", "execution_sequence": 1, "main_chain_step": 1, "stage": "entry", "stage_kind": "consume", "source_state": "initial", "target_state": "photo_popup", "role": "student", "depends_on": []}, {"case_id": "TC-002", "execution_sequence": 2, "main_chain_step": 2, "stage": "configure", "stage_kind": "completion_sync", "source_state": "photo_popup", "target_state": "photo_uploaded", "role": "student", "depends_on": ["TC-001"]}, {"case_id": "TC-003", "execution_sequence": 3, "main_chain_step": 3, "stage": "edit", "stage_kind": "edit", "source_state": "photo_uploaded", "target_state": "marking_done", "role": "student", "depends_on": ["TC-002"]}, {"case_id": "TC-004", "execution_sequence": 4, "main_chain_step": 4, "stage": "preview", "stage_kind": "preview", "source_state": "marking_done", "target_state": "ready_submit", "role": "student", "depends_on": ["TC-003"]}, {"case_id": "TC-005", "execution_sequence": 5, "main_chain_step": 5, "stage": "commit", "stage_kind": "commit", "source_state": "ready_submit", "target_state": "submitted", "role": "student", "depends_on": ["TC-004"]}, {"case_id": "TC-006", "execution_sequence": 6, "main_chain_step": 6, "stage": "downstream_visibility", "stage_kind": "downstream_visibility", "source_state": "submitted", "target_state": "recommend_triggered", "role": "student", "depends_on": ["TC-005"]}], "side_suites": [{"suite_id": "permission_suite", "execution_group": "permission", "rank": 1, "case_ids": ["TC-007", "TC-008"], "case_count": 2}, {"suite_id": "exception_suite", "execution_group": "exception", "rank": 2, "case_ids": ["TC-009", "TC-011", "TC-010"], "case_count": 3}, {"suite_id": "boundary_suite", "execution_group": "boundary", "rank": 3, "case_ids": ["TC-016", "TC-013", "TC-014", "TC-015", "TC-012"], "case_count": 5}, {"suite_id": "independent_functional_suite", "execution_group": "independent_functional", "rank": 4, "case_ids": ["TC-018", "TC-019", "TC-024", "TC-026", "TC-027", "TC-022", "TC-021", "TC-025", "TC-017", "TC-020", "TC-023"], "case_count": 11}, {"suite_id": "display_suite", "execution_group": "display", "rank": 5, "case_ids": ["TC-031", "TC-033", "TC-028", "TC-029", "TC-030", "TC-032"], "case_count": 6}]}, "fact_profile_source": "requirement_semantics", "fact_profile_confidence": 0.0, "fact_profile_confirmed_count": 5, "fact_profile_forbidden_count": 0, "fact_profile_pending_count": 0, "project_profile_source": "document_extracted", "project_profile_confidence": 0.0, "flow_governance_applied": true, "flow_reordered": true, "flow_governance_reason": "", "scenario_duplicate_pruned_count": 0, "scenario_duplicate_pruned_indices": [], "execution_plan": {"applied": true, "coverage_mode": "standard_regression", "workflow_blueprint_count": 1, "trusted_workflow_contract_count": 0, "current_requirement_blueprint_count": 1, "plan_workflow_blueprint_count": 1, "workflow_blueprint_source": "current_requirement_blueprint", "linear_executable": true, "linear_scope": "main_smoke_chain_only", "main_chain_case_count": 6, "main_chain_stage_order": ["entry", "configure", "edit", "preview", "commit", "downstream_visibility"], "main_chain_stage_kinds": ["consume", "completion_sync", "edit", "preview", "commit", "downstream_visibility"], "main_chain_incomplete_reason": "", "derived_workflow_debug": {"candidate_total": 30, "action_state_candidate_count": 0, "primary_candidate_count": 0, "fallback_candidate_count": 0, "selected_candidate_count": 0, "closure_reason": ""}, "main_chain_excluded_candidates": [{"case_id": "TC-001", "description": "基础巩固答错后触发相似题推荐", "stage_key": "entry", "reason": "stage_action_not_supported_by_case_text"}, {"case_id": "TC-004", "description": "拍照后未点确认直接关闭浏览器下次需重新拍照", "stage_key": "entry", "reason": "blocking_negative"}, {"case_id": "TC-014", "description": "两个答案查看开关都关闭时学生直接查看答案", "stage_key": "entry", "reason": "student_role_with_management_surface_text"}, {"case_id": "TC-016", "description": "督导端设置-查看答案需老师同意开关开启后学生申请需审批", "stage_key": "entry", "reason": "blocking_negative"}, {"case_id": "TC-021", "description": "多个模块连续完成时庆祝动画排队播放不堆积", "stage_key": "entry", "reason": "stage_action_not_supported_by_case_text"}, {"case_id": "TC-024", "description": "触发相似题推荐-出门测提交存在错题时触发推荐", "stage_key": "entry", "reason": "stage_action_not_supported_by_case_text"}, {"case_id": "TC-026", "description": "申请查看答案-拍照开关关闭时跳过拍照直接进入对答案页面", "stage_key": "entry", "reason": "student_role_with_management_surface_text"}, {"case_id": "TC-027", "description": "申请查看答案-拍照开关开启时弹出拍照弹窗必须完成拍照", "stage_key": "entry", "reason": "blocking_negative"}, {"case_id": "TC-014", "description": "两个答案查看开关都关闭时学生直接查看答案", "stage_key": "configure", "reason": "stage_action_not_supported_by_case_text"}, {"case_id": "TC-015", "description": "督导端设置-两个开关都开启时申请→老师同意→拍照上传→查看答案", "stage_key": "configure", "reason": "stage_action_not_supported_by_case_text"}, {"case_id": "TC-026", "description": "申请查看答案-拍照开关关闭时跳过拍照直接进入对答案页面", "stage_key": "configure", "reason": "stage_action_not_supported_by_case_text"}, {"case_id": "TC-028", "description": "拍照确认-点击确认后照片上传转发督导端学生端提示后关闭弹窗进入对答案", "stage_key": "configure", "reason": "reset_or_abort_case_in_main_smoke"}, {"case_id": "TC-002", "description": "出门测重新进入修改对错后取历史最高分", "stage_key": "edit", "reason": "reset_or_abort_case_in_main_smoke"}, {"case_id": "TC-017", "description": "断网时本地保存标记状态恢复后自动提交", "stage_key": "edit", "reason": "blocking_negative"}, {"case_id": "TC-019", "description": "逐题标记对错-标记做对即时反馈绿色动画金币+1", "stage_key": "edit", "reason": "stage_action_not_supported_by_case_text"}, {"case_id": "TC-020", "description": "提交自评结果-提交时统计答对题数计算积分错题加入错题本", "stage_key": "edit", "reason": "stage_action_not_supported_by_case_text"}, {"case_id": "TC-022", "description": "刷新页面恢复之前的标记状态", "stage_key": "edit", "reason": "blocking_negative"}, {"case_id": "TC-023", "description": "相似题推荐-某知识点全部答对后停止推荐该知识点其他错题知识点继续", "stage_key": "edit", "reason": "stage_action_not_supported_by_case_text"}, {"case_id": "TC-029", "description": "相似题推荐-最多3轮每轮独立计分难度递降", "stage_key": "edit", "reason": "boundary_capacity"}, {"case_id": "TC-020", "description": "提交自评结果-提交时统计答对题数计算积分错题加入错题本", "stage_key": "preview", "reason": "stage_text_lacks_preview_action"}, {"case_id": "TC-003", "description": "错题流向同步-错题本+习题集+课后报告", "stage_key": "downstream_visibility", "reason": "stage_action_not_supported_by_case_text"}, {"case_id": "TC-006", "description": "最高分计算公式验证-含基础巩固和相似题满分", "stage_key": "downstream_visibility", "reason": "boundary_capacity"}], "independent_case_count": 27, "isolation_case_count": 27, "role_switch_count": 0, "broken_dependency_count": 0, "state_conflict_count": 0, "state_conflicts": [], "selected_stage_state_conflicts": [], "semantic_conflict_count": 0, "semantic_conflicts": [], "execution_group_breakdown": {"boundary": 5, "display": 6, "exception": 3, "independent_functional": 11, "main_smoke": 6, "permission": 2}, "execution_group_order": ["main_smoke", "permission", "exception", "boundary", "independent_functional", "display"], "execution_orchestration_plan": {"plan_first": true, "planned_case_count": 33, "main_chain_case_count": 6, "side_suite_count": 5, "execution_group_order": ["main_smoke", "permission", "exception", "boundary", "independent_functional", "display"], "main_chain": [{"case_id": "TC-001", "execution_sequence": 1, "main_chain_step": 1, "stage": "entry", "stage_kind": "consume", "source_state": "initial", "target_state": "photo_popup", "role": "student", "depends_on": []}, {"case_id": "TC-002", "execution_sequence": 2, "main_chain_step": 2, "stage": "configure", "stage_kind": "completion_sync", "source_state": "photo_popup", "target_state": "photo_uploaded", "role": "student", "depends_on": ["TC-001"]}, {"case_id": "TC-003", "execution_sequence": 3, "main_chain_step": 3, "stage": "edit", "stage_kind": "edit", "source_state": "photo_uploaded", "target_state": "marking_done", "role": "student", "depends_on": ["TC-002"]}, {"case_id": "TC-004", "execution_sequence": 4, "main_chain_step": 4, "stage": "preview", "stage_kind": "preview", "source_state": "marking_done", "target_state": "ready_submit", "role": "student", "depends_on": ["TC-003"]}, {"case_id": "TC-005", "execution_sequence": 5, "main_chain_step": 5, "stage": "commit", "stage_kind": "commit", "source_state": "ready_submit", "target_state": "submitted", "role": "student", "depends_on": ["TC-004"]}, {"case_id": "TC-006", "execution_sequence": 6, "main_chain_step": 6, "stage": "downstream_visibility", "stage_kind": "downstream_visibility", "source_state": "submitted", "target_state": "recommend_triggered", "role": "student", "depends_on": ["TC-005"]}], "side_suites": [{"suite_id": "permission_suite", "execution_group": "permission", "rank": 1, "case_ids": ["TC-007", "TC-008"], "case_count": 2}, {"suite_id": "exception_suite", "execution_group": "exception", "rank": 2, "case_ids": ["TC-009", "TC-010", "TC-011"], "case_count": 3}, {"suite_id": "boundary_suite", "execution_group": "boundary", "rank": 3, "case_ids": ["TC-012", "TC-013", "TC-014", "TC-015", "TC-016"], "case_count": 5}, {"suite_id": "independent_functional_suite", "execution_group": "independent_functional", "rank": 4, "case_ids": ["TC-017", "TC-018", "TC-019", "TC-020", "TC-021", "TC-022", "TC-023", "TC-024", "TC-025", "TC-026", "TC-027"], "case_count": 11}, {"suite_id": "display_suite", "execution_group": "display", "rank": 5, "case_ids": ["TC-028", "TC-029", "TC-030", "TC-031", "TC-032", "TC-033"], "case_count": 6}]}, "generated_bridge_case_count": 0, "workflow_contract_materialized_case_count": 3, "group_setup": {"boundary": "seed_boundary_dataset()", "display": "seed_display_ready_dataset()", "exception": "enable_fault_injection_for_case()", "independent_functional": "seed_functional_dataset()", "main_smoke": "seed_workflow_blueprint_dataset()", "permission": "seed_permission_state_dataset()"}, "group_teardown": {"boundary": "delete_boundary_dataset()", "display": "delete_display_ready_dataset()", "exception": "disable_fault_injection()", "independent_functional": "cleanup_functional_dataset()", "main_smoke": "cleanup_workflow_blueprint_dataset()", "permission": "reset_permission_state_dataset()"}, "fixture_keys": ["boundary_dataset", "display_ready_dataset", "fault_injection_case", "independent_functional_dataset", "permission_state_dataset", "workflow_blueprint_chain_seed"]}, "linear_executable": true, "linear_scope": "main_smoke_chain_only", "main_chain_case_count": 6, "independent_case_count": 27, "isolation_case_count": 27, "broken_dependency_count": 0, "state_conflict_count": 0, "role_switch_count": 0, "final_reasoning_leakage_case_count": 0, "priority_decision_state_breakdown": {"decided": 36, "conflict": 0, "undetermined": 0, "optional": 0, "invalid": 0}, "priority_final_breakdown": {"P0": 14, "P1": 12, "P2": 10, "null": 0}, "legacy_priority_breakdown": {"P0": 9, "P1": 24, "P2": 3, "UNKNOWN": 0}, "priority_conflict_count": 0, "priority_undetermined_count": 0, "priority_optional_count": 0, "priority_invalid_count": 0, "priority_quality_gate_failed": false, "needs_priority_review": false, "invalid_case_count": 0, "reasoning_leakage_case_count": 0, "review_llm_filter_applied": true, "review_input_size": 35, "review_output_size": 33, "review_target_min_count": 13, "review_target_max_count": 23, "review_shortfall_detected": false, "review_shortfall_before_count": 35, "review_shortfall_recovered_count": 0, "review_post_rerank_floor_count": 7, "review_post_rerank_recovered_count": 0, "final_target_floor_count": 29, "final_floor_recovery_attempted": true, "final_floor_recovery_applied": true, "final_floor_recovered_count": 3, "final_floor_recovery_reason": "recovered_with_relaxed_scenario_caps", "final_confirmed_conflict_drop_count": 0, "final_shortfall_supplement_attempted": false, "final_shortfall_supplement_applied": false, "final_shortfall_supplement_count": 0, "final_shortfall_supplement_reason": "", "final_shortfall_supplement_debug": {}, "requested_generation_mode": "", "effective_generation_coverage_mode_source": "feedback_control_state", "explicit_generation_mode_override": false, "explicit_expected_count_floor_preserved": false, "review_fill_source": "none", "review_llm_selected_count": 23, "review_llm_runtime_debug": {"invoked": true, "pool_non_empty": true, "pool_size": 24, "deterministic_noop_skip_eligible": false, "deterministic_noop_preflight_selected_count": 23, "deterministic_noop_preflight_within_target_window": false, "deterministic_noop_preflight_signature_unchanged": false, "deterministic_noop_preflight_dropped_by_max": true, "skip_reason": "", "primary_model": "glm-5.1", "primary_invalid_reason": "", "primary_reason_incomplete": false, "primary_dropped_reason_count": 1, "primary_dropped_reason_payload_count": 1, "primary_reason_coverage_ratio": 1.0, "response_len": 448, "response_preview": "```json\n{\n  \"kept_case_ids\": [\n    \"TC-025\",\n    \"TC-035\",\n    \"TC-026\",\n    \"TC-016\",\n    \"TC-027\",\n    \"TC-030\",\n    \"TC-006\",\n    \"TC-001\",\n    \"TC-003\",\n    \"TC-011\",\n    \"TC-017\",\n    \"TC-009\",\n    \"TC-010\",\n    \"TC-008\",\n    \"TC-024\",\n    \"TC-020\",\n    \"TC-029\",\n    \"TC-036\",\n    \"TC-028\",\n    \"TC-002\",\n    \"TC-022\",\n    \"TC-021\",\n    \"TC-019\"\n  ],\n  \"dropped\": [\n    {\n      \"case_id\": \"TC-023\",\n      \"reason\": \"duplicate\"\n    }\n  ]\n}\n```", "primary_response_metadata": {"model": "glm-5.1", "wire_api": "chat_completions", "max_tokens": 10000, "json_response": true, "http_status": 200, "url_path": "/chat/completions", "reasoning_effort": "low", "response_format": {"type": "json_object"}, "thinking": {"type": "disabled"}, "finish_reason": "stop", "content_len": 448, "reasoning_len": 0, "message_keys": ["role", "content"], "input_tokens_estimated": 5642, "output_tokens_estimated": 112, "token_estimate_method": "chars_div_4"}, "primary_compact_retry_invoked": false, "primary_compact_retry_model": "", "primary_compact_retry_invalid_reason": "", "primary_compact_retry_response_len": 0, "primary_compact_retry_response_metadata": {}, "retry_invoked": false, "retry_reason": "", "retry_model": "", "retry_attempts": [], "fallback_skipped_reason": "", "retry_response_len": 0, "retry_parse_success": false, "retry_mapped_count": 0, "retry_payload_has_selection_signal": false, "parsed_type": "dict", "parsed_len": 2, "mapped_count": 23, "mapped_signature_count": 23, "dropped_reason_count": 1, "dropped_reason_payload_count": 1, "dropped_reason_unmapped_count": 0, "payload_has_selection_signal": true, "final_selected_and_dropped_overlap_count": 0, "final_selected_and_dropped_overlap_case_ids": [], "final_payload_consistent": true, "reason_repair_invoked": false, "reason_repair_model": "", "reason_repair_candidate_count": 0, "reason_repair_response_len": 0, "reason_repair_mapped_count": 0, "reason_repair_invalid_reason": "", "reason_repair_response_metadata": {}, "final_source": "primary_llm", "applied": true, "applied_reason": "mapped_valid_payload", "exception": "", "forced_reset_by_fallback": false, "fallback_reason_incomplete": false, "final_reason_incomplete": false, "final_reason_coverage_ratio": 1.0, "prompt_chars": 18252, "prompt_est_tokens": 4563, "candidate_count": 24, "append_target_count": 0, "append_final_cap_count": 0, "primary_duration_ms": 5974, "final_dropped_reason_count": 1, "final_dropped_reason_payload_count": 1, "final_dropped_reason_unmapped_count": 0}, "review_constraint_selected_count": 0, "review_llm_drop_reason_breakdown": {"duplicate": 1}, "review_llm_drop_reason_raw_breakdown": {"duplicate": 1}, "review_llm_drop_reason_source_breakdown": {"llm": 1}, "fallback_reason_incomplete": false, "final_reason_incomplete": false, "final_reason_coverage_ratio": 1.0, "fallback_dropped_reason_count": 0, "fallback_dropped_reason_mapped_count": 0, "fallback_dropped_reason_unmapped_count": 0, "fallback_reason_coverage_ratio": 0.0, "llm_reason_coverage_ratio": 1.0, "deterministic_backfill_ratio": 0.0, "reason_source_breakdown": {"primary": 1, "fallback": 0, "backfill": 0}, "primary_reason_incomplete": false, "primary_dropped_reason_count": 1, "primary_dropped_reason_payload_count": 1, "primary_reason_coverage_ratio": 1.0, "fallback_with_positive_evidence_count": 0, "fallback_without_positive_evidence_count": 0, "review_llm_pool_count": 24, "candidate_by_pass": {"primary": 36, "gap": 0}, "must_keep_candidate_count": 12, "must_keep_retained_count": 8, "must_keep_dropped_count": 4, "retained_due_to_coverage_value_count": 2, "must_cover_rule_hit_count": 0, "forbidden_pattern_violation_count": 0, "soft_constraint_hit_count": 0, "quality_hint_satisfied_count": 0, "drop_by_review_llm_count": 1, "drop_by_review_selector_count": 0, "drop_by_review_gate_count": 2, "drop_by_pre_gate_dedup_count": 0, "drop_by_post_review_dedup_count": 3, "drop_no_new_signal_count": 2, "drop_rule_cap_count": 0, "drop_ui_like_redundant_count": 0, "drop_ui_like_ratio_cap_count": 0, "drop_outside_target_window_count": 0, "drop_by_rerank_low_signal_count": 2, "dropped_model_priority_p0_p1_count": 5, "dropped_core_rule_hit_count": 0, "dropped_missing_rule_hit_count": 0, "dropped_high_signal_count": 0, "dropped_has_coverage_value_count": 0, "drop_ui_like_ratio_postprocess_count": 0, "drop_final_description_duplicate_count": 0, "multi_pass": true, "generation_mode": "multi_pass", "request_id": "de10329c2afe4b34aa2c42e202ddaa49"}
GEN_DIAG:{"kind": "feedback_control_state", "control_state_applied": true, "generation_coverage_mode": "standard_regression", "generation_target_case_range": {"min": 30, "max": 50}, "fact_profile_source": "requirement_semantics", "fact_profile_confidence": 0.0, "fact_profile_confirmed_count": 5, "fact_profile_forbidden_count": 0, "fact_profile_pending_count": 0, "project_profile_source": "document_extracted", "project_profile_confidence": 0.0, "project_profile_flow_count": 13, "manual_quality_profile_source": "", "manual_quality_profile_version": "", "manual_quality_profile_trusted_count": 0, "manual_quality_profile_high_priority_ratio": 0.0, "manual_quality_profile_display_ratio_cap": 0.0, "must_cover_rules_count": 0, "rule_quota_keys": [], "soft_constraints_count": 0, "quality_fix_hints_count": 6, "preferred_patterns_count": 0, "forbidden_patterns_count": 0, "source_meta": {"sources": ["current_requirement_blueprint", "workflow_blueprint_repository", "priority_sample_pool_domain_gate", "anomaly_pool", "evaluation_report", "generation_coverage_profile", "fact_profile", "project_profile"], "current_requirement_blueprint_status": "applied", "current_requirement_blueprint_count": 1, "current_requirement_blueprint_step_count": 6, "current_requirement_blueprint_source": "current_requirement_blueprint", "current_requirement_blueprint_max_tokens": 1600, "requirement_understanding_used": true, "requirement_understanding_visual_fact_count": 4, "requirement_understanding_invalid_visual_block_count": 0, "current_requirement_blueprint_raw_chars": 1381, "current_requirement_blueprint_ids": ["photo_answer_review"], "workflow_blueprint_repository_count": 0, "trusted_workflow_contract_count": 0, "workflow_blueprint_current_source_doc_ids": [], "workflow_blueprint_same_source_count": 0, "priority_pool_sample_count": 105, "priority_pool_total_positive_count": 78, "priority_pool_total_negative_count": 27, "generation_id": null, "retrieval_query_used": true, "retrieval_top_k": 5, "retrieval_hit_count": 0, "retrieval_selected_count": 0, "retrieval_fallback": "domain_unstable", "retrieval_selected_weight_avg": 0.0, "retrieval_selected_quality_avg": 0.0, "retrieval_diversity_cluster_cap": 2, "retrieval_diversity_skipped_count": 0, "retrieval_lexical_fallback_used": false, "retrieval_active_sample_count": 85, "retrieval_disabled_sample_count": 0, "retrieval_low_confidence_sample_count": 20, "retrieval_min_pattern_confidence": 0.6, "retrieval_signal_quota_applied": false, "retrieval_signal_quota_relaxed": false, "retrieval_positive_min_quota": 2, "retrieval_negative_max_quota": 3, "retrieval_selected_positive_count": 0, "retrieval_selected_negative_count": 0, "retrieval_pool_positive_count": 71, "retrieval_pool_negative_count": 14, "retrieval_raw_positive_count": 0, "retrieval_raw_negative_count": 0, "retrieval_after_diversity_positive_count": 0, "retrieval_after_diversity_negative_count": 0, "retrieval_after_quota_merge_positive_count": 0, "retrieval_after_quota_merge_negative_count": 0, "retrieval_final_selected_positive_count": 0, "retrieval_final_selected_negative_count": 0, "retrieval_query_domain_tags": ["ai_wrong_question_teaching", "course_access", "essay_writing", "recent_course_scheduling"], "retrieval_domain_scores": {"ai_wrong_question_teaching": 2, "recent_course_scheduling": 2, "essay_writing": 2, "course_access": 3}, "retrieval_domain_gate_status": "ambiguous_registered_domain", "retrieval_domain_gate_reason": "primary_domain_not_in_requirement_topic", "retrieval_domain_gate_blocked": true, "retrieval_domain_gate_allows_historical_profile": false, "retrieval_domain_filter_applied": true, "retrieval_domain_matched_sample_count": 0, "retrieval_domain_skipped_sample_count": 85, "retrieval_domain_no_match": true, "retrieval_sample_id_hit_count": 0, "retrieval_index_mismatch_count": 0, "retrieval_query_primary_domain": "course_access", "workflow_blueprint_direct_candidate_count": 0, "workflow_blueprint_direct_selected_count": 0, "retrieval_index_resync_attempted": false, "retrieval_index_resync_success": false, "retrieval_index_resync_error": "", "sample_count": 0, "challenge_sample_count": 0, "regression_sample_count": 0, "rule_frequency": {}, "doc_count": 3, "doc_types": {"evaluation_report": 3}, "generation_coverage_profile": {"coverage_mode": "standard_regression", "case_density": "medium", "target_case_range": {"min": 30, "max": 50}, "activation_evidence": {"expected_count": 36, "linked_final_case_count": 0, "full_regression_token_hit": false, "expanded_regression_token_hit": false, "standard_regression_token_hit": true}, "coverage_layers": ["入口、主流程、编辑/删除/保存、异常提示、跨页返回至少各覆盖一类。", "状态变化用例必须验证操作前后差异，不只验证静态展示。", "保留少量原有模块回归，避免新增功能影响既有链路。"]}, "fact_profile": {"profile_version": "fact-profile-v1", "profile_source": "requirement_semantics", "confidence": 0, "confirmed_facts": ["⼀、计分规则\u0001", "可反复刷的模块，取历史最⾼分（可以重新进⼊，", "与基础巩固⾄少完成⼀个，才可进⼊后续流程\u0001", "顶部栏：返回按钮、课程标题、当前⾦币数、切换", "右侧提⽰\"再得\u0001X\u0001⾦币拿满奖励\"，动态计算剩余\u0001"], "scoped_rules": [], "forbidden_facts": [], "pending_items": [], "reuse_declarations": [], "hard_flow_constraints": ["与基础巩固⾄少完成⼀个，才可进⼊后续流程\u0001", "顶部栏：返回按钮、课程标题、当前⾦币数、切换", "右侧提⽰\"再得\u0001X\u0001⾦币拿满奖励\"，动态计算剩余\u0001"], "reuse_risks": [], "source_priority": ["current_requirement", "rag_requirement", "supplement_boundary", "testcase_style_only", "historical_feedback"], "conflict_policy": "current_requirement_wins", "strategy_only": 0}, "project_profile": {"profile_version": "project-profile-v1", "profile_source": "document_extracted", "confidence": 0, "flow_outline": {"source": "requirement_keyword_positions", "domain_gate_status": "ambiguous_registered_domain", "domain_gate_reason": "registered_domain_tags_without_primary", "domain_gate_allows_historical_profile": false, "flow_order": ["stage:拍照", "stage:确认与取消", "stage:出_测_基础巩固答错后触发", "stage:最高分计算", "stage:页面结构", "stage:打印", "stage:奖励进度条", "stage:左侧导航交互", "stage:触发条件", "stage:弹窗展示", "stage:照片管理", "stage:设置总览", "stage:学习进度控制"], "document_flow_order": ["stage:出_测_基础巩固答错后触发", "stage:最高分计算", "stage:页面结构", "stage:打印", "stage:奖励进度条", "stage:左侧导航交互", "stage:触发条件", "stage:弹窗展示", "stage:拍照", "stage:照片管理", "stage:确认与取消", "stage:设置总览", "stage:学习进度控制"], "flow_labels": {"stage:出_测_基础巩固答错后触发": "出⻔测、基础巩固答错后触发", "stage:最高分计算": "最高分计算", "stage:页面结构": "页面结构", "stage:打印": "打印", "stage:奖励进度条": "奖励进度条", "stage:左侧导航交互": "左侧导航交互", "stage:触发条件": "触发条件", "stage:弹窗展示": "弹窗展示", "stage:拍照": "拍照流程", "stage:照片管理": "照片管理", "stage:确认与取消": "确认与取消(核心调整)", "stage:设置总览": "设置总览", "stage:学习进度控制": "学习进度控制"}, "flow_stage_positions": {"stage:出_测_基础巩固答错后触发": 47, "stage:最高分计算": 54, "stage:页面结构": 67, "stage:打印": 70, "stage:奖励进度条": 77, "stage:左侧导航交互": 88, "stage:触发条件": 107, "stage:弹窗展示": 117, "stage:拍照": 136, "stage:照片管理": 148, "stage:确认与取消": 157, "stage:设置总览": 185, "stage:学习进度控制": 196}, "cross_cutting": [], "cross_cutting_labels": {}, "data_flow_edges": [{"from": "stage:拍照", "to": "stage:确认与取消", "from_label": "拍照流程", "to_label": "确认与取消(核心调整)"}, {"from": "stage:确认与取消", "to": "stage:出_测_基础巩固答错后触发", "from_label": "确认与取消(核心调整)", "to_label": "出⻔测、基础巩固答错后触发"}, {"from": "stage:出_测_基础巩固答错后触发", "to": "stage:最高分计算", "from_label": "出⻔测、基础巩固答错后触发", "to_label": "最高分计算"}, {"from": "stage:最高分计算", "to": "stage:页面结构", "from_label": "最高分计算", "to_label": "页面结构"}, {"from": "stage:页面结构", "to": "stage:打印", "from_label": "页面结构", "to_label": "打印"}, {"from": "stage:打印", "to": "stage:奖励进度条", "from_label": "打印", "to_label": "奖励进度条"}, {"from": "stage:奖励进度条", "to": "stage:左侧导航交互", "from_label": "奖励进度条", "to_label": "左侧导航交互"}, {"from": "stage:左侧导航交互", "to": "stage:触发条件", "from_label": "左侧导航交互", "to_label": "触发条件"}, {"from": "stage:触发条件", "to": "stage:弹窗展示", "from_label": "触发条件", "to_label": "弹窗展示"}, {"from": "stage:弹窗展示", "to": "stage:照片管理", "from_label": "弹窗展示", "to_label": "照片管理"}, {"from": "stage:照片管理", "to": "stage:设置总览", "from_label": "照片管理", "to_label": "设置总览"}, {"from": "stage:设置总览", "to": "stage:学习进度控制", "from_label": "设置总览", "to_label": "学习进度控制"}], "data_flow_phase_rank": {"stage:拍照": "entry_capture", "stage:确认与取消": "review_confirm"}, "data_flow_order_applied": true}, "ordering_policy": "flow_first_then_cross_cutting", "scenario_cluster_policy": {"default_max_per_scenario": 2}, "profile_constraints": ["strategy_only_not_fact_source"], "strategy_only": 1}}, "request_id": "de10329c2afe4b34aa2c42e202ddaa49"}
GEN_DIAG:{"kind": "judge_summary", "pass_count": 32, "repairable_count": 1, "raw_repairable_count": 1, "remaining_repairable_count": 0, "unrepaired_repairable_count": 1, "reject_count": 1, "pending_count": 0, "repaired_case_count": 0, "appended_case_count": 0, "confirmed_pass_out_count": 32, "repaired_pass_out_count": 0, "rejected_out_count": 1, "pending_out_count": 0, "fact_violation_count": 0, "core_flow_covered": false, "reuse_risk_covered": true, "fact_profile_source": "requirement_semantics", "fact_profile_confidence": 0.0, "fact_profile_confirmed_count": 5, "fact_profile_forbidden_count": 0, "fact_profile_pending_count": 0, "generation_id": 515, "request_id": "de10329c2afe4b34aa2c42e202ddaa49"}
GEN_DIAG:{"kind": "judge_decision_table", "generation_id": 515, "rows": [{"generation_id": 515, "request_id": "de10329c2afe4b34aa2c42e202ddaa49", "case_id": "TC-020", "judge_status": "REJECT", "reject_reason": "semantic_duplicate:TC-022", "pending_reason": "", "signals": {"violates_confirmed_fact": false, "missing_core_flow": false, "missing_reuse_risk": false, "contains_pending_logic": false, "confirmed_fact_hits": [], "confirmed_fact_violations": [], "reuse_risk_hits": [], "pending_hits": [], "vague_or_unconfirmed_hits": []}, "violates_confirmed_fact": false, "missing_core_flow": false, "missing_reuse_risk": false, "contains_pending_logic": false, "confirmed_fact_hits": [], "confirmed_fact_violations": [], "reuse_risk_hits": [], "pending_hits": [], "vague_or_unconfirmed_hits": [], "before_case_snapshot": {"id": "TC-020", "description": "拍照上传作业-删除照片后计数更新确认按钮置灰", "test_module": "拍照对答案自评流程-拍照上传作业", "preconditions": ["已拍摄1张照片，计数为1"], "steps": ["1. 点击缩略图右上角「×」删除按钮删除该照片"], "test_input": "删除唯一1张照片", "expected_result": "照片从缩略图列表移除，计数更新为「已拍0张」，确认按钮重新置灰不可点击", "priority": "P2", "model_priority_current": "P0", "model_priority": "P0", "legacy_priority": "P0", "priority_final": "P2", "priority_decision_state": "conflict_resolved", "priority_decision_source": "conflict_resolved_by_non_blocking_experience_rule", "priority_confidence": "medium", "priority_conflict_reason": "model=P0,suggested=P2", "priority_resolution_reason": "explicit_low_value_or_experience_case"}, "after_case_snapshot": {"id": "TC-020", "description": "拍照上传作业-删除照片后计数更新确认按钮置灰", "test_module": "拍照对答案自评流程-拍照上传作业", "preconditions": ["已拍摄1张照片，计数为1"], "steps": ["1. 点击缩略图右上角「×」删除按钮删除该照片"], "test_input": "删除唯一1张照片", "expected_result": "照片从缩略图列表移除，计数更新为「已拍0张」，确认按钮重新置灰不可点击", "priority": "P2", "model_priority_current": "P0", "model_priority": "P0", "legacy_priority": "P0", "priority_final": "P2", "priority_decision_state": "conflict_resolved", "priority_decision_source": "conflict_resolved_by_non_blocking_experience_rule", "priority_confidence": "medium", "priority_conflict_reason": "model=P0,suggested=P2", "priority_resolution_reason": "explicit_low_value_or_experience_case"}}], "row_count": 1, "row_count_total": 34, "row_count_reject_pending": 1, "rows_scope": "reject_pending_only", "row_evidence_incomplete": false, "multi_pass": true, "generation_mode": "multi_pass", "request_id": "de10329c2afe4b34aa2c42e202ddaa49"}
GEN_DIAG:{"kind": "memory_fabric_diag", "memory_fabric_used": true, "memory_reads": {"working": 0, "episodic": 0, "semantic": 3, "rule": 1}, "request_id": "de10329c2afe4b34aa2c42e202ddaa49"}
GEN_DIAG:{"kind": "review_decision_table", "generation_id": 515, "rows": [{"candidate_index": 1, "signature": "权限/安全-督导端答案查看组合控制|督导端设置-两个开关都开启时申请→老师同意→拍照上传→查看答案|流程顺序为：申请→老师同意→拍照上传→查看答案，管理强度最高，每个环节必须依次完成才能查看答案|两个开关都开启的完整流程", "case_id": "TC-015", "description": "督导端设置-两个开关都开启时申请→老师同意→拍照上传→查看答案", "test_module": "权限/安全-督导端答案查看组合控制", "expected_result": "流程顺序为：申请→老师同意→拍照上传→查看答案，管理强度最高，每个环节必须依次完成才能查看答案", "flow_stage": "stage:答案查看控制", "flow_stage_label": "答案查看控制", "flow_rank": 13, "cross_cutting": [], "scenario_key": "stage:答案查看控制:filter_toggle:obj:权限_督导_导端", "is_scenario_duplicate": false, "duplicate_cluster_id": "SC-001", "duplicate_cluster_size": 2, "duplicate_of_case_id": "", "misordered_against_requirement_flow": false, "expected_result_quality": "assertable", "expected_result_quality_reason": "contains_concrete_assertion", "expected_result_alignment_warning": true, "truncated_text_detected": false, "case_quality": "valid_case", "invalid_case_reason": "", "invalid_case_signals": [], "rule_keys": [], "bucket": "权限/安全-督导端答案查看组合控制|happy", "adds_rule": false, "adds_bucket": true, "high_signal": true, "has_coverage_value": true, "retained_reason": "retained_default", "rerank_rank": 29, "focus_score": 0, "model_priority_current": "P1", "model_priority": "P1", "legacy_priority": "P1", "priority_final": "P0", "priority_decision_state": "decided", "priority_decision_source": "hard_guard_promotion", "priority_confidence": "high", "priority_conflict_reason": "", "priority_resolution_reason": "priority_final_reflected_from_execution_plan", "priority_score": 11, "suggested_priority": "P2", "priority_reasons": ["main_workflow_hit", "coverage_gain_non_positive", "low_risk_only_covered_rules_penalty", "no_release_blocking_guard"], "selected_by_review_llm": false, "selected_by_review_must_keep": true, "selected_by_review_constraints": false, "review_constraint_reason": "", "review_llm_drop_reason_raw": "", "review_llm_drop_reason": "", "review_llm_drop_reason_resolved": "", "review_llm_drop_reason_source": "", "review_llm_drop_reason_evidence": {}, "has_positive_evidence": false, "has_coverage_signal": false, "has_high_signal": false, "has_competition_signal": false, "review_llm_filter_applied": true, "must_keep_candidate": true, "must_keep_reasons": ["priority_p0"], "selected_by_review_gate": true, "retained_final": true, "dropped_stage": "retained", "dropped_reason": "retained", "covered_rule_ids": ["RULE-010", "RULE-011"], "missing_rule_hits": [], "core_rule_hits": [], "coverage_gain_score": -8, "reuse_risk_hit": false, "hit_must_cover_rule": false, "violates_forbidden_pattern": false, "hits_soft_constraint": false, "satisfies_quality_hint": false}, {"candidate_index": 2, "signature": "拍照对答案自评流程-相似题推荐轮次|相似题推荐-最多3轮每轮独立计分难度递降|第1轮显示「第1轮」指示器同难度题目，第2轮显示「第2轮」降低1级难度，第3轮显示「第3轮」降低2级难度，每轮独立计分，3轮全部做完后结束推荐不再继续|连续3轮均有错题", "case_id": "TC-012", "description": "相似题推荐-最多3轮每轮独立计分难度递降", "test_module": "拍照对答案自评流程-相似题推荐轮次", "expected_result": "第1轮显示「第1轮」指示器同难度题目，第2轮显示「第2轮」降低1级难度，第3轮显示「第3轮」降低2级难度，每轮独立计分，3轮全部做完后结束推荐不再继续", "flow_stage": "stage:对答案与自评", "flow_stage_label": "对答案与自评", "flow_rank": 19, "cross_cutting": [], "scenario_key": "stage:对答案与自评:workflow_navigation:obj:拍照_照对_对答", "is_scenario_duplicate": false, "duplicate_cluster_id": "SC-003", "duplicate_cluster_size": 2, "duplicate_of_case_id": "", "misordered_against_requirement_flow": false, "expected_result_quality": "assertable", "expected_result_quality_reason": "contains_concrete_assertion", "expected_result_alignment_warning": true, "truncated_text_detected": false, "case_quality": "valid_case", "invalid_case_reason": "", "invalid_case_signals": [], "rule_keys": [], "bucket": "拍照对答案自评流程-相似题推荐轮次|happy", "adds_rule": false, "adds_bucket": true, "high_signal": true, "has_coverage_value": true, "retained_reason": "retained_default", "rerank_rank": 30, "focus_score": 0, "model_priority_current": "P1", "model_priority": "P1", "legacy_priority": "P1", "priority_final": "P0", "priority_decision_state": "decided", "priority_decision_source": "hard_guard_promotion", "priority_confidence": "high", "priority_conflict_reason": "", "priority_resolution_reason": "priority_final_reflected_from_execution_plan", "priority_score": 11, "suggested_priority": "P2", "priority_reasons": ["main_workflow_hit", "coverage_gain_non_positive", "low_risk_only_covered_rules_penalty", "no_release_blocking_guard"], "selected_by_review_llm": false, "selected_by_review_must_keep": true, "selected_by_review_constraints": false, "review_constraint_reason": "", "review_llm_drop_reason_raw": "", "review_llm_drop_reason": "", "review_llm_drop_reason_resolved": "", "review_llm_drop_reason_source": "", "review_llm_drop_reason_evidence": {}, "has_positive_evidence": false, "has_coverage_signal": false, "has_high_signal": false, "has_competition_signal": false, "review_llm_filter_applied": true, "must_keep_candidate": true, "must_keep_reasons": ["priority_p0"], "selected_by_review_gate": true, "retained_final": true, "dropped_stage": "retained", "dropped_reason": "retained", "covered_rule_ids": ["RULE-016"], "missing_rule_hits": [], "core_rule_hits": [], "coverage_gain_score": -8, "reuse_risk_hit": false, "hit_must_cover_rule": false, "violates_forbidden_pattern": false, "hits_soft_constraint": false, "satisfies_quality_hint": false}, {"candidate_index": 3, "signature": "权限/安全-督导端答案查看控制|督导端设置-查看答案需老师同意开关开启后学生申请需审批|系统向老师发送审批请求，老师同意前学生无法看到答案内容，学生端显示等待审批状态|学生申请查看答案", "case_id": "TC-014", "description": "督导端设置-查看答案需老师同意开关开启后学生申请需审批", "test_module": "权限/安全-督导端答案查看控制", "expected_result": "系统向老师发送审批请求，老师同意前学生无法看到答案内容，学生端显示等待审批状态", "flow_stage": "stage:答案查看控制", "flow_stage_label": "答案查看控制", "flow_rank": 13, "cross_cutting": [], "scenario_key": "stage:答案查看控制:filter_toggle:obj:权限_督导_导端", "is_scenario_duplicate": true, "duplicate_cluster_id": "SC-001", "duplicate_cluster_size": 2, "duplicate_of_case_id": "TC-015", "misordered_against_requirement_flow": true, "expected_result_quality": "assertable", "expected_result_quality_reason": "contains_concrete_assertion", "expected_result_alignment_warning": true, "truncated_text_detected": false, "case_quality": "valid_case", "invalid_case_reason": "", "invalid_case_signals": [], "rule_keys": [], "bucket": "权限/安全-督导端答案查看控制|state", "adds_rule": false, "adds_bucket": true, "high_signal": true, "has_coverage_value": true, "retained_reason": "retained_default", "rerank_rank": 26, "focus_score": 1, "model_priority_current": "P1", "model_priority": "P1", "legacy_priority": "P1", "priority_final": "P0", "priority_decision_state": "decided", "priority_decision_source": "hard_guard_promotion", "priority_confidence": "high", "priority_conflict_reason": "", "priority_resolution_reason": "priority_final_reflected_from_execution_plan", "priority_score": 11, "suggested_priority": "P2", "priority_reasons": ["main_workflow_hit", "coverage_gain_non_positive", "low_risk_only_covered_rules_penalty", "no_release_blocking_guard"], "selected_by_review_llm": false, "selected_by_review_must_keep": true, "selected_by_review_constraints": false, "review_constraint_reason": "", "review_llm_drop_reason_raw": "", "review_llm_drop_reason": "", "review_llm_drop_reason_resolved": "", "review_llm_drop_reason_source": "", "review_llm_drop_reason_evidence": {}, "has_positive_evidence": false, "has_coverage_signal": false, "has_high_signal": false, "has_competition_signal": false, "review_llm_filter_applied": true, "must_keep_candidate": true, "must_keep_reasons": ["priority_p0"], "selected_by_review_gate": true, "retained_final": true, "dropped_stage": "retained", "dropped_reason": "retained", "covered_rule_ids": ["RULE-010", "RULE-011"], "missing_rule_hits": [], "core_rule_hits": [], "coverage_gain_score": -8, "reuse_risk_hit": false, "hit_must_cover_rule": false, "violates_forbidden_pattern": false, "hits_soft_constraint": false, "satisfies_quality_hint": false}, {"candidate_index": 4, "signature": "异常/恢复-拍照中断恢复|拍照后未点确认直接关闭浏览器下次需重新拍照|照片未上传服务器，重新进入后需重新拍照，之前拍摄的2张照片不会保留，拍照弹窗计数为0，确认按钮置灰|关闭浏览器后重新进入", "case_id": "TC-018", "description": "拍照后未点确认直接关闭浏览器下次需重新拍照", "test_module": "异常/恢复-拍照中断恢复", "expected_result": "照片未上传服务器，重新进入后需重新拍照，之前拍摄的2张照片不会保留，拍照弹窗计数为0，确认按钮置灰", "flow_stage": "stage:出_测_基础巩固答错后触发", "flow_stage_label": "出⻔测、基础巩固答错后触发", "flow_rank": 0, "cross_cutting": [], "scenario_key": "stage:出_测_基础巩固答错后触发:media_preview:obj:异常_拍照_照后", "is_scenario_duplicate": false, "duplicate_cluster_id": "", "duplicate_cluster_size": 0, "duplicate_of_case_id": "", "misordered_against_requirement_flow": true, "expected_result_quality": "assertable", "expected_result_quality_reason": "contains_concrete_assertion", "expected_result_alignment_warning": true, "truncated_text_detected": false, "case_quality": "valid_case", "invalid_case_reason": "", "invalid_case_signals": [], "rule_keys": [], "bucket": "异常/恢复-拍照中断恢复|happy", "adds_rule": false, "adds_bucket": true, "high_signal": false, "has_coverage_value": false, "retained_reason": "retained_default", "rerank_rank": 22, "focus_score": 0, "model_priority_current": "P1", "model_priority": "P1", "legacy_priority": "P1", "priority_final": "P0", "priority_decision_state": "decided", "priority_decision_source": "hard_guard_promotion", "priority_confidence": "high", "priority_conflict_reason": "", "priority_resolution_reason": "priority_final_reflected_from_execution_plan", "priority_score": 0, "suggested_priority": "P2", "priority_reasons": ["state_transition_hit", "structural_p2_low_value_signal", "p2_cap_display_mapping_scenario", "no_release_blocking_guard", "p2_capped"], "selected_by_review_llm": false, "selected_by_review_must_keep": true, "selected_by_review_constraints": false, "review_constraint_reason": "", "review_llm_drop_reason_raw": "", "review_llm_drop_reason": "", "review_llm_drop_reason_resolved": "", "review_llm_drop_reason_source": "", "review_llm_drop_reason_evidence": {}, "has_positive_evidence": false, "has_coverage_signal": false, "has_high_signal": false, "has_competition_signal": false, "review_llm_filter_applied": true, "must_keep_candidate": true, "must_keep_reasons": ["priority_p0"], "selected_by_review_gate": true, "retained_final": true, "dropped_stage": "retained", "dropped_reason": "retained", "covered_rule_ids": [], "missing_rule_hits": [], "core_rule_hits": [], "coverage_gain_score": 0, "reuse_risk_hit": false, "hit_must_cover_rule": false, "violates_forbidden_pattern": false, "hits_soft_constraint": false, "satisfies_quality_hint": false}, {"candidate_index": 5, "signature": "课后报告+习题集-错题流向|错题流向同步-错题本+习题集+课后报告|学生端错题本包含3道错题（含相似题）；督导端习题集显示全部3道错题；课后报告中错题打包同步包含这3道错题|出门测错2题+相似题错1题", "case_id": "TC-034", "description": "错题流向同步-错题本+习题集+课后报告", "test_module": "课后报告+习题集-错题流向", "expected_result": "学生端错题本包含3道错题（含相似题）；督导端习题集显示全部3道错题；课后报告中错题打包同步包含这3道错题", "flow_stage": "stage:出_测_基础巩固答错后触发", "flow_stage_label": "出⻔测、基础巩固答错后触发", "flow_rank": 0, "cross_cutting": [], "scenario_key": "stage:出_测_基础巩固答错后触发:print_export:obj:课后报告_习题集_错题", "is_scenario_duplicate": false, "duplicate_cluster_id": "", "duplicate_cluster_size": 0, "duplicate_of_case_id": "", "misordered_against_requirement_flow": true, "expected_result_quality": "assertable", "expected_result_quality_reason": "contains_concrete_assertion", "expected_result_alignment_warning": true, "truncated_text_detected": false, "case_quality": "valid_case", "invalid_case_reason": "", "invalid_case_signals": [], "rule_keys": [], "bucket": "课后报告+习题集-错题流向|happy", "adds_rule": false, "adds_bucket": true, "high_signal": false, "has_coverage_value": false, "retained_reason": "retained_default", "rerank_rank": 21, "focus_score": 0, "model_priority_current": "P1", "model_priority": "P1", "legacy_priority": "P1", "priority_final": "P0", "priority_decision_state": "decided", "priority_decision_source": "hard_guard_promotion", "priority_confidence": "high", "priority_conflict_reason": "", "priority_resolution_reason": "priority_final_reflected_from_execution_plan", "priority_score": 0, "suggested_priority": "P2", "priority_reasons": ["no_release_blocking_guard"], "selected_by_review_llm": false, "selected_by_review_must_keep": true, "selected_by_review_constraints": false, "review_constraint_reason": "", "review_llm_drop_reason_raw": "", "review_llm_drop_reason": "", "review_llm_drop_reason_resolved": "", "review_llm_drop_reason_source": "", "review_llm_drop_reason_evidence": {}, "has_positive_evidence": false, "has_coverage_signal": false, "has_high_signal": false, "has_competition_signal": false, "review_llm_filter_applied": true, "must_keep_candidate": true, "must_keep_reasons": ["priority_p0"], "selected_by_review_gate": true, "retained_final": true, "dropped_stage": "retained", "dropped_reason": "retained", "covered_rule_ids": [], "missing_rule_hits": [], "core_rule_hits": [], "coverage_gain_score": 0, "reuse_risk_hit": false, "hit_must_cover_rule": false, "violates_forbidden_pattern": false, "hits_soft_constraint": false, "satisfies_quality_hint": false}, {"candidate_index": 6, "signature": "错题推荐练习-触发条件|牛刀小试答错后触发相似题推荐|提交后触发相似题推荐，根据2道错题的知识点从题库抽取相似题，页面标题显示'举一反三练习题'|牛刀小试5题中2道答错", "case_id": "TC-032", "description": "牛刀小试答错后触发相似题推荐", "test_module": "错题推荐练习-触发条件", "expected_result": "提交后触发相似题推荐，根据2道错题的知识点从题库抽取相似题，页面标题显示'举一反三练习题'", "flow_stage": "stage:出_测_基础巩固答错后触发", "flow_stage_label": "出⻔测、基础巩固答错后触发", "flow_rank": 0, "cross_cutting": [], "scenario_key": "stage:出_测_基础巩固答错后触发:title_format:obj:错题_题推_推荐", "is_scenario_duplicate": false, "duplicate_cluster_id": "", "duplicate_cluster_size": 0, "duplicate_of_case_id": "", "misordered_against_requirement_flow": true, "expected_result_quality": "assertable", "expected_result_quality_reason": "contains_concrete_assertion", "expected_result_alignment_warning": true, "truncated_text_detected": false, "case_quality": "valid_case", "invalid_case_reason": "", "invalid_case_signals": [], "rule_keys": [], "bucket": "错题推荐练习-触发条件|happy", "adds_rule": false, "adds_bucket": false, "high_signal": false, "has_coverage_value": false, "retained_reason": "", "rerank_rank": 33, "focus_score": 0, "model_priority_current": "P1", "model_priority": "P1", "legacy_priority": "P1", "priority_final": "P0", "priority_decision_state": "decided", "priority_decision_source": "hard_guard_promotion", "priority_confidence": "high", "priority_conflict_reason": "", "priority_resolution_reason": "", "priority_score": 25, "suggested_priority": "P2", "priority_reasons": ["main_workflow_hit", "no_release_blocking_guard"], "selected_by_review_llm": false, "selected_by_review_must_keep": true, "selected_by_review_constraints": false, "review_constraint_reason": "", "review_llm_drop_reason_raw": "", "review_llm_drop_reason": "", "review_llm_drop_reason_resolved": "", "review_llm_drop_reason_source": "", "review_llm_drop_reason_evidence": {}, "has_positive_evidence": false, "has_coverage_signal": false, "has_high_signal": false, "has_competition_signal": false, "review_llm_filter_applied": true, "must_keep_candidate": true, "must_keep_reasons": ["priority_p0"], "selected_by_review_gate": false, "retained_final": false, "dropped_stage": "review_gate", "dropped_reason": "drop_no_new_rule_no_new_bucket_no_high_signal", "covered_rule_ids": [], "missing_rule_hits": [], "core_rule_hits": [], "coverage_gain_score": 0, "reuse_risk_hit": false, "hit_must_cover_rule": false, "violates_forbidden_pattern": false, "hits_soft_constraint": false, "satisfies_quality_hint": false}, {"candidate_index": 7, "signature": "错题推荐练习-触发条件|基础巩固答错后触发相似题推荐|提交后触发相似题推荐，根据3道错题知识点抽取相似题，进入举一反三练习题页面|基础巩固中3道答错", "case_id": "TC-033", "description": "基础巩固答错后触发相似题推荐", "test_module": "错题推荐练习-触发条件", "expected_result": "提交后触发相似题推荐，根据3道错题知识点抽取相似题，进入举一反三练习题页面", "flow_stage": "stage:出_测_基础巩固答错后触发", "flow_stage_label": "出⻔测、基础巩固答错后触发", "flow_rank": 0, "cross_cutting": [], "scenario_key": "stage:出_测_基础巩固答错后触发:source_consistency:obj:错题_题推_推荐", "is_scenario_duplicate": false, "duplicate_cluster_id": "", "duplicate_cluster_size": 0, "duplicate_of_case_id": "", "misordered_against_requirement_flow": true, "expected_result_quality": "assertable", "expected_result_quality_reason": "contains_concrete_assertion", "expected_result_alignment_warning": true, "truncated_text_detected": false, "case_quality": "valid_case", "invalid_case_reason": "", "invalid_case_signals": [], "rule_keys": [], "bucket": "错题推荐练习-触发条件|happy", "adds_rule": false, "adds_bucket": true, "high_signal": false, "has_coverage_value": false, "retained_reason": "retained_default", "rerank_rank": 8, "focus_score": 0, "model_priority_current": "P1", "model_priority": "P1", "legacy_priority": "P1", "priority_final": "P0", "priority_decision_state": "decided", "priority_decision_source": "hard_guard_promotion", "priority_confidence": "high", "priority_conflict_reason": "", "priority_resolution_reason": "priority_final_reflected_from_execution_plan", "priority_score": 25, "suggested_priority": "P2", "priority_reasons": ["main_workflow_hit", "no_release_blocking_guard"], "selected_by_review_llm": false, "selected_by_review_must_keep": true, "selected_by_review_constraints": false, "review_constraint_reason": "", "review_llm_drop_reason_raw": "", "review_llm_drop_reason": "", "review_llm_drop_reason_resolved": "", "review_llm_drop_reason_source": "", "review_llm_drop_reason_evidence": {}, "has_positive_evidence": false, "has_coverage_signal": false, "has_high_signal": false, "has_competition_signal": false, "review_llm_filter_applied": true, "must_keep_candidate": true, "must_keep_reasons": ["priority_p0"], "selected_by_review_gate": true, "retained_final": true, "dropped_stage": "retained", "dropped_reason": "retained", "covered_rule_ids": [], "missing_rule_hits": [], "core_rule_hits": [], "coverage_gain_score": 0, "reuse_risk_hit": false, "hit_must_cover_rule": false, "violates_forbidden_pattern": false, "hits_soft_constraint": false, "satisfies_quality_hint": false}, {"candidate_index": 8, "signature": "拍照对答案自评流程-相似题推荐知识点停止|相似题推荐-某知识点全部答对后停止推荐该知识点其他错题知识点继续|知识点a停止推荐不再出现该知识点相似题，知识点b继续推荐第2轮相似题，轮次指示器显示第2轮|知识点a全对、知识点b有错", "case_id": "TC-013", "description": "相似题推荐-某知识点全部答对后停止推荐该知识点其他错题知识点继续", "test_module": "拍照对答案自评流程-相似题推荐知识点停止", "expected_result": "知识点A停止推荐不再出现该知识点相似题，知识点B继续推荐第2轮相似题，轮次指示器显示第2轮", "flow_stage": "stage:对答案与自评", "flow_stage_label": "对答案与自评", "flow_rank": 19, "cross_cutting": [], "scenario_key": "stage:对答案与自评:source_consistency:obj:拍照_照对_对答", "is_scenario_duplicate": true, "duplicate_cluster_id": "SC-003", "duplicate_cluster_size": 2, "duplicate_of_case_id": "TC-012", "misordered_against_requirement_flow": false, "expected_result_quality": "assertable", "expected_result_quality_reason": "contains_concrete_assertion", "expected_result_alignment_warning": true, "truncated_text_detected": false, "case_quality": "valid_case", "invalid_case_reason": "", "invalid_case_signals": [], "rule_keys": [], "bucket": "拍照对答案自评流程-相似题推荐知识点停止|happy", "adds_rule": false, "adds_bucket": true, "high_signal": false, "has_coverage_value": false, "retained_reason": "retained_default", "rerank_rank": 6, "focus_score": 0, "model_priority_current": "P1", "model_priority": "P1", "legacy_priority": "P1", "priority_final": "P0", "priority_decision_state": "decided", "priority_decision_source": "hard_guard_promotion", "priority_confidence": "high", "priority_conflict_reason": "", "priority_resolution_reason": "priority_final_reflected_from_execution_plan", "priority_score": 25, "suggested_priority": "P2", "priority_reasons": ["main_workflow_hit", "no_release_blocking_guard"], "selected_by_review_llm": false, "selected_by_review_must_keep": true, "selected_by_review_constraints": false, "review_constraint_reason": "", "review_llm_drop_reason_raw": "", "review_llm_drop_reason": "", "review_llm_drop_reason_resolved": "", "review_llm_drop_reason_source": "", "review_llm_drop_reason_evidence": {}, "has_positive_evidence": false, "has_coverage_signal": false, "has_high_signal": false, "has_competition_signal": false, "review_llm_filter_applied": true, "must_keep_candidate": true, "must_keep_reasons": ["priority_p0"], "selected_by_review_gate": true, "retained_final": true, "dropped_stage": "retained", "dropped_reason": "retained", "covered_rule_ids": [], "missing_rule_hits": [], "core_rule_hits": [], "coverage_gain_score": 0, "reuse_risk_hit": false, "hit_must_cover_rule": false, "violates_forbidden_pattern": false, "hits_soft_constraint": false, "satisfies_quality_hint": false}, {"candidate_index": 9, "signature": "拍照对答案自评流程-拍照上传作业|拍照上传作业-连续拍摄多张照片计数累加确认按钮保持可点击|缩略图列表按3列网格展示3张照片，计数依次变为1→2→3，每张照片均带水印，确认按钮自第1张起保持可点击|连续拍摄3张照片", "case_id": "TC-005", "description": "拍照上传作业-连续拍摄多张照片计数累加确认按钮保持可点击", "test_module": "拍照对答案自评流程-拍照上传作业", "expected_result": "缩略图列表按3列网格展示3张照片，计数依次变为1→2→3，每张照片均带水印，确认按钮自第1张起保持可点击", "flow_stage": "stage:对答案与自评", "flow_stage_label": "对答案与自评", "flow_rank": 19, "cross_cutting": [], "scenario_key": "stage:对答案与自评:media_preview:obj:拍照_照对_对答", "is_scenario_duplicate": false, "duplicate_cluster_id": "SC-004", "duplicate_cluster_size": 5, "duplicate_of_case_id": "", "misordered_against_requirement_flow": false, "expected_result_quality": "assertable", "expected_result_quality_reason": "contains_concrete_assertion", "expected_result_alignment_warning": true, "truncated_text_detected": false, "case_quality": "valid_case", "invalid_case_reason": "", "invalid_case_signals": [], "rule_keys": [], "bucket": "拍照对答案自评流程-拍照上传作业|happy", "adds_rule": false, "adds_bucket": false, "high_signal": false, "has_coverage_value": false, "retained_reason": "retained_default", "rerank_rank": 35, "focus_score": 0, "model_priority_current": "P1", "model_priority": "P1", "legacy_priority": "P1", "priority_final": "P0", "priority_decision_state": "decided", "priority_decision_source": "hard_guard_promotion", "priority_confidence": "high", "priority_conflict_reason": "", "priority_resolution_reason": "", "priority_score": 0, "suggested_priority": "P2", "priority_reasons": ["no_release_blocking_guard"], "selected_by_review_llm": false, "selected_by_review_must_keep": true, "selected_by_review_constraints": false, "review_constraint_reason": "", "review_llm_drop_reason_raw": "", "review_llm_drop_reason": "", "review_llm_drop_reason_resolved": "", "review_llm_drop_reason_source": "", "review_llm_drop_reason_evidence": {}, "has_positive_evidence": false, "has_coverage_signal": false, "has_high_signal": false, "has_competition_signal": false, "review_llm_filter_applied": true, "must_keep_candidate": true, "must_keep_reasons": ["priority_p0"], "selected_by_review_gate": true, "retained_final": false, "dropped_stage": "post_review_dedup_or_reorder", "dropped_reason": "drop_post_review_dedup_or_reorder", "covered_rule_ids": [], "missing_rule_hits": [], "core_rule_hits": [], "coverage_gain_score": 0, "reuse_risk_hit": false, "hit_must_cover_rule": false, "violates_forbidden_pattern": false, "hits_soft_constraint": false, "satisfies_quality_hint": false}, {"candidate_index": 10, "signature": "督导端配置-答案查看控制|两个答案查看开关都关闭时学生直接查看答案|不弹拍照弹窗、不发送审批请求，直接进入对答案页面展示答案内容|两个开关均关闭，点击申请看答案", "case_id": "TC-031", "description": "两个答案查看开关都关闭时学生直接查看答案", "test_module": "督导端配置-答案查看控制", "expected_result": "不弹拍照弹窗、不发送审批请求，直接进入对答案页面展示答案内容", "flow_stage": "stage:答案查看控制", "flow_stage_label": "答案查看控制", "flow_rank": 13, "cross_cutting": [], "scenario_key": "stage:答案查看控制:filter_toggle:obj:督导_导端_端配", "is_scenario_duplicate": false, "duplicate_cluster_id": "", "duplicate_cluster_size": 0, "duplicate_of_case_id": "", "misordered_against_requirement_flow": true, "expected_result_quality": "assertable", "expected_result_quality_reason": "contains_concrete_assertion", "expected_result_alignment_warning": true, "truncated_text_detected": false, "case_quality": "valid_case", "invalid_case_reason": "", "invalid_case_signals": [], "rule_keys": [], "bucket": "督导端配置-答案查看控制|happy", "adds_rule": false, "adds_bucket": true, "high_signal": false, "has_coverage_value": false, "retained_reason": "retained_default", "rerank_rank": 7, "focus_score": 0, "model_priority_current": "P1", "model_priority": "P1", "legacy_priority": "P1", "priority_final": "P1", "priority_decision_state": "decided", "priority_decision_source": "hard_guard_promotion", "priority_confidence": "high", "priority_conflict_reason": "", "priority_resolution_reason": "priority_final_reflected_from_execution_plan", "priority_score": 25, "suggested_priority": "P2", "priority_reasons": ["main_workflow_hit", "no_release_blocking_guard"], "selected_by_review_llm": false, "selected_by_review_must_keep": true, "selected_by_review_constraints": false, "review_constraint_reason": "", "review_llm_drop_reason_raw": "", "review_llm_drop_reason": "", "review_llm_drop_reason_resolved": "", "review_llm_drop_reason_source": "", "review_llm_drop_reason_evidence": {}, "has_positive_evidence": false, "has_coverage_signal": false, "has_high_signal": false, "has_competition_signal": false, "review_llm_filter_applied": true, "must_keep_candidate": true, "must_keep_reasons": ["priority_p0"], "selected_by_review_gate": true, "retained_final": true, "dropped_stage": "retained", "dropped_reason": "retained", "covered_rule_ids": [], "missing_rule_hits": [], "core_rule_hits": [], "coverage_gain_score": 0, "reuse_risk_hit": false, "hit_must_cover_rule": false, "violates_forbidden_pattern": false, "hits_soft_constraint": false, "satisfies_quality_hint": false}, {"candidate_index": 11, "signature": "拍照对答案自评流程-拍照取消|拍照取消-点击稍后再拍关闭弹窗返回做题页面不保存照片|弹窗关闭，返回做题页面，已拍摄的2张照片不保存不上传，下次申请查看答案需重新拍照|点击稍后再拍", "case_id": "TC-007", "description": "拍照取消-点击稍后再拍关闭弹窗返回做题页面不保存照片", "test_module": "拍照对答案自评流程-拍照取消", "expected_result": "弹窗关闭，返回做题页面，已拍摄的2张照片不保存不上传，下次申请查看答案需重新拍照", "flow_stage": "stage:对答案与自评", "flow_stage_label": "对答案与自评", "flow_rank": 19, "cross_cutting": [], "scenario_key": "stage:对答案与自评:media_preview:obj:拍照_照对_对答", "is_scenario_duplicate": false, "duplicate_cluster_id": "SC-005", "duplicate_cluster_size": 2, "duplicate_of_case_id": "", "misordered_against_requirement_flow": false, "expected_result_quality": "assertable", "expected_result_quality_reason": "contains_concrete_assertion", "expected_result_alignment_warning": true, "truncated_text_detected": false, "case_quality": "valid_case", "invalid_case_reason": "", "invalid_case_signals": [], "rule_keys": [], "bucket": "拍照对答案自评流程-拍照取消|happy", "adds_rule": false, "adds_bucket": true, "high_signal": false, "has_coverage_value": false, "retained_reason": "retained_default", "rerank_rank": 5, "focus_score": 0, "model_priority_current": "P1", "model_priority": "P1", "legacy_priority": "P1", "priority_final": "P0", "priority_decision_state": "decided", "priority_decision_source": "hard_guard_promotion", "priority_confidence": "high", "priority_conflict_reason": "", "priority_resolution_reason": "", "priority_score": 25, "suggested_priority": "P2", "priority_reasons": ["main_workflow_hit", "no_release_blocking_guard"], "selected_by_review_llm": false, "selected_by_review_must_keep": true, "selected_by_review_constraints": false, "review_constraint_reason": "", "review_llm_drop_reason_raw": "", "review_llm_drop_reason": "", "review_llm_drop_reason_resolved": "", "review_llm_drop_reason_source": "", "review_llm_drop_reason_evidence": {}, "has_positive_evidence": false, "has_coverage_signal": false, "has_high_signal": false, "has_competition_signal": false, "review_llm_filter_applied": true, "must_keep_candidate": true, "must_keep_reasons": ["priority_p0"], "selected_by_review_gate": true, "retained_final": false, "dropped_stage": "post_review_dedup_or_reorder", "dropped_reason": "drop_post_review_dedup_or_reorder", "covered_rule_ids": [], "missing_rule_hits": [], "core_rule_hits": [], "coverage_gain_score": 0, "reuse_risk_hit": false, "hit_must_cover_rule": false, "violates_forbidden_pattern": false, "hits_soft_constraint": false, "satisfies_quality_hint": false}, {"candidate_index": 12, "signature": "拍照对答案自评流程-拍照上传作业|拍照上传作业-删除照片后计数更新确认按钮置灰|照片从缩略图列表移除，计数更新为「已拍0张」，确认按钮重新置灰不可点击|删除唯一1张照片", "case_id": "TC-004", "description": "拍照上传作业-删除照片后计数更新确认按钮置灰", "test_module": "拍照对答案自评流程-拍照上传作业", "expected_result": "照片从缩略图列表移除，计数更新为「已拍0张」，确认按钮重新置灰不可点击", "flow_stage": "stage:对答案与自评", "flow_stage_label": "对答案与自评", "flow_rank": 19, "cross_cutting": [], "scenario_key": "stage:对答案与自评:media_preview:obj:拍照_照对_对答", "is_scenario_duplicate": false, "duplicate_cluster_id": "SC-006", "duplicate_cluster_size": 2, "duplicate_of_case_id": "", "misordered_against_requirement_flow": false, "expected_result_quality": "assertable", "expected_result_quality_reason": "contains_concrete_assertion", "expected_result_alignment_warning": true, "truncated_text_detected": false, "case_quality": "valid_case", "invalid_case_reason": "", "invalid_case_signals": [], "rule_keys": [], "bucket": "拍照对答案自评流程-拍照上传作业|happy", "adds_rule": false, "adds_bucket": true, "high_signal": false, "has_coverage_value": false, "retained_reason": "retained_default", "rerank_rank": 19, "focus_score": 0, "model_priority_current": "P1", "model_priority": "P1", "legacy_priority": "P1", "priority_final": "P0", "priority_decision_state": "decided", "priority_decision_source": "hard_guard_promotion", "priority_confidence": "high", "priority_conflict_reason": "", "priority_resolution_reason": "", "priority_score": 0, "suggested_priority": "P2", "priority_reasons": ["structural_p2_low_value_signal", "p2_cap_display_mapping_scenario", "no_release_blocking_guard", "p2_capped"], "selected_by_review_llm": false, "selected_by_review_must_keep": true, "selected_by_review_constraints": false, "review_constraint_reason": "", "review_llm_drop_reason_raw": "", "review_llm_drop_reason": "", "review_llm_drop_reason_resolved": "", "review_llm_drop_reason_source": "", "review_llm_drop_reason_evidence": {}, "has_positive_evidence": false, "has_coverage_signal": false, "has_high_signal": false, "has_competition_signal": false, "review_llm_filter_applied": true, "must_keep_candidate": true, "must_keep_reasons": ["priority_p0"], "selected_by_review_gate": true, "retained_final": false, "dropped_stage": "post_review_dedup_or_reorder", "dropped_reason": "drop_post_review_dedup_or_reorder", "covered_rule_ids": [], "missing_rule_hits": [], "core_rule_hits": [], "coverage_gain_score": 0, "reuse_risk_hit": false, "hit_must_cover_rule": false, "violates_forbidden_pattern": false, "hits_soft_constraint": false, "satisfies_quality_hint": false}, {"candidate_index": 13, "signature": "独立功能-督导端视频进度控制|督导端设置-允许拖动视频进度条开关关闭后进度条不可拖动|视频进度条不可拖动，无法快进或随意跳转，但倍速播放功能不受影响仍可正常使用，视频只能按正常倍率顺序播放|关闭拖动进度条开关", "case_id": "TC-025", "description": "督导端设置-允许拖动视频进度条开关关闭后进度条不可拖动", "test_module": "独立功能-督导端视频进度控制", "expected_result": "视频进度条不可拖动，无法快进或随意跳转，但倍速播放功能不受影响仍可正常使用，视频只能按正常倍率顺序播放", "flow_stage": "stage:学习进度控制", "flow_stage_label": "学习进度控制", "flow_rank": 12, "cross_cutting": [], "scenario_key": "stage:学习进度控制:filter_toggle:obj:督导_导端_端视", "is_scenario_duplicate": false, "duplicate_cluster_id": "", "duplicate_cluster_size": 0, "duplicate_of_case_id": "", "misordered_against_requirement_flow": true, "expected_result_quality": "assertable", "expected_result_quality_reason": "contains_concrete_assertion", "expected_result_alignment_warning": true, "truncated_text_detected": false, "case_quality": "valid_case", "invalid_case_reason": "", "invalid_case_signals": [], "rule_keys": [], "bucket": "独立功能-督导端视频进度控制|happy", "adds_rule": false, "adds_bucket": true, "high_signal": false, "has_coverage_value": false, "retained_reason": "retained_default", "rerank_rank": 11, "focus_score": 0, "model_priority_current": "P1", "model_priority": "P1", "legacy_priority": "P1", "priority_final": "P1", "priority_decision_state": "decided", "priority_decision_source": "model_p1_with_positive_evidence", "priority_confidence": "medium", "priority_conflict_reason": "", "priority_resolution_reason": "priority_final_reflected_from_execution_plan", "priority_score": 0, "suggested_priority": "P2", "priority_reasons": ["cross_page_flow_hit", "no_release_blocking_guard"], "selected_by_review_llm": true, "selected_by_review_must_keep": false, "selected_by_review_constraints": false, "review_constraint_reason": "", "review_llm_drop_reason_raw": "", "review_llm_drop_reason": "", "review_llm_drop_reason_resolved": "", "review_llm_drop_reason_source": "", "review_llm_drop_reason_evidence": {}, "has_positive_evidence": false, "has_coverage_signal": false, "has_high_signal": false, "has_competition_signal": false, "review_llm_filter_applied": true, "must_keep_candidate": false, "must_keep_reasons": [], "selected_by_review_gate": true, "retained_final": true, "dropped_stage": "retained", "dropped_reason": "retained", "covered_rule_ids": [], "missing_rule_hits": [], "core_rule_hits": [], "coverage_gain_score": 0, "reuse_risk_hit": false, "hit_must_cover_rule": false, "violates_forbidden_pattern": false, "hits_soft_constraint": false, "satisfies_quality_hint": false}, {"candidate_index": 14, "signature": "督导端配置-设置即时生效|督导端设置即时生效-学习中切换开关立即影响学生端|设置即时生效，学生端无法再自主选择计划外课程，必须按顺序完成当前节次后下一节才解锁|督导端实时开启学习计划顺序开关", "case_id": "TC-035", "description": "督导端设置即时生效-学习中切换开关立即影响学生端", "test_module": "督导端配置-设置即时生效", "expected_result": "设置即时生效，学生端无法再自主选择计划外课程，必须按顺序完成当前节次后下一节才解锁", "flow_stage": "stage:学习进度控制", "flow_stage_label": "学习进度控制", "flow_rank": 12, "cross_cutting": [], "scenario_key": "stage:学习进度控制:filter_toggle:obj:督导_导端_端配", "is_scenario_duplicate": false, "duplicate_cluster_id": "", "duplicate_cluster_size": 0, "duplicate_of_case_id": "", "misordered_against_requirement_flow": true, "expected_result_quality": "assertable", "expected_result_quality_reason": "contains_concrete_assertion", "expected_result_alignment_warning": true, "truncated_text_detected": false, "case_quality": "valid_case", "invalid_case_reason": "", "invalid_case_signals": [], "rule_keys": [], "bucket": "督导端配置-设置即时生效|happy", "adds_rule": false, "adds_bucket": true, "high_signal": false, "has_coverage_value": false, "retained_reason": "retained_default", "rerank_rank": 12, "focus_score": 0, "model_priority_current": "P1", "model_priority": "P1", "legacy_priority": "P1", "priority_final": "P1", "priority_decision_state": "decided", "priority_decision_source": "model_p1_with_positive_evidence", "priority_confidence": "medium", "priority_conflict_reason": "", "priority_resolution_reason": "priority_final_reflected_from_execution_plan", "priority_score": 0, "suggested_priority": "P2", "priority_reasons": ["cross_page_flow_hit", "no_release_blocking_guard"], "selected_by_review_llm": true, "selected_by_review_must_keep": false, "selected_by_review_constraints": false, "review_constraint_reason": "", "review_llm_drop_reason_raw": "", "review_llm_drop_reason": "", "review_llm_drop_reason_resolved": "", "review_llm_drop_reason_source": "", "review_llm_drop_reason_evidence": {}, "has_positive_evidence": false, "has_coverage_signal": false, "has_high_signal": false, "has_competition_signal": false, "review_llm_filter_applied": true, "must_keep_candidate": false, "must_keep_reasons": [], "selected_by_review_gate": true, "retained_final": true, "dropped_stage": "retained", "dropped_reason": "retained", "covered_rule_ids": [], "missing_rule_hits": [], "core_rule_hits": [], "coverage_gain_score": 0, "reuse_risk_hit": false, "hit_must_cover_rule": false, "violates_forbidden_pattern": false, "hits_soft_constraint": false, "satisfies_quality_hint": false}, {"candidate_index": 15, "signature": "课中积分逻辑-模块说明|牛刀小试重新进入修改对错后取历史最高分|模块得分更新为5分（历史最高分），原3分记录被覆盖；积分按5分计算|牛刀小试5题，首次答对3题，第二次修改2题为对", "case_id": "TC-026", "description": "牛刀小试重新进入修改对错后取历史最高分", "test_module": "课中积分逻辑-模块说明", "expected_result": "模块得分更新为5分（历史最高分），原3分记录被覆盖；积分按5分计算", "flow_stage": "stage:最高分计算", "flow_stage_label": "最高分计算", "flow_rank": 1, "cross_cutting": [], "scenario_key": "stage:最高分计算:workflow_navigation:obj:课中_中积_积分", "is_scenario_duplicate": false, "duplicate_cluster_id": "", "duplicate_cluster_size": 0, "duplicate_of_case_id": "", "misordered_against_requirement_flow": true, "expected_result_quality": "assertable", "expected_result_quality_reason": "contains_concrete_assertion", "expected_result_alignment_warning": true, "truncated_text_detected": false, "case_quality": "valid_case", "invalid_case_reason": "", "invalid_case_signals": [], "rule_keys": [], "bucket": "课中积分逻辑-模块说明|happy", "adds_rule": false, "adds_bucket": false, "high_signal": false, "has_coverage_value": false, "retained_reason": "", "rerank_rank": 34, "focus_score": 0, "model_priority_current": "P1", "model_priority": "P1", "legacy_priority": "P1", "priority_final": "P1", "priority_decision_state": "decided", "priority_decision_source": "model_p1_with_positive_evidence", "priority_confidence": "medium", "priority_conflict_reason": "", "priority_resolution_reason": "", "priority_score": 25, "suggested_priority": "P2", "priority_reasons": ["main_workflow_hit", "no_release_blocking_guard"], "selected_by_review_llm": true, "selected_by_review_must_keep": false, "selected_by_review_constraints": false, "review_constraint_reason": "", "review_llm_drop_reason_raw": "", "review_llm_drop_reason": "", "review_llm_drop_reason_resolved": "", "review_llm_drop_reason_source": "", "review_llm_drop_reason_evidence": {}, "has_positive_evidence": false, "has_coverage_signal": false, "has_high_signal": false, "has_competition_signal": false, "review_llm_filter_applied": true, "must_keep_candidate": false, "must_keep_reasons": [], "selected_by_review_gate": false, "retained_final": false, "dropped_stage": "review_gate", "dropped_reason": "drop_no_new_rule_no_new_bucket_no_high_signal", "covered_rule_ids": [], "missing_rule_hits": [], "core_rule_hits": [], "coverage_gain_score": 0, "reuse_risk_hit": false, "hit_must_cover_rule": false, "violates_forbidden_pattern": false, "hits_soft_constraint": false, "satisfies_quality_hint": false}, {"candidate_index": 16, "signature": "异常/恢复-对答案断网恢复|断网时本地保存标记状态恢复后自动提交|断网时标记状态本地保存，网络恢复后自动提交标记结果，提交数据与本地保存一致（2对1错的标记状态完整恢复）|断网后标记并提交", "case_id": "TC-016", "description": "断网时本地保存标记状态恢复后自动提交", "test_module": "异常/恢复-对答案断网恢复", "expected_result": "断网时标记状态本地保存，网络恢复后自动提交标记结果，提交数据与本地保存一致（2对1错的标记状态完整恢复）", "flow_stage": "stage:逐题标记即时反馈", "flow_stage_label": "逐题标记即时反馈", "flow_rank": 16, "cross_cutting": [], "scenario_key": "stage:逐题标记即时反馈:network_error:obj:异常_断网_网时", "is_scenario_duplicate": false, "duplicate_cluster_id": "", "duplicate_cluster_size": 0, "duplicate_of_case_id": "", "misordered_against_requirement_flow": true, "expected_result_quality": "assertable", "expected_result_quality_reason": "contains_concrete_assertion", "expected_result_alignment_warning": true, "truncated_text_detected": false, "case_quality": "valid_case", "invalid_case_reason": "", "invalid_case_signals": [], "rule_keys": [], "bucket": "异常/恢复-对答案断网恢复|state", "adds_rule": false, "adds_bucket": true, "high_signal": false, "has_coverage_value": false, "retained_reason": "retained_default", "rerank_rank": 2, "focus_score": 1, "model_priority_current": "P1", "model_priority": "P1", "legacy_priority": "P1", "priority_final": "P1", "priority_decision_state": "decided", "priority_decision_source": "model_p1_with_positive_evidence", "priority_confidence": "medium", "priority_conflict_reason": "", "priority_resolution_reason": "priority_final_reflected_from_execution_plan", "priority_score": 25, "suggested_priority": "P2", "priority_reasons": ["state_transition_hit", "main_workflow_hit", "no_release_blocking_guard"], "selected_by_review_llm": true, "selected_by_review_must_keep": false, "selected_by_review_constraints": false, "review_constraint_reason": "", "review_llm_drop_reason_raw": "", "review_llm_drop_reason": "", "review_llm_drop_reason_resolved": "", "review_llm_drop_reason_source": "", "review_llm_drop_reason_evidence": {}, "has_positive_evidence": false, "has_coverage_signal": false, "has_high_signal": false, "has_competition_signal": false, "review_llm_filter_applied": true, "must_keep_candidate": false, "must_keep_reasons": [], "selected_by_review_gate": true, "retained_final": true, "dropped_stage": "retained", "dropped_reason": "retained", "covered_rule_ids": [], "missing_rule_hits": [], "core_rule_hits": [], "coverage_gain_score": 0, "reuse_risk_hit": false, "hit_must_cover_rule": false, "violates_forbidden_pattern": false, "hits_soft_constraint": false, "satisfies_quality_hint": false}, {"candidate_index": 17, "signature": "课中积分逻辑-模块说明|出门测重新进入修改对错后取历史最高分|模块得分更新为4分（取历史最高分），原2分记录被覆盖|出门测5题，首次答对2题，第二次修改2题为对", "case_id": "TC-027", "description": "出门测重新进入修改对错后取历史最高分", "test_module": "课中积分逻辑-模块说明", "expected_result": "模块得分更新为4分（取历史最高分），原2分记录被覆盖", "flow_stage": "stage:出_测_基础巩固答错后触发", "flow_stage_label": "出⻔测、基础巩固答错后触发", "flow_rank": 0, "cross_cutting": [], "scenario_key": "stage:出_测_基础巩固答错后触发:workflow_navigation:obj:课中_中积_积分", "is_scenario_duplicate": false, "duplicate_cluster_id": "", "duplicate_cluster_size": 0, "duplicate_of_case_id": "", "misordered_against_requirement_flow": true, "expected_result_quality": "assertable", "expected_result_quality_reason": "contains_concrete_assertion", "expected_result_alignment_warning": true, "truncated_text_detected": false, "case_quality": "valid_case", "invalid_case_reason": "", "invalid_case_signals": [], "rule_keys": [], "bucket": "课中积分逻辑-模块说明|happy", "adds_rule": false, "adds_bucket": true, "high_signal": false, "has_coverage_value": false, "retained_reason": "retained_default", "rerank_rank": 14, "focus_score": 0, "model_priority_current": "P1", "model_priority": "P1", "legacy_priority": "P1", "priority_final": "P1", "priority_decision_state": "decided", "priority_decision_source": "model_p1_with_positive_evidence", "priority_confidence": "medium", "priority_conflict_reason": "", "priority_resolution_reason": "priority_final_reflected_from_execution_plan", "priority_score": 25, "suggested_priority": "P2", "priority_reasons": ["main_workflow_hit", "no_release_blocking_guard"], "selected_by_review_llm": true, "selected_by_review_must_keep": false, "selected_by_review_constraints": false, "review_constraint_reason": "", "review_llm_drop_reason_raw": "", "review_llm_drop_reason": "", "review_llm_drop_reason_resolved": "", "review_llm_drop_reason_source": "", "review_llm_drop_reason_evidence": {}, "has_positive_evidence": false, "has_coverage_signal": false, "has_high_signal": false, "has_competition_signal": false, "review_llm_filter_applied": true, "must_keep_candidate": false, "must_keep_reasons": [], "selected_by_review_gate": true, "retained_final": true, "dropped_stage": "retained", "dropped_reason": "retained", "covered_rule_ids": [], "missing_rule_hits": [], "core_rule_hits": [], "coverage_gain_score": 0, "reuse_risk_hit": false, "hit_must_cover_rule": false, "violates_forbidden_pattern": false, "hits_soft_constraint": false, "satisfies_quality_hint": false}, {"candidate_index": 18, "signature": "结束庆祝逻辑|结束庆祝页金币计算与重复刷新幂等处理|庆祝页金币卡片显示本阶段获得金币总数；刷新后显示静态结果页，金币数值不变；顶部总金币数未重复累加，金币只发放一次|出门测阶段完成，刷新结果页", "case_id": "TC-030", "description": "结束庆祝页金币计算与重复刷新幂等处理", "test_module": "结束庆祝逻辑", "expected_result": "庆祝页金币卡片显示本阶段获得金币总数；刷新后显示静态结果页，金币数值不变；顶部总金币数未重复累加，金币只发放一次", "flow_stage": "stage:提交后处理", "flow_stage_label": "提交后处理", "flow_rank": 20, "cross_cutting": [], "scenario_key": "stage:提交后处理:statistics:obj:结束_束庆_庆祝", "is_scenario_duplicate": false, "duplicate_cluster_id": "", "duplicate_cluster_size": 0, "duplicate_of_case_id": "", "misordered_against_requirement_flow": false, "expected_result_quality": "assertable", "expected_result_quality_reason": "contains_concrete_assertion", "expected_result_alignment_warning": true, "truncated_text_detected": false, "case_quality": "valid_case", "invalid_case_reason": "", "invalid_case_signals": [], "rule_keys": [], "bucket": "结束庆祝逻辑|happy", "adds_rule": false, "adds_bucket": true, "high_signal": false, "has_coverage_value": false, "retained_reason": "retained_default", "rerank_rank": 13, "focus_score": 0, "model_priority_current": "P1", "model_priority": "P1", "legacy_priority": "P1", "priority_final": "P1", "priority_decision_state": "decided", "priority_decision_source": "model_p1_with_positive_evidence", "priority_confidence": "medium", "priority_conflict_reason": "", "priority_resolution_reason": "priority_final_reflected_from_execution_plan", "priority_score": 25, "suggested_priority": "P2", "priority_reasons": ["main_workflow_hit", "no_release_blocking_guard"], "selected_by_review_llm": true, "selected_by_review_must_keep": false, "selected_by_review_constraints": false, "review_constraint_reason": "", "review_llm_drop_reason_raw": "", "review_llm_drop_reason": "", "review_llm_drop_reason_resolved": "", "review_llm_drop_reason_source": "", "review_llm_drop_reason_evidence": {}, "has_positive_evidence": false, "has_coverage_signal": false, "has_high_signal": false, "has_competition_signal": false, "review_llm_filter_applied": true, "must_keep_candidate": false, "must_keep_reasons": [], "selected_by_review_gate": true, "retained_final": true, "dropped_stage": "retained", "dropped_reason": "retained", "covered_rule_ids": [], "missing_rule_hits": [], "core_rule_hits": [], "coverage_gain_score": 0, "reuse_risk_hit": false, "hit_must_cover_rule": false, "violates_forbidden_pattern": false, "hits_soft_constraint": false, "satisfies_quality_hint": false}], "row_count": 18, "multi_pass": true, "generation_mode": "multi_pass", "request_id": "de10329c2afe4b34aa2c42e202ddaa49", "row_count_total": 36, "rows_scope": "sampled_due_to_size"}
GEN_DIAG:{"kind": "review_decision_table_compact", "generation_id": 515, "rows": [{"generation_id": 515, "request_id": "de10329c2afe4b34aa2c42e202ddaa49", "candidate_index": 36, "case_id": "TC-023", "test_module": "边界/状态回退-最高分计算边界", "flow_stage": "stage:最高分计算", "flow_stage_label": "最高分计算", "scenario_key": "stage:最高分计算:print_export:obj:边界_最高_高分", "is_scenario_duplicate": true, "duplicate_cluster_id": "SC-009", "misordered_against_requirement_flow": true, "model_priority_current": "P2", "bucket": "边界/状态回退-最高分计算边界|happy", "dropped_stage": "review_llm", "dropped_reason": "drop_not_selected_by_review_llm:duplicate", "review_llm_drop_reason_raw": "duplicate", "review_llm_drop_reason": "duplicate", "review_llm_drop_reason_source": "llm", "high_signal": false, "has_coverage_value": false, "has_positive_evidence": false, "has_coverage_signal": false, "has_high_signal": false, "has_competition_signal": false, "focus_score": 0, "evidence": {"selected_case_ids": [], "selected_count_in_bucket": 0, "coverage_gain_score": 0, "missing_rule_hits_count": 0, "core_rule_hits_count": 0, "unique_coverage_hits_count": 0, "similarity": 0.0, "duplicate_of_case_id": ""}}], "row_count": 1, "multi_pass": true, "generation_mode": "multi_pass", "request_id": "de10329c2afe4b34aa2c42e202ddaa49", "row_count_total": 1}
GEN_DIAG:{"kind": "generation_summary", "recommended_range": "30-50", "generation_coverage_mode": "standard_regression", "requested_generation_mode": "", "effective_generation_coverage_mode_source": "feedback_control_state", "explicit_generation_mode_override": false, "explicit_expected_count_floor_preserved": false, "expected_count": 36, "expected_count_explicit": true, "recommended_min": 30, "recommended_max": 50, "target_final_count": 36, "soft_min_count": 29, "hard_min_count": 25, "min_acceptable_final": 29, "target_satisfaction_ratio": 0.9167, "underfilled": false, "underfill_level": "", "underfill_reason": "", "underfill_root_cause": "", "final_count": 33, "status": "completed_with_optimal_set", "stop_reason": ["coverage_satisfied", "stopped_due_to_diminishing_returns", "optimal_case_set_reached"], "quality_assessment": "high", "needs_priority_review": false, "priority_conflict_count": 0, "priority_undetermined_count": 0, "priority_optional_count": 0, "final_priority_breakdown": {"P0": 13, "P1": 11, "P2": 9}, "final_execution_group_breakdown": {"main_smoke": 6, "permission": 2, "exception": 3, "boundary": 5, "independent_functional": 11, "display": 6}, "final_module_breakdown_top": {"拍照对答案自评流程": 3, "拍照对答案自评流程-申请查看答案": 2, "拍照对答案自评流程-逐题标记对错": 2, "异常/恢复-对答案刷新恢复": 1, "异常/恢复-对答案断网恢复": 1, "异常/恢复-拍照中断恢复": 1, "拍照对答案自评流程-拍照上传作业": 1, "拍照对答案自评流程-拍照确认": 1, "拍照对答案自评流程-提交自评结果": 1, "拍照对答案自评流程-相似题推荐知识点停止": 1, "拍照对答案自评流程-相似题推荐轮次": 1, "拍照对答案自评流程-触发相似题推荐": 1, "权限/安全-督导端答案查看控制": 1, "权限/安全-督导端答案查看组合控制": 1, "独立功能-督导端学习进度控制": 1, "独立功能-督导端视频进度控制": 1, "督导端配置-答案查看控制": 1, "督导端配置-设置即时生效": 1, "结束庆祝逻辑": 1, "结束庆祝逻辑-极限情况": 1}, "final_display_case_count": 4, "final_display_ratio": 0.1212, "final_high_priority_ratio": 0.7273, "multi_pass": true, "generation_mode": "multi_pass"}
@@STATUS@@:正常完成
@@STATUS@@:停止原因：coverage_satisfied（核心规则覆盖已满足）；stopped_due_to_diminishing_returns（继续生成收益递减）；optimal_case_set_reached（当前为最优测试用例集合）
@@STATUS@@:已达到质量停止条件
@@STATUS@@:当前为最优测试用例集合
@@STATUS@@:继续生成将降低质量或增加冗余
GEN_DIAG:{"kind": "generation_quality_ledger", "generation_id": 515, "request_id": "de10329c2afe4b34aa2c42e202ddaa49", "generation_mode": "multi_pass", "final_count": 33, "quality_assessment": "high", "initial_quality_score": 100, "quality_score": 100, "quality_score_grade": "high", "quality_score_source": "backend_diagnostic_v1", "quality_score_basis": "coverage+review+judge+funnel+context", "quality_score_confidence": "high", "quality_score_deductions": [], "quality_score_inputs": {"coverage_rate": 1.0, "total_rules": 21, "missing_rules_count": 0, "final_count": 33, "candidate_total": 36, "retained_total": 30, "judge_total": 34, "rejected_count": 0, "raw_rejected_count": 1, "pending_count": 0, "raw_pending_count": 0, "semantic_duplicate_reject_count": 1, "filtered_semantic_duplicate_reject_count": 1, "filtered_pending_candidate_count": 0, "repairable_count": 0, "raw_repairable_count": 1, "repaired_pass_count": 0, "unrepaired_repairable_count": 1, "fact_profile_forbidden_count": 0, "fact_violation_count": 0, "raw_flow_missing_count": 13, "flow_missing_advisory_count": 13, "flow_missing_count": 0, "flow_misordered_count": 0, "scenario_duplicate_cluster_count": 0, "scenario_duplicate_case_count": 0, "low_quality_dropped_count": 0, "semantic_dedup_dropped_count": 0, "semantic_dedup_pressure_count": 0, "semantic_dedup_penalty_count": 0, "structure_metric_scope": "final_cases", "manual_quality_profile_applied": false, "manual_quality_profile_version": ""}, "manual_delivery": {"applied": false}, "stop_reason": ["coverage_satisfied", "stopped_due_to_diminishing_returns", "optimal_case_set_reached"], "coverage": {"coverage_rate": 1.0, "total_rules": 21, "total_extracted_rules": 22, "missing_rules_count": 0, "missing_boundary_count": 0, "missing_exception_count": 0, "non_blocking_rules_count": 1}, "funnel": {"primary_count": 36, "gap_count": 0, "review_count": 33, "candidate_count_before_review": 36, "review_selected_count": 33, "post_review_dedup_drop": 0, "final_description_dedup_drop_count": 0, "total_dedup_drop_count": 0, "low_quality_dropped_count": 0, "low_quality_dropped_examples": [], "semantic_dedup_dropped_count": 0}, "review": {"candidate_total": 36, "retained_total": 30, "drop_by_review_llm_count": 1, "drop_by_review_gate_count": 2, "drop_by_post_review_dedup_count": 3, "drop_final_description_duplicate_count": 0, "flow_missing_stage_count": 13, "flow_misordered_count": 29, "final_flow_missing_stage_count": 13, "final_flow_misordered_count": 0, "scenario_duplicate_cluster_count": 9, "scenario_duplicate_case_count": 12, "final_scenario_duplicate_cluster_count": 0, "final_scenario_duplicate_case_count": 0, "fact_profile_forbidden_count": 0, "fact_profile_pending_count": 0}, "judge": {"total": 34, "rejected_out_count": 1, "pending_out_count": 0, "repairable_count": 0, "raw_repairable_count": 1, "repaired_pass_out_count": 0, "unrepaired_repairable_count": 1, "fact_violation_count": 0, "rejected_total": 1, "reason_clusters": {"semantic_duplicate": 1}, "dominant_reason": "semantic_duplicate"}, "context": {"snapshot_status": "success", "snapshot_used": true, "realtime_rag_used": true, "current_document_used": true, "fusion_mode": "snapshot+rag", "compression_ratio": 0.4916, "retained_chunk_count": 1}, "control": {"control_state_applied": true, "generation_coverage_mode": "standard_regression", "must_cover_rules_count": 0, "quality_fix_hints_count": 6}, "quality_remediation": {"kind": "quality_remediation", "quality_score": 100, "quality_score_grade": "high", "action_count": 0, "primary_action": "", "actions": [], "next_run_controls": {"target_missing_rules": [], "avoid_judge_reject_reasons": {}, "low_quality_dropped_count": 0, "semantic_dedup_penalty_count": 0}}, "case_quality_gate": {"kind": "case_quality_gate", "mode": "shadow", "passed": true, "blocked": false, "failure_reasons": [], "metrics": {"final_count": 33, "min_acceptable_final": 29, "judge_rejected_count": 0, "final_scenario_duplicate_case_count": 0, "final_flow_misordered_count": 0, "reasoning_leak_count": 0, "role_mismatch_count": 0, "quality_score": 100, "quality_score_grade": "high", "raw_judge_rejected_count": 1, "semantic_duplicate_reject_count": 1, "filtered_semantic_duplicate_reject_count": 1}}}
GEN_DIAG:{"kind": "case_quality_gate", "mode": "shadow", "passed": true, "blocked": false, "failure_reasons": [], "metrics": {"final_count": 33, "min_acceptable_final": 29, "judge_rejected_count": 0, "final_scenario_duplicate_case_count": 0, "final_flow_misordered_count": 0, "reasoning_leak_count": 0, "role_mismatch_count": 0, "quality_score": 100, "quality_score_grade": "high", "raw_judge_rejected_count": 1, "semantic_duplicate_reject_count": 1, "filtered_semantic_duplicate_reject_count": 1}, "generation_id": 515, "request_id": "de10329c2afe4b34aa2c42e202ddaa49"}
GEN_DIAG:{"total_rules": 21, "total_extracted_rules": 22, "non_blocking_rules": ["RULE-001"], "covered_rules": ["RULE-002", "RULE-003", "RULE-004", "RULE-005", "RULE-006", "RULE-007", "RULE-008", "RULE-009", "RULE-010", "RULE-011", "RULE-012", "RULE-013", "RULE-014", "RULE-015", "RULE-016", "RULE-017", "RULE-018", "RULE-019", "RULE-020", "RULE-021", "RULE-022"], "missing_rules": [], "rule_diagnostics": [{"rule_id": "RULE-001", "rule_text": "整体结构调整", "biz_key": "unknown", "rule_level": "soft", "confidence": "low", "source_type": "ambiguous_fragment", "blocking": false, "non_blocking_reason": "short_fragment", "covered": false, "coverage_types": [], "missing_types": []}, {"rule_id": "RULE-002", "rule_text": "二、模块说明快问快答•可反复刷的模块,取历史最高分•中途退出不计分、不记录牛刀小试•可反复刷的模块,取历史最高分(可以重新进入,修改对错)•答错后触发相似题推荐出⻔测•可反复刷的模块,取历史最高分(可以重新进入,修改对错),选做•与基础巩固至少完成一个,才可进入后续流程•答错后触发相似题推荐基础巩固(ABS测试)•可反复刷的模块,取历史最高分(可以重新进入,修改对错),选做•本课未配置时不展示入口•答错后触发相似题推荐推荐练习(相似题)•牛刀小试、出⻔测、基础巩固答错后触发•最多 3 轮,每轮独立计分•某知识点全部答对后,停止推荐该知识点•需要进入错题本\\习题集错题\\课后报告", "biz_key": "unknown", "rule_level": "hard", "confidence": "high", "source_type": "confirmed_requirement", "blocking": true, "non_blocking_reason": "", "covered": true, "coverage_types": ["boundary", "happy"], "missing_types": []}, {"rule_id": "RULE-003", "rule_text": "一、页面结构•顶部栏:返回按钮、课程标题、当前金币数、切换课程、打印•奖励进度条:本节课各阶段金币奖励可视化•左侧导航:课程步骤树 + 完成状态•主内容区:当前步骤的做题 / 视频 / 弹题内容", "biz_key": "unknown", "rule_level": "hard", "confidence": "high", "source_type": "confirmed_requirement", "blocking": true, "non_blocking_reason": "", "covered": true, "coverage_types": ["boundary", "exception", "happy"], "missing_types": []}, {"rule_id": "RULE-004", "rule_text": "三、左侧导航交互•交互调整:由 2 层折叠抽屉改为多层抽屉可展开•每个步骤卡片点击后向下展开该步骤对应的内容目录•展开时箭头旋转 180°,收起时复位•手⻛琴效果:同时只能展开一个步骤的内容目录•内容目录内部沿用之前的 2 层树形结构(知识点 →视频/练习项)增加拍照保存答案", "biz_key": "unknown", "rule_level": "hard", "confidence": "high", "source_type": "confirmed_requirement", "blocking": true, "non_blocking_reason": "", "covered": true, "coverage_types": ["boundary", "happy"], "missing_types": []}, {"rule_id": "RULE-005", "rule_text": "一、触发条件•学生点击\"申请看答案\"按钮时触发•若老师设置中\"学生提交作业需拍照\"为关闭:跳过拍照,直接进入对答案页面•若老师设置中该开关为开启:弹出拍照弹窗,必须完成拍照才能查看答案", "biz_key": "unknown", "rule_level": "hard", "confidence": "high", "source_type": "confirmed_requirement", "blocking": true, "non_blocking_reason": "", "covered": true, "coverage_types": ["boundary", "exception", "happy", "risk"], "missing_types": []}, {"rule_id": "RULE-006", "rule_text": "二、弹窗展示•弹窗标题:\"请先拍照上传作业\"•提示文案:\"为了保证学习效果,申请查看答案前请先拍摄你的作业照片(支持多张)\"•显示已拍照片计数:\"已拍 N 张\"•已拍照片区域:3 列网格缩略图展示(仅用于学生确认拍摄内容,拍完确认后不再展示)•拍照按钮:\"点击拍照上传\"•确认按钮:\"已拍照,查看答案\"(未拍时置灰)•取消按钮:\"稍后再拍\"", "biz_key": "unknown", "rule_level": "hard", "confidence": "high", "source_type": "confirmed_requirement", "blocking": true, "non_blocking_reason": "", "covered": true, "coverage_types": ["boundary", "exception", "happy", "risk"], "missing_types": []}, {"rule_id": "RULE-007", "rule_text": "三、拍照流程•点击拍照按钮:调用设备摄像头或生成模拟照片•每拍一张追加到缩略图列表,计数 +1•照片自动附加水印:学生 ID + 时间戳 + 课程名称•支持连续拍摄,不限制张数", "biz_key": "unknown", "rule_level": "hard", "confidence": "high", "source_type": "confirmed_requirement", "blocking": true, "non_blocking_reason": "", "covered": true, "coverage_types": ["boundary", "exception", "happy", "risk"], "missing_types": []}, {"rule_id": "RULE-008", "rule_text": "五、确认与取消(核心调整)•至少拍摄 1 张后,\"已拍照,查看答案\"按钮可点击•点击确认:◦照片立即上传至服务器,直接转发到督导端◦学生端弹出提示:\"照片已发送至督导端,老师可查看你的原始作业\"◦弹窗 2 秒后自动关闭,或点击\"知道了\"手动关闭◦学生端不保留、不展示任何已拍照片◦直接进入对答案页面•点击\"稍后再拍\":关闭弹窗,返回做题页面,不保存任何照片•拍照后未点确认直接关闭浏览器:照片未上传,下次需重新拍照", "biz_key": "unknown", "rule_level": "hard", "confidence": "high", "source_type": "confirmed_requirement", "blocking": true, "non_blocking_reason": "", "covered": true, "coverage_types": ["boundary", "exception", "happy", "risk"], "missing_types": []}, {"rule_id": "RULE-009", "rule_text": "二、学习进度控制按学习计划顺序学习•定义:开启后,学生只能按照学习计划中编排的内容和顺序进行学习,不能自主选择计划外的课程,也不能跳过节次•默认状态:关闭•开启效果:学习计划强制执行。学生必须完成当前节次的学习任务(视频、练习等)后,下一节才解锁。学生无法在课程列表中自选其他课程•关闭效果:学习计划仅作为参考。学生可在课程列表中自主选择任意课程,也可以跳过节次,不受计划顺序约束允许拖动视频进度条•定义:开启后,学生可在视频讲解中拖动进度条进行快进或回退•默认状态:开启•开启效果:学生可自由拖动视频进度条,跳转到任意时间点•关闭效果:视频只能按正常倍率顺序播放,进度条不可拖动,学生无法快进或随意跳转•注意:此设置仅控制进度条拖动,不影响倍速播放功能。倍速播放由学生端独立控制•适用场景:关闭后用于确保学生完整观看教学视频,避免跳过关键讲解环节", "biz_key": "unknown", "rule_level": "hard", "confidence": "high", "source_type": "confirmed_requirement", "blocking": true, "non_blocking_reason": "", "covered": true, "coverage_types": ["happy", "risk"], "missing_types": []}, {"rule_id": "RULE-010", "rule_text": "开启效果:学生点击「查看答案」后,系统向", "biz_key": "unknown", "rule_level": "hard", "confidence": "high", "source_type": "confirmed_requirement", "blocking": true, "non_blocking_reason": "", "covered": true, "coverage_types": ["happy", "risk"], "missing_types": []}, {"rule_id": "RULE-011", "rule_text": "开启效果:学生点击「查看答案」后,必须先", "biz_key": "unknown", "rule_level": "hard", "confidence": "high", "source_type": "confirmed_requirement", "blocking": true, "non_blocking_reason": "", "covered": true, "coverage_types": ["happy", "risk"], "missing_types": []}, {"rule_id": "RULE-012", "rule_text": "才展示答案。照片直接发送至督导端,学生端", "biz_key": "unknown", "rule_level": "hard", "confidence": "high", "source_type": "confirmed_requirement", "blocking": true, "non_blocking_reason": "", "covered": true, "coverage_types": ["boundary", "exception", "happy", "risk"], "missing_types": []}, {"rule_id": "RULE-013", "rule_text": "仅显示「发送成功」提示,不保留、不展示照", "biz_key": "unknown", "rule_level": "hard", "confidence": "high", "source_type": "confirmed_requirement", "blocking": true, "non_blocking_reason": "", "covered": true, "coverage_types": ["boundary", "happy"], "missing_types": []}, {"rule_id": "RULE-014", "rule_text": "一、前置条件•学生已完成出⻔测纸上作答•点击\"申请看答案\"后展示此模块•已拍照上传(若老师开启拍照设置)", "biz_key": "unknown", "rule_level": "hard", "confidence": "high", "source_type": "confirmed_requirement", "blocking": true, "non_blocking_reason": "", "covered": true, "coverage_types": ["boundary", "exception", "happy", "risk"], "missing_types": []}, {"rule_id": "RULE-015", "rule_text": "二、页面展示•提示:\"对照答案,手动标记每道题的对错,标记一道就有金币奖励哦~\"•逐题展示:题号 + 正确答案(绿色字体)•每道题右侧两个按钮:\"我做对了 ✓\"(绿色)、\"我做错了  ✗ \"(红色)、解析、AI讲题•底部:\"提交标记 (对X/总Y)\" 按钮", "biz_key": "unknown", "rule_level": "hard", "confidence": "high", "source_type": "confirmed_requirement", "blocking": true, "non_blocking_reason": "", "covered": true, "coverage_types": ["exception", "happy"], "missing_types": []}, {"rule_id": "RULE-016", "rule_text": "二、轮次规则•最多 3 轮,每轮独立计分•每轮显示轮次指示器(第 1 轮 / 第 2 轮 / 第 3轮)•第 1 轮:同难度,第 2 轮:降低 1 级,第 3轮:降低 2 级•某知识点全部答对后,该知识点停止推荐,其他错题知识点继续", "biz_key": "unknown", "rule_level": "hard", "confidence": "high", "source_type": "confirmed_requirement", "blocking": true, "non_blocking_reason": "", "covered": true, "coverage_types": ["boundary", "happy"], "missing_types": []}, {"rule_id": "RULE-017", "rule_text": "三、做题流程•页面标题:\"举一反三练习题\"•提示文案:\"请在纸上完成以下练习题,全部做完后申请查看答案\"•每题标注\"针对出⻔测第 X 题(难度降低)\"•全部做完后点击\"申请看答案\",同出⻔测拍照逻辑", "biz_key": "unknown", "rule_level": "hard", "confidence": "high", "source_type": "confirmed_requirement", "blocking": true, "non_blocking_reason": "", "covered": true, "coverage_types": ["boundary", "happy"], "missing_types": []}, {"rule_id": "RULE-018", "rule_text": "四、对答案与自评•同出⻔测对答案逻辑•显示\"相似题作业照片\"缩略图•逐题标记\"我做对了 / 我做错了\",即时反馈同出⻔测•全部标记后显示\"提交标记\"", "biz_key": "unknown", "rule_level": "hard", "confidence": "high", "source_type": "confirmed_requirement", "blocking": true, "non_blocking_reason": "", "covered": true, "coverage_types": ["boundary", "exception", "happy", "risk"], "missing_types": []}, {"rule_id": "RULE-019", "rule_text": "二、页面展示•中央大图标:金色奖杯动画,带发光效果•主标题:\"出⻔测阶段完成!\"(大号金色字体)•副标题:\"你认真对待每一道题的态度值得点赞✨ \"•金币卡片:显示本阶段获得金币总数(如 70 金币)•卡片下方标注:\"出⻔测阶段获得\"", "biz_key": "unknown", "rule_level": "hard", "confidence": "high", "source_type": "confirmed_requirement", "blocking": true, "non_blocking_reason": "", "covered": true, "coverage_types": ["happy"], "missing_types": []}, {"rule_id": "RULE-020", "rule_text": "三、金币计算•本阶段金币 = 出⻔测做对题数对应金币 + 相似题加练做对题数对应金币•金币实时累加到顶部总金币数•进度条同步更新,显示\"再得 X 金币拿满奖励\"", "biz_key": "unknown", "rule_level": "hard", "confidence": "high", "source_type": "confirmed_requirement", "blocking": true, "non_blocking_reason": "", "covered": true, "coverage_types": ["boundary", "happy"], "missing_types": []}, {"rule_id": "RULE-021", "rule_text": "五、后续流程•动画播放 2-3 秒后,底部渐显\"下一步\"按钮•点击后进入\"讲知识 & 错题\"步骤•若还有未完成的日清,左侧导航第六步显示待完成提示•左侧导航自动将\"出⻔测\"标记为完成,\"讲知识& 错题\"高亮为当前", "biz_key": "unknown", "rule_level": "hard", "confidence": "high", "source_type": "confirmed_requirement", "blocking": true, "non_blocking_reason": "", "covered": true, "coverage_types": ["boundary", "exception", "happy", "risk"], "missing_types": []}, {"rule_id": "RULE-022", "rule_text": "六、极限情况•动画播放时退出或刷新:直接显示静态结果页,金币已正常发放•重复刷新结果页:金币只发放一次,幂等处理•多个模块连续完成:每个模块独立触发庆祝,动画排队播放,不堆积课后报告+习题集错题流向•进入学生端错题本,包括推荐的相似题•进入督导端习题集全部错题•进入课后报告错题打包", "biz_key": "unknown", "rule_level": "hard", "confidence": "high", "source_type": "confirmed_requirement", "blocking": true, "non_blocking_reason": "", "covered": true, "coverage_types": ["exception", "happy"], "missing_types": []}], "coverage_rate": 1.0, "missing_types": {"boundary": [], "exception": []}, "kind": "coverage_check", "multi_pass": true, "generation_mode": "multi_pass"}
GEN_COVERAGE_DIAG:{"diag_version": "2.5", "expected_count": 36, "generated_count": 33, "missing_count": 3, "positive_count": 26, "negative_count": 3, "edge_count": 4, "missing_boundary_class": false, "missing_exception_class": false, "avg_steps": 2.4242, "possible_gap_reasons": ["under_generated_vs_expected_count"], "generated_case_count": 33, "module_count": 29, "modules_preview": ["异常/恢复-对答案刷新恢复", "异常/恢复-对答案断网恢复", "异常/恢复-拍照中断恢复", "拍照对答案自评流程", "拍照对答案自评流程-拍照上传作业", "拍照对答案自评流程-拍照确认", "拍照对答案自评流程-提交自评结果", "拍照对答案自评流程-申请查看答案", "拍照对答案自评流程-相似题推荐知识点停止", "拍照对答案自评流程-相似题推荐轮次", "拍照对答案自评流程-触发相似题推荐", "拍照对答案自评流程-逐题标记对错"], "priority_distribution": {"P0": 13, "P1": 11, "P2": 9, "other": 0}, "requirement_keyword_count": 40, "requirement_keyword_hit_count": 26, "requirement_keyword_coverage": 0.65, "missing_requirement_keywords": ["学习激励", "范围", "初中数理化的标准化", "整体结构调整", "计分规则", "每道题答对得", "答错得", "该模块答对题数", "每节课题量由题库配置决定", "分各不相同", "可反复刷的模块", "可以重新进", "选做", "需要进"], "kb_keyword_count": 30, "kb_keyword_hit_count": 1, "kb_keyword_coverage": 0.0333, "context_anchor_term_count": 0, "context_anchor_term_hit_count": 0, "context_anchor_coverage": 0.0, "requirement_constraints_count": 2, "covered_constraints_count": 1, "missing_constraints_preview": ["2-3"]}

===== append_10_generation started 2026-07-14T17:12:57 =====
@@CONTEXT_DEBUG@@:{"snapshot_status": "success", "snapshot_ready": true, "snapshot_used": true, "snapshot_fallback_reason": "", "realtime_rag_used": true, "current_document_used": true, "snapshot_rebuild_triggered": false, "snapshot_rebuild_reason": "none"}
@@STATUS@@:snapshot gate result: gate_disabled_proceed (poll=0, elapsed_ms=0)
@@STATUS@@:preparing project snapshot context...
@@STATUS@@:snapshot ready and reusable -> using snapshot (reason=snapshot_success_and_hash_matched)
@@STATUS@@:precision retrieval enabled (explicit_precision_mode,generation_default_precision,keyword_triggered)
@@STATUS@@:hybrid fusion done: mode=snapshot+rag rag_chunks=1 tokens~2314
@@STATUS@@:current requirement blueprint applied (count=1,steps=6)
@@STATUS@@:[multi-pass] 阶段1/3 主生成开始...
@@STATUS@@:正在进行需求元分析 (Meta-Analysis)，识别系统类型与测试策略...
@@STATUS@@:分析完成 - 系统类型: Tablet + Web, 复杂度: High, 策略: {"functional": 0.65, "regression": 0.15, "non_functional": 0.2}...
@@STATUS@@:正在生成第 1/1 批次 (10 条) - 第 1 次尝试...
GEN_DIAG:{"kind": "prompt_context_intake", "diag_version": "1.0", "mode": "stream", "doc_type": "requirement", "compress": false, "project_id": 8, "request_id": "6a80760439af4e67ab6b83f1e400b243", "batch_index": 1, "total_batches": 1, "attempt": 1, "expected_count": 10, "multi_pass": true, "generation_mode": "multi_pass", "model": "glm-5.1", "max_output_tokens": 10000, "max_tokens_semantics": "output_tokens", "current_biz_key": "unknown", "only_current_biz": false, "section_sizes": {"requirement_user": {"chars": 9464, "approx_tokens": 2366, "sha256_16": "29d26833ae12aa67", "noise_flags": []}, "kb_context": {"chars": 9259, "approx_tokens": 2314, "sha256_16": "d4cdc5a8be3d7990", "noise_flags": []}, "requirement_context": {"chars": 2457, "approx_tokens": 614, "sha256_16": "ad719b851d242616", "noise_flags": []}, "requirement_semantics_context": {"chars": 312, "approx_tokens": 78, "sha256_16": "b94786f6bb3003b2", "noise_flags": []}, "testcase_context": {"chars": 2652, "approx_tokens": 663, "sha256_16": "bce8209386ee0717", "noise_flags": []}, "supplement_context": {"chars": 329, "approx_tokens": 82, "sha256_16": "4e83209e22e23cb1", "noise_flags": []}, "control_context": {"chars": 2928, "approx_tokens": 732, "sha256_16": "3ac8c71d6e5fbfbb", "noise_flags": []}, "base_prompt": {"chars": 18785, "approx_tokens": 4696, "sha256_16": "cc809573e63cf563", "noise_flags": []}, "system_prompt": {"chars": 32405, "approx_tokens": 8101, "sha256_16": "a2eb90ea3c7a0f1c", "noise_flags": []}, "full_input": {"chars": 41869, "approx_tokens": 10467, "sha256_16": "251a2afbbba73a56", "noise_flags": []}}, "source_lanes": {"context_source": "snapshot+rag", "snapshot": {"used": true, "status": "success", "version": 37}, "rag": {"used": true, "chunk_count": 1, "final_status": "success", "retrieval_profile": {"profile_version": "2.5", "query_type": "process", "query_length": 1000, "rewrite_count": 1, "recall_lane_hits": {"original_raw": 5, "original_summary": 0, "rewrite_raw": 5, "rewrite_summary": 0, "keyword_docs": 42}, "raw_topk_scores": [0.875, 0.485, 0.485, 0.40279, 0.357441, 0.2725, 0.2725, 0.2725, 0.2725, 0.2725], "rerank_top_scores": [0.935, 0.43, 0.43, 0.42279, 0.382441, 0.291667, 0.2725, 0.2725, 0.270833, 0.270833], "final_chunk_count": 1, "final_doc_type_distribution": {"requirement": 1}, "compressed_before_chars": 3255, "compressed_after_chars": 1600, "snapshot_related_hit": false, "question_length": 1000, "lane_health": {"counts": {"original_raw": 5, "original_summary": 0, "rewrite_raw": 5, "rewrite_summary": 0, "keyword_docs": 42}, "reasons": {"original_raw": "ok", "original_summary": "no_hit", "rewrite_raw": "ok", "rewrite_summary": "no_hit", "keyword_docs": "ok"}, "topk": {"original_raw": 40, "original_summary": 20, "rewrite_raw": 20, "rewrite_summary": 10, "keyword_docs": 40}, "merged_count": 52, "deduped_count": 45}, "score_profile": {"rerank_top1": 0.935, "rerank_topk_avg": 0.3479832029220469, "selected_top1": 0.935, "selected_topk_avg": 0.935, "rerank_score_bands": {"gte_0_9": 1, "0_8_to_0_9": 0, "0_7_to_0_8": 0, "lt_0_7": 15}, "selected_score_bands": {"gte_0_9": 1, "0_8_to_0_9": 0, "0_7_to_0_8": 0, "lt_0_7": 0}}, "selection_profile": {"selected_count": 1, "kept_by_query_source": {"original": 1, "rewrite": 0, "unknown": 0}, "kept_by_chunk_source": {"raw": 1, "summary": 0, "unknown": 0}}, "stability": {"attempt_count": 1, "retry_triggered_count": 0, "retry_reasons": [], "final_status": "success", "final_failure_reason": ""}}}}, "rag_sources": [{"rank": 1, "doc_id": "238", "chunk_id": "238_0", "filename": "学习激励+错题推荐.pdf", "score": 0.935, "chars": 1200, "approx_tokens": 300, "sha256_16": "086a97471d9eade9", "preview": "学习激励+错题推荐\u0001 范围：初中数理化的标准化⾃习\u0001 整体结构调整\u0001 \u0001 \u0001 课中积分逻辑\u0001 ⼀、计分规则\u0001 • 每道题答对得\u00011\u0001分，答错得\u00010\u0001分\u0001 • 模块得分\u0001=\u0001该模块答对题数\u0001 • 每节课题量由题库配置决定，最⾼分各不相同\u0001 ⼆、模块说明\u0001 快问快答\u0001 • 可反复刷的模块，取历史最⾼分\u0001 • 中途退出...", "noise_flags": []}], "control": {"workflow_blueprint_count": 1, "generation_execution_plan_blueprint_count": 1, "generation_execution_plan_step_count": 6, "generation_execution_plan_in_context": true, "generation_execution_independent_suite_order": ["permission/security", "exception/recovery", "boundary/state rollback", "independent functional", "UI/display"], "must_cover_rules_count": 0, "quality_fix_hints_count": 6, "fact_profile_source": "requirement_semantics", "fact_profile_confidence": 0.75, "fact_profile_confirmed_count": 5, "fact_profile_pending_count": 0, "fact_profile_forbidden_count": 0, "scoped_rules_count": 0, "hard_flow_constraints_count": 3, "reuse_risks_count": 0}, "requirement_understanding": {"present": true, "visual_fact_count": 4, "invalid_visual_block_count": 0, "aligned_evidence_count": 4}, "business_scope": {"biz_key_order": ["unknown"], "module_order_hint": ["拍照对答案自评流程", "拍照对答案自评流程-拍照上传作业", "拍照对答案自评流程-逐题标记对错", "拍照对答案自评流程-提交自评结果", "权限/安全-督导端答案查看控制", "权限/安全-督导端答案查看组合控制", "异常/恢复-拍照中断恢复", "异常/恢复-对答案断网恢复", "异常/恢复-对答案刷新恢复", "边界/状态回退-流程解锁条件", "边界/状态回退-基础巩固入口显隐", "边界/状态回退-最高分计算", "边界/状态回退-模块中途退出", "拍照对答案自评流程-相似题推荐轮次", "课后报告+习题集-错题流向", "错题推荐练习-触发条件", "课中积分逻辑-模块说明", "课中学习交互-奖励进度条", "课中学习交互-左侧导航", "独立功能-督导端视频进度控制"], "module_order_source": "reference_cases", "requirement_semantics_by_biz": [{"biz_key": "unknown", "confirmed_facts_count": 5, "scoped_rules_count": 0, "pending_items_count": 0, "forbidden_facts_count": 0, "reuse_risks_count": 0}]}, "noise_summary": {"section_noise_flags": {}, "rag_source_noise_flags": {}}, "risk_flags": []}
```json
[
  {
    "id": "TC-034",
    "description": "对答案全流程-所有题标记做对提交后积分等于总题数且不触发相似题推荐",
    "test_module": "拍照对答案自评流程",
    "preconditions": [
      "学生已完成出门测纸上作答",
      "拍照开关关闭",
      "学生点击申请看答案已进入对答案页面",
      "本节出门测共5道题"
    ],
    "steps": [
      "逐题点击每道题的'我做对了✓'按钮，将5道题全部标记为做对",
      "观察底部提交标记按钮的计数显示",
      "点击'提交标记'按钮",
      "查看提交后积分计算结果",
      "观察是否触发相似题推荐"
    ],
    "test_input": "5道题全部标记为做对后提交",
    "expected_result": "提交标记按钮显示'提交标记(对5/总5)'；提交后积分=5分；错题数为0；不触发相似题推荐，直接进入后续流程",
    "priority": "P1"
  },
  {
    "id": "TC-035",
    "description": "对答案全流程-点击稍后再拍取消拍照后返回做题页面不保存任何照片",
    "test_module": "拍照对答案自评流程",
    "preconditions": [
      "老师设置中'查看答案前需拍照上传'开关为开启",
      "学生点击申请看答案已弹出拍照弹窗",
      "已拍摄2张照片（缩略图可见，计数显示'已拍2张'）"
    ],
    "steps": [
      "在拍照弹窗中点击'稍后再拍'按钮",
      "观察弹窗关闭后页面跳转位置",
      "再次点击'申请看答案'按钮",
      "查看拍照弹窗中已拍照片计数和缩略图列表状态",
      "查看确认按钮是否可点击"
    ],
    "test_input": "已拍2张照片后点击'稍后再拍'取消",
    "expected_result": "点击'稍后再拍'后弹窗关闭，返回做题页面；再次打开拍照弹窗时已拍照片计数为0，缩略图列表为空，确认按钮'已拍照，查看答案'置灰不可点击",
    "priority": "P1"
  },
  {
    "id": "TC-036",
    "description": "对答案全流程-同一题反复切换对错标记后提交时积分仅按最终标记状态计算",
    "test_module": "拍照对答案自评流程",
    "preconditions": [
      "学生已进入对答案页面",
      "本节出门测共5道题"
    ],
    "steps": [
      "第1题：先点'我做对了'→再点'我做错了'→再点'我做对了'（最终做对）",
      "第2题：点'我做对了'（最终做对）",
      "第3题：先点'我做对了'→再点'我做错了'（最终做错）",
      "第4题：点'我做错了'（最终做错）",
      "第5题：先点'我做错了'→再点'我做对了'（最终做对）",
      "观察底部提交标记按钮计数",
      "点击'提交标记'按钮",
      "查看提交后积分和错题本记录"
    ],
    "test_input": "5道题中第1、2、5题最终标记做对，第3、4题最终标记做错",
    "expected_result": "提交标记按钮显示'提交标记(对3/总5)'；提交后积分=3分；错题本仅包含第3题和第4题；金币累加仅按最终标记状态计算，中间切换不导致金币重复累加",
    "priority": "P1"
  },
  {
    "id": "TC-037",
    "description": "对答案全流程-照片确认上传后学生端本地无照片残留的数据安全验证",
    "test_module": "拍照对答案自评流程",
    "preconditions": [
      "老师设置中'查看答案前需拍照上传'开关为开启",
      "学生已拍摄3张照片并点击'已拍照，查看答案'确认上传",
      "照片已成功上传至服务器"
    ],
    "steps": [
      "确认上传后观察学生端弹窗提示内容",
      "弹窗关闭后检查对答案页面是否展示任何已拍照片缩略图",
      "检查学生端本地存储/缓存目录是否存在照片文件残留",
      "检查学生端错题本或习题集中是否展示原始作业照片"
    ],
    "test_input": "照片确认上传后检查学生端照片残留",
    "expected_result": "学生端仅显示'照片已发送至督导端，老师可查看你的原始作业'提示；对答案页面不展示任何已拍照片缩略图；本地存储无照片文件残留；错题本和习题集中不展示原始作业照片，仅展示错题内容",
    "priority": "P0"
  }
]
```GEN_DIAG:{"kind": "stream_batch_token_usage", "project_id": 8, "request_id": "6a80760439af4e67ab6b83f1e400b243", "current_biz_key": "unknown", "multi_pass": true, "generation_mode": "multi_pass", "batch_index": 1, "total_batches": 1, "attempt": 1, "requested_count": 10, "input_tokens": null, "output_tokens": null, "total_tokens": null, "token_source": "unavailable", "token_unavailable_reason": "provider_usage_estimated", "estimate_method": "chars_div_4", "model": "glm-5.1", "duration_ms": 127190, "response_chars": 2237, "attempt_status": "received", "provider_error": ""}

GEN_DIAG:{"kind": "stream_batch_quality", "project_id": 8, "request_id": "6a80760439af4e67ab6b83f1e400b243", "current_biz_key": "unknown", "multi_pass": true, "generation_mode": "multi_pass", "batch_index": 1, "new_valid_cases_count": 4, "duplicate_rate": 0.0, "non_assertable_count": 0, "low_quality_filtered_count": 0, "coverage_gain_count": 4, "low_gain_detected": false, "low_gain_streak": 0}
@@STATUS@@:[multi-pass] Stage 2/3 gap supplement started...
@@STATUS@@:Gap supplement attempt #1...
```json
[
  {
    "id": "TC-038",
    "description": "拍照弹窗中拍摄多张照片后逐张删除至0张确认按钮置灰",
    "test_module": "拍照对答案自评流程-拍照上传作业",
    "preconditions": [
      "老师设置中'查看答案前需拍照上传'开关为开启",
      "学生已点击申请看答案弹出拍照弹窗",
      "已拍摄3张照片（缩略图可见，计数显示'已拍3张'）",
      "确认按钮'已拍照，查看答案'为可点击状态"
    ],
    "steps": [
      "1. 点击第1张缩略图右上角'×'删除按钮",
      "2. 观察计数更新和确认按钮状态",
      "3. 点击第2张缩略图右上角'×'删除按钮",
      "4. 观察计数更新和确认按钮状态",
      "5. 点击第3张缩略图右上角'×'删除按钮",
      "6. 观察计数更新、缩略图列表和确认按钮状态"
    ],
    "test_input": "已拍3张照片后逐张删除至0张",
    "expected_result": "删除第1张后计数更新为'已拍2张'，缩略图列表移除该照片，确认按钮仍可点击；删除第2张后计数更新为'已拍1张'，确认按钮仍可点击；删除第3张后计数更新为'已拍0张'，缩略图列表为空，确认按钮'已拍照，查看答案'置灰不可点击",
    "priority": "P1"
  },
  {
    "id": "TC-039",
    "description": "照片确认上传成功提示弹窗2秒自动关闭与点击'知道了'手动关闭",
    "test_module": "拍照对答案自评流程-拍照确认",
    "preconditions": [
      "老师设置中'查看答案前需拍照上传'开关为开启",
      "学生已拍摄至少1张照片",
      "点击'已拍照，查看答案'确认按钮后照片上传成功"
    ],
    "steps": [
      "1. 点击'已拍照，查看答案'确认按钮",
      "2. 观察弹出提示弹窗内容",
      "3. 不做任何操作，等待2秒观察弹窗是否自动关闭",
      "4. 重新拍照并确认上传，再次弹出提示弹窗",
      "5. 在2秒内点击'知道了'按钮",
      "6. 观察弹窗关闭时机和页面跳转"
    ],
    "test_input": "确认上传后验证提示弹窗自动关闭和手动关闭",
    "expected_result": "确认上传后弹出提示'照片已发送至督导端，老师可查看你的原始作业'；不操作时弹窗2秒后自动关闭并进入对答案页面；点击'知道了'按钮时弹窗立即手动关闭并进入对答案页面；两种关闭方式均正常进入对答案页面",
    "priority": "P1"
  },
  {
    "id": "TC-040",
    "description": "拍照确认上传时网络中断照片上传失败的处理",
    "test_module": "拍照对答案自评流程-拍照确认",
    "preconditions": [
      "老师设置中'查看答案前需拍照上传'开关为开启",
      "学生已拍摄2张照片并准备点击确认",
      "网络将在点击确认后中断"
    ],
    "steps": [
      "1. 断开网络连接",
      "2. 点击'已拍照，查看答案'确认按钮",
      "3. 观察上传失败提示和页面状态",
      "4. 恢复网络连接",
      "5. 再次点击确认按钮或重试上传",
      "6. 观察上传结果和页面跳转"
    ],
    "test_input": "网络中断时点击确认上传照片",
    "expected_result": "网络中断时点击确认后照片上传失败，学生端显示上传失败提示（如'网络异常，请重试'），不进入对答案页面，已拍照片和缩略图保留不丢失；网络恢复后重新点击确认按钮，照片成功上传至服务器并转发督导端，正常弹出成功提示并进入对答案页面",
    "priority": "P0"
  },
  {
    "id": "TC-041",
    "description": "对答案页面仅标记部分题目后点击提交的边界处理",
    "test_module": "拍照对答案自评流程-逐题标记对错",
    "preconditions": [
      "已进入对答案页面",
      "本节出门测共5道题",
      "尚未标记任何题目"
    ],
    "steps": [
      "1. 仅标记第1题为'我做对了'和第3题为'我做错了'",
      "2. 观察底部提交标记按钮计数显示",
      "3. 点击'提交标记'按钮",
      "4. 观察提交结果中未标记题目的处理方式",
      "5. 查看积分计算和错题本记录"
    ],
    "test_input": "5道题中仅标记2道（1对1错），3道未标记",
    "expected_result": "提交标记按钮显示'提交标记(对1/总5)'；提交后积分仅按已标记题目计算为1分；未标记的3道题待确认是否按默认处理（做错计入或提示未完成）；已标记的错题（第3题）加入错题本，未标记题目的错题处理待确认",
    "priority": "P1"
  }
]
```@@STATUS@@:Gap supplement attempt #2...
```json
[
  {
    "id": "TC-038",
    "description": "照片管理-删除单张照片后计数更新与确认按钮置灰状态变化",
    "test_module": "拍照对答案自评流程-照片管理",
    "preconditions": ["拍照弹窗已弹出", "已拍摄3张照片", "缩略图列表显示3张照片", "计数显示「已拍3张」", "确认按钮「已拍照，查看答案」可点击"],
    "steps": ["1. 点击第2张缩略图右上角「×」删除按钮", "2. 观察缩略图列表、计数和确认按钮状态", "3. 点击第1张缩略图右上角「×」删除按钮", "4. 观察计数和确认按钮状态", "5. 点击第3张缩略图右上角「×」删除按钮", "6. 观察计数和确认按钮状态"],
    "test_input": "依次删除3张已拍照片",
    "expected_result": "删除第2张后：计数更新为「已拍2张」，第2张照片从缩略图列表移除，确认按钮仍可点击；删除第1张后：计数更新为「已拍1张」，确认按钮仍可点击；删除全部3张后：计数为「已拍0张」，缩略图列表为空，确认按钮「已拍照，查看答案」置灰不可点击",
    "priority": "P1"
  },
  {
    "id": "TC-039",
    "description": "拍照确认后提示弹窗2秒自动关闭与点击「知道了」手动关闭验证",
    "test_module": "拍照对答案自评流程-拍照确认",
    "preconditions": ["已拍摄1张照片", "点击「已拍照，查看答案」确认按钮", "照片已成功上传至服务器"],
    "steps": ["1. 观察提示弹窗内容和「知道了」按钮是否出现", "2. 不点击任何按钮，等待2秒观察弹窗是否自动关闭", "3. 再次拍照确认后，在2秒内点击「知道了」按钮", "4. 观察手动关闭后页面跳转"],
    "test_input": "验证弹窗自动关闭和手动关闭两种方式",
    "expected_result": "提示弹窗显示「照片已发送至督导端，老师可查看你的原始作业」且出现「知道了」按钮；不操作时弹窗2秒后自动关闭并进入对答案页面；点击「知道了」按钮可手动立即关闭弹窗并进入对答案页面",
    "priority": "P1"
  },
  {
    "id": "TC-040",
    "description": "对答案页面展示内容完整性验证-提示文案/逐题格式/按钮样式/提交按钮",
    "test_module": "拍照对答案自评流程-对答案页面展示",
    "preconditions": ["已进入对答案页面", "出门测共5道题", "拍照开关为关闭（直接进入对答案）"],
    "steps": ["1. 查看页面顶部提示文案内容", "2. 查看第1题展示格式（题号+正确答案颜色）", "3. 查看第1题右侧按钮列表和颜色", "4. 查看底部提交标记按钮格式", "5. 逐题检查5道题的展示一致性"],
    "test_input": "验证对答案页面所有展示元素",
    "expected_result": "页面提示文案为「对照答案，手动标记每道题的对错，标记一道就有金币奖励哦~」；每题展示题号+正确答案且答案为绿色字体；每题右侧有4个按钮：「我做对了✓」（绿色）、「我做错了✗」（红色）、解析、AI讲题；底部显示「提交标记(对0/总5)」按钮；5道题展示格式一致",
    "priority": "P2"
  },
  {
    "id": "TC-041",
    "description": "拍照上传确认时网络异常-照片未成功上传至服务器的异常处理",
    "test_module": "拍照对答案自评流程-异常处理",
    "preconditions": ["已拍摄2张照片", "确认按钮可点击", "模拟网络中断场景"],
    "steps": ["1. 点击「已拍照，查看答案」确认按钮", "2. 模拟网络中断导致照片上传失败", "3. 观察学生端提示和页面状态", "4. 网络恢复后观察是否自动重试或需手动重新操作"],
    "test_input": "确认上传时网络中断",
    "expected_result": "网络中断时照片上传失败，学生端显示上传失败提示（待确认具体文案）；不进入对答案页面；网络恢复后系统提示重新操作或自动重试上传（待确认具体重试策略）；上传成功后才可进入对答案页面，之前拍摄的照片需重新拍照或保留待确认",
    "priority": "P1"
  }
]
```@@STATUS@@:Gap supplement stopped after 2 no-gain attempts.
@@STATUS@@:[multi-pass] Stage 3/3 review selection started...
GEN_DIAG:{"kind": "persistence_gate", "passed": false, "gate_mode": "enforce", "blocked": true, "failure_code": "execution_plan_failed", "quality_would_block": false, "quality_would_warn": false, "quality_soft_failures": [], "quality_hard_failures": [], "execution_plan_would_block": true, "quality_gate": {"passed": true, "failed_checks": [], "priority_final_null_count": 0, "invalid_priority_final_count": 0, "invalid_priority_final_case_ids": [], "non_assertable_expected_result_count": 0, "truncated_text_count": 0, "non_assertable_case_ids": [], "truncated_case_ids": [], "metrics": {"persistable_case_count": 38, "persistable_required_field_missing_count": 0, "persistable_priority_final_invalid_count": 0, "persistable_reasoning_leakage_count": 0, "final_count": 9, "min_acceptable_final": 4, "judge_rejected_count": 0, "final_scenario_duplicate_case_count": 0, "final_flow_misordered_count": 0, "reasoning_leak_count": 0, "role_mismatch_count": 0}, "persistable_required_field_missing_case_ids": [], "persistable_priority_final_invalid_case_ids": [], "persistable_reasoning_leakage_case_ids": []}, "execution_plan_validation": {"passed": false, "failure_code": "execution_plan_failed", "failure_reasons": ["state_field_coverage_below_threshold", "workflow_id_missing_rate_above_threshold", "state_chain_conflict", "main_smoke_semantic_conflict"], "generation_mode": "multi_pass", "metrics": {"final_case_count": 38, "main_smoke_count": 9, "p0_count": 16, "state_field_coverage": 0.5556, "workflow_id_missing_count": 6, "workflow_id_missing_rate": 0.6667, "state_conflict_count": 8, "semantic_conflict_count": 1, "execution_group_order_conflict_count": 0, "linear_executable": false, "workflow_blueprint_count": 1, "trusted_workflow_contract_count": 0, "current_requirement_blueprint_count": 1, "untrusted_workflow_blueprint_count": 1, "workflow_contract_source_types": [], "workflow_blueprint_source": "current_requirement_blueprint", "current_requirement_blueprint_allowed": true, "candidate_blueprint_without_contract_allowed": false, "main_chain_stage_kinds": ["completion_sync", "edit", "commit", "downstream_visibility", "downstream_visibility", "completion_sync", "commit", "commit", "downstream_visibility"], "commit_step_count": 3, "downstream_or_completion_step_count": 5, "commit_downstream_completion_closed": true}, "state_conflicts": [{"prev_case_id": "TC-004", "curr_case_id": "TC-007", "prev_target_state": "marking_done", "curr_source_state": "ready_submit", "reason": "state_not_connected"}, {"case_id": "TC-001", "reason": "non_advancing_case_in_main_smoke"}, {"prev_case_id": "TC-007", "curr_case_id": "TC-001", "prev_target_state": "submitted", "curr_source_state": "initial", "reason": "state_not_connected"}, {"case_id": "TC-003", "reason": "non_advancing_case_in_main_smoke"}, {"case_id": "TC-005", "reason": "non_advancing_case_in_main_smoke"}, {"case_id": "TC-006", "reason": "non_advancing_case_in_main_smoke"}, {"case_id": "TC-008", "reason": "non_advancing_case_in_main_smoke"}, {"case_id": "TC-009", "reason": "non_advancing_case_in_main_smoke"}], "semantic_conflicts": [{"case_id": "TC-004", "reason": "stage_text_lacks_edit_action", "stage_kind": "edit", "description": "逐题标记对错"}], "execution_group_order_conflicts": []}, "request_id": "6a80760439af4e67ab6b83f1e400b243", "project_id": 8}
GEN_DIAG:{"kind": "generation_summary", "recommended_range": "30-50", "generation_coverage_mode": "standard_regression", "requested_generation_mode": "", "effective_generation_coverage_mode_source": "feedback_control_state", "explicit_generation_mode_override": false, "explicit_expected_count_floor_preserved": false, "expected_count": 43, "expected_count_explicit": true, "recommended_min": 30, "recommended_max": 50, "target_final_count": 43, "soft_min_count": 34, "hard_min_count": 30, "min_acceptable_final": 4, "target_satisfaction_ratio": 0.2093, "underfilled": false, "underfill_level": "", "underfill_reason": "", "underfill_root_cause": "", "final_count": 9, "status": "completed_with_quality_stop", "stop_reason": ["stopped_due_to_diminishing_returns", "target_count_warning"], "quality_assessment": "medium", "needs_priority_review": false, "priority_conflict_count": 0, "priority_undetermined_count": 0, "priority_optional_count": 0, "final_priority_breakdown": {"P0": 6, "P1": 2, "P2": 1}, "final_execution_group_breakdown": {"main_smoke": 6, "independent_functional": 1, "display": 2}, "final_module_breakdown_top": {"拍照对答案自评流程": 9}, "final_display_case_count": 0, "final_display_ratio": 0.0, "final_high_priority_ratio": 0.8889, "request_id": "6a80760439af4e67ab6b83f1e400b243", "project_id": 8, "multi_pass": true, "generation_mode": "multi_pass"}
GEN_DIAG:{"kind": "generation_convergence", "suggested_count": 10, "final_count": 9, "reference_gap": 1, "converged": false, "duplication_rate_estimate": 0.0, "primary_count": 4, "gap_count": 0, "review_count": 4, "candidate_count_before_review": 4, "review_selected_count": 4, "post_review_dedup_drop": 0, "judge_reject_count": 0, "judge_pending_count": 0, "judge_pass_count": 4, "final_input_count": 4, "final_output_count": 9, "final_non_judge_drop_count": 0, "scenario_duplicate_pruned_count": 0, "post_review_dedup_reorder_drop_count": 0, "final_description_dedup_drop_count": 0, "total_dedup_drop_count": 0, "gap_attempts": 2, "gap_remaining_after_attempts": 6, "missing_rules_count": 5, "missing_types_exists": true, "low_quality_dropped_count": 0, "low_quality_dropped_examples": [], "postprocess_filter_drop_total": 0, "semantic_dedup_dropped_count": 0, "governance_hard_drop_count": 0, "duplicate_pruned_count": 0, "invalid_pruned_count": 0, "quality_rejected_count": 0, "review_selector_pruned_count": 0, "valid_unique_candidate_count": 4, "generation_coverage_mode": "standard_regression", "requested_generation_mode": "", "effective_generation_coverage_mode_source": "feedback_control_state", "explicit_generation_mode_override": false, "explicit_expected_count_floor_preserved": false, "expected_count": 43, "expected_count_explicit": true, "recommended_min": 30, "recommended_max": 50, "target_final_count": 43, "soft_min_count": 34, "hard_min_count": 30, "min_acceptable_final": 4, "target_satisfaction_ratio": 0.2093, "underfilled": false, "underfill_level": "", "underfill_reason": "", "underfill_root_cause": "", "append_target_count": 10, "append_final_cap_count": 10, "append_cap_drop_count": 0, "flow_governance": {"applied": true, "reason": "", "scenario_policy_registry_version": 1, "scenario_policy_registered_count": 93, "scenario_policy_candidate_count": 0, "scenario_policy_pending_candidate_count": 0, "domain_policy_registered_count": 4, "scenario_policy_domains": {"ai_wrong_question_teaching": 10, "recent_course_scheduling": 7, "essay_writing": 23, "course_access": 2, "general": 51}, "scenario_policy_sources": {"manual_seed": 1, "registry": 16, "legacy_duplicate_policy": 19, "legacy_coverage_pattern": 28, "legacy_judge_duplicate_policy": 29}, "scenario_policy_documents": [], "flow_reordered": false, "flow_order": ["stage:出_测_基础巩固答错后触发", "stage:最高分计算", "stage:页面结构", "stage:打印", "stage:奖励进度条", "stage:左侧导航交互", "stage:触发条件", "stage:弹窗展示", "stage:拍照", "stage:照片管理", "stage:确认与取消", "stage:设置总览", "stage:学习进度控制", "stage:答案查看控制", "stage:前置条件", "stage:页面展示", "stage:逐题标记即时反馈", "stage:提交与极限情况", "stage:做题", "stage:对答案与自评", "stage:提交后处理", "stage:金币计算", "stage:动画效果"], "cross_cutting_order": [], "scenario_duplicate_pruned_count": 0, "scenario_duplicate_pruned_indices": [], "scenario_cap_policy": {}, "scenario_duplicate_cluster_count": 1, "flow_misordered_count_before": 0, "missing_flow_stage_count": 21, "registry_impact": {"registry_version": 1, "total_policies_available": 93, "candidate_policies_active": 0, "candidate_policies_pending": 0, "primary_domain": "", "scenario_kinds_seen": {"filter_toggle": 3, "print_export": 1}, "policies_matched": [{"key": "filter_toggle", "domain": "general", "source": "legacy_coverage_pattern", "specific": false, "default_cap": 1, "mode_cap": null, "cross_module": false, "judge_duplicate": false, "judge_threshold": {"score": 0.2, "overlap": 5}, "status": "active", "documents": []}, {"key": "print_export", "domain": "general", "source": "legacy_coverage_pattern", "specific": false, "default_cap": 1, "mode_cap": null, "cross_module": false, "judge_duplicate": false, "judge_threshold": {"score": 0.2, "overlap": 5}, "status": "active", "documents": []}], "matched_documents": [], "caps_applied": {"filter_toggle": 1, "print_export": 1}, "judge_thresholds_used": {}, "cross_module_policies_in_effect": []}, "relaxed_for_floor_backfill": true}, "needs_priority_review": false, "priority_conflict_count": 0, "priority_undetermined_count": 0, "priority_optional_count": 0, "reasons": ["coverage_gap_still_exists", "coverage_missing_rules", "coverage_missing_types", "target_count_warning"], "generation_target_case_range": {"min": 30, "max": 50}, "request_id": "6a80760439af4e67ab6b83f1e400b243", "project_id": 8, "multi_pass": true, "generation_mode": "multi_pass"}
GEN_DIAG:{"kind": "review_decision_summary", "candidate_total": 4, "retained_total": 4, "dropped_total": 0, "flow_order": ["stage:出_测_基础巩固答错后触发", "stage:最高分计算", "stage:页面结构", "stage:打印", "stage:奖励进度条", "stage:左侧导航交互", "stage:触发条件", "stage:弹窗展示", "stage:拍照", "stage:照片管理", "stage:确认与取消", "stage:设置总览", "stage:学习进度控制", "stage:答案查看控制", "stage:前置条件", "stage:页面展示", "stage:逐题标记即时反馈", "stage:提交与极限情况", "stage:做题", "stage:对答案与自评", "stage:提交后处理", "stage:金币计算", "stage:动画效果"], "flow_labels": {"stage:出_测_基础巩固答错后触发": "出⻔测、基础巩固答错后触发", "stage:最高分计算": "最高分计算", "stage:页面结构": "页面结构", "stage:打印": "打印", "stage:奖励进度条": "奖励进度条", "stage:左侧导航交互": "左侧导航交互", "stage:触发条件": "触发条件", "stage:弹窗展示": "弹窗展示", "stage:拍照": "拍照流程", "stage:照片管理": "照片管理", "stage:确认与取消": "确认与取消(核心调整)", "stage:设置总览": "设置总览", "stage:学习进度控制": "学习进度控制", "stage:答案查看控制": "答案查看控制", "stage:前置条件": "前置条件", "stage:页面展示": "页面展示", "stage:逐题标记即时反馈": "逐题标记即时反馈", "stage:提交与极限情况": "提交与极限情况", "stage:做题": "做题流程", "stage:对答案与自评": "对答案与自评", "stage:提交后处理": "提交后处理", "stage:金币计算": "金币计算", "stage:动画效果": "动画效果(看ziyi的设计)"}, "flow_stage_breakdown": {"stage:对答案与自评": 3, "stage:逐题标记即时反馈": 1}, "flow_missing_stages": ["stage:出_测_基础巩固答错后触发", "stage:最高分计算", "stage:页面结构", "stage:打印", "stage:奖励进度条", "stage:左侧导航交互", "stage:触发条件", "stage:弹窗展示", "stage:拍照", "stage:照片管理", "stage:确认与取消", "stage:设置总览", "stage:学习进度控制", "stage:答案查看控制", "stage:前置条件", "stage:页面展示", "stage:提交与极限情况", "stage:做题", "stage:提交后处理", "stage:金币计算", "stage:动画效果"], "flow_missing_stage_count": 21, "flow_misordered_count": 1, "scenario_duplicate_cluster_count": 1, "scenario_duplicate_case_count": 1, "scenario_duplicate_clusters": [{"cluster_id": "SC-001", "scenario_key": "stage:对答案与自评:filter_toggle:obj:拍照_照对_对答", "group_type": "scenario", "size": 2, "first_case_id": "TC-035", "candidate_indices": [3, 4]}], "final_flow_stage_breakdown": {"stage:对答案与自评": 3}, "final_flow_missing_stages": ["stage:出_测_基础巩固答错后触发", "stage:最高分计算", "stage:页面结构", "stage:打印", "stage:奖励进度条", "stage:左侧导航交互", "stage:触发条件", "stage:弹窗展示", "stage:拍照", "stage:照片管理", "stage:确认与取消", "stage:设置总览", "stage:学习进度控制", "stage:答案查看控制", "stage:前置条件", "stage:页面展示", "stage:逐题标记即时反馈", "stage:提交与极限情况", "stage:做题", "stage:提交后处理", "stage:金币计算", "stage:动画效果"], "final_flow_missing_stage_count": 22, "final_flow_misordered_count": 0, "final_scenario_duplicate_cluster_count": 0, "final_scenario_duplicate_case_count": 0, "final_scenario_duplicate_clusters": [], "final_scenario_duplicate_raw_cluster_count": 2, "final_scenario_duplicate_raw_case_count": 2, "final_order_flow_governance": {"applied": true, "reason": "", "scenario_policy_registry_version": 1, "scenario_policy_registered_count": 93, "scenario_policy_candidate_count": 0, "scenario_policy_pending_candidate_count": 0, "domain_policy_registered_count": 4, "scenario_policy_domains": {"ai_wrong_question_teaching": 10, "recent_course_scheduling": 7, "essay_writing": 23, "course_access": 2, "general": 51}, "scenario_policy_sources": {"manual_seed": 1, "registry": 16, "legacy_duplicate_policy": 19, "legacy_coverage_pattern": 28, "legacy_judge_duplicate_policy": 29}, "scenario_policy_documents": [], "flow_reordered": false, "flow_order": ["stage:出_测_基础巩固答错后触发", "stage:最高分计算", "stage:页面结构", "stage:打印", "stage:奖励进度条", "stage:左侧导航交互", "stage:触发条件", "stage:弹窗展示", "stage:拍照", "stage:照片管理", "stage:确认与取消", "stage:设置总览", "stage:学习进度控制", "stage:答案查看控制", "stage:前置条件", "stage:页面展示", "stage:逐题标记即时反馈", "stage:提交与极限情况", "stage:做题", "stage:对答案与自评", "stage:提交后处理", "stage:金币计算", "stage:动画效果"], "cross_cutting_order": [], "scenario_duplicate_pruned_count": 0, "scenario_duplicate_pruned_indices": [], "scenario_cap_policy": {}, "scenario_duplicate_cluster_count": 1, "flow_misordered_count_before": 0, "missing_flow_stage_count": 22, "registry_impact": {"registry_version": 1, "total_policies_available": 93, "candidate_policies_active": 0, "candidate_policies_pending": 0, "primary_domain": "", "scenario_kinds_seen": {"print_export": 1, "filter_toggle": 2}, "policies_matched": [{"key": "print_export", "domain": "general", "source": "legacy_coverage_pattern", "specific": false, "default_cap": 1, "mode_cap": null, "cross_module": false, "judge_duplicate": false, "judge_threshold": {"score": 0.2, "overlap": 5}, "status": "active", "documents": []}, {"key": "filter_toggle", "domain": "general", "source": "legacy_coverage_pattern", "specific": false, "default_cap": 1, "mode_cap": null, "cross_module": false, "judge_duplicate": false, "judge_threshold": {"score": 0.2, "overlap": 5}, "status": "active", "documents": []}], "matched_documents": [], "caps_applied": {"print_export": 1, "filter_toggle": 1}, "judge_thresholds_used": {}, "cross_module_policies_in_effect": []}, "execution_orchestration_plan": {"plan_first": true, "planned_case_count": 9, "main_chain_case_count": 6, "side_suite_count": 2, "execution_group_order": ["main_smoke", "independent_functional", "display"], "main_chain": [{"case_id": "TC-034", "execution_sequence": 1, "main_chain_step": 1, "stage": "entry", "stage_kind": "consume", "source_state": "initial", "target_state": "photo_popup", "role": "student", "depends_on": []}, {"case_id": "TC-035", "execution_sequence": 2, "main_chain_step": 2, "stage": "configure", "stage_kind": "completion_sync", "source_state": "photo_popup", "target_state": "photo_uploaded", "role": "student", "depends_on": ["TC-034"]}, {"case_id": "TC-036", "execution_sequence": 3, "main_chain_step": 3, "stage": "edit", "stage_kind": "edit", "source_state": "photo_uploaded", "target_state": "marking_done", "role": "student", "depends_on": ["TC-035"]}, {"case_id": "TC-037", "execution_sequence": 4, "main_chain_step": 4, "stage": "preview", "stage_kind": "preview", "source_state": "marking_done", "target_state": "ready_submit", "role": "student", "depends_on": ["TC-036"]}, {"case_id": "TC-038", "execution_sequence": 5, "main_chain_step": 5, "stage": "commit", "stage_kind": "commit", "source_state": "ready_submit", "target_state": "submitted", "role": "student", "depends_on": ["TC-037"]}, {"case_id": "TC-039", "execution_sequence": 6, "main_chain_step": 6, "stage": "downstream_visibility", "stage_kind": "downstream_visibility", "source_state": "submitted", "target_state": "recommend_triggered", "role": "student", "depends_on": ["TC-038"]}], "side_suites": [{"suite_id": "independent_functional_suite", "execution_group": "independent_functional", "rank": 4, "case_ids": ["TC-040"], "case_count": 1}, {"suite_id": "display_suite", "execution_group": "display", "rank": 5, "case_ids": ["TC-041", "TC-042"], "case_count": 2}]}, "execution_group_order": ["main_smoke", "independent_functional", "display"]}, "final_execution_group_order": ["main_smoke", "independent_functional", "display"], "final_execution_orchestration_plan": {"plan_first": true, "planned_case_count": 9, "main_chain_case_count": 6, "side_suite_count": 2, "execution_group_order": ["main_smoke", "independent_functional", "display"], "main_chain": [{"case_id": "TC-034", "execution_sequence": 1, "main_chain_step": 1, "stage": "entry", "stage_kind": "consume", "source_state": "initial", "target_state": "photo_popup", "role": "student", "depends_on": []}, {"case_id": "TC-035", "execution_sequence": 2, "main_chain_step": 2, "stage": "configure", "stage_kind": "completion_sync", "source_state": "photo_popup", "target_state": "photo_uploaded", "role": "student", "depends_on": ["TC-034"]}, {"case_id": "TC-036", "execution_sequence": 3, "main_chain_step": 3, "stage": "edit", "stage_kind": "edit", "source_state": "photo_uploaded", "target_state": "marking_done", "role": "student", "depends_on": ["TC-035"]}, {"case_id": "TC-037", "execution_sequence": 4, "main_chain_step": 4, "stage": "preview", "stage_kind": "preview", "source_state": "marking_done", "target_state": "ready_submit", "role": "student", "depends_on": ["TC-036"]}, {"case_id": "TC-038", "execution_sequence": 5, "main_chain_step": 5, "stage": "commit", "stage_kind": "commit", "source_state": "ready_submit", "target_state": "submitted", "role": "student", "depends_on": ["TC-037"]}, {"case_id": "TC-039", "execution_sequence": 6, "main_chain_step": 6, "stage": "downstream_visibility", "stage_kind": "downstream_visibility", "source_state": "submitted", "target_state": "recommend_triggered", "role": "student", "depends_on": ["TC-038"]}], "side_suites": [{"suite_id": "independent_functional_suite", "execution_group": "independent_functional", "rank": 4, "case_ids": ["TC-040"], "case_count": 1}, {"suite_id": "display_suite", "execution_group": "display", "rank": 5, "case_ids": ["TC-041", "TC-042"], "case_count": 2}]}, "fact_profile_source": "requirement_semantics", "fact_profile_confidence": 0.0, "fact_profile_confirmed_count": 5, "fact_profile_forbidden_count": 0, "fact_profile_pending_count": 0, "project_profile_source": "reference_cases", "project_profile_confidence": 0.0, "flow_governance_applied": true, "flow_reordered": false, "flow_governance_reason": "", "scenario_duplicate_pruned_count": 0, "scenario_duplicate_pruned_indices": [], "execution_plan": {"applied": true, "coverage_mode": "standard_regression", "workflow_blueprint_count": 1, "trusted_workflow_contract_count": 0, "current_requirement_blueprint_count": 1, "plan_workflow_blueprint_count": 1, "workflow_blueprint_source": "current_requirement_blueprint", "linear_executable": false, "linear_scope": "main_smoke_chain_only", "main_chain_case_count": 6, "main_chain_stage_order": ["entry", "configure", "edit", "preview", "commit", "downstream_visibility"], "main_chain_stage_kinds": ["consume", "completion_sync", "edit", "preview", "commit", "downstream_visibility"], "main_chain_incomplete_reason": "", "derived_workflow_debug": {"candidate_total": 4, "action_state_candidate_count": 0, "primary_candidate_count": 0, "fallback_candidate_count": 0, "selected_candidate_count": 0, "closure_reason": ""}, "main_chain_excluded_candidates": [{"case_id": "TC-034", "description": "对答案全流程-点击稍后再拍取消拍照后返回做题页面不保存任何照片", "stage_key": "entry", "reason": "blocking_negative"}, {"case_id": "TC-035", "description": "对答案全流程-照片确认上传后学生端本地无照片残留的数据安全验证", "stage_key": "configure", "reason": "stage_action_not_supported_by_case_text"}, {"case_id": "TC-037", "description": "对答案全流程-同一题反复切换对错标记后提交时积分仅按最终标记状态计算", "stage_key": "edit", "reason": "stage_action_not_supported_by_case_text"}], "independent_case_count": 3, "isolation_case_count": 3, "role_switch_count": 0, "broken_dependency_count": 0, "state_conflict_count": 0, "state_conflicts": [], "selected_stage_state_conflicts": [], "semantic_conflict_count": 1, "semantic_conflicts": [{"case_id": "TC-036", "reason": "stage_text_lacks_edit_action", "stage_kind": "edit", "description": "逐题标记对错"}], "execution_group_breakdown": {"display": 2, "independent_functional": 1, "main_smoke": 6}, "execution_group_order": ["main_smoke", "independent_functional", "display"], "execution_orchestration_plan": {"plan_first": true, "planned_case_count": 9, "main_chain_case_count": 6, "side_suite_count": 2, "execution_group_order": ["main_smoke", "independent_functional", "display"], "main_chain": [{"case_id": "TC-034", "execution_sequence": 1, "main_chain_step": 1, "stage": "entry", "stage_kind": "consume", "source_state": "initial", "target_state": "photo_popup", "role": "student", "depends_on": []}, {"case_id": "TC-035", "execution_sequence": 2, "main_chain_step": 2, "stage": "configure", "stage_kind": "completion_sync", "source_state": "photo_popup", "target_state": "photo_uploaded", "role": "student", "depends_on": ["TC-034"]}, {"case_id": "TC-036", "execution_sequence": 3, "main_chain_step": 3, "stage": "edit", "stage_kind": "edit", "source_state": "photo_uploaded", "target_state": "marking_done", "role": "student", "depends_on": ["TC-035"]}, {"case_id": "TC-037", "execution_sequence": 4, "main_chain_step": 4, "stage": "preview", "stage_kind": "preview", "source_state": "marking_done", "target_state": "ready_submit", "role": "student", "depends_on": ["TC-036"]}, {"case_id": "TC-038", "execution_sequence": 5, "main_chain_step": 5, "stage": "commit", "stage_kind": "commit", "source_state": "ready_submit", "target_state": "submitted", "role": "student", "depends_on": ["TC-037"]}, {"case_id": "TC-039", "execution_sequence": 6, "main_chain_step": 6, "stage": "downstream_visibility", "stage_kind": "downstream_visibility", "source_state": "submitted", "target_state": "recommend_triggered", "role": "student", "depends_on": ["TC-038"]}], "side_suites": [{"suite_id": "independent_functional_suite", "execution_group": "independent_functional", "rank": 4, "case_ids": ["TC-040"], "case_count": 1}, {"suite_id": "display_suite", "execution_group": "display", "rank": 5, "case_ids": ["TC-041", "TC-042"], "case_count": 2}]}, "generated_bridge_case_count": 0, "workflow_contract_materialized_case_count": 5, "group_setup": {"display": "seed_display_ready_dataset()", "independent_functional": "seed_functional_dataset()", "main_smoke": "seed_workflow_blueprint_dataset()"}, "group_teardown": {"display": "delete_display_ready_dataset()", "independent_functional": "cleanup_functional_dataset()", "main_smoke": "cleanup_workflow_blueprint_dataset()"}, "fixture_keys": ["display_ready_dataset", "independent_functional_dataset", "workflow_blueprint_chain_seed"]}, "linear_executable": false, "linear_scope": "main_smoke_chain_only", "main_chain_case_count": 6, "independent_case_count": 3, "isolation_case_count": 3, "broken_dependency_count": 0, "state_conflict_count": 0, "role_switch_count": 0, "final_reasoning_leakage_case_count": 0, "priority_decision_state_breakdown": {"decided": 4, "conflict": 0, "undetermined": 0, "optional": 0, "invalid": 0}, "priority_final_breakdown": {"P0": 1, "P1": 2, "P2": 1, "null": 0}, "legacy_priority_breakdown": {"P0": 3, "P1": 1, "P2": 0, "UNKNOWN": 0}, "priority_conflict_count": 0, "priority_undetermined_count": 0, "priority_optional_count": 0, "priority_invalid_count": 0, "priority_quality_gate_failed": false, "needs_priority_review": false, "invalid_case_count": 0, "reasoning_leakage_case_count": 0, "review_llm_filter_applied": false, "review_input_size": 4, "review_output_size": 4, "review_target_min_count": 2, "review_target_max_count": 2, "review_shortfall_detected": false, "review_shortfall_before_count": 4, "review_shortfall_recovered_count": 0, "review_post_rerank_floor_count": 2, "review_post_rerank_recovered_count": 0, "final_target_floor_count": 4, "final_floor_recovery_attempted": true, "final_floor_recovery_applied": true, "final_floor_recovered_count": 1, "final_floor_recovery_reason": "recovered_with_relaxed_scenario_caps", "final_confirmed_conflict_drop_count": 0, "final_shortfall_supplement_attempted": false, "final_shortfall_supplement_applied": false, "final_shortfall_supplement_count": 0, "final_shortfall_supplement_reason": "", "final_shortfall_supplement_debug": {}, "requested_generation_mode": "", "effective_generation_coverage_mode_source": "feedback_control_state", "explicit_generation_mode_override": false, "explicit_expected_count_floor_preserved": false, "review_fill_source": "none", "review_llm_selected_count": 0, "review_llm_runtime_debug": {"invoked": false, "pool_non_empty": true, "pool_size": 2, "deterministic_noop_skip_eligible": true, "deterministic_noop_preflight_selected_count": 2, "deterministic_noop_preflight_within_target_window": true, "deterministic_noop_preflight_signature_unchanged": true, "deterministic_noop_preflight_dropped_by_max": false, "skip_reason": "llm_pool_within_constraint_window", "primary_model": "", "primary_invalid_reason": "", "primary_reason_incomplete": false, "primary_dropped_reason_count": 0, "primary_dropped_reason_payload_count": 0, "primary_reason_coverage_ratio": 0.0, "response_len": 0, "response_preview": "", "primary_response_metadata": {}, "primary_compact_retry_invoked": false, "primary_compact_retry_model": "", "primary_compact_retry_invalid_reason": "", "primary_compact_retry_response_len": 0, "primary_compact_retry_response_metadata": {}, "retry_invoked": false, "retry_reason": "", "retry_model": "", "retry_attempts": [], "fallback_skipped_reason": "", "retry_response_len": 0, "retry_parse_success": false, "retry_mapped_count": 0, "retry_payload_has_selection_signal": false, "parsed_type": "", "parsed_len": 0, "mapped_count": 0, "mapped_signature_count": 0, "dropped_reason_count": 0, "dropped_reason_payload_count": 0, "dropped_reason_unmapped_count": 0, "payload_has_selection_signal": false, "final_selected_and_dropped_overlap_count": 0, "final_selected_and_dropped_overlap_case_ids": [], "final_payload_consistent": true, "reason_repair_invoked": false, "reason_repair_model": "", "reason_repair_candidate_count": 0, "reason_repair_response_len": 0, "reason_repair_mapped_count": 0, "reason_repair_invalid_reason": "", "reason_repair_response_metadata": {}, "final_source": "review_selector", "applied": false, "applied_reason": "skipped_deterministic_noop", "exception": "", "forced_reset_by_fallback": false, "fallback_reason_incomplete": false, "final_reason_incomplete": false, "final_reason_coverage_ratio": 1.0, "prompt_chars": 0, "prompt_est_tokens": 0, "candidate_count": 2, "append_target_count": 10, "append_final_cap_count": 10}, "review_constraint_selected_count": 0, "review_llm_drop_reason_breakdown": {}, "review_llm_drop_reason_raw_breakdown": {}, "review_llm_drop_reason_source_breakdown": {}, "fallback_reason_incomplete": false, "final_reason_incomplete": false, "final_reason_coverage_ratio": 1.0, "fallback_dropped_reason_count": 0, "fallback_dropped_reason_mapped_count": 0, "fallback_dropped_reason_unmapped_count": 0, "fallback_reason_coverage_ratio": 0.0, "llm_reason_coverage_ratio": 0.0, "deterministic_backfill_ratio": 0.0, "reason_source_breakdown": {"primary": 0, "fallback": 0, "backfill": 0}, "primary_reason_incomplete": false, "primary_dropped_reason_count": 0, "primary_dropped_reason_payload_count": 0, "primary_reason_coverage_ratio": 0.0, "fallback_with_positive_evidence_count": 0, "fallback_without_positive_evidence_count": 0, "review_llm_pool_count": 2, "candidate_by_pass": {"primary": 4, "gap": 0}, "must_keep_candidate_count": 2, "must_keep_retained_count": 2, "must_keep_dropped_count": 0, "retained_due_to_coverage_value_count": 1, "must_cover_rule_hit_count": 0, "forbidden_pattern_violation_count": 0, "soft_constraint_hit_count": 0, "quality_hint_satisfied_count": 0, "drop_by_review_llm_count": 0, "drop_by_review_selector_count": 0, "drop_by_review_gate_count": 0, "drop_by_pre_gate_dedup_count": 0, "drop_by_post_review_dedup_count": 0, "drop_no_new_signal_count": 0, "drop_rule_cap_count": 0, "drop_ui_like_redundant_count": 0, "drop_ui_like_ratio_cap_count": 0, "drop_outside_target_window_count": 0, "drop_by_rerank_low_signal_count": 0, "dropped_model_priority_p0_p1_count": 0, "dropped_core_rule_hit_count": 0, "dropped_missing_rule_hit_count": 0, "dropped_high_signal_count": 0, "dropped_has_coverage_value_count": 0, "drop_ui_like_ratio_postprocess_count": 0, "drop_final_description_duplicate_count": 0, "request_id": "6a80760439af4e67ab6b83f1e400b243", "project_id": 8, "multi_pass": true, "generation_mode": "multi_pass"}
GEN_DIAG:{"kind": "feedback_control_state", "control_state_applied": true, "generation_coverage_mode": "standard_regression", "generation_target_case_range": {"min": 30, "max": 50}, "fact_profile_source": "requirement_semantics", "fact_profile_confidence": 0.0, "fact_profile_confirmed_count": 5, "fact_profile_forbidden_count": 0, "fact_profile_pending_count": 0, "project_profile_source": "reference_cases", "project_profile_confidence": 0.0, "project_profile_flow_count": 13, "manual_quality_profile_source": "", "manual_quality_profile_version": "", "manual_quality_profile_trusted_count": 0, "manual_quality_profile_high_priority_ratio": 0.0, "manual_quality_profile_display_ratio_cap": 0.0, "must_cover_rules_count": 0, "rule_quota_keys": [], "soft_constraints_count": 0, "quality_fix_hints_count": 6, "preferred_patterns_count": 0, "forbidden_patterns_count": 0, "source_meta": {"sources": ["current_requirement_blueprint", "workflow_blueprint_repository", "priority_sample_pool_domain_gate", "anomaly_pool", "evaluation_report", "generation_coverage_profile", "fact_profile", "project_profile"], "current_requirement_blueprint_status": "applied", "current_requirement_blueprint_count": 1, "current_requirement_blueprint_step_count": 6, "current_requirement_blueprint_source": "current_requirement_blueprint", "current_requirement_blueprint_max_tokens": 1600, "requirement_understanding_used": true, "requirement_understanding_visual_fact_count": 4, "requirement_understanding_invalid_visual_block_count": 0, "current_requirement_blueprint_raw_chars": 1381, "current_requirement_blueprint_ids": ["photo_answer_review"], "workflow_blueprint_repository_count": 0, "trusted_workflow_contract_count": 0, "workflow_blueprint_current_source_doc_ids": [], "workflow_blueprint_same_source_count": 0, "priority_pool_sample_count": 105, "priority_pool_total_positive_count": 78, "priority_pool_total_negative_count": 27, "generation_id": null, "retrieval_query_used": true, "retrieval_top_k": 5, "retrieval_hit_count": 0, "retrieval_selected_count": 0, "retrieval_fallback": "domain_unstable", "retrieval_selected_weight_avg": 0.0, "retrieval_selected_quality_avg": 0.0, "retrieval_diversity_cluster_cap": 2, "retrieval_diversity_skipped_count": 0, "retrieval_lexical_fallback_used": false, "retrieval_active_sample_count": 85, "retrieval_disabled_sample_count": 0, "retrieval_low_confidence_sample_count": 20, "retrieval_min_pattern_confidence": 0.6, "retrieval_signal_quota_applied": false, "retrieval_signal_quota_relaxed": false, "retrieval_positive_min_quota": 2, "retrieval_negative_max_quota": 3, "retrieval_selected_positive_count": 0, "retrieval_selected_negative_count": 0, "retrieval_pool_positive_count": 71, "retrieval_pool_negative_count": 14, "retrieval_raw_positive_count": 0, "retrieval_raw_negative_count": 0, "retrieval_after_diversity_positive_count": 0, "retrieval_after_diversity_negative_count": 0, "retrieval_after_quota_merge_positive_count": 0, "retrieval_after_quota_merge_negative_count": 0, "retrieval_final_selected_positive_count": 0, "retrieval_final_selected_negative_count": 0, "retrieval_query_domain_tags": ["ai_wrong_question_teaching", "course_access", "essay_writing", "recent_course_scheduling"], "retrieval_domain_scores": {"ai_wrong_question_teaching": 2, "recent_course_scheduling": 2, "essay_writing": 2, "course_access": 3}, "retrieval_domain_gate_status": "ambiguous_registered_domain", "retrieval_domain_gate_reason": "primary_domain_not_in_requirement_topic", "retrieval_domain_gate_blocked": true, "retrieval_domain_gate_allows_historical_profile": false, "retrieval_domain_filter_applied": true, "retrieval_domain_matched_sample_count": 0, "retrieval_domain_skipped_sample_count": 85, "retrieval_domain_no_match": true, "retrieval_sample_id_hit_count": 0, "retrieval_index_mismatch_count": 0, "retrieval_query_primary_domain": "course_access", "workflow_blueprint_direct_candidate_count": 0, "workflow_blueprint_direct_selected_count": 0, "retrieval_index_resync_attempted": false, "retrieval_index_resync_success": false, "retrieval_index_resync_error": "", "sample_count": 0, "challenge_sample_count": 0, "regression_sample_count": 0, "rule_frequency": {}, "doc_count": 3, "doc_types": {"evaluation_report": 3}, "generation_coverage_profile": {"coverage_mode": "standard_regression", "case_density": "medium", "target_case_range": {"min": 30, "max": 50}, "activation_evidence": {"expected_count": 43, "linked_final_case_count": 0, "full_regression_token_hit": false, "expanded_regression_token_hit": false, "standard_regression_token_hit": true}, "coverage_layers": ["入口、主流程、编辑/删除/保存、异常提示、跨页返回至少各覆盖一类。", "状态变化用例必须验证操作前后差异，不只验证静态展示。", "保留少量原有模块回归，避免新增功能影响既有链路。"]}, "fact_profile": {"profile_version": "fact-profile-v1", "profile_source": "requirement_semantics", "confidence": 0, "confirmed_facts": ["⼀、计分规则\u0001", "可反复刷的模块，取历史最⾼分（可以重新进⼊，", "与基础巩固⾄少完成⼀个，才可进⼊后续流程\u0001", "顶部栏：返回按钮、课程标题、当前⾦币数、切换", "右侧提⽰\"再得\u0001X\u0001⾦币拿满奖励\"，动态计算剩余\u0001"], "scoped_rules": [], "forbidden_facts": [], "pending_items": [], "reuse_declarations": [], "hard_flow_constraints": ["与基础巩固⾄少完成⼀个，才可进⼊后续流程\u0001", "顶部栏：返回按钮、课程标题、当前⾦币数、切换", "右侧提⽰\"再得\u0001X\u0001⾦币拿满奖励\"，动态计算剩余\u0001"], "reuse_risks": [], "source_priority": ["current_requirement", "rag_requirement", "supplement_boundary", "testcase_style_only", "historical_feedback"], "conflict_policy": "current_requirement_wins", "strategy_only": 0}, "project_profile": {"profile_version": "project-profile-v1", "profile_source": "reference_cases", "confidence": 0, "flow_outline": {"source": "requirement_keyword_positions", "domain_gate_status": "ambiguous_registered_domain", "domain_gate_reason": "registered_domain_tags_without_primary", "domain_gate_allows_historical_profile": false, "flow_order": ["stage:拍照", "stage:确认与取消", "stage:出_测_基础巩固答错后触发", "stage:最高分计算", "stage:页面结构", "stage:打印", "stage:奖励进度条", "stage:左侧导航交互", "stage:触发条件", "stage:弹窗展示", "stage:照片管理", "stage:设置总览", "stage:学习进度控制"], "document_flow_order": ["stage:出_测_基础巩固答错后触发", "stage:最高分计算", "stage:页面结构", "stage:打印", "stage:奖励进度条", "stage:左侧导航交互", "stage:触发条件", "stage:弹窗展示", "stage:拍照", "stage:照片管理", "stage:确认与取消", "stage:设置总览", "stage:学习进度控制"], "flow_labels": {"stage:出_测_基础巩固答错后触发": "出⻔测、基础巩固答错后触发", "stage:最高分计算": "最高分计算", "stage:页面结构": "页面结构", "stage:打印": "打印", "stage:奖励进度条": "奖励进度条", "stage:左侧导航交互": "左侧导航交互", "stage:触发条件": "触发条件", "stage:弹窗展示": "弹窗展示", "stage:拍照": "拍照流程", "stage:照片管理": "照片管理", "stage:确认与取消": "确认与取消(核心调整)", "stage:设置总览": "设置总览", "stage:学习进度控制": "学习进度控制"}, "flow_stage_positions": {"stage:出_测_基础巩固答错后触发": 47, "stage:最高分计算": 54, "stage:页面结构": 67, "stage:打印": 70, "stage:奖励进度条": 77, "stage:左侧导航交互": 88, "stage:触发条件": 107, "stage:弹窗展示": 117, "stage:拍照": 136, "stage:照片管理": 148, "stage:确认与取消": 157, "stage:设置总览": 185, "stage:学习进度控制": 196}, "cross_cutting": [], "cross_cutting_labels": {}, "data_flow_edges": [{"from": "stage:拍照", "to": "stage:确认与取消", "from_label": "拍照流程", "to_label": "确认与取消(核心调整)"}, {"from": "stage:确认与取消", "to": "stage:出_测_基础巩固答错后触发", "from_label": "确认与取消(核心调整)", "to_label": "出⻔测、基础巩固答错后触发"}, {"from": "stage:出_测_基础巩固答错后触发", "to": "stage:最高分计算", "from_label": "出⻔测、基础巩固答错后触发", "to_label": "最高分计算"}, {"from": "stage:最高分计算", "to": "stage:页面结构", "from_label": "最高分计算", "to_label": "页面结构"}, {"from": "stage:页面结构", "to": "stage:打印", "from_label": "页面结构", "to_label": "打印"}, {"from": "stage:打印", "to": "stage:奖励进度条", "from_label": "打印", "to_label": "奖励进度条"}, {"from": "stage:奖励进度条", "to": "stage:左侧导航交互", "from_label": "奖励进度条", "to_label": "左侧导航交互"}, {"from": "stage:左侧导航交互", "to": "stage:触发条件", "from_label": "左侧导航交互", "to_label": "触发条件"}, {"from": "stage:触发条件", "to": "stage:弹窗展示", "from_label": "触发条件", "to_label": "弹窗展示"}, {"from": "stage:弹窗展示", "to": "stage:照片管理", "from_label": "弹窗展示", "to_label": "照片管理"}, {"from": "stage:照片管理", "to": "stage:设置总览", "from_label": "照片管理", "to_label": "设置总览"}, {"from": "stage:设置总览", "to": "stage:学习进度控制", "from_label": "设置总览", "to_label": "学习进度控制"}], "data_flow_phase_rank": {"stage:拍照": "entry_capture", "stage:确认与取消": "review_confirm"}, "data_flow_order_applied": true}, "ordering_policy": "flow_first_then_cross_cutting", "scenario_cluster_policy": {"default_max_per_scenario": 2}, "profile_constraints": ["strategy_only_not_fact_source"], "strategy_only": 1}}, "request_id": "6a80760439af4e67ab6b83f1e400b243", "project_id": 8, "multi_pass": true, "generation_mode": "multi_pass"}
GEN_DIAG:{"kind": "judge_summary", "pass_count": 4, "repairable_count": 1, "raw_repairable_count": 1, "remaining_repairable_count": 0, "unrepaired_repairable_count": 1, "reject_count": 0, "pending_count": 0, "repaired_case_count": 0, "appended_case_count": 0, "confirmed_pass_out_count": 4, "repaired_pass_out_count": 0, "rejected_out_count": 0, "pending_out_count": 0, "fact_violation_count": 0, "core_flow_covered": false, "reuse_risk_covered": true, "fact_profile_source": "requirement_semantics", "fact_profile_confidence": 0.0, "fact_profile_confirmed_count": 5, "fact_profile_forbidden_count": 0, "fact_profile_pending_count": 0, "generation_id": 0, "request_id": "6a80760439af4e67ab6b83f1e400b243", "project_id": 8, "multi_pass": true, "generation_mode": "multi_pass"}
GEN_DIAG:{"kind": "judge_decision_table", "generation_id": 0, "rows": [{"generation_id": 0, "request_id": "6a80760439af4e67ab6b83f1e400b243", "case_id": "TC-034", "judge_status": "PASS", "reject_reason": "", "pending_reason": "", "signals": {"violates_confirmed_fact": false, "missing_core_flow": false, "missing_reuse_risk": false, "contains_pending_logic": false, "confirmed_fact_hits": [], "confirmed_fact_violations": [], "reuse_risk_hits": [], "pending_hits": [], "vague_or_unconfirmed_hits": []}, "violates_confirmed_fact": false, "missing_core_flow": false, "missing_reuse_risk": false, "contains_pending_logic": false, "confirmed_fact_hits": [], "confirmed_fact_violations": [], "reuse_risk_hits": [], "pending_hits": [], "vague_or_unconfirmed_hits": [], "before_case_snapshot": {"id": "TC-034", "description": "对答案全流程-点击稍后再拍取消拍照后返回做题页面不保存任何照片", "test_module": "拍照对答案自评流程", "preconditions": ["老师设置中'查看答案前需拍照上传'开关为开启", "学生点击申请看答案已弹出拍照弹窗", "已拍摄2张照片（缩略图可见，计数显示'已拍2张'）"], "steps": ["1. 在拍照弹窗中点击'稍后再拍'按钮", "2. 观察弹窗关闭后页面跳转位置", "3. 再次点击'申请看答案'按钮", "4. 查看拍照弹窗中已拍照片计数和缩略图列表状态", "5. 查看确认按钮是否可点击"], "test_input": "已拍2张照片后点击'稍后再拍'取消", "expected_result": "点击'稍后再拍'后弹窗关闭，返回做题页面；再次打开拍照弹窗时已拍照片计数为0，缩略图列表为空，确认按钮'已拍照，查看答案'置灰不可点击", "priority": "P2", "model_priority_current": "P0", "model_priority": "P0", "legacy_priority": "P0", "priority_final": "P2", "priority_decision_state": "conflict_resolved", "priority_decision_source": "conflict_resolved_by_non_blocking_experience_rule", "priority_confidence": "medium", "priority_conflict_reason": "model=P0,suggested=P2", "priority_resolution_reason": "explicit_low_value_or_experience_case"}, "after_case_snapshot": {"id": "TC-034", "description": "对答案全流程-点击稍后再拍取消拍照后返回做题页面不保存任何照片", "test_module": "拍照对答案自评流程", "preconditions": ["老师设置中'查看答案前需拍照上传'开关为开启", "学生点击申请看答案已弹出拍照弹窗", "已拍摄2张照片（缩略图可见，计数显示'已拍2张'）"], "steps": ["1. 在拍照弹窗中点击'稍后再拍'按钮", "2. 观察弹窗关闭后页面跳转位置", "3. 再次点击'申请看答案'按钮", "4. 查看拍照弹窗中已拍照片计数和缩略图列表状态", "5. 查看确认按钮是否可点击"], "test_input": "已拍2张照片后点击'稍后再拍'取消", "expected_result": "点击'稍后再拍'后弹窗关闭，返回做题页面；再次打开拍照弹窗时已拍照片计数为0，缩略图列表为空，确认按钮'已拍照，查看答案'置灰不可点击", "priority": "P2", "model_priority_current": "P0", "model_priority": "P0", "legacy_priority": "P0", "priority_final": "P2", "priority_decision_state": "conflict_resolved", "priority_decision_source": "conflict_resolved_by_non_blocking_experience_rule", "priority_confidence": "medium", "priority_conflict_reason": "model=P0,suggested=P2", "priority_resolution_reason": "explicit_low_value_or_experience_case"}}, {"generation_id": 0, "request_id": "6a80760439af4e67ab6b83f1e400b243", "case_id": "TC-035", "judge_status": "PASS", "reject_reason": "", "pending_reason": "", "signals": {"violates_confirmed_fact": false, "missing_core_flow": false, "missing_reuse_risk": false, "contains_pending_logic": false, "confirmed_fact_hits": [], "confirmed_fact_violations": [], "reuse_risk_hits": [], "pending_hits": [], "vague_or_unconfirmed_hits": []}, "violates_confirmed_fact": false, "missing_core_flow": false, "missing_reuse_risk": false, "contains_pending_logic": false, "confirmed_fact_hits": [], "confirmed_fact_violations": [], "reuse_risk_hits": [], "pending_hits": [], "vague_or_unconfirmed_hits": [], "before_case_snapshot": {"id": "TC-035", "description": "对答案全流程-照片确认上传后学生端本地无照片残留的数据安全验证", "test_module": "拍照对答案自评流程", "preconditions": ["老师设置中'查看答案前需拍照上传'开关为开启", "学生已拍摄3张照片并点击'已拍照，查看答案'确认上传", "照片已成功上传至服务器"], "steps": ["1. 确认上传后观察学生端弹窗提示内容", "2. 弹窗关闭后检查对答案页面是否展示任何已拍照片缩略图", "3. 检查学生端本地存储/缓存目录是否存在照片文件残留", "4. 检查学生端错题本或习题集中是否展示原始作业照片"], "test_input": "照片确认上传后检查学生端照片残留", "expected_result": "学生端仅显示'照片已发送至督导端，老师可查看你的原始作业'提示；对答案页面不展示任何已拍照片缩略图；本地存储无照片文件残留；错题本和习题集中不展示原始作业照片，仅展示错题内容", "priority": "P0", "model_priority_current": "P2", "model_priority": "P2", "legacy_priority": "P2", "priority_final": "P0", "priority_decision_state": "decided", "priority_decision_source": "strong_p0_signal_guard", "priority_confidence": "medium", "priority_conflict_reason": "", "priority_resolution_reason": ""}, "after_case_snapshot": {"id": "TC-035", "description": "对答案全流程-照片确认上传后学生端本地无照片残留的数据安全验证", "test_module": "拍照对答案自评流程", "preconditions": ["老师设置中'查看答案前需拍照上传'开关为开启", "学生已拍摄3张照片并点击'已拍照，查看答案'确认上传", "照片已成功上传至服务器"], "steps": ["1. 确认上传后观察学生端弹窗提示内容", "2. 弹窗关闭后检查对答案页面是否展示任何已拍照片缩略图", "3. 检查学生端本地存储/缓存目录是否存在照片文件残留", "4. 检查学生端错题本或习题集中是否展示原始作业照片"], "test_input": "照片确认上传后检查学生端照片残留", "expected_result": "学生端仅显示'照片已发送至督导端，老师可查看你的原始作业'提示；对答案页面不展示任何已拍照片缩略图；本地存储无照片文件残留；错题本和习题集中不展示原始作业照片，仅展示错题内容", "priority": "P0", "model_priority_current": "P2", "model_priority": "P2", "legacy_priority": "P2", "priority_final": "P0", "priority_decision_state": "decided", "priority_decision_source": "strong_p0_signal_guard", "priority_confidence": "medium", "priority_conflict_reason": "", "priority_resolution_reason": ""}}, {"generation_id": 0, "request_id": "6a80760439af4e67ab6b83f1e400b243", "case_id": "TC-036", "judge_status": "PASS", "reject_reason": "", "pending_reason": "", "signals": {"violates_confirmed_fact": false, "missing_core_flow": false, "missing_reuse_risk": false, "contains_pending_logic": false, "confirmed_fact_hits": [], "confirmed_fact_violations": [], "reuse_risk_hits": [], "pending_hits": [], "vague_or_unconfirmed_hits": []}, "violates_confirmed_fact": false, "missing_core_flow": false, "missing_reuse_risk": false, "contains_pending_logic": false, "confirmed_fact_hits": [], "confirmed_fact_violations": [], "reuse_risk_hits": [], "pending_hits": [], "vague_or_unconfirmed_hits": [], "before_case_snapshot": {"id": "TC-036", "description": "对答案全流程-同一题反复切换对错标记后提交时积分仅按最终标记状态计算", "test_module": "拍照对答案自评流程", "preconditions": ["学生已进入对答案页面", "本节出门测共5道题"], "steps": ["1. 第1题：先点'我做对了'→再点'我做错了'→再点'我做对了'（最终做对）", "2. 第2题：点'我做对了'（最终做对）", "3. 第3题：先点'我做对了'→再点'我做错了'（最终做错）", "4. 第4题：点'我做错了'（最终做错）", "5. 第5题：先点'我做错了'→再点'我做对了'（最终做对）", "6. 观察底部提交标记按钮计数", "7. 点击'提交标记'按钮", "8. 查看提交后积分和错题本记录"], "test_input": "5道题中第1、2、5题最终标记做对，第3、4题最终标记做错", "expected_result": "提交标记按钮显示'提交标记(对3/总5)'；提交后积分=3分；错题本仅包含第3题和第4题；金币累加仅按最终标记状态计算，中间切换不导致金币重复累加", "priority": "P0", "model_priority_current": "P1", "model_priority": "P1", "legacy_priority": "P1", "priority_final": "P0", "priority_decision_state": "decided", "priority_decision_source": "hard_guard_promotion", "priority_confidence": "high", "priority_conflict_reason": "", "priority_resolution_reason": ""}, "after_case_snapshot": {"id": "TC-036", "description": "对答案全流程-同一题反复切换对错标记后提交时积分仅按最终标记状态计算", "test_module": "拍照对答案自评流程", "preconditions": ["学生已进入对答案页面", "本节出门测共5道题"], "steps": ["1. 第1题：先点'我做对了'→再点'我做错了'→再点'我做对了'（最终做对）", "2. 第2题：点'我做对了'（最终做对）", "3. 第3题：先点'我做对了'→再点'我做错了'（最终做错）", "4. 第4题：点'我做错了'（最终做错）", "5. 第5题：先点'我做错了'→再点'我做对了'（最终做对）", "6. 观察底部提交标记按钮计数", "7. 点击'提交标记'按钮", "8. 查看提交后积分和错题本记录"], "test_input": "5道题中第1、2、5题最终标记做对，第3、4题最终标记做错", "expected_result": "提交标记按钮显示'提交标记(对3/总5)'；提交后积分=3分；错题本仅包含第3题和第4题；金币累加仅按最终标记状态计算，中间切换不导致金币重复累加", "priority": "P0", "model_priority_current": "P1", "model_priority": "P1", "legacy_priority": "P1", "priority_final": "P0", "priority_decision_state": "decided", "priority_decision_source": "hard_guard_promotion", "priority_confidence": "high", "priority_conflict_reason": "", "priority_resolution_reason": ""}}, {"generation_id": 0, "request_id": "6a80760439af4e67ab6b83f1e400b243", "case_id": "TC-037", "judge_status": "PASS", "reject_reason": "", "pending_reason": "", "signals": {"violates_confirmed_fact": false, "missing_core_flow": false, "missing_reuse_risk": false, "contains_pending_logic": false, "confirmed_fact_hits": [], "confirmed_fact_violations": [], "reuse_risk_hits": [], "pending_hits": [], "vague_or_unconfirmed_hits": []}, "violates_confirmed_fact": false, "missing_core_flow": false, "missing_reuse_risk": false, "contains_pending_logic": false, "confirmed_fact_hits": [], "confirmed_fact_violations": [], "reuse_risk_hits": [], "pending_hits": [], "vague_or_unconfirmed_hits": [], "before_case_snapshot": {"id": "TC-037", "description": "对答案全流程-所有题标记做对提交后积分等于总题数且不触发相似题推荐", "test_module": "拍照对答案自评流程", "preconditions": ["学生已完成出门测纸上作答", "拍照开关关闭", "学生点击申请看答案已进入对答案页面", "本节出门测共5道题"], "steps": ["1. 逐题点击每道题的'我做对了✓'按钮，将5道题全部标记为做对", "2. 观察底部提交标记按钮的计数显示", "3. 点击'提交标记'按钮", "4. 查看提交后积分计算结果", "5. 观察是否触发相似题推荐"], "test_input": "5道题全部标记为做对后提交", "expected_result": "提交标记按钮显示'提交标记(对5/总5)'；提交后积分=5分；错题数为0；不触发相似题推荐，直接进入后续流程", "priority": "P0", "model_priority_current": "P1", "model_priority": "P1", "legacy_priority": "P1", "priority_final": "P0", "priority_decision_state": "decided", "priority_decision_source": "hard_guard_promotion", "priority_confidence": "high", "priority_conflict_reason": "", "priority_resolution_reason": ""}, "after_case_snapshot": {"id": "TC-037", "description": "对答案全流程-所有题标记做对提交后积分等于总题数且不触发相似题推荐", "test_module": "拍照对答案自评流程", "preconditions": ["学生已完成出门测纸上作答", "拍照开关关闭", "学生点击申请看答案已进入对答案页面", "本节出门测共5道题"], "steps": ["1. 逐题点击每道题的'我做对了✓'按钮，将5道题全部标记为做对", "2. 观察底部提交标记按钮的计数显示", "3. 点击'提交标记'按钮", "4. 查看提交后积分计算结果", "5. 观察是否触发相似题推荐"], "test_input": "5道题全部标记为做对后提交", "expected_result": "提交标记按钮显示'提交标记(对5/总5)'；提交后积分=5分；错题数为0；不触发相似题推荐，直接进入后续流程", "priority": "P0", "model_priority_current": "P1", "model_priority": "P1", "legacy_priority": "P1", "priority_final": "P0", "priority_decision_state": "decided", "priority_decision_source": "hard_guard_promotion", "priority_confidence": "high", "priority_conflict_reason": "", "priority_resolution_reason": ""}}, {"generation_id": 0, "request_id": "6a80760439af4e67ab6b83f1e400b243", "case_id": "AUTO-CORE-FLOW", "judge_status": "REPAIRABLE", "reject_reason": "requires_typed_requirement_unit", "pending_reason": "", "signals": {"violates_confirmed_fact": false, "missing_core_flow": true, "missing_reuse_risk": false, "contains_pending_logic": false, "confirmed_fact_hits": [], "confirmed_fact_violations": [], "reuse_risk_hits": [], "pending_hits": [], "vague_or_unconfirmed_hits": []}, "violates_confirmed_fact": false, "missing_core_flow": true, "missing_reuse_risk": false, "contains_pending_logic": false, "confirmed_fact_hits": [], "confirmed_fact_violations": [], "reuse_risk_hits": [], "pending_hits": [], "vague_or_unconfirmed_hits": [], "before_case_snapshot": {}, "after_case_snapshot": {}}], "row_count": 5, "row_count_total": 5, "row_count_reject_pending": 0, "rows_scope": "all_when_no_reject_pending", "row_evidence_incomplete": false, "request_id": "6a80760439af4e67ab6b83f1e400b243", "project_id": 8, "multi_pass": true, "generation_mode": "multi_pass"}
GEN_DIAG:{"kind": "review_decision_table", "generation_id": 0, "rows": [{"candidate_index": 1, "signature": "拍照对答案自评流程|对答案全流程-同一题反复切换对错标记后提交时积分仅按最终标记状态计算|提交标记按钮显示'提交标记(对3/总5)'；提交后积分=3分；错题本仅包含第3题和第4题；金币累加仅按最终标记状态计算，中间切换不导致金币重复累加|5道题中第1、2、5题最终标记做对，第3、4题最终标记做错", "case_id": "TC-036", "description": "对答案全流程-同一题反复切换对错标记后提交时积分仅按最终标记状态计算", "test_module": "拍照对答案自评流程", "expected_result": "提交标记按钮显示'提交标记(对3/总5)'；提交后积分=3分；错题本仅包含第3题和第4题；金币累加仅按最终标记状态计算，中间切换不导致金币重复累加", "flow_stage": "stage:对答案与自评", "flow_stage_label": "对答案与自评", "flow_rank": 19, "cross_cutting": [], "scenario_key": "stage:对答案与自评:print_export:obj:拍照_照对_对答", "is_scenario_duplicate": false, "duplicate_cluster_id": "", "duplicate_cluster_size": 0, "duplicate_of_case_id": "", "misordered_against_requirement_flow": false, "expected_result_quality": "assertable", "expected_result_quality_reason": "contains_concrete_assertion", "expected_result_alignment_warning": true, "truncated_text_detected": false, "case_quality": "valid_case", "invalid_case_reason": "", "invalid_case_signals": [], "rule_keys": [], "bucket": "拍照对答案自评流程|state", "adds_rule": false, "adds_bucket": true, "high_signal": false, "has_coverage_value": false, "retained_reason": "retained_default", "rerank_rank": 1, "focus_score": 1, "model_priority_current": "P0", "model_priority": "P0", "legacy_priority": "P0", "priority_final": "P1", "priority_decision_state": "decided", "priority_decision_source": "conflict_resolved_by_core_business_rule", "priority_confidence": "medium", "priority_conflict_reason": "model=P0,suggested=P2", "priority_resolution_reason": "core_business_evidence", "priority_score": 25, "suggested_priority": "P2", "priority_reasons": ["main_workflow_hit", "no_release_blocking_guard"], "selected_by_review_llm": true, "selected_by_review_must_keep": false, "selected_by_review_constraints": false, "review_constraint_reason": "", "review_llm_drop_reason_raw": "", "review_llm_drop_reason": "", "review_llm_drop_reason_resolved": "", "review_llm_drop_reason_source": "", "review_llm_drop_reason_evidence": {}, "has_positive_evidence": false, "has_coverage_signal": false, "has_high_signal": false, "has_competition_signal": false, "review_llm_filter_applied": false, "must_keep_candidate": false, "must_keep_reasons": [], "selected_by_review_gate": true, "retained_final": true, "dropped_stage": "retained", "dropped_reason": "retained", "covered_rule_ids": [], "missing_rule_hits": [], "core_rule_hits": [], "coverage_gain_score": 0, "reuse_risk_hit": false, "hit_must_cover_rule": false, "violates_forbidden_pattern": false, "hits_soft_constraint": false, "satisfies_quality_hint": false}, {"candidate_index": 2, "signature": "拍照对答案自评流程|对答案全流程-所有题标记做对提交后积分等于总题数且不触发相似题推荐|提交标记按钮显示'提交标记(对5/总5)'；提交后积分=5分；错题数为0；不触发相似题推荐，直接进入后续流程|5道题全部标记为做对后提交", "case_id": "TC-034", "description": "对答案全流程-所有题标记做对提交后积分等于总题数且不触发相似题推荐", "test_module": "拍照对答案自评流程", "expected_result": "提交标记按钮显示'提交标记(对5/总5)'；提交后积分=5分；错题数为0；不触发相似题推荐，直接进入后续流程", "flow_stage": "stage:逐题标记即时反馈", "flow_stage_label": "逐题标记即时反馈", "flow_rank": 16, "cross_cutting": [], "scenario_key": "stage:逐题标记即时反馈:filter_toggle:obj:拍照_照对_对答", "is_scenario_duplicate": false, "duplicate_cluster_id": "", "duplicate_cluster_size": 0, "duplicate_of_case_id": "", "misordered_against_requirement_flow": true, "expected_result_quality": "assertable", "expected_result_quality_reason": "contains_concrete_assertion", "expected_result_alignment_warning": true, "truncated_text_detected": false, "case_quality": "valid_case", "invalid_case_reason": "", "invalid_case_signals": [], "rule_keys": [], "bucket": "拍照对答案自评流程|happy", "adds_rule": false, "adds_bucket": true, "high_signal": true, "has_coverage_value": true, "retained_reason": "retained_default", "rerank_rank": 3, "focus_score": 0, "model_priority_current": "P0", "model_priority": "P0", "legacy_priority": "P0", "priority_final": "P0", "priority_decision_state": "decided", "priority_decision_source": "conflict_resolved_by_conservative_middle_priority", "priority_confidence": "medium", "priority_conflict_reason": "model=P0,suggested=P2", "priority_resolution_reason": "conservative_middle_priority", "priority_score": 11, "suggested_priority": "P2", "priority_reasons": ["main_workflow_hit", "coverage_gain_non_positive", "low_risk_only_covered_rules_penalty", "no_release_blocking_guard"], "selected_by_review_llm": true, "selected_by_review_must_keep": false, "selected_by_review_constraints": false, "review_constraint_reason": "", "review_llm_drop_reason_raw": "", "review_llm_drop_reason": "", "review_llm_drop_reason_resolved": "", "review_llm_drop_reason_source": "", "review_llm_drop_reason_evidence": {}, "has_positive_evidence": false, "has_coverage_signal": false, "has_high_signal": false, "has_competition_signal": false, "review_llm_filter_applied": false, "must_keep_candidate": false, "must_keep_reasons": [], "selected_by_review_gate": true, "retained_final": true, "dropped_stage": "retained", "dropped_reason": "retained", "covered_rule_ids": ["RULE-014"], "missing_rule_hits": [], "core_rule_hits": [], "coverage_gain_score": -8, "reuse_risk_hit": false, "hit_must_cover_rule": false, "violates_forbidden_pattern": false, "hits_soft_constraint": false, "satisfies_quality_hint": false}, {"candidate_index": 3, "signature": "拍照对答案自评流程|对答案全流程-点击稍后再拍取消拍照后返回做题页面不保存任何照片|点击'稍后再拍'后弹窗关闭，返回做题页面；再次打开拍照弹窗时已拍照片计数为0，缩略图列表为空，确认按钮'已拍照，查看答案'置灰不可点击|已拍2张照片后点击'稍后再拍'取消", "case_id": "TC-035", "description": "对答案全流程-点击稍后再拍取消拍照后返回做题页面不保存任何照片", "test_module": "拍照对答案自评流程", "expected_result": "点击'稍后再拍'后弹窗关闭，返回做题页面；再次打开拍照弹窗时已拍照片计数为0，缩略图列表为空，确认按钮'已拍照，查看答案'置灰不可点击", "flow_stage": "stage:对答案与自评", "flow_stage_label": "对答案与自评", "flow_rank": 19, "cross_cutting": [], "scenario_key": "stage:对答案与自评:filter_toggle:obj:拍照_照对_对答", "is_scenario_duplicate": false, "duplicate_cluster_id": "SC-001", "duplicate_cluster_size": 2, "duplicate_of_case_id": "", "misordered_against_requirement_flow": false, "expected_result_quality": "assertable", "expected_result_quality_reason": "contains_concrete_assertion", "expected_result_alignment_warning": true, "truncated_text_detected": false, "case_quality": "valid_case", "invalid_case_reason": "", "invalid_case_signals": [], "rule_keys": [], "bucket": "拍照对答案自评流程|state", "adds_rule": false, "adds_bucket": false, "high_signal": true, "has_coverage_value": true, "retained_reason": "retained_due_to_coverage_value", "rerank_rank": 4, "focus_score": 1, "model_priority_current": "P1", "model_priority": "P1", "legacy_priority": "P1", "priority_final": "P1", "priority_decision_state": "decided", "priority_decision_source": "hard_guard_promotion", "priority_confidence": "high", "priority_conflict_reason": "", "priority_resolution_reason": "priority_final_reflected_from_execution_plan", "priority_score": 0, "suggested_priority": "P2", "priority_reasons": ["cross_page_flow_hit", "main_workflow_hit", "structural_p2_low_value_signal", "coverage_gain_non_positive", "low_risk_only_covered_rules_penalty", "structural_display_mapping_penalty", "no_release_blocking_guard"], "selected_by_review_llm": true, "selected_by_review_must_keep": true, "selected_by_review_constraints": false, "review_constraint_reason": "", "review_llm_drop_reason_raw": "", "review_llm_drop_reason": "", "review_llm_drop_reason_resolved": "", "review_llm_drop_reason_source": "", "review_llm_drop_reason_evidence": {}, "has_positive_evidence": false, "has_coverage_signal": false, "has_high_signal": false, "has_competition_signal": false, "review_llm_filter_applied": false, "must_keep_candidate": true, "must_keep_reasons": ["priority_p0"], "selected_by_review_gate": true, "retained_final": true, "dropped_stage": "retained", "dropped_reason": "retained", "covered_rule_ids": ["RULE-010", "RULE-011"], "missing_rule_hits": [], "core_rule_hits": [], "coverage_gain_score": -8, "reuse_risk_hit": false, "hit_must_cover_rule": false, "violates_forbidden_pattern": false, "hits_soft_constraint": false, "satisfies_quality_hint": false}, {"candidate_index": 4, "signature": "拍照对答案自评流程|对答案全流程-照片确认上传后学生端本地无照片残留的数据安全验证|学生端仅显示'照片已发送至督导端，老师可查看你的原始作业'提示；对答案页面不展示任何已拍照片缩略图；本地存储无照片文件残留；错题本和习题集中不展示原始作业照片，仅展示错题内容|照片确认上传后检查学生端照片残留", "case_id": "TC-037", "description": "对答案全流程-照片确认上传后学生端本地无照片残留的数据安全验证", "test_module": "拍照对答案自评流程", "expected_result": "学生端仅显示'照片已发送至督导端，老师可查看你的原始作业'提示；对答案页面不展示任何已拍照片缩略图；本地存储无照片文件残留；错题本和习题集中不展示原始作业照片，仅展示错题内容", "flow_stage": "stage:对答案与自评", "flow_stage_label": "对答案与自评", "flow_rank": 19, "cross_cutting": [], "scenario_key": "stage:对答案与自评:filter_toggle:obj:拍照_照对_对答", "is_scenario_duplicate": true, "duplicate_cluster_id": "SC-001", "duplicate_cluster_size": 2, "duplicate_of_case_id": "TC-035", "misordered_against_requirement_flow": false, "expected_result_quality": "assertable", "expected_result_quality_reason": "contains_concrete_assertion", "expected_result_alignment_warning": true, "truncated_text_detected": false, "case_quality": "valid_case", "invalid_case_reason": "", "invalid_case_signals": [], "rule_keys": [], "bucket": "拍照对答案自评流程|risk", "adds_rule": false, "adds_bucket": true, "high_signal": true, "has_coverage_value": true, "retained_reason": "retained_default", "rerank_rank": 2, "focus_score": 0, "model_priority_current": "P0", "model_priority": "P0", "legacy_priority": "P0", "priority_final": "P2", "priority_decision_state": "decided", "priority_decision_source": "conflict_resolved_by_non_blocking_experience_rule", "priority_confidence": "medium", "priority_conflict_reason": "model=P0,suggested=P2", "priority_resolution_reason": "explicit_low_value_or_experience_case", "priority_score": 0, "suggested_priority": "P2", "priority_reasons": ["reuse_risk_hit", "coverage_gain_non_positive", "low_risk_only_covered_rules_penalty", "no_release_blocking_guard"], "selected_by_review_llm": true, "selected_by_review_must_keep": true, "selected_by_review_constraints": false, "review_constraint_reason": "", "review_llm_drop_reason_raw": "", "review_llm_drop_reason": "", "review_llm_drop_reason_resolved": "", "review_llm_drop_reason_source": "", "review_llm_drop_reason_evidence": {}, "has_positive_evidence": false, "has_coverage_signal": false, "has_high_signal": false, "has_competition_signal": false, "review_llm_filter_applied": false, "must_keep_candidate": true, "must_keep_reasons": ["reuse_risk_hit"], "selected_by_review_gate": true, "retained_final": true, "dropped_stage": "retained", "dropped_reason": "retained", "covered_rule_ids": ["RULE-013"], "missing_rule_hits": [], "core_rule_hits": [], "coverage_gain_score": -8, "reuse_risk_hit": true, "hit_must_cover_rule": false, "violates_forbidden_pattern": false, "hits_soft_constraint": false, "satisfies_quality_hint": false}], "row_count": 4, "row_count_total": 4, "request_id": "6a80760439af4e67ab6b83f1e400b243", "project_id": 8, "multi_pass": true, "generation_mode": "multi_pass"}
GEN_DIAG:{"kind": "generation_quality_ledger", "generation_id": 0, "request_id": "6a80760439af4e67ab6b83f1e400b243", "generation_mode": "multi_pass", "final_count": 9, "quality_assessment": "low", "initial_quality_score": 31, "quality_score": 31, "quality_score_grade": "critical", "quality_score_source": "backend_diagnostic_v1", "quality_score_basis": "coverage+review+judge+funnel+context", "quality_score_confidence": "high", "quality_score_deductions": [{"key": "coverage_gap", "label": "规则覆盖缺口", "count": 0.2381, "points": 8.33}, {"key": "missing_rules", "label": "未覆盖阻断规则", "count": 5, "points": 30.0}, {"key": "missing_boundary", "label": "缺少边界覆盖", "count": 3, "points": 6.0}, {"key": "flow_missing", "label": "流程缺失", "count": 22, "points": 25.0}], "quality_score_inputs": {"coverage_rate": 0.7619, "total_rules": 21, "missing_rules_count": 5, "final_count": 9, "candidate_total": 4, "retained_total": 4, "judge_total": 5, "rejected_count": 0, "raw_rejected_count": 0, "pending_count": 0, "raw_pending_count": 0, "semantic_duplicate_reject_count": 0, "filtered_semantic_duplicate_reject_count": 0, "filtered_pending_candidate_count": 0, "repairable_count": 0, "raw_repairable_count": 1, "repaired_pass_count": 0, "unrepaired_repairable_count": 1, "fact_profile_forbidden_count": 0, "fact_violation_count": 0, "raw_flow_missing_count": 22, "flow_missing_advisory_count": 0, "flow_missing_count": 22, "flow_misordered_count": 0, "scenario_duplicate_cluster_count": 0, "scenario_duplicate_case_count": 0, "low_quality_dropped_count": 0, "semantic_dedup_dropped_count": 0, "semantic_dedup_pressure_count": 0, "semantic_dedup_penalty_count": 0, "structure_metric_scope": "final_cases", "manual_quality_profile_applied": false, "manual_quality_profile_version": ""}, "manual_delivery": {"applied": false}, "stop_reason": ["stopped_due_to_diminishing_returns", "target_count_warning"], "coverage": {"coverage_rate": 0.7619, "total_rules": 21, "total_extracted_rules": 22, "missing_rules_count": 5, "missing_boundary_count": 3, "missing_exception_count": 0, "non_blocking_rules_count": 1}, "funnel": {"primary_count": 4, "gap_count": 0, "review_count": 4, "candidate_count_before_review": 4, "review_selected_count": 4, "post_review_dedup_drop": 0, "final_description_dedup_drop_count": 0, "total_dedup_drop_count": 0, "low_quality_dropped_count": 0, "low_quality_dropped_examples": [], "semantic_dedup_dropped_count": 0}, "review": {"candidate_total": 4, "retained_total": 4, "drop_by_review_llm_count": 0, "drop_by_review_gate_count": 0, "drop_by_post_review_dedup_count": 0, "drop_final_description_duplicate_count": 0, "flow_missing_stage_count": 21, "flow_misordered_count": 1, "final_flow_missing_stage_count": 22, "final_flow_misordered_count": 0, "scenario_duplicate_cluster_count": 1, "scenario_duplicate_case_count": 1, "final_scenario_duplicate_cluster_count": 0, "final_scenario_duplicate_case_count": 0, "fact_profile_forbidden_count": 0, "fact_profile_pending_count": 0}, "judge": {"total": 5, "rejected_out_count": 0, "pending_out_count": 0, "repairable_count": 0, "raw_repairable_count": 1, "repaired_pass_out_count": 0, "unrepaired_repairable_count": 1, "fact_violation_count": 0, "rejected_total": 0, "reason_clusters": {}, "dominant_reason": ""}, "context": {"snapshot_status": "success", "snapshot_used": true, "realtime_rag_used": true, "current_document_used": true, "fusion_mode": "snapshot+rag", "compression_ratio": 0.4916, "retained_chunk_count": 1}, "control": {"control_state_applied": true, "generation_coverage_mode": "standard_regression", "must_cover_rules_count": 0, "quality_fix_hints_count": 6}, "quality_remediation": {"kind": "quality_remediation", "quality_score": 31, "quality_score_grade": "critical", "action_count": 2, "primary_action": "cover_missing_rules", "actions": [{"action_id": "cover_missing_rules", "priority": "P0", "reason": "blocking_coverage_gap", "target_stage": "gap_or_final_quality_supplement", "evidence": {"missing_rules": ["RULE-002", "RULE-004", "RULE-009", "RULE-016", "RULE-019"], "missing_boundary": ["RULE-002", "RULE-008", "RULE-016"], "missing_exception": [], "coverage_rate": 0.7619}}, {"action_id": "repair_final_flow_structure", "priority": "P0", "reason": "final_flow_structure_invalid", "target_stage": "final_case_assembly", "evidence": {"final_flow_misordered_count": 0, "final_flow_missing_stage_count": 22, "raw_final_flow_missing_stage_count": 22}}], "next_run_controls": {"target_missing_rules": ["RULE-002", "RULE-004", "RULE-009", "RULE-016", "RULE-019"], "avoid_judge_reject_reasons": {}, "low_quality_dropped_count": 0, "semantic_dedup_penalty_count": 0}}, "case_quality_gate": {"kind": "case_quality_gate", "mode": "shadow", "passed": false, "blocked": false, "failure_reasons": ["quality_score_critical"], "metrics": {"final_count": 9, "min_acceptable_final": 4, "judge_rejected_count": 0, "final_scenario_duplicate_case_count": 0, "final_flow_misordered_count": 0, "reasoning_leak_count": 0, "role_mismatch_count": 0, "quality_score": 31, "quality_score_grade": "critical", "raw_judge_rejected_count": 0, "semantic_duplicate_reject_count": 0, "filtered_semantic_duplicate_reject_count": 0}}, "project_id": 8, "multi_pass": true}
GEN_DIAG:{"kind": "case_quality_gate", "mode": "shadow", "passed": false, "blocked": false, "failure_reasons": ["quality_score_critical"], "metrics": {"final_count": 9, "min_acceptable_final": 4, "judge_rejected_count": 0, "final_scenario_duplicate_case_count": 0, "final_flow_misordered_count": 0, "reasoning_leak_count": 0, "role_mismatch_count": 0, "quality_score": 31, "quality_score_grade": "critical", "raw_judge_rejected_count": 0, "semantic_duplicate_reject_count": 0, "filtered_semantic_duplicate_reject_count": 0}, "generation_id": 0, "request_id": "6a80760439af4e67ab6b83f1e400b243", "project_id": 8, "multi_pass": true, "generation_mode": "multi_pass"}
GEN_DIAG:{"total_rules": 21, "total_extracted_rules": 22, "non_blocking_rules": ["RULE-001"], "covered_rules": ["RULE-003", "RULE-005", "RULE-006", "RULE-007", "RULE-008", "RULE-010", "RULE-011", "RULE-012", "RULE-013", "RULE-014", "RULE-015", "RULE-017", "RULE-018", "RULE-020", "RULE-021", "RULE-022"], "missing_rules": ["RULE-002", "RULE-004", "RULE-009", "RULE-016", "RULE-019"], "rule_diagnostics": [{"rule_id": "RULE-001", "rule_text": "整体结构调整", "biz_key": "unknown", "rule_level": "soft", "confidence": "low", "source_type": "ambiguous_fragment", "blocking": false, "non_blocking_reason": "short_fragment", "covered": false, "coverage_types": [], "missing_types": []}, {"rule_id": "RULE-002", "rule_text": "二、模块说明快问快答•可反复刷的模块,取历史最高分•中途退出不计分、不记录牛刀小试•可反复刷的模块,取历史最高分(可以重新进入,修改对错)•答错后触发相似题推荐出⻔测•可反复刷的模块,取历史最高分(可以重新进入,修改对错),选做•与基础巩固至少完成一个,才可进入后续流程•答错后触发相似题推荐基础巩固(ABS测试)•可反复刷的模块,取历史最高分(可以重新进入,修改对错),选做•本课未配置时不展示入口•答错后触发相似题推荐推荐练习(相似题)•牛刀小试、出⻔测、基础巩固答错后触发•最多 3 轮,每轮独立计分•某知识点全部答对后,停止推荐该知识点•需要进入错题本\\习题集错题\\课后报告", "biz_key": "unknown", "rule_level": "hard", "confidence": "high", "source_type": "confirmed_requirement", "blocking": true, "non_blocking_reason": "", "covered": false, "coverage_types": [], "missing_types": ["boundary", "happy"]}, {"rule_id": "RULE-003", "rule_text": "一、页面结构•顶部栏:返回按钮、课程标题、当前金币数、切换课程、打印•奖励进度条:本节课各阶段金币奖励可视化•左侧导航:课程步骤树 + 完成状态•主内容区:当前步骤的做题 / 视频 / 弹题内容", "biz_key": "unknown", "rule_level": "hard", "confidence": "high", "source_type": "confirmed_requirement", "blocking": true, "non_blocking_reason": "", "covered": true, "coverage_types": ["happy"], "missing_types": []}, {"rule_id": "RULE-004", "rule_text": "三、左侧导航交互•交互调整:由 2 层折叠抽屉改为多层抽屉可展开•每个步骤卡片点击后向下展开该步骤对应的内容目录•展开时箭头旋转 180°,收起时复位•手⻛琴效果:同时只能展开一个步骤的内容目录•内容目录内部沿用之前的 2 层树形结构(知识点 →视频/练习项)增加拍照保存答案", "biz_key": "unknown", "rule_level": "hard", "confidence": "high", "source_type": "confirmed_requirement", "blocking": true, "non_blocking_reason": "", "covered": false, "coverage_types": [], "missing_types": ["happy"]}, {"rule_id": "RULE-005", "rule_text": "一、触发条件•学生点击\"申请看答案\"按钮时触发•若老师设置中\"学生提交作业需拍照\"为关闭:跳过拍照,直接进入对答案页面•若老师设置中该开关为开启:弹出拍照弹窗,必须完成拍照才能查看答案", "biz_key": "unknown", "rule_level": "hard", "confidence": "high", "source_type": "confirmed_requirement", "blocking": true, "non_blocking_reason": "", "covered": true, "coverage_types": ["happy", "risk"], "missing_types": []}, {"rule_id": "RULE-006", "rule_text": "二、弹窗展示•弹窗标题:\"请先拍照上传作业\"•提示文案:\"为了保证学习效果,申请查看答案前请先拍摄你的作业照片(支持多张)\"•显示已拍照片计数:\"已拍 N 张\"•已拍照片区域:3 列网格缩略图展示(仅用于学生确认拍摄内容,拍完确认后不再展示)•拍照按钮:\"点击拍照上传\"•确认按钮:\"已拍照,查看答案\"(未拍时置灰)•取消按钮:\"稍后再拍\"", "biz_key": "unknown", "rule_level": "hard", "confidence": "high", "source_type": "confirmed_requirement", "blocking": true, "non_blocking_reason": "", "covered": true, "coverage_types": ["happy", "risk"], "missing_types": []}, {"rule_id": "RULE-007", "rule_text": "三、拍照流程•点击拍照按钮:调用设备摄像头或生成模拟照片•每拍一张追加到缩略图列表,计数 +1•照片自动附加水印:学生 ID + 时间戳 + 课程名称•支持连续拍摄,不限制张数", "biz_key": "unknown", "rule_level": "hard", "confidence": "high", "source_type": "confirmed_requirement", "blocking": true, "non_blocking_reason": "", "covered": true, "coverage_types": ["happy", "risk"], "missing_types": []}, {"rule_id": "RULE-008", "rule_text": "五、确认与取消(核心调整)•至少拍摄 1 张后,\"已拍照,查看答案\"按钮可点击•点击确认:◦照片立即上传至服务器,直接转发到督导端◦学生端弹出提示:\"照片已发送至督导端,老师可查看你的原始作业\"◦弹窗 2 秒后自动关闭,或点击\"知道了\"手动关闭◦学生端不保留、不展示任何已拍照片◦直接进入对答案页面•点击\"稍后再拍\":关闭弹窗,返回做题页面,不保存任何照片•拍照后未点确认直接关闭浏览器:照片未上传,下次需重新拍照", "biz_key": "unknown", "rule_level": "hard", "confidence": "high", "source_type": "confirmed_requirement", "blocking": true, "non_blocking_reason": "", "covered": true, "coverage_types": ["happy", "risk"], "missing_types": ["boundary"]}, {"rule_id": "RULE-009", "rule_text": "二、学习进度控制按学习计划顺序学习•定义:开启后,学生只能按照学习计划中编排的内容和顺序进行学习,不能自主选择计划外的课程,也不能跳过节次•默认状态:关闭•开启效果:学习计划强制执行。学生必须完成当前节次的学习任务(视频、练习等)后,下一节才解锁。学生无法在课程列表中自选其他课程•关闭效果:学习计划仅作为参考。学生可在课程列表中自主选择任意课程,也可以跳过节次,不受计划顺序约束允许拖动视频进度条•定义:开启后,学生可在视频讲解中拖动进度条进行快进或回退•默认状态:开启•开启效果:学生可自由拖动视频进度条,跳转到任意时间点•关闭效果:视频只能按正常倍率顺序播放,进度条不可拖动,学生无法快进或随意跳转•注意:此设置仅控制进度条拖动,不影响倍速播放功能。倍速播放由学生端独立控制•适用场景:关闭后用于确保学生完整观看教学视频,避免跳过关键讲解环节", "biz_key": "unknown", "rule_level": "hard", "confidence": "high", "source_type": "confirmed_requirement", "blocking": true, "non_blocking_reason": "", "covered": false, "coverage_types": [], "missing_types": ["happy"]}, {"rule_id": "RULE-010", "rule_text": "开启效果:学生点击「查看答案」后,系统向", "biz_key": "unknown", "rule_level": "hard", "confidence": "high", "source_type": "confirmed_requirement", "blocking": true, "non_blocking_reason": "", "covered": true, "coverage_types": ["happy"], "missing_types": []}, {"rule_id": "RULE-011", "rule_text": "开启效果:学生点击「查看答案」后,必须先", "biz_key": "unknown", "rule_level": "hard", "confidence": "high", "source_type": "confirmed_requirement", "blocking": true, "non_blocking_reason": "", "covered": true, "coverage_types": ["happy"], "missing_types": []}, {"rule_id": "RULE-012", "rule_text": "才展示答案。照片直接发送至督导端,学生端", "biz_key": "unknown", "rule_level": "hard", "confidence": "high", "source_type": "confirmed_requirement", "blocking": true, "non_blocking_reason": "", "covered": true, "coverage_types": ["happy", "risk"], "missing_types": []}, {"rule_id": "RULE-013", "rule_text": "仅显示「发送成功」提示,不保留、不展示照", "biz_key": "unknown", "rule_level": "hard", "confidence": "high", "source_type": "confirmed_requirement", "blocking": true, "non_blocking_reason": "", "covered": true, "coverage_types": ["happy", "risk"], "missing_types": []}, {"rule_id": "RULE-014", "rule_text": "一、前置条件•学生已完成出⻔测纸上作答•点击\"申请看答案\"后展示此模块•已拍照上传(若老师开启拍照设置)", "biz_key": "unknown", "rule_level": "hard", "confidence": "high", "source_type": "confirmed_requirement", "blocking": true, "non_blocking_reason": "", "covered": true, "coverage_types": ["happy", "risk"], "missing_types": []}, {"rule_id": "RULE-015", "rule_text": "二、页面展示•提示:\"对照答案,手动标记每道题的对错,标记一道就有金币奖励哦~\"•逐题展示:题号 + 正确答案(绿色字体)•每道题右侧两个按钮:\"我做对了 ✓\"(绿色)、\"我做错了  ✗ \"(红色)、解析、AI讲题•底部:\"提交标记 (对X/总Y)\" 按钮", "biz_key": "unknown", "rule_level": "hard", "confidence": "high", "source_type": "confirmed_requirement", "blocking": true, "non_blocking_reason": "", "covered": true, "coverage_types": ["happy"], "missing_types": []}, {"rule_id": "RULE-016", "rule_text": "二、轮次规则•最多 3 轮,每轮独立计分•每轮显示轮次指示器(第 1 轮 / 第 2 轮 / 第 3轮)•第 1 轮:同难度,第 2 轮:降低 1 级,第 3轮:降低 2 级•某知识点全部答对后,该知识点停止推荐,其他错题知识点继续", "biz_key": "unknown", "rule_level": "hard", "confidence": "high", "source_type": "confirmed_requirement", "blocking": true, "non_blocking_reason": "", "covered": false, "coverage_types": [], "missing_types": ["boundary", "happy"]}, {"rule_id": "RULE-017", "rule_text": "三、做题流程•页面标题:\"举一反三练习题\"•提示文案:\"请在纸上完成以下练习题,全部做完后申请查看答案\"•每题标注\"针对出⻔测第 X 题(难度降低)\"•全部做完后点击\"申请看答案\",同出⻔测拍照逻辑", "biz_key": "unknown", "rule_level": "hard", "confidence": "high", "source_type": "confirmed_requirement", "blocking": true, "non_blocking_reason": "", "covered": true, "coverage_types": ["happy"], "missing_types": []}, {"rule_id": "RULE-018", "rule_text": "四、对答案与自评•同出⻔测对答案逻辑•显示\"相似题作业照片\"缩略图•逐题标记\"我做对了 / 我做错了\",即时反馈同出⻔测•全部标记后显示\"提交标记\"", "biz_key": "unknown", "rule_level": "hard", "confidence": "high", "source_type": "confirmed_requirement", "blocking": true, "non_blocking_reason": "", "covered": true, "coverage_types": ["happy", "risk"], "missing_types": []}, {"rule_id": "RULE-019", "rule_text": "二、页面展示•中央大图标:金色奖杯动画,带发光效果•主标题:\"出⻔测阶段完成!\"(大号金色字体)•副标题:\"你认真对待每一道题的态度值得点赞✨ \"•金币卡片:显示本阶段获得金币总数(如 70 金币)•卡片下方标注:\"出⻔测阶段获得\"", "biz_key": "unknown", "rule_level": "hard", "confidence": "high", "source_type": "confirmed_requirement", "blocking": true, "non_blocking_reason": "", "covered": false, "coverage_types": [], "missing_types": ["happy"]}, {"rule_id": "RULE-020", "rule_text": "三、金币计算•本阶段金币 = 出⻔测做对题数对应金币 + 相似题加练做对题数对应金币•金币实时累加到顶部总金币数•进度条同步更新,显示\"再得 X 金币拿满奖励\"", "biz_key": "unknown", "rule_level": "hard", "confidence": "high", "source_type": "confirmed_requirement", "blocking": true, "non_blocking_reason": "", "covered": true, "coverage_types": ["happy"], "missing_types": []}, {"rule_id": "RULE-021", "rule_text": "五、后续流程•动画播放 2-3 秒后,底部渐显\"下一步\"按钮•点击后进入\"讲知识 & 错题\"步骤•若还有未完成的日清,左侧导航第六步显示待完成提示•左侧导航自动将\"出⻔测\"标记为完成,\"讲知识& 错题\"高亮为当前", "biz_key": "unknown", "rule_level": "hard", "confidence": "high", "source_type": "confirmed_requirement", "blocking": true, "non_blocking_reason": "", "covered": true, "coverage_types": ["happy", "risk"], "missing_types": []}, {"rule_id": "RULE-022", "rule_text": "六、极限情况•动画播放时退出或刷新:直接显示静态结果页,金币已正常发放•重复刷新结果页:金币只发放一次,幂等处理•多个模块连续完成:每个模块独立触发庆祝,动画排队播放,不堆积课后报告+习题集错题流向•进入学生端错题本,包括推荐的相似题•进入督导端习题集全部错题•进入课后报告错题打包", "biz_key": "unknown", "rule_level": "hard", "confidence": "high", "source_type": "confirmed_requirement", "blocking": true, "non_blocking_reason": "", "covered": true, "coverage_types": ["happy"], "missing_types": []}], "coverage_rate": 0.7619, "missing_types": {"boundary": ["RULE-002", "RULE-008", "RULE-016"], "exception": []}, "kind": "coverage_check", "request_id": "6a80760439af4e67ab6b83f1e400b243", "project_id": 8, "multi_pass": true, "generation_mode": "multi_pass"}

@@STATUS@@:生成结果未通过落库门禁: state_field_coverage_below_threshold,workflow_id_missing_rate_above_threshold,state_chain_conflict,main_smoke_semantic_conflict
Error: execution_plan_failed: state_field_coverage_below_threshold,workflow_id_missing_rate_above_threshold,state_chain_conflict,main_smoke_semantic_conflict

===== append_10_after_fix started 2026-07-14T17:25:46 =====
@@CONTEXT_DEBUG@@:{"snapshot_status": "success", "snapshot_ready": true, "snapshot_used": true, "snapshot_fallback_reason": "", "realtime_rag_used": true, "current_document_used": true, "snapshot_rebuild_triggered": false, "snapshot_rebuild_reason": "none"}
@@STATUS@@:snapshot gate result: gate_disabled_proceed (poll=0, elapsed_ms=0)
@@STATUS@@:preparing project snapshot context...
@@STATUS@@:snapshot ready and reusable -> using snapshot (reason=snapshot_success_and_hash_matched)
@@STATUS@@:precision retrieval enabled (explicit_precision_mode,generation_default_precision,keyword_triggered)
@@STATUS@@:hybrid fusion done: mode=snapshot+rag rag_chunks=1 tokens~2314
@@STATUS@@:current requirement blueprint applied (count=1,steps=6)
@@STATUS@@:[multi-pass] 阶段1/3 主生成开始...
@@STATUS@@:正在进行需求元分析 (Meta-Analysis)，识别系统类型与测试策略...
@@STATUS@@:分析完成 - 系统类型: Tablet + Web, 复杂度: High, 策略: {"functional": 0.65, "regression": 0.15, "non_functional": 0.2}...
@@STATUS@@:正在生成第 1/1 批次 (10 条) - 第 1 次尝试...
GEN_DIAG:{"kind": "prompt_context_intake", "diag_version": "1.0", "mode": "stream", "doc_type": "requirement", "compress": false, "project_id": 8, "request_id": "7e38a8b706b04b53bc1df03cff71f5a6", "batch_index": 1, "total_batches": 1, "attempt": 1, "expected_count": 10, "multi_pass": true, "generation_mode": "multi_pass", "model": "glm-5.1", "max_output_tokens": 10000, "max_tokens_semantics": "output_tokens", "current_biz_key": "unknown", "only_current_biz": false, "section_sizes": {"requirement_user": {"chars": 9464, "approx_tokens": 2366, "sha256_16": "29d26833ae12aa67", "noise_flags": []}, "kb_context": {"chars": 9259, "approx_tokens": 2314, "sha256_16": "d4cdc5a8be3d7990", "noise_flags": []}, "requirement_context": {"chars": 2457, "approx_tokens": 614, "sha256_16": "ad719b851d242616", "noise_flags": []}, "requirement_semantics_context": {"chars": 312, "approx_tokens": 78, "sha256_16": "b94786f6bb3003b2", "noise_flags": []}, "testcase_context": {"chars": 2652, "approx_tokens": 663, "sha256_16": "bce8209386ee0717", "noise_flags": []}, "supplement_context": {"chars": 329, "approx_tokens": 82, "sha256_16": "4e83209e22e23cb1", "noise_flags": []}, "control_context": {"chars": 2928, "approx_tokens": 732, "sha256_16": "3ac8c71d6e5fbfbb", "noise_flags": []}, "base_prompt": {"chars": 18785, "approx_tokens": 4696, "sha256_16": "cc809573e63cf563", "noise_flags": []}, "system_prompt": {"chars": 32405, "approx_tokens": 8101, "sha256_16": "a2eb90ea3c7a0f1c", "noise_flags": []}, "full_input": {"chars": 41869, "approx_tokens": 10467, "sha256_16": "251a2afbbba73a56", "noise_flags": []}}, "source_lanes": {"context_source": "snapshot+rag", "snapshot": {"used": true, "status": "success", "version": 37}, "rag": {"used": true, "chunk_count": 1, "final_status": "success", "retrieval_profile": {"profile_version": "2.5", "query_type": "process", "query_length": 1000, "rewrite_count": 1, "recall_lane_hits": {"original_raw": 5, "original_summary": 0, "rewrite_raw": 5, "rewrite_summary": 0, "keyword_docs": 42}, "raw_topk_scores": [0.875, 0.485, 0.485, 0.40279, 0.357441, 0.2725, 0.2725, 0.2725, 0.2725, 0.2725], "rerank_top_scores": [0.935, 0.43, 0.43, 0.42279, 0.382441, 0.291667, 0.2725, 0.2725, 0.270833, 0.270833], "final_chunk_count": 1, "final_doc_type_distribution": {"requirement": 1}, "compressed_before_chars": 3255, "compressed_after_chars": 1600, "snapshot_related_hit": false, "question_length": 1000, "lane_health": {"counts": {"original_raw": 5, "original_summary": 0, "rewrite_raw": 5, "rewrite_summary": 0, "keyword_docs": 42}, "reasons": {"original_raw": "ok", "original_summary": "no_hit", "rewrite_raw": "ok", "rewrite_summary": "no_hit", "keyword_docs": "ok"}, "topk": {"original_raw": 40, "original_summary": 20, "rewrite_raw": 20, "rewrite_summary": 10, "keyword_docs": 40}, "merged_count": 52, "deduped_count": 45}, "score_profile": {"rerank_top1": 0.935, "rerank_topk_avg": 0.3479832029220469, "selected_top1": 0.935, "selected_topk_avg": 0.935, "rerank_score_bands": {"gte_0_9": 1, "0_8_to_0_9": 0, "0_7_to_0_8": 0, "lt_0_7": 15}, "selected_score_bands": {"gte_0_9": 1, "0_8_to_0_9": 0, "0_7_to_0_8": 0, "lt_0_7": 0}}, "selection_profile": {"selected_count": 1, "kept_by_query_source": {"original": 1, "rewrite": 0, "unknown": 0}, "kept_by_chunk_source": {"raw": 1, "summary": 0, "unknown": 0}}, "stability": {"attempt_count": 1, "retry_triggered_count": 0, "retry_reasons": [], "final_status": "success", "final_failure_reason": ""}}}}, "rag_sources": [{"rank": 1, "doc_id": "238", "chunk_id": "238_0", "filename": "学习激励+错题推荐.pdf", "score": 0.935, "chars": 1200, "approx_tokens": 300, "sha256_16": "086a97471d9eade9", "preview": "学习激励+错题推荐\u0001 范围：初中数理化的标准化⾃习\u0001 整体结构调整\u0001 \u0001 \u0001 课中积分逻辑\u0001 ⼀、计分规则\u0001 • 每道题答对得\u00011\u0001分，答错得\u00010\u0001分\u0001 • 模块得分\u0001=\u0001该模块答对题数\u0001 • 每节课题量由题库配置决定，最⾼分各不相同\u0001 ⼆、模块说明\u0001 快问快答\u0001 • 可反复刷的模块，取历史最⾼分\u0001 • 中途退出...", "noise_flags": []}], "control": {"workflow_blueprint_count": 1, "generation_execution_plan_blueprint_count": 1, "generation_execution_plan_step_count": 6, "generation_execution_plan_in_context": true, "generation_execution_independent_suite_order": ["permission/security", "exception/recovery", "boundary/state rollback", "independent functional", "UI/display"], "must_cover_rules_count": 0, "quality_fix_hints_count": 6, "fact_profile_source": "requirement_semantics", "fact_profile_confidence": 0.75, "fact_profile_confirmed_count": 5, "fact_profile_pending_count": 0, "fact_profile_forbidden_count": 0, "scoped_rules_count": 0, "hard_flow_constraints_count": 3, "reuse_risks_count": 0}, "requirement_understanding": {"present": true, "visual_fact_count": 4, "invalid_visual_block_count": 0, "aligned_evidence_count": 4}, "business_scope": {"biz_key_order": ["unknown"], "module_order_hint": ["拍照对答案自评流程", "拍照对答案自评流程-拍照上传作业", "拍照对答案自评流程-逐题标记对错", "拍照对答案自评流程-提交自评结果", "权限/安全-督导端答案查看控制", "权限/安全-督导端答案查看组合控制", "异常/恢复-拍照中断恢复", "异常/恢复-对答案断网恢复", "异常/恢复-对答案刷新恢复", "边界/状态回退-流程解锁条件", "边界/状态回退-基础巩固入口显隐", "边界/状态回退-最高分计算", "边界/状态回退-模块中途退出", "拍照对答案自评流程-相似题推荐轮次", "课后报告+习题集-错题流向", "错题推荐练习-触发条件", "课中积分逻辑-模块说明", "课中学习交互-奖励进度条", "课中学习交互-左侧导航", "独立功能-督导端视频进度控制"], "module_order_source": "reference_cases", "requirement_semantics_by_biz": [{"biz_key": "unknown", "confirmed_facts_count": 5, "scoped_rules_count": 0, "pending_items_count": 0, "forbidden_facts_count": 0, "reuse_risks_count": 0}]}, "noise_summary": {"section_noise_flags": {}, "rag_source_noise_flags": {}}, "risk_flags": []}
```json
[
  {
    "id": "TC-034",
    "description": "拍照对答案自评流程-点击稍后再拍取消拍照返回做题页不保留照片",
    "test_module": "拍照对答案自评流程",
    "preconditions": [
      "督导端'查看答案前需拍照上传'开关为开启",
      "学生已点击'申请看答案'，拍照弹窗已弹出",
      "学生已在弹窗中拍摄2张照片"
    ],
    "steps": [
      "在拍照弹窗中确认已拍2张照片及缩略图展示",
      "点击'稍后再拍'按钮",
      "观察弹窗关闭后的页面状态",
      "检查学生端是否保留任何已拍照片",
      "再次点击'申请看答案'按钮，观察是否需要重新拍照"
    ],
    "test_input": "点击'稍后再拍'按钮（已拍2张照片状态下）",
    "expected_result": "1.弹窗立即关闭，页面返回做题页面；2.学生端不保留、不展示任何已拍照片；3.再次点击'申请看答案'时弹出新的拍照弹窗，已拍照片计数为0，需重新拍摄",
    "priority": "P1"
  },
  {
    "id": "TC-035",
    "description": "拍照对答案自评流程-逐题标记未全部完成时提交按钮置灰不可操作",
    "test_module": "拍照对答案自评流程",
    "preconditions": [
      "学生已完成拍照并进入对答案页面",
      "出门测共5道题",
      "学生已标记3道题（2道做对、1道做错）"
    ],
    "steps": [
      "标记第1-3题后，检查底部'提交标记(对2/总5)'按钮状态",
      "继续标记第4题为做错，检查按钮状态变化",
      "标记第5题为做对，检查按钮最终状态",
      "点击'提交标记'按钮验证可正常提交"
    ],
    "test_input": "部分标记（3/5题）→继续标记至全部完成（5/5题）",
    "expected_result": "1.标记3道题时，底部'提交标记(对2/总5)'按钮置灰不可点击；2.标记4道题时按钮仍置灰，计数更新为(对2/总5)；3.全部5道题标记完成后，按钮变为可点击状态，显示'提交标记(对3/总5)'；4.点击后正常提交自评结果",
    "priority": "P1"
  },
  {
    "id": "TC-036",
    "description": "拍照对答案自评流程-直接访问对答案URL绕过拍照弹窗被系统拦截",
    "test_module": "拍照对答案自评流程",
    "preconditions": [
      "督导端'查看答案前需拍照上传'开关为开启",
      "学生未完成拍照流程",
      "学生已知对答案页面的URL路径"
    ],
    "steps": [
      "学生在浏览器中直接输入对答案页面的URL",
      "或通过修改请求参数/API调用尝试跳过拍照步骤直接获取答案数据",
      "观察系统响应和页面跳转行为"
    ],
    "test_input": "直接访问对答案页面URL（未经过拍照流程）",
    "expected_result": "1.系统拦截未授权的直接访问请求；2.页面重定向至拍照弹窗，提示需先完成拍照上传；3.答案内容不展示，API不返回答案数据；4.学生必须完成拍照确认流程后才能正常进入对答案页面",
    "priority": "P1"
  }
]
```GEN_DIAG:{"kind": "stream_batch_token_usage", "project_id": 8, "request_id": "7e38a8b706b04b53bc1df03cff71f5a6", "current_biz_key": "unknown", "multi_pass": true, "generation_mode": "multi_pass", "batch_index": 1, "total_batches": 1, "attempt": 1, "requested_count": 10, "input_tokens": null, "output_tokens": null, "total_tokens": null, "token_source": "unavailable", "token_unavailable_reason": "provider_usage_estimated", "estimate_method": "chars_div_4", "model": "glm-5.1", "duration_ms": 116328, "response_chars": 1635, "attempt_status": "received", "provider_error": ""}

GEN_DIAG:{"kind": "stream_batch_quality", "project_id": 8, "request_id": "7e38a8b706b04b53bc1df03cff71f5a6", "current_biz_key": "unknown", "multi_pass": true, "generation_mode": "multi_pass", "batch_index": 1, "new_valid_cases_count": 3, "duplicate_rate": 0.0, "non_assertable_count": 0, "low_quality_filtered_count": 0, "coverage_gain_count": 3, "low_gain_detected": false, "low_gain_streak": 0}
@@STATUS@@:[multi-pass] Stage 2/3 gap supplement started...
@@STATUS@@:Gap supplement attempt #1...
```json
[
  {
    "id": "TC-037",
    "description": "拍照确认-点击确认后上传网络失败照片未上传学生可重试",
    "test_module": "拍照对答案自评流程",
    "preconditions": ["督导端'查看答案前需拍照上传'开关为开启", "学生已拍摄2张照片", "确认按钮'已拍照，查看答案'为可点击状态", "模拟网络故障：上传接口返回失败或超时"],
    "steps": ["1. 点击'已拍照，查看答案'确认按钮", "2. 观察上传失败后的系统反馈提示", "3. 检查照片是否已上传至服务器、督导端是否收到", "4. 观察弹窗是否关闭", "5. 检查已拍照片和缩略图是否保留在弹窗中", "6. 网络恢复后再次点击确认按钮"],
    "test_input": "确认上传时网络故障",
    "expected_result": "1.上传失败时系统提示上传错误信息（如'网络异常，请重试'）；2.照片未成功上传至服务器，督导端无法收到照片；3.弹窗不关闭，学生仍停留在拍照弹窗页面；4.已拍的2张照片和缩略图保留在弹窗中不丢失，计数仍为'已拍2张'；5.网络恢复后再次点击确认按钮可成功上传并正常进入对答案页面",
    "priority": "P0"
  },
  {
    "id": "TC-038",
    "description": "拍照对答案自评流程-通过API直接提交标记结果绕过拍照确认被服务器拒绝",
    "test_module": "拍照对答案自评流程",
    "preconditions": ["督导端'查看答案前需拍照上传'开关为开启", "学生未完成拍照确认流程（未拍摄或未点击确认上传）", "学生端已获取标记提交API的接口路径和参数格式"],
    "steps": ["1. 学生未经过拍照弹窗确认流程", "2. 直接调用标记提交API，传入伪造的标记数据（如{question1:'correct',question2:'wrong'}）", "3. 观察API响应状态码和返回内容", "4. 检查数据库中是否写入了标记数据", "5. 检查积分是否被计算"],
    "test_input": "绕过拍照确认直接调用标记提交API提交伪造标记数据",
    "expected_result": "1.API请求被服务器拒绝，返回错误状态码（如403 Forbidden或业务错误码）；2.服务器端验证拍照确认前置条件，未完成拍照确认的提交请求不予接受；3.标记数据未写入数据库，积分未计算；4.学生端仍需正常完成拍照确认流程后才能合法提交标记",
    "priority": "P0"
  },
  {
    "id": "TC-039",
    "description": "拍照上传作业-删除全部照片后确认按钮重新置灰不可点击",
    "test_module": "拍照对答案自评流程",
    "preconditions": ["督导端'查看答案前需拍照上传'开关为开启", "拍照弹窗已弹出", "学生已拍摄3张照片，确认按钮为可点击状态", "缩略图列表显示3张照片，计数为'已拍3张'"],
    "steps": ["1. 点击第1张缩略图右上角'×'删除按钮", "2. 观察计数更新和确认按钮状态", "3. 点击第2张缩略图右上角'×'删除按钮", "4. 观察计数更新和确认按钮状态", "5. 点击第3张缩略图右上角'×'删除按钮", "6. 观察计数最终值和确认按钮最终状态"],
    "test_input": "逐个删除全部3张照片直至照片数为0",
    "expected_result": "1.删除第1张后：计数更新为'已拍2张'，该照片从缩略图列表移除，确认按钮仍可点击；2.删除第2张后：计数更新为'已拍1张'，缩略图列表剩1张，确认按钮仍可点击；3.删除第3张后：计数更新为'已拍0张'，缩略图列表为空无任何照片，确认按钮'已拍照，查看答案'重新置灰不可点击，与初始未拍照状态一致",
    "priority": "P1"
  },
  {
    "id": "TC-040",
    "description": "拍照上传作业-删除单张照片后缩略图3列网格和计数正确更新确认按钮仍可点击",
    "test_module": "拍照对答案自评流程",
    "preconditions": ["督导端'查看答案前需拍照上传'开关为开启", "拍照弹窗已弹出", "学生已拍摄4张照片，缩略图以3列网格展示（第1行3张+第2行1张）", "计数显示'已拍4张'"],
    "steps": ["1. 点击第2张缩略图右上角'×'删除按钮", "2. 观察该照片是否从缩略图网格移除", "3. 观察剩余3张照片在网格中的重新排列", "4. 观察计数是否更新为'已拍3张'", "5. 观察确认按钮是否仍为可点击状态"],
    "test_input": "删除4张中的第2张照片",
    "expected_result": "1.第2张照片从缩略图网格移除，该位置不再显示原照片；2.剩余3张照片重新排列为1行3列网格布局；3.计数从'已拍4张'更新为'已拍3张'；4.确认按钮'已拍照，查看答案'仍为可点击状态（因至少保留1张照片）；5.被删除照片的相关数据不保留在学生端本地",
    "priority": "P1"
  },
  {
    "id": "TC-041",
    "description": "拍照上传作业-连续拍摄7张照片验证不限制张数和3列网格缩略图多行展示",
    "test_module": "拍照对答案自评流程",
    "preconditions": ["督导端'查看答案前需拍照上传'开关为开启", "拍照弹窗已弹出", "已拍照片数为0，确认按钮置灰"],
    "steps": ["1. 连续点击'点击拍照上传'按钮拍摄7张照片", "2. 观察每张照片是否成功追加到缩略图列表", "3. 观察缩略图排列方式是否为3列网格（第1行3张、第2行3张、第3行1张）", "4. 观察计数是否显示'已拍7张'", "5. 观察确认按钮是否变为可点击", "6. 检查是否出现任何数量限制提示或报错"],
    "test_input": "连续拍摄7张照片（超出常规1-2张范围）",
    "expected_result": "1.7张照片全部成功追加到缩略图列表，无数量限制提示或报错；2.缩略图以3列网格展示：第1行3张、第2行3张、第3行1张，排列正确；3.计数准确显示'已拍7张'；4.每张照片均自动附加水印（学生ID+时间戳+课程名称）；5.确认按钮'已拍照，查看答案'从置灰变为可点击状态；6.无任何'最多只能拍N张'之类的限制提示",
    "priority": "P2"
  }
]
```@@STATUS@@:Gap supplement attempt #2...
```json
[
  {
    "id": "TC-042",
    "description": "拍照确认后学生端浏览器本地无照片残留-验证localStorage/sessionStorage/IndexedDB无照片数据",
    "test_module": "拍照对答案自评流程",
    "preconditions": ["督导端'查看答案前需拍照上传'开关为开启", "学生已拍摄3张照片并准备点击确认按钮", "照片尚未上传"],
    "steps": ["1. 点击确认前，打开浏览器开发者工具检查localStorage、sessionStorage、IndexedDB是否存有照片数据", "2. 点击「已拍照，查看答案」确认按钮", "3. 等待上传成功提示弹窗出现并关闭，进入对答案页面", "4. 再次检查localStorage、sessionStorage、IndexedDB中是否存有照片二进制数据或base64编码", "5. 检查对答案页面DOM中是否残留任何照片img元素或缩略图组件", "6. 检查浏览器Cache Storage中是否有照片缓存"],
    "test_input": "确认上传3张照片后全面检查浏览器存储",
    "expected_result": "确认前后localStorage、sessionStorage、IndexedDB中均无照片二进制数据或base64编码存储；对答案页面DOM中无任何照片img元素或缩略图残留；浏览器Cache Storage中无照片缓存；学生端仅出现过「照片已发送至督导端」文字提示，无任何可访问的照片数据入口",
    "priority": "P0"
  },
  {
    "id": "TC-043",
    "description": "拍照确认上传时服务器API异常-上传失败后学生端提示错误并可重试",
    "test_module": "拍照对答案自评流程",
    "preconditions": ["督导端'查看答案前需拍照上传'开关为开启", "学生已拍摄2张照片并点击确认按钮", "模拟照片上传API返回500错误或网络超时"],
    "steps": ["1. 点击「已拍照，查看答案」确认按钮", "2. 观察上传失败时学生端的提示信息", "3. 确认学生是否停留在拍照弹窗", "4. 检查已拍照片缩略图和计数是否保持不变", "5. 恢复API正常后重新点击确认按钮", "6. 观察照片是否成功上传并进入对答案页面"],
    "test_input": "照片上传API返回500错误后恢复重试",
    "expected_result": "上传失败时学生端显示明确错误提示（如'上传失败，请重试'），学生停留在拍照弹窗不跳转至对答案页面；已拍2张照片的缩略图和计数'已拍2张'保持不变，确认按钮仍可点击；恢复API后重新点击确认，照片成功上传，提示成功后正常进入对答案页面",
    "priority": "P0"
  },
  {
    "id": "TC-044",
    "description": "拍照上传作业-逐张删除所有照片后计数归零确认按钮重新置灰",
    "test_module": "拍照对答案自评流程",
    "preconditions": ["督导端'查看答案前需拍照上传'开关为开启", "拍照弹窗已弹出", "学生已拍摄3张照片，计数显示'已拍3张'，确认按钮可点击"],
    "steps": ["1. 点击第1张缩略图右上角'×'删除按钮", "2. 观察计数更新、缩略图列表移除和确认按钮状态", "3. 点击第2张缩@@STATUS@@:Gap supplement attempt #3...
```json
[
  {
    "id": "TC-042",
    "description": "拍照上传作业-删除所有照片后确认按钮恢复置灰计数归零缩略图清空",
    "test_module": "拍照对答案自评流程-拍照上传作业",
    "preconditions": [
      "督导端'查看答案前需拍照上传'开关为开启",
      "拍照弹窗已弹出",
      "已拍摄3张照片，缩略图列表显示3张",
      "计数显示'已拍3张'",
      "确认按钮'已拍照，查看答案'为可点击状态"
    ],
    "steps": [
      "1. 点击第1张缩略图右上角'×'删除按钮",
      "2. 观察计数变化和缩略图列表",
      "3. 点击第2张缩略图右上角'×'删除按钮",
      "4. 观察计数变化和确认按钮状态",
      "5. 点击最后1张缩略图右上角'×'删除按钮",
      "6. 观察计数、缩略图列表和确认按钮最终状态"
    ],
    "test_input": "依次删除已拍摄的3张照片至0张",
    "expected_result": "删除第1张后计数更新为'已拍2张'，该照片从列表移除，剩余2张重新排列；删除第2张后计数更新为'已拍1张'，确认按钮仍可点击；删除最后1张后计数显示'已拍0张'，缩略图列表清空无任何照片，确认按钮'已拍照，查看答案'恢复置灰不可点击状态",
    "priority": "P0"
  },
  {
    "id": "TC-043",
    "description": "拍照确认上传时网络异常失败-提示上传失败不进入对答案页面照片保留可重试",
    "test_module": "拍照对答案自评流程-拍照确认",
    "preconditions": [
      "督导端'查看答案前需拍照上传'开关为开启",
      "已拍摄2张照片，确认按钮可点击",
      "网络即将被断开模拟上传失败"
    ],
    "steps": [
      "1. 断开网络连接",
      "2. 点击'已拍照，查看答案'确认按钮",
      "3. 观察上传结果和页面提示",
      "4. 确认是否进入对答案页面",
      "5. 检查弹窗中照片是否仍保留",
      "6. 恢复网络连接后重新点击确认按钮"
    ],
    "test_input": "网络异常状态下点击确认上传照片",
    "expected_result": "上传失败时学生端提示'上传失败，请重试'（或类似错误提示），不进入对答案页面；拍照弹窗保持打开状态，已拍的2张照片仍保留在缩略图列表中，计数仍为'已拍2张'，确认按钮仍可点击；恢复网络后重新点击确认可正常上传并进入对答案页面",
    "priority": "P0"
  }
]
```@@STATUS@@:Gap supplement stopped after 2 no-gain attempts.
@@STATUS@@:[multi-pass] Stage 3/3 review selection started...
GEN_DIAG:{"kind": "persistence_gate", "passed": false, "gate_mode": "enforce", "blocked": true, "failure_code": "LOW_QUALITY_GENERATED_CASES", "quality_would_block": true, "quality_would_warn": false, "quality_soft_failures": [], "quality_hard_failures": ["final_scenario_duplicates_above_threshold"], "execution_plan_would_block": false, "quality_gate": {"passed": false, "failed_checks": ["final_scenario_duplicates_above_threshold"], "priority_final_null_count": 0, "invalid_priority_final_count": 0, "invalid_priority_final_case_ids": [], "non_assertable_expected_result_count": 0, "truncated_text_count": 0, "non_assertable_case_ids": [], "truncated_case_ids": [], "metrics": {"persistable_case_count": 38, "persistable_required_field_missing_count": 0, "persistable_priority_final_invalid_count": 0, "persistable_reasoning_leakage_count": 0, "final_count": 10, "min_acceptable_final": 4, "judge_rejected_count": 0, "final_scenario_duplicate_case_count": 1, "final_flow_misordered_count": 0, "reasoning_leak_count": 0, "role_mismatch_count": 0}, "persistable_required_field_missing_case_ids": [], "persistable_priority_final_invalid_case_ids": [], "persistable_reasoning_leakage_case_ids": []}, "execution_plan_validation": {"passed": true, "failure_code": "", "failure_reasons": [], "generation_mode": "multi_pass", "metrics": {"final_case_count": 38, "main_smoke_count": 6, "p0_count": 17, "state_field_coverage": 1.0, "workflow_id_missing_count": 0, "workflow_id_missing_rate": 0.0, "state_conflict_count": 0, "semantic_conflict_count": 0, "execution_group_order_conflict_count": 0, "linear_executable": true, "workflow_blueprint_count": 1, "trusted_workflow_contract_count": 0, "current_requirement_blueprint_count": 1, "untrusted_workflow_blueprint_count": 1, "workflow_contract_source_types": [], "workflow_blueprint_source": "current_requirement_blueprint", "current_requirement_blueprint_allowed": true, "candidate_blueprint_without_contract_allowed": false, "main_chain_stage_kinds": ["downstream_visibility", "downstream_visibility", "completion_sync", "commit", "commit", "downstream_visibility"], "commit_step_count": 2, "downstream_or_completion_step_count": 4, "commit_downstream_completion_closed": true}, "state_conflicts": [], "semantic_conflicts": [], "execution_group_order_conflicts": []}, "request_id": "7e38a8b706b04b53bc1df03cff71f5a6", "project_id": 8}
GEN_DIAG:{"kind": "generation_summary", "recommended_range": "30-50", "generation_coverage_mode": "standard_regression", "requested_generation_mode": "", "effective_generation_coverage_mode_source": "feedback_control_state", "explicit_generation_mode_override": false, "explicit_expected_count_floor_preserved": false, "expected_count": 43, "expected_count_explicit": true, "recommended_min": 30, "recommended_max": 50, "target_final_count": 43, "soft_min_count": 34, "hard_min_count": 30, "min_acceptable_final": 4, "target_satisfaction_ratio": 0.2326, "underfilled": false, "underfill_level": "", "underfill_reason": "", "underfill_root_cause": "", "final_count": 10, "status": "completed_with_quality_stop", "stop_reason": ["stopped_due_to_diminishing_returns", "target_count_warning"], "quality_assessment": "medium", "needs_priority_review": false, "priority_conflict_count": 0, "priority_undetermined_count": 0, "priority_optional_count": 0, "final_priority_breakdown": {"P0": 7, "P1": 3}, "final_execution_group_breakdown": {"main_smoke": 6, "boundary": 1, "independent_functional": 1, "display": 2}, "final_module_breakdown_top": {"拍照对答案自评流程": 10}, "final_display_case_count": 1, "final_display_ratio": 0.1, "final_high_priority_ratio": 1.0, "request_id": "7e38a8b706b04b53bc1df03cff71f5a6", "project_id": 8, "multi_pass": true, "generation_mode": "multi_pass"}
GEN_DIAG:{"kind": "generation_convergence", "suggested_count": 10, "final_count": 10, "reference_gap": 0, "converged": false, "duplication_rate_estimate": 0.0, "primary_count": 3, "gap_count": 1, "review_count": 3, "candidate_count_before_review": 4, "review_selected_count": 3, "post_review_dedup_drop": 0, "judge_reject_count": 0, "judge_pending_count": 0, "judge_pass_count": 3, "final_input_count": 3, "final_output_count": 10, "final_non_judge_drop_count": 0, "scenario_duplicate_pruned_count": 0, "post_review_dedup_reorder_drop_count": 0, "final_description_dedup_drop_count": 0, "total_dedup_drop_count": 0, "gap_attempts": 3, "gap_remaining_after_attempts": 9, "missing_rules_count": 7, "missing_types_exists": true, "low_quality_dropped_count": 0, "low_quality_dropped_examples": [], "postprocess_filter_drop_total": 0, "semantic_dedup_dropped_count": 0, "governance_hard_drop_count": 0, "duplicate_pruned_count": 0, "invalid_pruned_count": 0, "quality_rejected_count": 0, "review_selector_pruned_count": 0, "valid_unique_candidate_count": 4, "generation_coverage_mode": "standard_regression", "requested_generation_mode": "", "effective_generation_coverage_mode_source": "feedback_control_state", "explicit_generation_mode_override": false, "explicit_expected_count_floor_preserved": false, "expected_count": 43, "expected_count_explicit": true, "recommended_min": 30, "recommended_max": 50, "target_final_count": 43, "soft_min_count": 34, "hard_min_count": 30, "min_acceptable_final": 4, "target_satisfaction_ratio": 0.2326, "underfilled": false, "underfill_level": "", "underfill_reason": "", "underfill_root_cause": "", "append_target_count": 10, "append_final_cap_count": 10, "append_cap_drop_count": 0, "flow_governance": {"applied": true, "reason": "", "scenario_policy_registry_version": 1, "scenario_policy_registered_count": 93, "scenario_policy_candidate_count": 0, "scenario_policy_pending_candidate_count": 0, "domain_policy_registered_count": 4, "scenario_policy_domains": {"ai_wrong_question_teaching": 10, "recent_course_scheduling": 7, "essay_writing": 23, "course_access": 2, "general": 51}, "scenario_policy_sources": {"manual_seed": 1, "registry": 16, "legacy_duplicate_policy": 19, "legacy_coverage_pattern": 28, "legacy_judge_duplicate_policy": 29}, "scenario_policy_documents": [], "flow_reordered": true, "flow_order": ["stage:出_测_基础巩固答错后触发", "stage:最高分计算", "stage:页面结构", "stage:打印", "stage:奖励进度条", "stage:左侧导航交互", "stage:触发条件", "stage:弹窗展示", "stage:拍照", "stage:照片管理", "stage:确认与取消", "stage:设置总览", "stage:学习进度控制", "stage:答案查看控制", "stage:前置条件", "stage:页面展示", "stage:逐题标记即时反馈", "stage:提交与极限情况", "stage:做题", "stage:对答案与自评", "stage:提交后处理", "stage:金币计算", "stage:动画效果"], "cross_cutting_order": [], "scenario_duplicate_pruned_count": 0, "scenario_duplicate_pruned_indices": [], "scenario_cap_policy": {}, "scenario_duplicate_cluster_count": 0, "flow_misordered_count_before": 1, "missing_flow_stage_count": 20, "registry_impact": {"registry_version": 1, "total_policies_available": 93, "candidate_policies_active": 0, "candidate_policies_pending": 0, "primary_domain": "", "scenario_kinds_seen": {"filter_toggle": 2, "statistics": 1, "workflow_navigation": 1}, "policies_matched": [{"key": "filter_toggle", "domain": "general", "source": "legacy_coverage_pattern", "specific": false, "default_cap": 1, "mode_cap": null, "cross_module": false, "judge_duplicate": false, "judge_threshold": {"score": 0.2, "overlap": 5}, "status": "active", "documents": []}, {"key": "statistics", "domain": "general", "source": "legacy_coverage_pattern", "specific": false, "default_cap": 2, "mode_cap": null, "cross_module": false, "judge_duplicate": false, "judge_threshold": {"score": 0.2, "overlap": 5}, "status": "active", "documents": []}, {"key": "workflow_navigation", "domain": "general", "source": "legacy_coverage_pattern", "specific": false, "default_cap": 2, "mode_cap": null, "cross_module": false, "judge_duplicate": false, "judge_threshold": {"score": 0.2, "overlap": 5}, "status": "active", "documents": []}], "matched_documents": [], "caps_applied": {"filter_toggle": 1, "statistics": 2, "workflow_navigation": 2}, "judge_thresholds_used": {}, "cross_module_policies_in_effect": []}}, "needs_priority_review": false, "priority_conflict_count": 0, "priority_undetermined_count": 0, "priority_optional_count": 0, "reasons": ["coverage_gap_still_exists", "gap_attempt_limit_reached", "coverage_missing_rules", "coverage_missing_types", "flow_structure_reordered", "target_count_warning"], "generation_target_case_range": {"min": 30, "max": 50}, "request_id": "7e38a8b706b04b53bc1df03cff71f5a6", "project_id": 8, "multi_pass": true, "generation_mode": "multi_pass"}
GEN_DIAG:{"kind": "review_decision_summary", "candidate_total": 4, "retained_total": 4, "dropped_total": 0, "flow_order": ["stage:出_测_基础巩固答错后触发", "stage:最高分计算", "stage:页面结构", "stage:打印", "stage:奖励进度条", "stage:左侧导航交互", "stage:触发条件", "stage:弹窗展示", "stage:拍照", "stage:照片管理", "stage:确认与取消", "stage:设置总览", "stage:学习进度控制", "stage:答案查看控制", "stage:前置条件", "stage:页面展示", "stage:逐题标记即时反馈", "stage:提交与极限情况", "stage:做题", "stage:对答案与自评", "stage:提交后处理", "stage:金币计算", "stage:动画效果"], "flow_labels": {"stage:出_测_基础巩固答错后触发": "出⻔测、基础巩固答错后触发", "stage:最高分计算": "最高分计算", "stage:页面结构": "页面结构", "stage:打印": "打印", "stage:奖励进度条": "奖励进度条", "stage:左侧导航交互": "左侧导航交互", "stage:触发条件": "触发条件", "stage:弹窗展示": "弹窗展示", "stage:拍照": "拍照流程", "stage:照片管理": "照片管理", "stage:确认与取消": "确认与取消(核心调整)", "stage:设置总览": "设置总览", "stage:学习进度控制": "学习进度控制", "stage:答案查看控制": "答案查看控制", "stage:前置条件": "前置条件", "stage:页面展示": "页面展示", "stage:逐题标记即时反馈": "逐题标记即时反馈", "stage:提交与极限情况": "提交与极限情况", "stage:做题": "做题流程", "stage:对答案与自评": "对答案与自评", "stage:提交后处理": "提交后处理", "stage:金币计算": "金币计算", "stage:动画效果": "动画效果(看ziyi的设计)"}, "flow_stage_breakdown": {"stage:对答案与自评": 2, "stage:拍照": 1, "stage:逐题标记即时反馈": 1}, "flow_missing_stages": ["stage:出_测_基础巩固答错后触发", "stage:最高分计算", "stage:页面结构", "stage:打印", "stage:奖励进度条", "stage:左侧导航交互", "stage:触发条件", "stage:弹窗展示", "stage:照片管理", "stage:确认与取消", "stage:设置总览", "stage:学习进度控制", "stage:答案查看控制", "stage:前置条件", "stage:页面展示", "stage:提交与极限情况", "stage:做题", "stage:提交后处理", "stage:金币计算", "stage:动画效果"], "flow_missing_stage_count": 20, "flow_misordered_count": 2, "scenario_duplicate_cluster_count": 0, "scenario_duplicate_case_count": 0, "scenario_duplicate_clusters": [], "final_flow_stage_breakdown": {"stage:对答案与自评": 2, "stage:逐题标记即时反馈": 1, "stage:拍照": 1}, "final_flow_missing_stages": ["stage:出_测_基础巩固答错后触发", "stage:最高分计算", "stage:页面结构", "stage:打印", "stage:奖励进度条", "stage:左侧导航交互", "stage:触发条件", "stage:弹窗展示", "stage:照片管理", "stage:确认与取消", "stage:设置总览", "stage:学习进度控制", "stage:答案查看控制", "stage:前置条件", "stage:页面展示", "stage:提交与极限情况", "stage:做题", "stage:提交后处理", "stage:金币计算", "stage:动画效果"], "final_flow_missing_stage_count": 20, "final_flow_misordered_count": 0, "final_scenario_duplicate_cluster_count": 1, "final_scenario_duplicate_case_count": 1, "final_scenario_duplicate_clusters": [{"cluster_id": "SC-002", "scenario_key": "stage:对答案与自评:media_preview:obj:拍照_照对_对答", "group_type": "scenario", "size": 2, "first_case_id": "TC-035", "candidate_indices": [2, 4], "allowed_cap": 1, "excess_case_count": 1}], "final_scenario_duplicate_raw_cluster_count": 3, "final_scenario_duplicate_raw_case_count": 3, "final_order_flow_governance": {"applied": true, "reason": "", "scenario_policy_registry_version": 1, "scenario_policy_registered_count": 93, "scenario_policy_candidate_count": 0, "scenario_policy_pending_candidate_count": 0, "domain_policy_registered_count": 4, "scenario_policy_domains": {"ai_wrong_question_teaching": 10, "recent_course_scheduling": 7, "essay_writing": 23, "course_access": 2, "general": 51}, "scenario_policy_sources": {"manual_seed": 1, "registry": 16, "legacy_duplicate_policy": 19, "legacy_coverage_pattern": 28, "legacy_judge_duplicate_policy": 29}, "scenario_policy_documents": [], "flow_reordered": true, "flow_order": ["stage:出_测_基础巩固答错后触发", "stage:最高分计算", "stage:页面结构", "stage:打印", "stage:奖励进度条", "stage:左侧导航交互", "stage:触发条件", "stage:弹窗展示", "stage:拍照", "stage:照片管理", "stage:确认与取消", "stage:设置总览", "stage:学习进度控制", "stage:答案查看控制", "stage:前置条件", "stage:页面展示", "stage:逐题标记即时反馈", "stage:提交与极限情况", "stage:做题", "stage:对答案与自评", "stage:提交后处理", "stage:金币计算", "stage:动画效果"], "cross_cutting_order": [], "scenario_duplicate_pruned_count": 0, "scenario_duplicate_pruned_indices": [], "scenario_cap_policy": {}, "scenario_duplicate_cluster_count": 0, "flow_misordered_count_before": 0, "missing_flow_stage_count": 20, "registry_impact": {"registry_version": 1, "total_policies_available": 93, "candidate_policies_active": 0, "candidate_policies_pending": 0, "primary_domain": "", "scenario_kinds_seen": {"statistics": 1, "workflow_navigation": 1, "filter_toggle": 2}, "policies_matched": [{"key": "statistics", "domain": "general", "source": "legacy_coverage_pattern", "specific": false, "default_cap": 2, "mode_cap": null, "cross_module": false, "judge_duplicate": false, "judge_threshold": {"score": 0.2, "overlap": 5}, "status": "active", "documents": []}, {"key": "workflow_navigation", "domain": "general", "source": "legacy_coverage_pattern", "specific": false, "default_cap": 2, "mode_cap": null, "cross_module": false, "judge_duplicate": false, "judge_threshold": {"score": 0.2, "overlap": 5}, "status": "active", "documents": []}, {"key": "filter_toggle", "domain": "general", "source": "legacy_coverage_pattern", "specific": false, "default_cap": 1, "mode_cap": null, "cross_module": false, "judge_duplicate": false, "judge_threshold": {"score": 0.2, "overlap": 5}, "status": "active", "documents": []}], "matched_documents": [], "caps_applied": {"statistics": 2, "workflow_navigation": 2, "filter_toggle": 1}, "judge_thresholds_used": {}, "cross_module_policies_in_effect": []}, "execution_orchestration_plan": {"plan_first": true, "planned_case_count": 10, "main_chain_case_count": 6, "side_suite_count": 3, "execution_group_order": ["main_smoke", "boundary", "independent_functional", "display"], "main_chain": [{"case_id": "TC-034", "execution_sequence": 1, "main_chain_step": 1, "stage": "entry", "stage_kind": "consume", "source_state": "initial", "target_state": "photo_popup", "role": "student", "depends_on": []}, {"case_id": "TC-035", "execution_sequence": 2, "main_chain_step": 2, "stage": "configure", "stage_kind": "completion_sync", "source_state": "photo_popup", "target_state": "photo_uploaded", "role": "student", "depends_on": ["TC-034"]}, {"case_id": "TC-036", "execution_sequence": 3, "main_chain_step": 3, "stage": "edit", "stage_kind": "edit", "source_state": "photo_uploaded", "target_state": "marking_done", "role": "student", "depends_on": ["TC-035"]}, {"case_id": "TC-037", "execution_sequence": 4, "main_chain_step": 4, "stage": "preview", "stage_kind": "preview", "source_state": "marking_done", "target_state": "ready_submit", "role": "student", "depends_on": ["TC-036"]}, {"case_id": "TC-038", "execution_sequence": 5, "main_chain_step": 5, "stage": "commit", "stage_kind": "commit", "source_state": "ready_submit", "target_state": "submitted", "role": "student", "depends_on": ["TC-037"]}, {"case_id": "TC-039", "execution_sequence": 6, "main_chain_step": 6, "stage": "downstream_visibility", "stage_kind": "downstream_visibility", "source_state": "submitted", "target_state": "recommend_triggered", "role": "student", "depends_on": ["TC-038"]}], "side_suites": [{"suite_id": "boundary_suite", "execution_group": "boundary", "rank": 3, "case_ids": ["TC-040"], "case_count": 1}, {"suite_id": "independent_functional_suite", "execution_group": "independent_functional", "rank": 4, "case_ids": ["TC-041"], "case_count": 1}, {"suite_id": "display_suite", "execution_group": "display", "rank": 5, "case_ids": ["TC-043", "TC-042"], "case_count": 2}]}, "execution_group_order": ["main_smoke", "boundary", "independent_functional", "display"]}, "final_execution_group_order": ["main_smoke", "boundary", "independent_functional", "display"], "final_execution_orchestration_plan": {"plan_first": true, "planned_case_count": 10, "main_chain_case_count": 6, "side_suite_count": 3, "execution_group_order": ["main_smoke", "boundary", "independent_functional", "display"], "main_chain": [{"case_id": "TC-034", "execution_sequence": 1, "main_chain_step": 1, "stage": "entry", "stage_kind": "consume", "source_state": "initial", "target_state": "photo_popup", "role": "student", "depends_on": []}, {"case_id": "TC-035", "execution_sequence": 2, "main_chain_step": 2, "stage": "configure", "stage_kind": "completion_sync", "source_state": "photo_popup", "target_state": "photo_uploaded", "role": "student", "depends_on": ["TC-034"]}, {"case_id": "TC-036", "execution_sequence": 3, "main_chain_step": 3, "stage": "edit", "stage_kind": "edit", "source_state": "photo_uploaded", "target_state": "marking_done", "role": "student", "depends_on": ["TC-035"]}, {"case_id": "TC-037", "execution_sequence": 4, "main_chain_step": 4, "stage": "preview", "stage_kind": "preview", "source_state": "marking_done", "target_state": "ready_submit", "role": "student", "depends_on": ["TC-036"]}, {"case_id": "TC-038", "execution_sequence": 5, "main_chain_step": 5, "stage": "commit", "stage_kind": "commit", "source_state": "ready_submit", "target_state": "submitted", "role": "student", "depends_on": ["TC-037"]}, {"case_id": "TC-039", "execution_sequence": 6, "main_chain_step": 6, "stage": "downstream_visibility", "stage_kind": "downstream_visibility", "source_state": "submitted", "target_state": "recommend_triggered", "role": "student", "depends_on": ["TC-038"]}], "side_suites": [{"suite_id": "boundary_suite", "execution_group": "boundary", "rank": 3, "case_ids": ["TC-040"], "case_count": 1}, {"suite_id": "independent_functional_suite", "execution_group": "independent_functional", "rank": 4, "case_ids": ["TC-041"], "case_count": 1}, {"suite_id": "display_suite", "execution_group": "display", "rank": 5, "case_ids": ["TC-043", "TC-042"], "case_count": 2}]}, "fact_profile_source": "requirement_semantics", "fact_profile_confidence": 0.0, "fact_profile_confirmed_count": 5, "fact_profile_forbidden_count": 0, "fact_profile_pending_count": 0, "project_profile_source": "reference_cases", "project_profile_confidence": 0.0, "flow_governance_applied": true, "flow_reordered": true, "flow_governance_reason": "", "scenario_duplicate_pruned_count": 0, "scenario_duplicate_pruned_indices": [], "execution_plan": {"applied": true, "coverage_mode": "standard_regression", "workflow_blueprint_count": 1, "trusted_workflow_contract_count": 0, "current_requirement_blueprint_count": 1, "plan_workflow_blueprint_count": 1, "workflow_blueprint_source": "current_requirement_blueprint", "linear_executable": false, "linear_scope": "main_smoke_chain_only", "main_chain_case_count": 6, "main_chain_stage_order": ["entry", "configure", "edit", "preview", "commit", "downstream_visibility"], "main_chain_stage_kinds": ["consume", "completion_sync", "edit", "preview", "commit", "downstream_visibility"], "main_chain_incomplete_reason": "", "derived_workflow_debug": {"candidate_total": 4, "action_state_candidate_count": 0, "primary_candidate_count": 0, "fallback_candidate_count": 0, "selected_candidate_count": 0, "closure_reason": ""}, "main_chain_excluded_candidates": [{"case_id": "TC-035", "description": "拍照对答案自评流程-点击稍后再拍取消拍照返回做题页不保留照片", "stage_key": "entry", "reason": "reset_or_abort_case_in_main_smoke"}, {"case_id": "TC-034", "description": "拍照对答案自评流程-直接访问对答案URL绕过拍照弹窗被系统拦截", "stage_key": "configure", "reason": "resume_state_case_in_main_smoke"}, {"case_id": "TC-035", "description": "拍照对答案自评流程-点击稍后再拍取消拍照返回做题页不保留照片", "stage_key": "configure", "reason": "display_only"}, {"case_id": "TC-037", "description": "拍照上传作业-连续拍摄7张照片验证不限制张数和3列网格缩略图多行展示", "stage_key": "configure", "reason": "boundary_capacity"}, {"case_id": "TC-036", "description": "拍照对答案自评流程-逐题标记未全部完成时提交按钮置灰不可操作", "stage_key": "edit", "reason": "blocking_negative"}], "independent_case_count": 4, "isolation_case_count": 4, "role_switch_count": 0, "broken_dependency_count": 0, "state_conflict_count": 0, "state_conflicts": [], "selected_stage_state_conflicts": [], "semantic_conflict_count": 1, "semantic_conflicts": [{"case_id": "TC-036", "reason": "stage_text_lacks_edit_action", "stage_kind": "edit", "description": "逐题标记对错"}], "execution_group_breakdown": {"boundary": 1, "display": 2, "independent_functional": 1, "main_smoke": 6}, "execution_group_order": ["main_smoke", "boundary", "independent_functional", "display"], "execution_orchestration_plan": {"plan_first": true, "planned_case_count": 10, "main_chain_case_count": 6, "side_suite_count": 3, "execution_group_order": ["main_smoke", "boundary", "independent_functional", "display"], "main_chain": [{"case_id": "TC-034", "execution_sequence": 1, "main_chain_step": 1, "stage": "entry", "stage_kind": "consume", "source_state": "initial", "target_state": "photo_popup", "role": "student", "depends_on": []}, {"case_id": "TC-035", "execution_sequence": 2, "main_chain_step": 2, "stage": "configure", "stage_kind": "completion_sync", "source_state": "photo_popup", "target_state": "photo_uploaded", "role": "student", "depends_on": ["TC-034"]}, {"case_id": "TC-036", "execution_sequence": 3, "main_chain_step": 3, "stage": "edit", "stage_kind": "edit", "source_state": "photo_uploaded", "target_state": "marking_done", "role": "student", "depends_on": ["TC-035"]}, {"case_id": "TC-037", "execution_sequence": 4, "main_chain_step": 4, "stage": "preview", "stage_kind": "preview", "source_state": "marking_done", "target_state": "ready_submit", "role": "student", "depends_on": ["TC-036"]}, {"case_id": "TC-038", "execution_sequence": 5, "main_chain_step": 5, "stage": "commit", "stage_kind": "commit", "source_state": "ready_submit", "target_state": "submitted", "role": "student", "depends_on": ["TC-037"]}, {"case_id": "TC-039", "execution_sequence": 6, "main_chain_step": 6, "stage": "downstream_visibility", "stage_kind": "downstream_visibility", "source_state": "submitted", "target_state": "recommend_triggered", "role": "student", "depends_on": ["TC-038"]}], "side_suites": [{"suite_id": "boundary_suite", "execution_group": "boundary", "rank": 3, "case_ids": ["TC-040"], "case_count": 1}, {"suite_id": "independent_functional_suite", "execution_group": "independent_functional", "rank": 4, "case_ids": ["TC-041"], "case_count": 1}, {"suite_id": "display_suite", "execution_group": "display", "rank": 5, "case_ids": ["TC-042", "TC-043"], "case_count": 2}]}, "generated_bridge_case_count": 0, "workflow_contract_materialized_case_count": 6, "group_setup": {"boundary": "seed_boundary_dataset()", "display": "seed_display_ready_dataset()", "independent_functional": "seed_functional_dataset()", "main_smoke": "seed_workflow_blueprint_dataset()"}, "group_teardown": {"boundary": "delete_boundary_dataset()", "display": "delete_display_ready_dataset()", "independent_functional": "cleanup_functional_dataset()", "main_smoke": "cleanup_workflow_blueprint_dataset()"}, "fixture_keys": ["boundary_dataset", "display_ready_dataset", "independent_functional_dataset", "workflow_blueprint_chain_seed"]}, "linear_executable": false, "linear_scope": "main_smoke_chain_only", "main_chain_case_count": 6, "independent_case_count": 4, "isolation_case_count": 4, "broken_dependency_count": 0, "state_conflict_count": 0, "role_switch_count": 0, "final_reasoning_leakage_case_count": 0, "priority_decision_state_breakdown": {"decided": 4, "conflict": 0, "undetermined": 0, "optional": 0, "invalid": 0}, "priority_final_breakdown": {"P0": 1, "P1": 3, "P2": 0, "null": 0}, "legacy_priority_breakdown": {"P0": 2, "P1": 0, "P2": 2, "UNKNOWN": 0}, "priority_conflict_count": 0, "priority_undetermined_count": 0, "priority_optional_count": 0, "priority_invalid_count": 0, "priority_quality_gate_failed": false, "needs_priority_review": false, "invalid_case_count": 0, "reasoning_leakage_case_count": 0, "review_llm_filter_applied": false, "review_input_size": 4, "review_output_size": 3, "review_target_min_count": 1, "review_target_max_count": 1, "review_shortfall_detected": false, "review_shortfall_before_count": 4, "review_shortfall_recovered_count": 0, "review_post_rerank_floor_count": 2, "review_post_rerank_recovered_count": 0, "final_target_floor_count": 4, "final_floor_recovery_attempted": true, "final_floor_recovery_applied": true, "final_floor_recovered_count": 1, "final_floor_recovery_reason": "recovered_to_explicit_expected_floor", "final_confirmed_conflict_drop_count": 0, "final_shortfall_supplement_attempted": false, "final_shortfall_supplement_applied": false, "final_shortfall_supplement_count": 0, "final_shortfall_supplement_reason": "", "final_shortfall_supplement_debug": {}, "requested_generation_mode": "", "effective_generation_coverage_mode_source": "feedback_control_state", "explicit_generation_mode_override": false, "explicit_expected_count_floor_preserved": false, "review_fill_source": "none", "review_llm_selected_count": 0, "review_llm_runtime_debug": {"invoked": false, "pool_non_empty": true, "pool_size": 1, "deterministic_noop_skip_eligible": true, "deterministic_noop_preflight_selected_count": 1, "deterministic_noop_preflight_within_target_window": true, "deterministic_noop_preflight_signature_unchanged": true, "deterministic_noop_preflight_dropped_by_max": false, "skip_reason": "llm_pool_within_constraint_window", "primary_model": "", "primary_invalid_reason": "", "primary_reason_incomplete": false, "primary_dropped_reason_count": 0, "primary_dropped_reason_payload_count": 0, "primary_reason_coverage_ratio": 0.0, "response_len": 0, "response_preview": "", "primary_response_metadata": {}, "primary_compact_retry_invoked": false, "primary_compact_retry_model": "", "primary_compact_retry_invalid_reason": "", "primary_compact_retry_response_len": 0, "primary_compact_retry_response_metadata": {}, "retry_invoked": false, "retry_reason": "", "retry_model": "", "retry_attempts": [], "fallback_skipped_reason": "", "retry_response_len": 0, "retry_parse_success": false, "retry_mapped_count": 0, "retry_payload_has_selection_signal": false, "parsed_type": "", "parsed_len": 0, "mapped_count": 0, "mapped_signature_count": 0, "dropped_reason_count": 0, "dropped_reason_payload_count": 0, "dropped_reason_unmapped_count": 0, "payload_has_selection_signal": false, "final_selected_and_dropped_overlap_count": 0, "final_selected_and_dropped_overlap_case_ids": [], "final_payload_consistent": true, "reason_repair_invoked": false, "reason_repair_model": "", "reason_repair_candidate_count": 0, "reason_repair_response_len": 0, "reason_repair_mapped_count": 0, "reason_repair_invalid_reason": "", "reason_repair_response_metadata": {}, "final_source": "review_selector", "applied": false, "applied_reason": "skipped_deterministic_noop", "exception": "", "forced_reset_by_fallback": false, "fallback_reason_incomplete": false, "final_reason_incomplete": false, "final_reason_coverage_ratio": 1.0, "prompt_chars": 0, "prompt_est_tokens": 0, "candidate_count": 1, "append_target_count": 10, "append_final_cap_count": 10}, "review_constraint_selected_count": 0, "review_llm_drop_reason_breakdown": {}, "review_llm_drop_reason_raw_breakdown": {}, "review_llm_drop_reason_source_breakdown": {}, "fallback_reason_incomplete": false, "final_reason_incomplete": false, "final_reason_coverage_ratio": 1.0, "fallback_dropped_reason_count": 0, "fallback_dropped_reason_mapped_count": 0, "fallback_dropped_reason_unmapped_count": 0, "fallback_reason_coverage_ratio": 0.0, "llm_reason_coverage_ratio": 0.0, "deterministic_backfill_ratio": 0.0, "reason_source_breakdown": {"primary": 0, "fallback": 0, "backfill": 0}, "primary_reason_incomplete": false, "primary_dropped_reason_count": 0, "primary_dropped_reason_payload_count": 0, "primary_reason_coverage_ratio": 0.0, "fallback_with_positive_evidence_count": 0, "fallback_without_positive_evidence_count": 0, "review_llm_pool_count": 1, "candidate_by_pass": {"primary": 3, "gap": 1}, "must_keep_candidate_count": 3, "must_keep_retained_count": 3, "must_keep_dropped_count": 0, "retained_due_to_coverage_value_count": 1, "must_cover_rule_hit_count": 0, "forbidden_pattern_violation_count": 0, "soft_constraint_hit_count": 0, "quality_hint_satisfied_count": 0, "drop_by_review_llm_count": 0, "drop_by_review_selector_count": 0, "drop_by_review_gate_count": 0, "drop_by_pre_gate_dedup_count": 0, "drop_by_post_review_dedup_count": 0, "drop_no_new_signal_count": 0, "drop_rule_cap_count": 0, "drop_ui_like_redundant_count": 0, "drop_ui_like_ratio_cap_count": 0, "drop_outside_target_window_count": 0, "drop_by_rerank_low_signal_count": 0, "dropped_model_priority_p0_p1_count": 0, "dropped_core_rule_hit_count": 0, "dropped_missing_rule_hit_count": 0, "dropped_high_signal_count": 0, "dropped_has_coverage_value_count": 0, "drop_ui_like_ratio_postprocess_count": 0, "drop_final_description_duplicate_count": 0, "request_id": "7e38a8b706b04b53bc1df03cff71f5a6", "project_id": 8, "multi_pass": true, "generation_mode": "multi_pass"}
GEN_DIAG:{"kind": "feedback_control_state", "control_state_applied": true, "generation_coverage_mode": "standard_regression", "generation_target_case_range": {"min": 30, "max": 50}, "fact_profile_source": "requirement_semantics", "fact_profile_confidence": 0.0, "fact_profile_confirmed_count": 5, "fact_profile_forbidden_count": 0, "fact_profile_pending_count": 0, "project_profile_source": "reference_cases", "project_profile_confidence": 0.0, "project_profile_flow_count": 13, "manual_quality_profile_source": "", "manual_quality_profile_version": "", "manual_quality_profile_trusted_count": 0, "manual_quality_profile_high_priority_ratio": 0.0, "manual_quality_profile_display_ratio_cap": 0.0, "must_cover_rules_count": 0, "rule_quota_keys": [], "soft_constraints_count": 0, "quality_fix_hints_count": 6, "preferred_patterns_count": 0, "forbidden_patterns_count": 0, "source_meta": {"sources": ["current_requirement_blueprint", "workflow_blueprint_repository", "priority_sample_pool_domain_gate", "anomaly_pool", "evaluation_report", "generation_coverage_profile", "fact_profile", "project_profile"], "current_requirement_blueprint_status": "applied", "current_requirement_blueprint_count": 1, "current_requirement_blueprint_step_count": 6, "current_requirement_blueprint_source": "current_requirement_blueprint", "current_requirement_blueprint_max_tokens": 1600, "requirement_understanding_used": true, "requirement_understanding_visual_fact_count": 4, "requirement_understanding_invalid_visual_block_count": 0, "current_requirement_blueprint_raw_chars": 1381, "current_requirement_blueprint_ids": ["photo_answer_review"], "workflow_blueprint_repository_count": 0, "trusted_workflow_contract_count": 0, "workflow_blueprint_current_source_doc_ids": [], "workflow_blueprint_same_source_count": 0, "priority_pool_sample_count": 105, "priority_pool_total_positive_count": 78, "priority_pool_total_negative_count": 27, "generation_id": null, "retrieval_query_used": true, "retrieval_top_k": 5, "retrieval_hit_count": 0, "retrieval_selected_count": 0, "retrieval_fallback": "domain_unstable", "retrieval_selected_weight_avg": 0.0, "retrieval_selected_quality_avg": 0.0, "retrieval_diversity_cluster_cap": 2, "retrieval_diversity_skipped_count": 0, "retrieval_lexical_fallback_used": false, "retrieval_active_sample_count": 85, "retrieval_disabled_sample_count": 0, "retrieval_low_confidence_sample_count": 20, "retrieval_min_pattern_confidence": 0.6, "retrieval_signal_quota_applied": false, "retrieval_signal_quota_relaxed": false, "retrieval_positive_min_quota": 2, "retrieval_negative_max_quota": 3, "retrieval_selected_positive_count": 0, "retrieval_selected_negative_count": 0, "retrieval_pool_positive_count": 71, "retrieval_pool_negative_count": 14, "retrieval_raw_positive_count": 0, "retrieval_raw_negative_count": 0, "retrieval_after_diversity_positive_count": 0, "retrieval_after_diversity_negative_count": 0, "retrieval_after_quota_merge_positive_count": 0, "retrieval_after_quota_merge_negative_count": 0, "retrieval_final_selected_positive_count": 0, "retrieval_final_selected_negative_count": 0, "retrieval_query_domain_tags": ["ai_wrong_question_teaching", "course_access", "essay_writing", "recent_course_scheduling"], "retrieval_domain_scores": {"ai_wrong_question_teaching": 2, "recent_course_scheduling": 2, "essay_writing": 2, "course_access": 3}, "retrieval_domain_gate_status": "ambiguous_registered_domain", "retrieval_domain_gate_reason": "primary_domain_not_in_requirement_topic", "retrieval_domain_gate_blocked": true, "retrieval_domain_gate_allows_historical_profile": false, "retrieval_domain_filter_applied": true, "retrieval_domain_matched_sample_count": 0, "retrieval_domain_skipped_sample_count": 85, "retrieval_domain_no_match": true, "retrieval_sample_id_hit_count": 0, "retrieval_index_mismatch_count": 0, "retrieval_query_primary_domain": "course_access", "workflow_blueprint_direct_candidate_count": 0, "workflow_blueprint_direct_selected_count": 0, "retrieval_index_resync_attempted": false, "retrieval_index_resync_success": false, "retrieval_index_resync_error": "", "sample_count": 0, "challenge_sample_count": 0, "regression_sample_count": 0, "rule_frequency": {}, "doc_count": 3, "doc_types": {"evaluation_report": 3}, "generation_coverage_profile": {"coverage_mode": "standard_regression", "case_density": "medium", "target_case_range": {"min": 30, "max": 50}, "activation_evidence": {"expected_count": 43, "linked_final_case_count": 0, "full_regression_token_hit": false, "expanded_regression_token_hit": false, "standard_regression_token_hit": true}, "coverage_layers": ["入口、主流程、编辑/删除/保存、异常提示、跨页返回至少各覆盖一类。", "状态变化用例必须验证操作前后差异，不只验证静态展示。", "保留少量原有模块回归，避免新增功能影响既有链路。"]}, "fact_profile": {"profile_version": "fact-profile-v1", "profile_source": "requirement_semantics", "confidence": 0, "confirmed_facts": ["⼀、计分规则\u0001", "可反复刷的模块，取历史最⾼分（可以重新进⼊，", "与基础巩固⾄少完成⼀个，才可进⼊后续流程\u0001", "顶部栏：返回按钮、课程标题、当前⾦币数、切换", "右侧提⽰\"再得\u0001X\u0001⾦币拿满奖励\"，动态计算剩余\u0001"], "scoped_rules": [], "forbidden_facts": [], "pending_items": [], "reuse_declarations": [], "hard_flow_constraints": ["与基础巩固⾄少完成⼀个，才可进⼊后续流程\u0001", "顶部栏：返回按钮、课程标题、当前⾦币数、切换", "右侧提⽰\"再得\u0001X\u0001⾦币拿满奖励\"，动态计算剩余\u0001"], "reuse_risks": [], "source_priority": ["current_requirement", "rag_requirement", "supplement_boundary", "testcase_style_only", "historical_feedback"], "conflict_policy": "current_requirement_wins", "strategy_only": 0}, "project_profile": {"profile_version": "project-profile-v1", "profile_source": "reference_cases", "confidence": 0, "flow_outline": {"source": "requirement_keyword_positions", "domain_gate_status": "ambiguous_registered_domain", "domain_gate_reason": "registered_domain_tags_without_primary", "domain_gate_allows_historical_profile": false, "flow_order": ["stage:拍照", "stage:确认与取消", "stage:出_测_基础巩固答错后触发", "stage:最高分计算", "stage:页面结构", "stage:打印", "stage:奖励进度条", "stage:左侧导航交互", "stage:触发条件", "stage:弹窗展示", "stage:照片管理", "stage:设置总览", "stage:学习进度控制"], "document_flow_order": ["stage:出_测_基础巩固答错后触发", "stage:最高分计算", "stage:页面结构", "stage:打印", "stage:奖励进度条", "stage:左侧导航交互", "stage:触发条件", "stage:弹窗展示", "stage:拍照", "stage:照片管理", "stage:确认与取消", "stage:设置总览", "stage:学习进度控制"], "flow_labels": {"stage:出_测_基础巩固答错后触发": "出⻔测、基础巩固答错后触发", "stage:最高分计算": "最高分计算", "stage:页面结构": "页面结构", "stage:打印": "打印", "stage:奖励进度条": "奖励进度条", "stage:左侧导航交互": "左侧导航交互", "stage:触发条件": "触发条件", "stage:弹窗展示": "弹窗展示", "stage:拍照": "拍照流程", "stage:照片管理": "照片管理", "stage:确认与取消": "确认与取消(核心调整)", "stage:设置总览": "设置总览", "stage:学习进度控制": "学习进度控制"}, "flow_stage_positions": {"stage:出_测_基础巩固答错后触发": 47, "stage:最高分计算": 54, "stage:页面结构": 67, "stage:打印": 70, "stage:奖励进度条": 77, "stage:左侧导航交互": 88, "stage:触发条件": 107, "stage:弹窗展示": 117, "stage:拍照": 136, "stage:照片管理": 148, "stage:确认与取消": 157, "stage:设置总览": 185, "stage:学习进度控制": 196}, "cross_cutting": [], "cross_cutting_labels": {}, "data_flow_edges": [{"from": "stage:拍照", "to": "stage:确认与取消", "from_label": "拍照流程", "to_label": "确认与取消(核心调整)"}, {"from": "stage:确认与取消", "to": "stage:出_测_基础巩固答错后触发", "from_label": "确认与取消(核心调整)", "to_label": "出⻔测、基础巩固答错后触发"}, {"from": "stage:出_测_基础巩固答错后触发", "to": "stage:最高分计算", "from_label": "出⻔测、基础巩固答错后触发", "to_label": "最高分计算"}, {"from": "stage:最高分计算", "to": "stage:页面结构", "from_label": "最高分计算", "to_label": "页面结构"}, {"from": "stage:页面结构", "to": "stage:打印", "from_label": "页面结构", "to_label": "打印"}, {"from": "stage:打印", "to": "stage:奖励进度条", "from_label": "打印", "to_label": "奖励进度条"}, {"from": "stage:奖励进度条", "to": "stage:左侧导航交互", "from_label": "奖励进度条", "to_label": "左侧导航交互"}, {"from": "stage:左侧导航交互", "to": "stage:触发条件", "from_label": "左侧导航交互", "to_label": "触发条件"}, {"from": "stage:触发条件", "to": "stage:弹窗展示", "from_label": "触发条件", "to_label": "弹窗展示"}, {"from": "stage:弹窗展示", "to": "stage:照片管理", "from_label": "弹窗展示", "to_label": "照片管理"}, {"from": "stage:照片管理", "to": "stage:设置总览", "from_label": "照片管理", "to_label": "设置总览"}, {"from": "stage:设置总览", "to": "stage:学习进度控制", "from_label": "设置总览", "to_label": "学习进度控制"}], "data_flow_phase_rank": {"stage:拍照": "entry_capture", "stage:确认与取消": "review_confirm"}, "data_flow_order_applied": true}, "ordering_policy": "flow_first_then_cross_cutting", "scenario_cluster_policy": {"default_max_per_scenario": 2}, "profile_constraints": ["strategy_only_not_fact_source"], "strategy_only": 1}}, "request_id": "7e38a8b706b04b53bc1df03cff71f5a6", "project_id": 8, "multi_pass": true, "generation_mode": "multi_pass"}
GEN_DIAG:{"kind": "judge_summary", "pass_count": 3, "repairable_count": 1, "raw_repairable_count": 1, "remaining_repairable_count": 0, "unrepaired_repairable_count": 1, "reject_count": 0, "pending_count": 0, "repaired_case_count": 0, "appended_case_count": 0, "confirmed_pass_out_count": 3, "repaired_pass_out_count": 0, "rejected_out_count": 0, "pending_out_count": 0, "fact_violation_count": 0, "core_flow_covered": false, "reuse_risk_covered": true, "fact_profile_source": "requirement_semantics", "fact_profile_confidence": 0.0, "fact_profile_confirmed_count": 5, "fact_profile_forbidden_count": 0, "fact_profile_pending_count": 0, "generation_id": 0, "request_id": "7e38a8b706b04b53bc1df03cff71f5a6", "project_id": 8, "multi_pass": true, "generation_mode": "multi_pass"}
GEN_DIAG:{"kind": "judge_decision_table", "generation_id": 0, "rows": [{"generation_id": 0, "request_id": "7e38a8b706b04b53bc1df03cff71f5a6", "case_id": "TC-034", "judge_status": "PASS", "reject_reason": "", "pending_reason": "", "signals": {"violates_confirmed_fact": false, "missing_core_flow": false, "missing_reuse_risk": false, "contains_pending_logic": false, "confirmed_fact_hits": [], "confirmed_fact_violations": [], "reuse_risk_hits": [], "pending_hits": [], "vague_or_unconfirmed_hits": []}, "violates_confirmed_fact": false, "missing_core_flow": false, "missing_reuse_risk": false, "contains_pending_logic": false, "confirmed_fact_hits": [], "confirmed_fact_violations": [], "reuse_risk_hits": [], "pending_hits": [], "vague_or_unconfirmed_hits": [], "before_case_snapshot": {"id": "TC-034", "description": "拍照对答案自评流程-点击稍后再拍取消拍照返回做题页不保留照片", "test_module": "拍照对答案自评流程", "preconditions": ["督导端'查看答案前需拍照上传'开关为开启", "学生已点击'申请看答案'，拍照弹窗已弹出", "学生已在弹窗中拍摄2张照片"], "steps": ["1. 在拍照弹窗中确认已拍2张照片及缩略图展示", "2. 点击'稍后再拍'按钮", "3. 观察弹窗关闭后的页面状态", "4. 检查学生端是否保留任何已拍照片", "5. 再次点击'申请看答案'按钮，观察是否需要重新拍照"], "test_input": "点击'稍后再拍'按钮（已拍2张照片状态下）", "expected_result": "1.弹窗立即关闭，页面返回做题页面；2.学生端不保留、不展示任何已拍照片；3.再次点击'申请看答案'时弹出新的拍照弹窗，已拍照片计数为0，需重新拍摄", "priority": "P2", "model_priority_current": "P0", "model_priority": "P0", "legacy_priority": "P0", "priority_final": "P2", "priority_decision_state": "conflict_resolved", "priority_decision_source": "conflict_resolved_by_non_blocking_experience_rule", "priority_confidence": "medium", "priority_conflict_reason": "model=P0,suggested=P2", "priority_resolution_reason": "explicit_low_value_or_experience_case"}, "after_case_snapshot": {"id": "TC-034", "description": "拍照对答案自评流程-点击稍后再拍取消拍照返回做题页不保留照片", "test_module": "拍照对答案自评流程", "preconditions": ["督导端'查看答案前需拍照上传'开关为开启", "学生已点击'申请看答案'，拍照弹窗已弹出", "学生已在弹窗中拍摄2张照片"], "steps": ["1. 在拍照弹窗中确认已拍2张照片及缩略图展示", "2. 点击'稍后再拍'按钮", "3. 观察弹窗关闭后的页面状态", "4. 检查学生端是否保留任何已拍照片", "5. 再次点击'申请看答案'按钮，观察是否需要重新拍照"], "test_input": "点击'稍后再拍'按钮（已拍2张照片状态下）", "expected_result": "1.弹窗立即关闭，页面返回做题页面；2.学生端不保留、不展示任何已拍照片；3.再次点击'申请看答案'时弹出新的拍照弹窗，已拍照片计数为0，需重新拍摄", "priority": "P2", "model_priority_current": "P0", "model_priority": "P0", "legacy_priority": "P0", "priority_final": "P2", "priority_decision_state": "conflict_resolved", "priority_decision_source": "conflict_resolved_by_non_blocking_experience_rule", "priority_confidence": "medium", "priority_conflict_reason": "model=P0,suggested=P2", "priority_resolution_reason": "explicit_low_value_or_experience_case"}}, {"generation_id": 0, "request_id": "7e38a8b706b04b53bc1df03cff71f5a6", "case_id": "TC-035", "judge_status": "PASS", "reject_reason": "", "pending_reason": "", "signals": {"violates_confirmed_fact": false, "missing_core_flow": false, "missing_reuse_risk": false, "contains_pending_logic": false, "confirmed_fact_hits": [], "confirmed_fact_violations": [], "reuse_risk_hits": [], "pending_hits": [], "vague_or_unconfirmed_hits": []}, "violates_confirmed_fact": false, "missing_core_flow": false, "missing_reuse_risk": false, "contains_pending_logic": false, "confirmed_fact_hits": [], "confirmed_fact_violations": [], "reuse_risk_hits": [], "pending_hits": [], "vague_or_unconfirmed_hits": [], "before_case_snapshot": {"id": "TC-035", "description": "拍照对答案自评流程-直接访问对答案URL绕过拍照弹窗被系统拦截", "test_module": "拍照对答案自评流程", "preconditions": ["督导端'查看答案前需拍照上传'开关为开启", "学生未完成拍照流程", "学生已知对答案页面的URL路径"], "steps": ["1. 学生在浏览器中直接输入对答案页面的URL", "2. 或通过修改请求参数/API调用尝试跳过拍照步骤直接获取答案数据", "3. 观察系统响应和页面跳转行为"], "test_input": "直接访问对答案页面URL（未经过拍照流程）", "expected_result": "1.系统拦截未授权的直接访问请求；2.页面重定向至拍照弹窗，提示需先完成拍照上传；3.答案内容不展示，API不返回答案数据；4.学生必须完成拍照确认流程后才能正常进入对答案页面", "priority": "P0", "model_priority_current": "P0", "model_priority": "P0", "legacy_priority": "P0", "priority_final": "P0", "priority_decision_state": "conflict_resolved", "priority_decision_source": "conflict_resolved_by_high_risk_business_rule", "priority_confidence": "medium", "priority_conflict_reason": "model=P0,suggested=P2", "priority_resolution_reason": "high_risk_guard_or_keyword"}, "after_case_snapshot": {"id": "TC-035", "description": "拍照对答案自评流程-直接访问对答案URL绕过拍照弹窗被系统拦截", "test_module": "拍照对答案自评流程", "preconditions": ["督导端'查看答案前需拍照上传'开关为开启", "学生未完成拍照流程", "学生已知对答案页面的URL路径"], "steps": ["1. 学生在浏览器中直接输入对答案页面的URL", "2. 或通过修改请求参数/API调用尝试跳过拍照步骤直接获取答案数据", "3. 观察系统响应和页面跳转行为"], "test_input": "直接访问对答案页面URL（未经过拍照流程）", "expected_result": "1.系统拦截未授权的直接访问请求；2.页面重定向至拍照弹窗，提示需先完成拍照上传；3.答案内容不展示，API不返回答案数据；4.学生必须完成拍照确认流程后才能正常进入对答案页面", "priority": "P0", "model_priority_current": "P0", "model_priority": "P0", "legacy_priority": "P0", "priority_final": "P0", "priority_decision_state": "conflict_resolved", "priority_decision_source": "conflict_resolved_by_high_risk_business_rule", "priority_confidence": "medium", "priority_conflict_reason": "model=P0,suggested=P2", "priority_resolution_reason": "high_risk_guard_or_keyword"}}, {"generation_id": 0, "request_id": "7e38a8b706b04b53bc1df03cff71f5a6", "case_id": "TC-036", "judge_status": "PASS", "reject_reason": "", "pending_reason": "", "signals": {"violates_confirmed_fact": false, "missing_core_flow": false, "missing_reuse_risk": false, "contains_pending_logic": false, "confirmed_fact_hits": [], "confirmed_fact_violations": [], "reuse_risk_hits": [], "pending_hits": [], "vague_or_unconfirmed_hits": []}, "violates_confirmed_fact": false, "missing_core_flow": false, "missing_reuse_risk": false, "contains_pending_logic": false, "confirmed_fact_hits": [], "confirmed_fact_violations": [], "reuse_risk_hits": [], "pending_hits": [], "vague_or_unconfirmed_hits": [], "before_case_snapshot": {"id": "TC-036", "description": "拍照上传作业-连续拍摄7张照片验证不限制张数和3列网格缩略图多行展示", "test_module": "拍照对答案自评流程", "preconditions": ["督导端'查看答案前需拍照上传'开关为开启", "拍照弹窗已弹出", "已拍照片数为0，确认按钮置灰"], "steps": ["1. 连续点击'点击拍照上传'按钮拍摄7张照片", "2. 观察每张照片是否成功追加到缩略图列表", "3. 观察缩略图排列方式是否为3列网格（第1行3张、第2行3张、第3行1张）", "4. 观察计数是否显示'已拍7张'", "5. 观察确认按钮是否变为可点击", "6. 检查是否出现任何数量限制提示或报错"], "test_input": "连续拍摄7张照片（超出常规1-2张范围）", "expected_result": "1.7张照片全部成功追加到缩略图列表，无数量限制提示或报错；2.缩略图以3列网格展示：第1行3张、第2行3张、第3行1张，排列正确；3.计数准确显示'已拍7张'；4.每张照片均自动附加水印（学生ID+时间戳+课程名称）；5.确认按钮'已拍照，查看答案'从置灰变为可点击状态；6.无任何'最多只能拍N张'之类的限制提示", "priority": "P2", "model_priority_current": "P0", "model_priority": "P0", "legacy_priority": "P0", "priority_final": "P2", "priority_decision_state": "conflict_resolved", "priority_decision_source": "conflict_resolved_by_non_blocking_experience_rule", "priority_confidence": "medium", "priority_conflict_reason": "model=P0,suggested=P2", "priority_resolution_reason": "explicit_low_value_or_experience_case"}, "after_case_snapshot": {"id": "TC-036", "description": "拍照上传作业-连续拍摄7张照片验证不限制张数和3列网格缩略图多行展示", "test_module": "拍照对答案自评流程", "preconditions": ["督导端'查看答案前需拍照上传'开关为开启", "拍照弹窗已弹出", "已拍照片数为0，确认按钮置灰"], "steps": ["1. 连续点击'点击拍照上传'按钮拍摄7张照片", "2. 观察每张照片是否成功追加到缩略图列表", "3. 观察缩略图排列方式是否为3列网格（第1行3张、第2行3张、第3行1张）", "4. 观察计数是否显示'已拍7张'", "5. 观察确认按钮是否变为可点击", "6. 检查是否出现任何数量限制提示或报错"], "test_input": "连续拍摄7张照片（超出常规1-2张范围）", "expected_result": "1.7张照片全部成功追加到缩略图列表，无数量限制提示或报错；2.缩略图以3列网格展示：第1行3张、第2行3张、第3行1张，排列正确；3.计数准确显示'已拍7张'；4.每张照片均自动附加水印（学生ID+时间戳+课程名称）；5.确认按钮'已拍照，查看答案'从置灰变为可点击状态；6.无任何'最多只能拍N张'之类的限制提示", "priority": "P2", "model_priority_current": "P0", "model_priority": "P0", "legacy_priority": "P0", "priority_final": "P2", "priority_decision_state": "conflict_resolved", "priority_decision_source": "conflict_resolved_by_non_blocking_experience_rule", "priority_confidence": "medium", "priority_conflict_reason": "model=P0,suggested=P2", "priority_resolution_reason": "explicit_low_value_or_experience_case"}}, {"generation_id": 0, "request_id": "7e38a8b706b04b53bc1df03cff71f5a6", "case_id": "AUTO-CORE-FLOW", "judge_status": "REPAIRABLE", "reject_reason": "requires_typed_requirement_unit", "pending_reason": "", "signals": {"violates_confirmed_fact": false, "missing_core_flow": true, "missing_reuse_risk": false, "contains_pending_logic": false, "confirmed_fact_hits": [], "confirmed_fact_violations": [], "reuse_risk_hits": [], "pending_hits": [], "vague_or_unconfirmed_hits": []}, "violates_confirmed_fact": false, "missing_core_flow": true, "missing_reuse_risk": false, "contains_pending_logic": false, "confirmed_fact_hits": [], "confirmed_fact_violations": [], "reuse_risk_hits": [], "pending_hits": [], "vague_or_unconfirmed_hits": [], "before_case_snapshot": {}, "after_case_snapshot": {}}], "row_count": 4, "row_count_total": 4, "row_count_reject_pending": 0, "rows_scope": "all_when_no_reject_pending", "row_evidence_incomplete": false, "request_id": "7e38a8b706b04b53bc1df03cff71f5a6", "project_id": 8, "multi_pass": true, "generation_mode": "multi_pass"}
GEN_DIAG:{"kind": "review_decision_table", "generation_id": 0, "rows": [{"candidate_index": 1, "signature": "拍照对答案自评流程|拍照上传作业-连续拍摄7张照片验证不限制张数和3列网格缩略图多行展示|1.7张照片全部成功追加到缩略图列表，无数量限制提示或报错；2.缩略图以3列网格展示：第1行3张、第2行3张、第3行1张，排列正确；3.计数准确显示'已拍7张'；4.每张照片均自动附加水印（学生id+时间戳+课程名称）；5.确认按钮'已拍照，查看答案'从置灰变为可点击状态；6.无任何'最多只能拍n张'之类的限制提示|连续拍摄7张照片（超出常规1-2张范围）", "case_id": "TC-041", "description": "拍照上传作业-连续拍摄7张照片验证不限制张数和3列网格缩略图多行展示", "test_module": "拍照对答案自评流程", "expected_result": "1.7张照片全部成功追加到缩略图列表，无数量限制提示或报错；2.缩略图以3列网格展示：第1行3张、第2行3张、第3行1张，排列正确；3.计数准确显示'已拍7张'；4.每张照片均自动附加水印（学生ID+时间戳+课程名称）；5.确认按钮'已拍照，查看答案'从置灰变为可点击状态；6.无任何'最多只能拍N张'之类的限制提示", "flow_stage": "stage:对答案与自评", "flow_stage_label": "对答案与自评", "flow_rank": 19, "cross_cutting": [], "scenario_key": "stage:对答案与自评:statistics:obj:拍照_照对_对答", "is_scenario_duplicate": false, "duplicate_cluster_id": "", "duplicate_cluster_size": 0, "duplicate_of_case_id": "", "misordered_against_requirement_flow": false, "expected_result_quality": "assertable", "expected_result_quality_reason": "contains_concrete_assertion", "expected_result_alignment_warning": false, "truncated_text_detected": false, "case_quality": "valid_case", "invalid_case_reason": "", "invalid_case_signals": [], "rule_keys": [], "bucket": "拍照对答案自评流程|state", "adds_rule": false, "adds_bucket": false, "high_signal": true, "has_coverage_value": true, "retained_reason": "retained_due_to_coverage_value", "rerank_rank": 3, "focus_score": 1, "model_priority_current": "P2", "model_priority": "P2", "legacy_priority": "P2", "priority_final": "P1", "priority_decision_state": "decided", "priority_decision_source": "strong_p0_signal_guard", "priority_confidence": "medium", "priority_conflict_reason": "", "priority_resolution_reason": "priority_final_reflected_from_execution_plan", "priority_score": 0, "suggested_priority": "P2", "priority_reasons": ["structural_p2_low_value_signal", "coverage_gain_non_positive", "low_risk_only_covered_rules_penalty", "structural_display_mapping_penalty", "no_release_blocking_guard"], "selected_by_review_llm": true, "selected_by_review_must_keep": true, "selected_by_review_constraints": false, "review_constraint_reason": "", "review_llm_drop_reason_raw": "", "review_llm_drop_reason": "", "review_llm_drop_reason_resolved": "", "review_llm_drop_reason_source": "", "review_llm_drop_reason_evidence": {}, "has_positive_evidence": false, "has_coverage_signal": false, "has_high_signal": false, "has_competition_signal": false, "review_llm_filter_applied": false, "must_keep_candidate": true, "must_keep_reasons": ["priority_p0"], "selected_by_review_gate": true, "retained_final": true, "dropped_stage": "retained", "dropped_reason": "retained", "covered_rule_ids": ["RULE-007"], "missing_rule_hits": [], "core_rule_hits": [], "coverage_gain_score": -8, "reuse_risk_hit": false, "hit_must_cover_rule": false, "violates_forbidden_pattern": false, "hits_soft_constraint": false, "satisfies_quality_hint": false}, {"candidate_index": 2, "signature": "拍照对答案自评流程|拍照对答案自评流程-点击稍后再拍取消拍照返回做题页不保留照片|1.弹窗立即关闭，页面返回做题页面；2.学生端不保留、不展示任何已拍照片；3.再次点击'申请看答案'时弹出新的拍照弹窗，已拍照片计数为0，需重新拍摄|点击'稍后再拍'按钮（已拍2张照片状态下）", "case_id": "TC-034", "description": "拍照对答案自评流程-点击稍后再拍取消拍照返回做题页不保留照片", "test_module": "拍照对答案自评流程", "expected_result": "1.弹窗立即关闭，页面返回做题页面；2.学生端不保留、不展示任何已拍照片；3.再次点击'申请看答案'时弹出新的拍照弹窗，已拍照片计数为0，需重新拍摄", "flow_stage": "stage:对答案与自评", "flow_stage_label": "对答案与自评", "flow_rank": 19, "cross_cutting": [], "scenario_key": "stage:对答案与自评:filter_toggle:obj:拍照_照对_对答", "is_scenario_duplicate": false, "duplicate_cluster_id": "", "duplicate_cluster_size": 0, "duplicate_of_case_id": "", "misordered_against_requirement_flow": false, "expected_result_quality": "assertable", "expected_result_quality_reason": "contains_concrete_assertion", "expected_result_alignment_warning": true, "truncated_text_detected": false, "case_quality": "valid_case", "invalid_case_reason": "", "invalid_case_signals": [], "rule_keys": [], "bucket": "拍照对答案自评流程|state", "adds_rule": false, "adds_bucket": true, "high_signal": false, "has_coverage_value": false, "retained_reason": "retained_default", "rerank_rank": 1, "focus_score": 1, "model_priority_current": "P2", "model_priority": "P2", "legacy_priority": "P2", "priority_final": "P1", "priority_decision_state": "decided", "priority_decision_source": "strong_p0_signal_guard", "priority_confidence": "medium", "priority_conflict_reason": "", "priority_resolution_reason": "priority_final_reflected_from_execution_plan", "priority_score": 0, "suggested_priority": "P2", "priority_reasons": ["no_release_blocking_guard"], "selected_by_review_llm": true, "selected_by_review_must_keep": true, "selected_by_review_constraints": false, "review_constraint_reason": "", "review_llm_drop_reason_raw": "", "review_llm_drop_reason": "", "review_llm_drop_reason_resolved": "", "review_llm_drop_reason_source": "", "review_llm_drop_reason_evidence": {}, "has_positive_evidence": false, "has_coverage_signal": false, "has_high_signal": false, "has_competition_signal": false, "review_llm_filter_applied": false, "must_keep_candidate": true, "must_keep_reasons": ["priority_p0"], "selected_by_review_gate": true, "retained_final": true, "dropped_stage": "retained", "dropped_reason": "retained", "covered_rule_ids": [], "missing_rule_hits": [], "core_rule_hits": [], "coverage_gain_score": 0, "reuse_risk_hit": false, "hit_must_cover_rule": false, "violates_forbidden_pattern": false, "hits_soft_constraint": false, "satisfies_quality_hint": false}, {"candidate_index": 3, "signature": "拍照对答案自评流程|拍照对答案自评流程-直接访问对答案url绕过拍照弹窗被系统拦截|1.系统拦截未授权的直接访问请求；2.页面重定向至拍照弹窗，提示需先完成拍照上传；3.答案内容不展示，api不返回答案数据；4.学生必须完成拍照确认流程后才能正常进入对答案页面|直接访问对答案页面url（未经过拍照流程）", "case_id": "TC-036", "description": "拍照对答案自评流程-直接访问对答案URL绕过拍照弹窗被系统拦截", "test_module": "拍照对答案自评流程", "expected_result": "1.系统拦截未授权的直接访问请求；2.页面重定向至拍照弹窗，提示需先完成拍照上传；3.答案内容不展示，API不返回答案数据；4.学生必须完成拍照确认流程后才能正常进入对答案页面", "flow_stage": "stage:拍照", "flow_stage_label": "拍照流程", "flow_rank": 8, "cross_cutting": [], "scenario_key": "stage:拍照:filter_toggle:obj:拍照_照对_对答", "is_scenario_duplicate": false, "duplicate_cluster_id": "", "duplicate_cluster_size": 0, "duplicate_of_case_id": "", "misordered_against_requirement_flow": true, "expected_result_quality": "assertable", "expected_result_quality_reason": "contains_concrete_assertion", "expected_result_alignment_warning": false, "truncated_text_detected": false, "case_quality": "valid_case", "invalid_case_reason": "", "invalid_case_signals": [], "rule_keys": [], "bucket": "拍照对答案自评流程|happy", "adds_rule": false, "adds_bucket": true, "high_signal": false, "has_coverage_value": false, "retained_reason": "retained_default", "rerank_rank": 2, "focus_score": 0, "model_priority_current": "P0", "model_priority": "P0", "legacy_priority": "P0", "priority_final": "P0", "priority_decision_state": "decided", "priority_decision_source": "conflict_resolved_by_high_risk_business_rule", "priority_confidence": "medium", "priority_conflict_reason": "model=P0,suggested=P2", "priority_resolution_reason": "high_risk_guard_or_keyword", "priority_score": 0, "suggested_priority": "P2", "priority_reasons": ["cross_page_flow_hit", "no_release_blocking_guard"], "selected_by_review_llm": true, "selected_by_review_must_keep": true, "selected_by_review_constraints": false, "review_constraint_reason": "", "review_llm_drop_reason_raw": "", "review_llm_drop_reason": "", "review_llm_drop_reason_resolved": "", "review_llm_drop_reason_source": "", "review_llm_drop_reason_evidence": {}, "has_positive_evidence": false, "has_coverage_signal": false, "has_high_signal": false, "has_competition_signal": false, "review_llm_filter_applied": false, "must_keep_candidate": true, "must_keep_reasons": ["priority_p0"], "selected_by_review_gate": true, "retained_final": true, "dropped_stage": "retained", "dropped_reason": "retained", "covered_rule_ids": [], "missing_rule_hits": [], "core_rule_hits": [], "coverage_gain_score": 0, "reuse_risk_hit": false, "hit_must_cover_rule": false, "violates_forbidden_pattern": false, "hits_soft_constraint": false, "satisfies_quality_hint": false}, {"candidate_index": 4, "signature": "拍照对答案自评流程|拍照对答案自评流程-逐题标记未全部完成时提交按钮置灰不可操作|1.标记3道题时，底部'提交标记(对2/总5)'按钮置灰不可点击；2.标记4道题时按钮仍置灰，计数更新为(对2/总5)；3.全部5道题标记完成后，按钮变为可点击状态，显示'提交标记(对3/总5)'；4.点击后正常提交自评结果|部分标记（3/5题）→继续标记至全部完成（5/5题）", "case_id": "TC-035", "description": "拍照对答案自评流程-逐题标记未全部完成时提交按钮置灰不可操作", "test_module": "拍照对答案自评流程", "expected_result": "1.标记3道题时，底部'提交标记(对2/总5)'按钮置灰不可点击；2.标记4道题时按钮仍置灰，计数更新为(对2/总5)；3.全部5道题标记完成后，按钮变为可点击状态，显示'提交标记(对3/总5)'；4.点击后正常提交自评结果", "flow_stage": "stage:逐题标记即时反馈", "flow_stage_label": "逐题标记即时反馈", "flow_rank": 16, "cross_cutting": [], "scenario_key": "stage:逐题标记即时反馈:workflow_navigation:obj:拍照_照对_对答", "is_scenario_duplicate": false, "duplicate_cluster_id": "", "duplicate_cluster_size": 0, "duplicate_of_case_id": "", "misordered_against_requirement_flow": true, "expected_result_quality": "assertable", "expected_result_quality_reason": "contains_concrete_assertion", "expected_result_alignment_warning": true, "truncated_text_detected": false, "case_quality": "valid_case", "invalid_case_reason": "", "invalid_case_signals": [], "rule_keys": [], "bucket": "拍照对答案自评流程|state", "adds_rule": false, "adds_bucket": false, "high_signal": false, "has_coverage_value": false, "retained_reason": "", "rerank_rank": 4, "focus_score": 1, "model_priority_current": "P0", "model_priority": "P0", "legacy_priority": "P0", "priority_final": "P1", "priority_decision_state": "decided", "priority_decision_source": "model_p0_guard_downgrade", "priority_confidence": "high", "priority_conflict_reason": "", "priority_resolution_reason": "priority_final_reflected_from_execution_plan", "priority_score": 5, "suggested_priority": "P2", "priority_reasons": ["main_workflow_hit", "structural_p2_low_value_signal", "p2_cap_display_mapping_scenario", "no_release_blocking_guard", "p2_capped"], "selected_by_review_llm": true, "selected_by_review_must_keep": false, "selected_by_review_constraints": false, "review_constraint_reason": "", "review_llm_drop_reason_raw": "", "review_llm_drop_reason": "", "review_llm_drop_reason_resolved": "", "review_llm_drop_reason_source": "", "review_llm_drop_reason_evidence": {}, "has_positive_evidence": false, "has_coverage_signal": false, "has_high_signal": false, "has_competition_signal": false, "review_llm_filter_applied": false, "must_keep_candidate": false, "must_keep_reasons": [], "selected_by_review_gate": false, "retained_final": true, "dropped_stage": "review_gate", "dropped_reason": "drop_no_new_rule_no_new_bucket_no_high_signal", "covered_rule_ids": [], "missing_rule_hits": [], "core_rule_hits": [], "coverage_gain_score": 0, "reuse_risk_hit": false, "hit_must_cover_rule": false, "violates_forbidden_pattern": false, "hits_soft_constraint": false, "satisfies_quality_hint": false}], "row_count": 4, "row_count_total": 4, "request_id": "7e38a8b706b04b53bc1df03cff71f5a6", "project_id": 8, "multi_pass": true, "generation_mode": "multi_pass"}
GEN_DIAG:{"kind": "generation_quality_ledger", "generation_id": 0, "request_id": "7e38a8b706b04b53bc1df03cff71f5a6", "generation_mode": "multi_pass", "final_count": 10, "quality_assessment": "low", "initial_quality_score": 29, "quality_score": 29, "quality_score_grade": "critical", "quality_score_source": "backend_diagnostic_v1", "quality_score_basis": "coverage+review+judge+funnel+context", "quality_score_confidence": "high", "quality_score_deductions": [{"key": "coverage_gap", "label": "规则覆盖缺口", "count": 0.3333, "points": 11.67}, {"key": "missing_rules", "label": "未覆盖阻断规则", "count": 7, "points": 30.0}, {"key": "missing_boundary", "label": "缺少边界覆盖", "count": 1, "points": 2.0}, {"key": "flow_missing", "label": "流程缺失", "count": 20, "points": 25.0}, {"key": "scenario_duplicates", "label": "重复意图", "count": 1, "points": 2.25}], "quality_score_inputs": {"coverage_rate": 0.6667, "total_rules": 21, "missing_rules_count": 7, "final_count": 10, "candidate_total": 4, "retained_total": 4, "judge_total": 4, "rejected_count": 0, "raw_rejected_count": 0, "pending_count": 0, "raw_pending_count": 0, "semantic_duplicate_reject_count": 0, "filtered_semantic_duplicate_reject_count": 0, "filtered_pending_candidate_count": 0, "repairable_count": 0, "raw_repairable_count": 1, "repaired_pass_count": 0, "unrepaired_repairable_count": 1, "fact_profile_forbidden_count": 0, "fact_violation_count": 0, "raw_flow_missing_count": 20, "flow_missing_advisory_count": 0, "flow_missing_count": 20, "flow_misordered_count": 0, "scenario_duplicate_cluster_count": 1, "scenario_duplicate_case_count": 1, "low_quality_dropped_count": 0, "semantic_dedup_dropped_count": 0, "semantic_dedup_pressure_count": 0, "semantic_dedup_penalty_count": 0, "structure_metric_scope": "final_cases", "manual_quality_profile_applied": false, "manual_quality_profile_version": ""}, "manual_delivery": {"applied": false}, "stop_reason": ["stopped_due_to_diminishing_returns", "target_count_warning"], "coverage": {"coverage_rate": 0.6667, "total_rules": 21, "total_extracted_rules": 22, "missing_rules_count": 7, "missing_boundary_count": 1, "missing_exception_count": 0, "non_blocking_rules_count": 1}, "funnel": {"primary_count": 3, "gap_count": 1, "review_count": 3, "candidate_count_before_review": 4, "review_selected_count": 3, "post_review_dedup_drop": 0, "final_description_dedup_drop_count": 0, "total_dedup_drop_count": 0, "low_quality_dropped_count": 0, "low_quality_dropped_examples": [], "semantic_dedup_dropped_count": 0}, "review": {"candidate_total": 4, "retained_total": 4, "drop_by_review_llm_count": 0, "drop_by_review_gate_count": 0, "drop_by_post_review_dedup_count": 0, "drop_final_description_duplicate_count": 0, "flow_missing_stage_count": 20, "flow_misordered_count": 2, "final_flow_missing_stage_count": 20, "final_flow_misordered_count": 0, "scenario_duplicate_cluster_count": 0, "scenario_duplicate_case_count": 0, "final_scenario_duplicate_cluster_count": 1, "final_scenario_duplicate_case_count": 1, "fact_profile_forbidden_count": 0, "fact_profile_pending_count": 0}, "judge": {"total": 4, "rejected_out_count": 0, "pending_out_count": 0, "repairable_count": 0, "raw_repairable_count": 1, "repaired_pass_out_count": 0, "unrepaired_repairable_count": 1, "fact_violation_count": 0, "rejected_total": 0, "reason_clusters": {}, "dominant_reason": ""}, "context": {"snapshot_status": "success", "snapshot_used": true, "realtime_rag_used": true, "current_document_used": true, "fusion_mode": "snapshot+rag", "compression_ratio": 0.4916, "retained_chunk_count": 1}, "control": {"control_state_applied": true, "generation_coverage_mode": "standard_regression", "must_cover_rules_count": 0, "quality_fix_hints_count": 6}, "quality_remediation": {"kind": "quality_remediation", "quality_score": 29, "quality_score_grade": "critical", "action_count": 2, "primary_action": "cover_missing_rules", "actions": [{"action_id": "cover_missing_rules", "priority": "P0", "reason": "blocking_coverage_gap", "target_stage": "gap_or_final_quality_supplement", "evidence": {"missing_rules": ["RULE-002", "RULE-003", "RULE-004", "RULE-010", "RULE-011", "RULE-013", "RULE-019"], "missing_boundary": ["RULE-002"], "missing_exception": [], "coverage_rate": 0.6667}}, {"action_id": "repair_final_flow_structure", "priority": "P0", "reason": "final_flow_structure_invalid", "target_stage": "final_case_assembly", "evidence": {"final_flow_misordered_count": 0, "final_flow_missing_stage_count": 20, "raw_final_flow_missing_stage_count": 20}}], "next_run_controls": {"target_missing_rules": ["RULE-002", "RULE-003", "RULE-004", "RULE-010", "RULE-011", "RULE-013", "RULE-019"], "avoid_judge_reject_reasons": {}, "low_quality_dropped_count": 0, "semantic_dedup_penalty_count": 0}}, "case_quality_gate": {"kind": "case_quality_gate", "mode": "shadow", "passed": false, "blocked": false, "failure_reasons": ["quality_score_critical"], "metrics": {"final_count": 10, "min_acceptable_final": 4, "judge_rejected_count": 0, "final_scenario_duplicate_case_count": 1, "final_flow_misordered_count": 0, "reasoning_leak_count": 0, "role_mismatch_count": 0, "quality_score": 29, "quality_score_grade": "critical", "raw_judge_rejected_count": 0, "semantic_duplicate_reject_count": 0, "filtered_semantic_duplicate_reject_count": 0}}, "project_id": 8, "multi_pass": true}
GEN_DIAG:{"kind": "case_quality_gate", "mode": "shadow", "passed": false, "blocked": false, "failure_reasons": ["quality_score_critical"], "metrics": {"final_count": 10, "min_acceptable_final": 4, "judge_rejected_count": 0, "final_scenario_duplicate_case_count": 1, "final_flow_misordered_count": 0, "reasoning_leak_count": 0, "role_mismatch_count": 0, "quality_score": 29, "quality_score_grade": "critical", "raw_judge_rejected_count": 0, "semantic_duplicate_reject_count": 0, "filtered_semantic_duplicate_reject_count": 0}, "generation_id": 0, "request_id": "7e38a8b706b04b53bc1df03cff71f5a6", "project_id": 8, "multi_pass": true, "generation_mode": "multi_pass"}
GEN_DIAG:{"total_rules": 21, "total_extracted_rules": 22, "non_blocking_rules": ["RULE-001"], "covered_rules": ["RULE-005", "RULE-006", "RULE-007", "RULE-008", "RULE-009", "RULE-012", "RULE-014", "RULE-015", "RULE-016", "RULE-017", "RULE-018", "RULE-020", "RULE-021", "RULE-022"], "missing_rules": ["RULE-002", "RULE-003", "RULE-004", "RULE-010", "RULE-011", "RULE-013", "RULE-019"], "rule_diagnostics": [{"rule_id": "RULE-001", "rule_text": "整体结构调整", "biz_key": "unknown", "rule_level": "soft", "confidence": "low", "source_type": "ambiguous_fragment", "blocking": false, "non_blocking_reason": "short_fragment", "covered": false, "coverage_types": [], "missing_types": []}, {"rule_id": "RULE-002", "rule_text": "二、模块说明快问快答•可反复刷的模块,取历史最高分•中途退出不计分、不记录牛刀小试•可反复刷的模块,取历史最高分(可以重新进入,修改对错)•答错后触发相似题推荐出⻔测•可反复刷的模块,取历史最高分(可以重新进入,修改对错),选做•与基础巩固至少完成一个,才可进入后续流程•答错后触发相似题推荐基础巩固(ABS测试)•可反复刷的模块,取历史最高分(可以重新进入,修改对错),选做•本课未配置时不展示入口•答错后触发相似题推荐推荐练习(相似题)•牛刀小试、出⻔测、基础巩固答错后触发•最多 3 轮,每轮独立计分•某知识点全部答对后,停止推荐该知识点•需要进入错题本\\习题集错题\\课后报告", "biz_key": "unknown", "rule_level": "hard", "confidence": "high", "source_type": "confirmed_requirement", "blocking": true, "non_blocking_reason": "", "covered": false, "coverage_types": [], "missing_types": ["boundary", "happy"]}, {"rule_id": "RULE-003", "rule_text": "一、页面结构•顶部栏:返回按钮、课程标题、当前金币数、切换课程、打印•奖励进度条:本节课各阶段金币奖励可视化•左侧导航:课程步骤树 + 完成状态•主内容区:当前步骤的做题 / 视频 / 弹题内容", "biz_key": "unknown", "rule_level": "hard", "confidence": "high", "source_type": "confirmed_requirement", "blocking": true, "non_blocking_reason": "", "covered": false, "coverage_types": [], "missing_types": ["happy"]}, {"rule_id": "RULE-004", "rule_text": "三、左侧导航交互•交互调整:由 2 层折叠抽屉改为多层抽屉可展开•每个步骤卡片点击后向下展开该步骤对应的内容目录•展开时箭头旋转 180°,收起时复位•手⻛琴效果:同时只能展开一个步骤的内容目录•内容目录内部沿用之前的 2 层树形结构(知识点 →视频/练习项)增加拍照保存答案", "biz_key": "unknown", "rule_level": "hard", "confidence": "high", "source_type": "confirmed_requirement", "blocking": true, "non_blocking_reason": "", "covered": false, "coverage_types": [], "missing_types": ["happy"]}, {"rule_id": "RULE-005", "rule_text": "一、触发条件•学生点击\"申请看答案\"按钮时触发•若老师设置中\"学生提交作业需拍照\"为关闭:跳过拍照,直接进入对答案页面•若老师设置中该开关为开启:弹出拍照弹窗,必须完成拍照才能查看答案", "biz_key": "unknown", "rule_level": "hard", "confidence": "high", "source_type": "confirmed_requirement", "blocking": true, "non_blocking_reason": "", "covered": true, "coverage_types": ["boundary", "happy"], "missing_types": []}, {"rule_id": "RULE-006", "rule_text": "二、弹窗展示•弹窗标题:\"请先拍照上传作业\"•提示文案:\"为了保证学习效果,申请查看答案前请先拍摄你的作业照片(支持多张)\"•显示已拍照片计数:\"已拍 N 张\"•已拍照片区域:3 列网格缩略图展示(仅用于学生确认拍摄内容,拍完确认后不再展示)•拍照按钮:\"点击拍照上传\"•确认按钮:\"已拍照,查看答案\"(未拍时置灰)•取消按钮:\"稍后再拍\"", "biz_key": "unknown", "rule_level": "hard", "confidence": "high", "source_type": "confirmed_requirement", "blocking": true, "non_blocking_reason": "", "covered": true, "coverage_types": ["boundary", "happy"], "missing_types": []}, {"rule_id": "RULE-007", "rule_text": "三、拍照流程•点击拍照按钮:调用设备摄像头或生成模拟照片•每拍一张追加到缩略图列表,计数 +1•照片自动附加水印:学生 ID + 时间戳 + 课程名称•支持连续拍摄,不限制张数", "biz_key": "unknown", "rule_level": "hard", "confidence": "high", "source_type": "confirmed_requirement", "blocking": true, "non_blocking_reason": "", "covered": true, "coverage_types": ["boundary", "happy"], "missing_types": []}, {"rule_id": "RULE-008", "rule_text": "五、确认与取消(核心调整)•至少拍摄 1 张后,\"已拍照,查看答案\"按钮可点击•点击确认:◦照片立即上传至服务器,直接转发到督导端◦学生端弹出提示:\"照片已发送至督导端,老师可查看你的原始作业\"◦弹窗 2 秒后自动关闭,或点击\"知道了\"手动关闭◦学生端不保留、不展示任何已拍照片◦直接进入对答案页面•点击\"稍后再拍\":关闭弹窗,返回做题页面,不保存任何照片•拍照后未点确认直接关闭浏览器:照片未上传,下次需重新拍照", "biz_key": "unknown", "rule_level": "hard", "confidence": "high", "source_type": "confirmed_requirement", "blocking": true, "non_blocking_reason": "", "covered": true, "coverage_types": ["boundary", "happy"], "missing_types": []}, {"rule_id": "RULE-009", "rule_text": "二、学习进度控制按学习计划顺序学习•定义:开启后,学生只能按照学习计划中编排的内容和顺序进行学习,不能自主选择计划外的课程,也不能跳过节次•默认状态:关闭•开启效果:学习计划强制执行。学生必须完成当前节次的学习任务(视频、练习等)后,下一节才解锁。学生无法在课程列表中自选其他课程•关闭效果:学习计划仅作为参考。学生可在课程列表中自主选择任意课程,也可以跳过节次,不受计划顺序约束允许拖动视频进度条•定义:开启后,学生可在视频讲解中拖动进度条进行快进或回退•默认状态:开启•开启效果:学生可自由拖动视频进度条,跳转到任意时间点•关闭效果:视频只能按正常倍率顺序播放,进度条不可拖动,学生无法快进或随意跳转•注意:此设置仅控制进度条拖动,不影响倍速播放功能。倍速播放由学生端独立控制•适用场景:关闭后用于确保学生完整观看教学视频,避免跳过关键讲解环节", "biz_key": "unknown", "rule_level": "hard", "confidence": "high", "source_type": "confirmed_requirement", "blocking": true, "non_blocking_reason": "", "covered": true, "coverage_types": ["boundary", "happy"], "missing_types": []}, {"rule_id": "RULE-010", "rule_text": "开启效果:学生点击「查看答案」后,系统向", "biz_key": "unknown", "rule_level": "hard", "confidence": "high", "source_type": "confirmed_requirement", "blocking": true, "non_blocking_reason": "", "covered": false, "coverage_types": [], "missing_types": ["happy"]}, {"rule_id": "RULE-011", "rule_text": "开启效果:学生点击「查看答案」后,必须先", "biz_key": "unknown", "rule_level": "hard", "confidence": "high", "source_type": "confirmed_requirement", "blocking": true, "non_blocking_reason": "", "covered": false, "coverage_types": [], "missing_types": ["happy"]}, {"rule_id": "RULE-012", "rule_text": "才展示答案。照片直接发送至督导端,学生端", "biz_key": "unknown", "rule_level": "hard", "confidence": "high", "source_type": "confirmed_requirement", "blocking": true, "non_blocking_reason": "", "covered": true, "coverage_types": ["boundary", "happy"], "missing_types": []}, {"rule_id": "RULE-013", "rule_text": "仅显示「发送成功」提示,不保留、不展示照", "biz_key": "unknown", "rule_level": "hard", "confidence": "high", "source_type": "confirmed_requirement", "blocking": true, "non_blocking_reason": "", "covered": false, "coverage_types": [], "missing_types": ["happy"]}, {"rule_id": "RULE-014", "rule_text": "一、前置条件•学生已完成出⻔测纸上作答•点击\"申请看答案\"后展示此模块•已拍照上传(若老师开启拍照设置)", "biz_key": "unknown", "rule_level": "hard", "confidence": "high", "source_type": "confirmed_requirement", "blocking": true, "non_blocking_reason": "", "covered": true, "coverage_types": ["boundary", "happy"], "missing_types": []}, {"rule_id": "RULE-015", "rule_text": "二、页面展示•提示:\"对照答案,手动标记每道题的对错,标记一道就有金币奖励哦~\"•逐题展示:题号 + 正确答案(绿色字体)•每道题右侧两个按钮:\"我做对了 ✓\"(绿色)、\"我做错了  ✗ \"(红色)、解析、AI讲题•底部:\"提交标记 (对X/总Y)\" 按钮", "biz_key": "unknown", "rule_level": "hard", "confidence": "high", "source_type": "confirmed_requirement", "blocking": true, "non_blocking_reason": "", "covered": true, "coverage_types": ["happy"], "missing_types": []}, {"rule_id": "RULE-016", "rule_text": "二、轮次规则•最多 3 轮,每轮独立计分•每轮显示轮次指示器(第 1 轮 / 第 2 轮 / 第 3轮)•第 1 轮:同难度,第 2 轮:降低 1 级,第 3轮:降低 2 级•某知识点全部答对后,该知识点停止推荐,其他错题知识点继续", "biz_key": "unknown", "rule_level": "hard", "confidence": "high", "source_type": "confirmed_requirement", "blocking": true, "non_blocking_reason": "", "covered": true, "coverage_types": ["boundary", "happy"], "missing_types": []}, {"rule_id": "RULE-017", "rule_text": "三、做题流程•页面标题:\"举一反三练习题\"•提示文案:\"请在纸上完成以下练习题,全部做完后申请查看答案\"•每题标注\"针对出⻔测第 X 题(难度降低)\"•全部做完后点击\"申请看答案\",同出⻔测拍照逻辑", "biz_key": "unknown", "rule_level": "hard", "confidence": "high", "source_type": "confirmed_requirement", "blocking": true, "non_blocking_reason": "", "covered": true, "coverage_types": ["happy"], "missing_types": []}, {"rule_id": "RULE-018", "rule_text": "四、对答案与自评•同出⻔测对答案逻辑•显示\"相似题作业照片\"缩略图•逐题标记\"我做对了 / 我做错了\",即时反馈同出⻔测•全部标记后显示\"提交标记\"", "biz_key": "unknown", "rule_level": "hard", "confidence": "high", "source_type": "confirmed_requirement", "blocking": true, "non_blocking_reason": "", "covered": true, "coverage_types": ["boundary", "happy"], "missing_types": []}, {"rule_id": "RULE-019", "rule_text": "二、页面展示•中央大图标:金色奖杯动画,带发光效果•主标题:\"出⻔测阶段完成!\"(大号金色字体)•副标题:\"你认真对待每一道题的态度值得点赞✨ \"•金币卡片:显示本阶段获得金币总数(如 70 金币)•卡片下方标注:\"出⻔测阶段获得\"", "biz_key": "unknown", "rule_level": "hard", "confidence": "high", "source_type": "confirmed_requirement", "blocking": true, "non_blocking_reason": "", "covered": false, "coverage_types": [], "missing_types": ["happy"]}, {"rule_id": "RULE-020", "rule_text": "三、金币计算•本阶段金币 = 出⻔测做对题数对应金币 + 相似题加练做对题数对应金币•金币实时累加到顶部总金币数•进度条同步更新,显示\"再得 X 金币拿满奖励\"", "biz_key": "unknown", "rule_level": "hard", "confidence": "high", "source_type": "confirmed_requirement", "blocking": true, "non_blocking_reason": "", "covered": true, "coverage_types": ["happy"], "missing_types": []}, {"rule_id": "RULE-021", "rule_text": "五、后续流程•动画播放 2-3 秒后,底部渐显\"下一步\"按钮•点击后进入\"讲知识 & 错题\"步骤•若还有未完成的日清,左侧导航第六步显示待完成提示•左侧导航自动将\"出⻔测\"标记为完成,\"讲知识& 错题\"高亮为当前", "biz_key": "unknown", "rule_level": "hard", "confidence": "high", "source_type": "confirmed_requirement", "blocking": true, "non_blocking_reason": "", "covered": true, "coverage_types": ["boundary", "happy"], "missing_types": []}, {"rule_id": "RULE-022", "rule_text": "六、极限情况•动画播放时退出或刷新:直接显示静态结果页,金币已正常发放•重复刷新结果页:金币只发放一次,幂等处理•多个模块连续完成:每个模块独立触发庆祝,动画排队播放,不堆积课后报告+习题集错题流向•进入学生端错题本,包括推荐的相似题•进入督导端习题集全部错题•进入课后报告错题打包", "biz_key": "unknown", "rule_level": "hard", "confidence": "high", "source_type": "confirmed_requirement", "blocking": true, "non_blocking_reason": "", "covered": true, "coverage_types": ["happy"], "missing_types": []}], "coverage_rate": 0.6667, "missing_types": {"boundary": ["RULE-002"], "exception": []}, "kind": "coverage_check", "request_id": "7e38a8b706b04b53bc1df03cff71f5a6", "project_id": 8, "multi_pass": true, "generation_mode": "multi_pass"}

@@STATUS@@:生成结果未通过落库门禁: final_scenario_duplicates_above_threshold
Error: LOW_QUALITY_GENERATED_CASES: final_scenario_duplicates_above_threshold

===== append_10_after_duplicate_fix started 2026-07-14T17:38:51 =====
@@CONTEXT_DEBUG@@:{"snapshot_status": "success", "snapshot_ready": true, "snapshot_used": true, "snapshot_fallback_reason": "", "realtime_rag_used": true, "current_document_used": true, "snapshot_rebuild_triggered": false, "snapshot_rebuild_reason": "none"}
@@STATUS@@:snapshot gate result: gate_disabled_proceed (poll=0, elapsed_ms=0)
@@STATUS@@:preparing project snapshot context...
@@STATUS@@:snapshot ready and reusable -> using snapshot (reason=snapshot_success_and_hash_matched)
@@STATUS@@:precision retrieval enabled (explicit_precision_mode,generation_default_precision,keyword_triggered)
@@STATUS@@:hybrid fusion done: mode=snapshot+rag rag_chunks=1 tokens~2314
@@STATUS@@:current requirement blueprint applied (count=1,steps=6)
@@STATUS@@:[multi-pass] 阶段1/3 主生成开始...
@@STATUS@@:正在进行需求元分析 (Meta-Analysis)，识别系统类型与测试策略...
@@STATUS@@:分析完成 - 系统类型: Tablet + Web, 复杂度: High, 策略: {"functional": 0.65, "regression": 0.15, "non_functional": 0.2}...
@@STATUS@@:正在生成第 1/1 批次 (10 条) - 第 1 次尝试...
GEN_DIAG:{"kind": "prompt_context_intake", "diag_version": "1.0", "mode": "stream", "doc_type": "requirement", "compress": false, "project_id": 8, "request_id": "20f86aa628784dc9b482e2921abe5084", "batch_index": 1, "total_batches": 1, "attempt": 1, "expected_count": 10, "multi_pass": true, "generation_mode": "multi_pass", "model": "glm-5.1", "max_output_tokens": 10000, "max_tokens_semantics": "output_tokens", "current_biz_key": "unknown", "only_current_biz": false, "section_sizes": {"requirement_user": {"chars": 9464, "approx_tokens": 2366, "sha256_16": "29d26833ae12aa67", "noise_flags": []}, "kb_context": {"chars": 9259, "approx_tokens": 2314, "sha256_16": "d4cdc5a8be3d7990", "noise_flags": []}, "requirement_context": {"chars": 2457, "approx_tokens": 614, "sha256_16": "ad719b851d242616", "noise_flags": []}, "requirement_semantics_context": {"chars": 312, "approx_tokens": 78, "sha256_16": "b94786f6bb3003b2", "noise_flags": []}, "testcase_context": {"chars": 2652, "approx_tokens": 663, "sha256_16": "bce8209386ee0717", "noise_flags": []}, "supplement_context": {"chars": 329, "approx_tokens": 82, "sha256_16": "4e83209e22e23cb1", "noise_flags": []}, "control_context": {"chars": 2928, "approx_tokens": 732, "sha256_16": "3ac8c71d6e5fbfbb", "noise_flags": []}, "base_prompt": {"chars": 18785, "approx_tokens": 4696, "sha256_16": "cc809573e63cf563", "noise_flags": []}, "system_prompt": {"chars": 32405, "approx_tokens": 8101, "sha256_16": "a2eb90ea3c7a0f1c", "noise_flags": []}, "full_input": {"chars": 41869, "approx_tokens": 10467, "sha256_16": "251a2afbbba73a56", "noise_flags": []}}, "source_lanes": {"context_source": "snapshot+rag", "snapshot": {"used": true, "status": "success", "version": 37}, "rag": {"used": true, "chunk_count": 1, "final_status": "success", "retrieval_profile": {"profile_version": "2.5", "query_type": "process", "query_length": 1000, "rewrite_count": 1, "recall_lane_hits": {"original_raw": 5, "original_summary": 0, "rewrite_raw": 5, "rewrite_summary": 0, "keyword_docs": 42}, "raw_topk_scores": [0.875, 0.485, 0.485, 0.40279, 0.357441, 0.2725, 0.2725, 0.2725, 0.2725, 0.2725], "rerank_top_scores": [0.935, 0.43, 0.43, 0.42279, 0.382441, 0.291667, 0.2725, 0.2725, 0.270833, 0.270833], "final_chunk_count": 1, "final_doc_type_distribution": {"requirement": 1}, "compressed_before_chars": 3255, "compressed_after_chars": 1600, "snapshot_related_hit": false, "question_length": 1000, "lane_health": {"counts": {"original_raw": 5, "original_summary": 0, "rewrite_raw": 5, "rewrite_summary": 0, "keyword_docs": 42}, "reasons": {"original_raw": "ok", "original_summary": "no_hit", "rewrite_raw": "ok", "rewrite_summary": "no_hit", "keyword_docs": "ok"}, "topk": {"original_raw": 40, "original_summary": 20, "rewrite_raw": 20, "rewrite_summary": 10, "keyword_docs": 40}, "merged_count": 52, "deduped_count": 45}, "score_profile": {"rerank_top1": 0.935, "rerank_topk_avg": 0.3479832029220469, "selected_top1": 0.935, "selected_topk_avg": 0.935, "rerank_score_bands": {"gte_0_9": 1, "0_8_to_0_9": 0, "0_7_to_0_8": 0, "lt_0_7": 15}, "selected_score_bands": {"gte_0_9": 1, "0_8_to_0_9": 0, "0_7_to_0_8": 0, "lt_0_7": 0}}, "selection_profile": {"selected_count": 1, "kept_by_query_source": {"original": 1, "rewrite": 0, "unknown": 0}, "kept_by_chunk_source": {"raw": 1, "summary": 0, "unknown": 0}}, "stability": {"attempt_count": 1, "retry_triggered_count": 0, "retry_reasons": [], "final_status": "success", "final_failure_reason": ""}}}}, "rag_sources": [{"rank": 1, "doc_id": "238", "chunk_id": "238_0", "filename": "学习激励+错题推荐.pdf", "score": 0.935, "chars": 1200, "approx_tokens": 300, "sha256_16": "086a97471d9eade9", "preview": "学习激励+错题推荐\u0001 范围：初中数理化的标准化⾃习\u0001 整体结构调整\u0001 \u0001 \u0001 课中积分逻辑\u0001 ⼀、计分规则\u0001 • 每道题答对得\u00011\u0001分，答错得\u00010\u0001分\u0001 • 模块得分\u0001=\u0001该模块答对题数\u0001 • 每节课题量由题库配置决定，最⾼分各不相同\u0001 ⼆、模块说明\u0001 快问快答\u0001 • 可反复刷的模块，取历史最⾼分\u0001 • 中途退出...", "noise_flags": []}], "control": {"workflow_blueprint_count": 1, "generation_execution_plan_blueprint_count": 1, "generation_execution_plan_step_count": 6, "generation_execution_plan_in_context": true, "generation_execution_independent_suite_order": ["permission/security", "exception/recovery", "boundary/state rollback", "independent functional", "UI/display"], "must_cover_rules_count": 0, "quality_fix_hints_count": 6, "fact_profile_source": "requirement_semantics", "fact_profile_confidence": 0.75, "fact_profile_confirmed_count": 5, "fact_profile_pending_count": 0, "fact_profile_forbidden_count": 0, "scoped_rules_count": 0, "hard_flow_constraints_count": 3, "reuse_risks_count": 0}, "requirement_understanding": {"present": true, "visual_fact_count": 4, "invalid_visual_block_count": 0, "aligned_evidence_count": 4}, "business_scope": {"biz_key_order": ["unknown"], "module_order_hint": ["拍照对答案自评流程", "拍照对答案自评流程-拍照上传作业", "拍照对答案自评流程-逐题标记对错", "拍照对答案自评流程-提交自评结果", "权限/安全-督导端答案查看控制", "权限/安全-督导端答案查看组合控制", "异常/恢复-拍照中断恢复", "异常/恢复-对答案断网恢复", "异常/恢复-对答案刷新恢复", "边界/状态回退-流程解锁条件", "边界/状态回退-基础巩固入口显隐", "边界/状态回退-最高分计算", "边界/状态回退-模块中途退出", "拍照对答案自评流程-相似题推荐轮次", "课后报告+习题集-错题流向", "错题推荐练习-触发条件", "课中积分逻辑-模块说明", "课中学习交互-奖励进度条", "课中学习交互-左侧导航", "独立功能-督导端视频进度控制"], "module_order_source": "reference_cases", "requirement_semantics_by_biz": [{"biz_key": "unknown", "confirmed_facts_count": 5, "scoped_rules_count": 0, "pending_items_count": 0, "forbidden_facts_count": 0, "reuse_risks_count": 0}]}, "noise_summary": {"section_noise_flags": {}, "rag_source_noise_flags": {}}, "risk_flags": []}
```json
[
  {
    "id": "TC-034",
    "description": "拍照对答案自评流程-边界验证-全部标记做错时积分0分所有题入错题本且触发全部知识点相似题推荐",
    "test_module": "拍照对答案自评流程",
    "preconditions": [
      "学生已完成出门测纸上作答",
      "已拍照上传并进入对答案页面",
      "出门测共5题，涉及2个知识点"
    ],
    "steps": [
      "逐题标记所有5道题为'我做错了✗'",
      "观察每题即时反馈（柔和红色提示+鼓励文案+金币+1）",
      "点击'提交标记(对0/总5)'按钮",
      "查看积分计算结果",
      "查看错题本记录",
      "观察是否触发相似题推荐及覆盖的知识点范围"
    ],
    "test_input": "5题全部标记做错",
    "expected_result": "模块积分=0分（答对题数×1分=0×1=0），5道题全部加入错题本，相似题推荐入口出现且覆盖5道错题对应的全部2个知识点",
    "priority": "P1"
  },
  {
    "id": "TC-035",
    "description": "拍照对答案自评流程-边界验证-未全部标记题目时提交按钮置灰且计数随标记进度更新",
    "test_module": "拍照对答案自评流程",
    "preconditions": [
      "学生已完成出门测纸上作答",
      "已拍照上传并进入对答案页面",
      "出门测共5题"
    ],
    "steps": [
      "仅标记前3道题的对错，剩余2道未标记",
      "观察底部'提交标记'按钮状态和计数显示(对X/总5)",
      "标记第4道题",
      "观察按钮状态和计数变化(对X/总5)",
      "标记全部5道题",
      "观察按钮变为可点击状态及最终计数(对X/总5)"
    ],
    "test_input": "逐步标记：3/5→4/5→5/5",
    "expected_result": "未全部标记时提交按钮置灰不可点击，计数(对X/总Y)随每道题标记实时更新；全部5题标记完成后按钮变为可点击状态且计数显示正确的对题数与总题数",
    "priority": "P1"
  },
  {
    "id": "TC-036",
    "description": "拍照对答案自评流程-安全验证-确认上传后学生端本地无照片数据残留",
    "test_module": "拍照对答案自评流程",
    "preconditions": [
      "督导端'查看答案前需拍照上传'开关开启",
      "学生点击'申请看答案'进入拍照弹窗",
      "已拍摄2张照片并可见缩略图"
    ],
    "steps": [
      "点击'已拍照，查看答案'确认按钮",
      "观察提示弹窗内容'照片已发送至督导端，老师可查看你的原始作业'",
      "关闭提示弹窗（2秒自动关闭或点击'知道了'）",
      "进入对答案页面后检查页面是否展示任何已拍照片缩略图",
      "检查浏览器本地存储/缓存/IndexedDB中是否保留照片文件数据",
      "返回做题页面或刷新页面，确认无任何照片残留展示"
    ],
    "test_input": "拍照2张后点击确认上传",
    "expected_result": "确认后学生端页面不展示任何已拍照片缩略图，浏览器本地存储和缓存中无照片文件残留，仅显示'照片已发送至督导端'提示后直接进入对答案页面，照片数据仅存在于服务器端并转发至督导端",
    "priority": "P1"
  },
  {
    "id": "TC-037",
    "description": "拍照对答案自评流程-边界验证-删除所有已拍照片后确认按钮置灰计数归零",
    "test_module": "拍照对答案自评流程",
    "preconditions": [
      "督导端'查看答案前需拍照上传'开关开启",
      "学生点击'申请看答案'进入拍照弹窗",
      "已拍摄3张照片，计数显示'已拍3张'，确认按钮可点击"
    ],
    "steps": [
      "点击第1张缩略图右上角'×'删除按钮",
      "观察计数更新为'已拍2张'及确认按钮仍可点击",
      "点击第2张缩略图'×'删除按钮",
      "观察计数更新为'已拍1张'及确认按钮仍可点击",
      "点击第3张缩略图'×'删除按钮",
      "观察计数归零显示'已拍0张'及确认按钮状态变化"
    ],
    "test_input": "逐张删除全部3张照片",
    "expected_result": "每删除一张后计数相应减1（3→2→1→0），已删除照片从缩略图列表移除；删除至0张时计数显示'已拍0张'，确认按钮'已拍照，查看答案'重新置灰不可点击，需重新拍摄至少1张才可确认",
    "priority": "P1"
  }
]
```GEN_DIAG:{"kind": "stream_batch_token_usage", "project_id": 8, "request_id": "20f86aa628784dc9b482e2921abe5084", "current_biz_key": "unknown", "multi_pass": true, "generation_mode": "multi_pass", "batch_index": 1, "total_batches": 1, "attempt": 1, "requested_count": 10, "input_tokens": null, "output_tokens": null, "total_tokens": null, "token_source": "unavailable", "token_unavailable_reason": "provider_usage_estimated", "estimate_method": "chars_div_4", "model": "glm-5.1", "duration_ms": 156071, "response_chars": 2330, "attempt_status": "received", "provider_error": ""}

GEN_DIAG:{"kind": "stream_batch_quality", "project_id": 8, "request_id": "20f86aa628784dc9b482e2921abe5084", "current_biz_key": "unknown", "multi_pass": true, "generation_mode": "multi_pass", "batch_index": 1, "new_valid_cases_count": 4, "duplicate_rate": 0.0, "non_assertable_count": 0, "low_quality_filtered_count": 0, "coverage_gain_count": 4, "low_gain_detected": false, "low_gain_streak": 0}
@@STATUS@@:[multi-pass] Stage 2/3 gap supplement started...
@@STATUS@@:Gap supplement attempt #1...
```json
[
  {
    "id": "TC-038",
    "description": "拍照确认上传时网络异常-上传失败后照片保留弹窗不关闭可重试",
    "test_module": "拍照对答案自评流程",
    "preconditions": [
      "督导端'查看答案前需拍照上传'开关开启",
      "学生点击'申请看答案'进入拍照弹窗",
      "已拍摄2张照片，计数显示'已拍2张'",
      "网络连接正常"
    ],
    "steps": [
      "1. 点击'已拍照，查看答案'确认按钮",
      "2. 在照片上传过程中模拟网络断开（如断网或服务器超时）",
      "3. 观察上传失败后的弹窗状态和提示",
      "4. 恢复网络连接",
      "5. 再次点击'已拍照，查看答案'确认按钮",
      "6. 观察上传成功后的流程"
    ],
    "test_input": "确认上传时网络中断后恢复重试",
    "expected_result": "上传失败时弹窗不关闭，已拍摄的2张照片缩略图仍保留在列表中，计数仍显示'已拍2张'，显示上传失败提示（如'网络异常，请重试'），确认按钮仍可点击；网络恢复后再次点击确认，照片成功上传至服务器并转发督导端，弹窗关闭进入对答案页面",
    "priority": "P0"
  },
  {
    "id": "TC-039",
    "description": "拍照弹窗中摄像头调用失败或权限被拒-显示错误提示不关闭弹窗可稍后重试",
    "test_module": "拍照对答案自评流程",
    "preconditions": [
      "督导端'查看答案前需拍照上传'开关开启",
      "学生点击'申请看答案'进入拍照弹窗",
      "设备摄像头权限被拒绝或摄像头不可用",
      "已拍照片数为0"
    ],
    "steps": [
      "1. 点击'点击拍照上传'按钮",
      "2. 观察摄像头调用失败后的弹窗状态和提示",
      "3. 点击'稍后再拍'按钮",
      "4. 观察弹窗关闭和返回页面",
      "5. 重新点击'申请看答案'再次进入拍照弹窗",
      "6. 授权摄像头权限后点击'点击拍照上传'",
      "7. 观察拍照是否正常"
    ],
    "test_input": "摄像头权限被拒绝后点击拍照上传",
    "expected_result": "摄像头调用失败时拍照弹窗不关闭，显示摄像头不可用的错误提示（如'无法访问摄像头，请检查权限设置'），已拍照片计数仍为0，确认按钮置灰，'稍后再拍'按钮仍可点击；点击'稍后再拍'后弹窗关闭返回做题页面不保存任何照片；重新授权后可正常拍照",
    "priority": "P1"
  }
]
```@@STATUS@@:Gap supplement attempt #2...
```json
[
  {
    "id": "TC-038",
    "description": "拍照确认上传时网络中断-上传失败后照片缩略图保留可重试上传不丢失",
    "test_module": "拍照对答案自评流程",
    "preconditions": ["督导端'查看答案前需拍照上传'开关开启", "学生点击'申请看答案'进入拍照弹窗", "已拍摄2张照片，计数显示'已拍2张'", "确认按钮可点击", "将在点击确认上传时模拟网络中断"],
    "steps": ["1. 点击'已拍照，查看答案'确认按钮", "2. 模拟网络中断导致照片上传请求失败", "3. 观察学生端提示信息和照片缩略图状态", "4. 确认缩略图中2张照片是否仍在、计数是否仍为'已拍2张'", "5. 网络恢复后再次点击'已拍照，查看答案'确认按钮", "6. 观察上传是否成功及进入对答案页面"],
    "test_input": "确认上传时网络中断后恢复重试",
    "expected_result": "上传失败时学生端提示上传失败（待确认具体提示文案），缩略图中2张照片仍可见未丢失，计数仍为'已拍2张'，确认按钮仍可点击允许重试上传；网络恢复后再次点击确认按钮上传成功，弹出'照片已发送至督导端，老师可查看你的原始作业'提示，弹窗2秒后自动关闭，学生端不保留不展示任何已拍照片，直接进入对答案页面",
    "priority": "P0"
  },
  {
    "id": "TC-039",
    "description": "拍照设备不可用-摄像头权限被拒绝或设备异常时无法拍摄提示错误且确认按钮置灰",
    "test_module": "拍照对答案自评流程",
    "preconditions": ["督导端'查看答案前需拍照上传'开关开启", "学生点击'申请看答案'进入拍照弹窗", "设备摄像头权限被拒绝或摄像头硬件不可用"],
    "steps": ["1. 点击'点击拍照上传'按钮尝试调用摄像头", "2. 观察摄像头不可用时的系统提示信息", "3. 观察缩略图列表是否为空", "4. 观察计数是否保持'已拍0张'", "5. 观察确认按钮'已拍照，查看答案'是否置灰不可点击", "6. 点击'稍后再拍'按钮关闭弹窗"],
    "test_input": "摄像头不可用时尝试拍照",
    "expected_result": "点击拍照按钮后系统提示摄像头不可用或权限被拒绝（待确认具体提示文案和是否提供相册选择替代），无法拍摄照片，缩略图列表为空，计数保持'已拍0张'，确认按钮置灰不可点击，学生无法绕过拍照直接查看答案；点击'稍后再拍'关闭弹窗返回做题页面，不保存任何照片数据",
    "priority": "P0"
  },
  {
    "id": "TC-040",
    "description": "提交标记时服务器返回错误响应-标记数据本地保留提示失败可重试提交",
    "test_module": "拍照对答案自评流程",
    "preconditions": ["学生已完成出门测纸上作答", "已拍照上传并进入对答案页面", "已逐题标记完所有5道出门测题目（3对2错）", "网络连接正常但服务器将在提交请求时返回错误响应"],
    "steps": ["1. 点击底部'提交标记(对3/总5)'按钮", "2. 模拟服务器返回500错误响应", "3. 观察学生端提示信息", "4. 观察标记数据是否本地保留（刷新页面验证3对2错状态）", "5. 服务器恢复正常后再次点击'提交标记'按钮", "6. 观察提交是否成功及积分计算结果"],
    "test_input": "服务器错误响应后重试提交标记",
    "expected_result": "服务器返回错误时学生端提示提交失败（待确认具体提示文案），标记数据本地保留不丢失，刷新页面后3对2错标记状态完整恢复；服务器恢复正常后再次点击提交按钮提交成功，统计答对题数3计算积分3分（3×1分），2道错题加入错题本、习题集错题、课后报告",
    "priority": "P1"
  }
]
```@@STATUS@@:Gap supplement stopped after 2 no-gain attempts.
@@STATUS@@:[multi-pass] Stage 3/3 review selection started...
GEN_DIAG:{"kind": "persistence_gate", "passed": true, "gate_mode": "enforce", "blocked": false, "failure_code": "", "quality_would_block": false, "quality_would_warn": false, "quality_soft_failures": [], "quality_hard_failures": [], "execution_plan_would_block": false, "quality_gate": {"passed": true, "failed_checks": [], "priority_final_null_count": 0, "invalid_priority_final_count": 0, "invalid_priority_final_case_ids": [], "non_assertable_expected_result_count": 0, "truncated_text_count": 0, "non_assertable_case_ids": [], "truncated_case_ids": [], "metrics": {"persistable_case_count": 36, "persistable_required_field_missing_count": 0, "persistable_priority_final_invalid_count": 0, "persistable_reasoning_leakage_count": 0, "final_count": 7, "min_acceptable_final": 4, "judge_rejected_count": 0, "final_scenario_duplicate_case_count": 0, "final_flow_misordered_count": 0, "reasoning_leak_count": 0, "role_mismatch_count": 0}, "persistable_required_field_missing_case_ids": [], "persistable_priority_final_invalid_case_ids": [], "persistable_reasoning_leakage_case_ids": []}, "execution_plan_validation": {"passed": true, "failure_code": "", "failure_reasons": [], "generation_mode": "multi_pass", "metrics": {"final_case_count": 36, "main_smoke_count": 6, "p0_count": 16, "state_field_coverage": 1.0, "workflow_id_missing_count": 0, "workflow_id_missing_rate": 0.0, "state_conflict_count": 0, "semantic_conflict_count": 0, "execution_group_order_conflict_count": 0, "linear_executable": true, "workflow_blueprint_count": 1, "trusted_workflow_contract_count": 0, "current_requirement_blueprint_count": 1, "untrusted_workflow_blueprint_count": 1, "workflow_contract_source_types": [], "workflow_blueprint_source": "current_requirement_blueprint", "current_requirement_blueprint_allowed": true, "candidate_blueprint_without_contract_allowed": false, "main_chain_stage_kinds": ["downstream_visibility", "downstream_visibility", "completion_sync", "commit", "commit", "downstream_visibility"], "commit_step_count": 2, "downstream_or_completion_step_count": 4, "commit_downstream_completion_closed": true}, "state_conflicts": [], "semantic_conflicts": [], "execution_group_order_conflicts": []}, "request_id": "20f86aa628784dc9b482e2921abe5084", "project_id": 8}
GEN_DIAG:{"kind": "generation_execution_suite", "generation_id": 515, "project_id": 8, "request_id": "20f86aa628784dc9b482e2921abe5084", "source": "persistence_gate_pre_projection", "case_count": 36, "execution_readiness": "partial", "execution_suite": {"kind": "execution_suite", "version": "execution-suite-v1", "case_count": 36, "suite_count": 7, "runnable_suite_count": 6, "linear_executable": true, "execution_readiness": "partial", "main_suite_id": "main_smoke_chain", "metadata_quality": {"complete_execution_metadata": true, "has_any_execution_metadata": true, "field_counts": {"execution_group": 36, "execution_sequence": 36, "role": 36, "session_key": 36}, "missing_dependency_count": 1}, "warnings": ["存在 1 个缺失依赖引用"], "suites": [{"suite_id": "main_smoke_chain", "suite_name": "主链路冒烟", "execution_group": "main_smoke", "run_mode": "sequential", "group_setup": "seed_workflow_blueprint_dataset()", "group_teardown": "cleanup_workflow_blueprint_dataset()", "case_count": 6, "roles": ["student"], "fixture_keys": ["workflow_blueprint_chain_seed"], "missing_dependencies": [], "runnable": true, "warnings": [], "cases": [{"case_id": "TC-001", "suite_order": 1, "execution_sequence": 1, "description": "申请查看答案", "test_module": "拍照对答案自评流程", "priority": "P0", "role": "student", "session_key": "student_session", "depends_on": [], "fixture_key": "workflow_blueprint_chain_seed", "setup_hint": "组级准备：seed_workflow_blueprint_dataset()；然后执行本主链路首个用例", "teardown_hint": "主链路末尾执行清理；中间步骤不清理，供下一条用例复用状态", "preconditions": ["已具备执行“申请查看答案”的前置业务状态"], "steps": ["点击申请看答案按钮"], "test_input": "点击申请看答案按钮", "expected_result": "申请查看答案完成，目标页面打开并展示可操作内容", "source_state": "initial", "target_state": "photo_popup", "action": "点击申请看答案按钮", "transition_action": "点击申请看答案按钮", "runnable": true}, {"case_id": "TC-002", "suite_order": 2, "execution_sequence": 2, "description": "拍照上传作业-拍摄一张照片后缩略图追加计数+1水印附加", "test_module": "拍照对答案自评流程-拍照上传作业", "priority": "P0", "role": "student", "session_key": "student_session", "depends_on": ["TC-001"], "fixture_key": "workflow_blueprint_chain_seed", "setup_hint": "依赖 TC-001 的执行结果：申请查看答案完成，目标页面打开并展示可操作内容", "teardown_hint": "主链路末尾执行清理；中间步骤不清理，供下一条用例复用状态", "preconditions": ["拍照弹窗已弹出", "已拍照片数为0"], "steps": ["1. 点击「点击拍照上传」按钮调用摄像头", "2. 完成拍摄一张照片"], "test_input": "拍摄1张照片", "expected_result": "缩略图列表新增1张照片，计数显示「已拍1张」，照片自动附加水印包含学生ID+时间戳+课程名称，确认按钮变为可点击状态", "source_state": "photo_popup", "target_state": "photo_uploaded", "action": "1. 点击「点击拍照上传」按钮调用摄像头", "transition_action": "拍照上传手写作业照片", "runnable": true}, {"case_id": "TC-003", "suite_order": 3, "execution_sequence": 3, "description": "逐题标记对错-标记做错即时反馈红色提示金币+1鼓励诚实", "test_module": "拍照对答案自评流程-逐题标记对错", "priority": "P0", "role": "student", "session_key": "student_session", "depends_on": ["TC-002"], "fixture_key": "workflow_blueprint_chain_seed", "setup_hint": "依赖 TC-002 的执行结果：缩略图列表新增1张照片，计数显示「已拍1张」，照片自动附加水印包含学生ID+时间戳+课程名称，确认按钮变为可点击状态", "teardown_hint": "主链路末尾执行清理；中间步骤不清理，供下一条用例复用状态", "preconditions": ["已进入对答案页面", "第2题正确答案已展示"], "steps": ["1. 点击第2题「我做错了 ✗」按钮"], "test_input": "标记第2题做错", "expected_result": "出现柔和红色提示+随机鼓励文案（如「没关系，加练一下就掌握🌟」），金币+1（鼓励诚实），右上角金币数字跳动更新，底部提交标记按钮计数更新为(对X/总Y)，该题标记为错题", "source_state": "photo_uploaded", "target_state": "marking_done", "action": "1. 点击第2题「我做错了 ✗」按钮", "transition_action": "逐题标记我做对或做错", "runnable": true}, {"case_id": "TC-004", "suite_order": 4, "execution_sequence": 4, "description": "确认标记结果", "test_module": "拍照对答案自评流程", "priority": "P0", "role": "student", "session_key": "student_session", "depends_on": ["TC-003"], "fixture_key": "workflow_blueprint_chain_seed", "setup_hint": "依赖 TC-003 的执行结果：出现柔和红色提示+随机鼓励文案（如「没关系，加练一下就掌握🌟」），金币+1（鼓励诚实），右上角金币数字跳动更新，底部提交标记按钮计数更新为(对X/总Y)，该题标记为错题", "teardown_hint": "主链路末尾执行清理；中间步骤不清理，供下一条用例复用状态", "preconditions": ["已具备执行“确认标记结果”的前置业务状态"], "steps": ["核对标记并准备提交"], "test_input": "核对标记并准备提交", "expected_result": "确认标记结果完成，预览内容展示当前配置结果", "source_state": "marking_done", "target_state": "ready_submit", "action": "核对标记并准备提交", "transition_action": "核对标记并准备提交", "runnable": true}, {"case_id": "TC-005", "suite_order": 5, "execution_sequence": 5, "description": "提交自评结果-提交时统计答对题数计算积分错题加入错题本", "test_module": "拍照对答案自评流程-提交自评结果", "priority": "P0", "role": "student", "session_key": "student_session", "depends_on": ["TC-004"], "fixture_key": "workflow_blueprint_chain_seed", "setup_hint": "依赖 TC-004 的执行结果：确认标记结果完成，预览内容展示当前配置结果", "teardown_hint": "主链路末尾执行清理；中间步骤不清理，供下一条用例复用状态", "preconditions": ["已逐题标记完所有5道出门测题目", "标记结果：3对2错"], "steps": ["1. 点击底部「提交标记(对3/总5)」按钮"], "test_input": "提交标记结果", "expected_result": "统计答对题数为3，计算积分3分（3×1分），2道错题加入错题本、习题集错题、课后报告，出门测模块得分记录为3分", "source_state": "ready_submit", "target_state": "submitted", "action": "1. 点击底部「提交标记(对3/总5)」按钮", "transition_action": "提交标记并计算积分", "runnable": true}, {"case_id": "TC-006", "suite_order": 6, "execution_sequence": 6, "description": "触发相似题推荐", "test_module": "拍照对答案自评流程", "priority": "P0", "role": "student", "session_key": "student_session", "depends_on": ["TC-005"], "fixture_key": "workflow_blueprint_chain_seed", "setup_hint": "依赖 TC-005 的执行结果：统计答对题数为3，计算积分3分（3×1分），2道错题加入错题本、习题集错题、课后报告，出门测模块得分记录为3分", "teardown_hint": "主链路末尾执行清理；中间步骤不清理，供下一条用例复用状态", "preconditions": ["已具备执行“触发相似题推荐”的前置业务状态"], "steps": ["错题触发相似题推荐练习"], "test_input": "错题触发相似题推荐练习", "expected_result": "触发相似题推荐完成，下游页面展示最新业务结果", "source_state": "submitted", "target_state": "recommend_triggered", "action": "错题触发相似题推荐练习", "transition_action": "错题触发相似题推荐练习", "runnable": true}]}, {"suite_id": "permission_independent", "suite_name": "权限与鉴权", "execution_group": "permission", "run_mode": "isolated", "group_setup": "seed_permission_state_dataset()", "group_teardown": "reset_permission_state_dataset()", "case_count": 2, "roles": ["supervisor"], "fixture_keys": ["permission_state_dataset"], "missing_dependencies": [], "runnable": true, "warnings": [], "cases": [{"case_id": "TC-007", "suite_order": 1, "execution_sequence": 7, "description": "督导端设置-查看答案需老师同意开关开启后学生申请需审批", "test_module": "权限/安全-督导端答案查看控制", "priority": "P0", "role": "supervisor", "session_key": "supervisor_session", "depends_on": [], "fixture_key": "permission_state_dataset", "setup_hint": "独立准备：督导端「查看答案需老师同意」开关为开启；「查看答案前需拍照上传」开关为关闭", "teardown_hint": "执行后恢复本用例改动的数据，避免影响其他独立用例", "preconditions": ["督导端「查看答案需老师同意」开关为开启", "「查看答案前需拍照上传」开关为关闭"], "steps": ["1. 学生点击「查看答案」", "2. 观察审批请求发送", "3. 老师未同意前学生尝试查看答案"], "test_input": "学生申请查看答案", "expected_result": "系统向老师发送审批请求，老师同意前学生无法看到答案内容，学生端显示等待审批状态", "source_state": "", "target_state": "", "action": "1. 学生点击「查看答案」", "transition_action": "1. 学生点击「查看答案」", "runnable": true}, {"case_id": "TC-008", "suite_order": 2, "execution_sequence": 8, "description": "督导端设置-两个开关都开启时申请→老师同意→拍照上传→查看答案", "test_module": "权限/安全-督导端答案查看组合控制", "priority": "P0", "role": "supervisor", "session_key": "supervisor_session", "depends_on": [], "fixture_key": "permission_state_dataset", "setup_hint": "独立准备：督导端「查看答案需老师同意」开关为开启；督导端「查看答案前需拍照上传」开关为开启", "teardown_hint": "执行后恢复本用例改动的数据，避免影响其他独立用例", "preconditions": ["督导端「查看答案需老师同意」开关为开启", "督导端「查看答案前需拍照上传」开关为开启"], "steps": ["1. 学生点击「查看答案」发起申请", "2. 老师同意审批", "3. 学生端弹出拍照弹窗", "4. 学生完成拍照并确认", "5. 进入对答案页面"], "test_input": "两个开关都开启的完整流程", "expected_result": "流程顺序为：申请→老师同意→拍照上传→查看答案，管理强度最高，每个环节必须依次完成才能查看答案", "source_state": "", "target_state": "", "action": "1. 学生点击「查看答案」发起申请", "transition_action": "1. 学生点击「查看答案」发起申请", "runnable": true}]}, {"suite_id": "exception_independent", "suite_name": "异常与失败路径", "execution_group": "exception", "run_mode": "isolated", "group_setup": "enable_fault_injection_for_case()", "group_teardown": "disable_fault_injection()", "case_count": 3, "roles": ["business_user"], "fixture_keys": ["fault_injection_case"], "missing_dependencies": [], "runnable": true, "warnings": [], "cases": [{"case_id": "TC-009", "suite_order": 1, "execution_sequence": 9, "description": "拍照后未点确认直接关闭浏览器下次需重新拍照", "test_module": "异常/恢复-拍照中断恢复", "priority": "P0", "role": "business_user", "session_key": "business_user_session", "depends_on": [], "fixture_key": "fault_injection_case", "setup_hint": "独立准备：已拍摄2张照片但未点击确认按钮", "teardown_hint": "执行后恢复本用例改动的数据，避免影响其他独立用例", "preconditions": ["已拍摄2张照片但未点击确认按钮"], "steps": ["1. 直接关闭浏览器", "2. 重新打开浏览器进入出门测", "3. 点击「申请看答案」"], "test_input": "关闭浏览器后重新进入", "expected_result": "照片未上传服务器，重新进入后需重新拍照，之前拍摄的2张照片不会保留，拍照弹窗计数为0，确认按钮置灰", "source_state": "", "target_state": "", "action": "1. 直接关闭浏览器", "transition_action": "1. 直接关闭浏览器", "runnable": true}, {"case_id": "TC-010", "suite_order": 2, "execution_sequence": 10, "description": "断网时本地保存标记状态恢复后自动提交", "test_module": "异常/恢复-对答案断网恢复", "priority": "P1", "role": "business_user", "session_key": "business_user_session", "depends_on": [], "fixture_key": "fault_injection_case", "setup_hint": "独立准备：学生正在逐题标记对错；已标记3道题（2对1错）；网络突然断开", "teardown_hint": "执行后恢复本用例改动的数据，避免影响其他独立用例", "preconditions": ["学生正在逐题标记对错", "已标记3道题（2对1错）", "网络突然断开"], "steps": ["1. 断网状态下继续标记剩余题目", "2. 点击提交标记", "3. 网络恢复后观察自动提交"], "test_input": "断网后标记并提交", "expected_result": "断网时标记状态本地保存，网络恢复后自动提交标记结果，提交数据与本地保存一致（2对1错的标记状态完整恢复）", "source_state": "", "target_state": "", "action": "1. 断网状态下继续标记剩余题目", "transition_action": "1. 断网状态下继续标记剩余题目", "runnable": true}, {"case_id": "TC-011", "suite_order": 3, "execution_sequence": 11, "description": "刷新页面恢复之前的标记状态", "test_module": "异常/恢复-对答案刷新恢复", "priority": "P1", "role": "business_user", "session_key": "business_user_session", "depends_on": [], "fixture_key": "fault_injection_case", "setup_hint": "独立准备：学生已标记3道题（2对1错）但未提交", "teardown_hint": "执行后恢复本用例改动的数据，避免影响其他独立用例", "preconditions": ["学生已标记3道题（2对1错）但未提交"], "steps": ["1. 刷新对答案页面", "2. 观察标记状态恢复"], "test_input": "刷新页面", "expected_result": "页面刷新后恢复之前的标记状态，3道题的标记结果（2对1错）保持不变，金币数保持刷新前数值，提交按钮计数不变", "source_state": "", "target_state": "", "action": "1. 刷新对答案页面", "transition_action": "1. 刷新对答案页面", "runnable": true}]}, {"suite_id": "boundary_independent", "suite_name": "边界数据", "execution_group": "boundary", "run_mode": "isolated", "group_setup": "seed_boundary_dataset()", "group_teardown": "delete_boundary_dataset()", "case_count": 6, "roles": ["business_user", "student"], "fixture_keys": ["boundary_dataset"], "missing_dependencies": [], "runnable": true, "warnings": [], "cases": [{"case_id": "TC-012", "suite_order": 1, "execution_sequence": 12, "description": "拍照对答案自评流程-边界验证-全部标记做错时积分0分所有题入错题本且触发全部知识点相似题推荐", "test_module": "拍照对答案自评流程", "priority": "P1", "role": "business_user", "session_key": "business_user_session", "depends_on": [], "fixture_key": "boundary_dataset", "setup_hint": "独立准备：学生已完成出门测纸上作答；已拍照上传并进入对答案页面；出门测共5题，涉及2个知识点", "teardown_hint": "执行后恢复本用例改动的数据，避免影响其他独立用例", "preconditions": ["学生已完成出门测纸上作答", "已拍照上传并进入对答案页面", "出门测共5题，涉及2个知识点"], "steps": ["1. 逐题标记所有5道题为'我做错了✗'", "2. 观察每题即时反馈（柔和红色提示+鼓励文案+金币+1）", "3. 点击'提交标记(对0/总5)'按钮", "4. 查看积分计算结果", "5. 查看错题本记录", "6. 观察是否触发相似题推荐及覆盖的知识点范围"], "test_input": "5题全部标记做错", "expected_result": "模块积分=0分（答对题数×1分=0×1=0），5道题全部加入错题本，相似题推荐入口出现且覆盖5道错题对应的全部2个知识点", "source_state": "", "target_state": "", "action": "1. 逐题标记所有5道题为'我做错了✗'", "transition_action": "", "runnable": true}, {"case_id": "TC-013", "suite_order": 2, "execution_sequence": 13, "description": "出门测与基础巩固至少完成一个才可进入后续流程", "test_module": "边界/状态回退-流程解锁条件", "priority": "P2", "role": "business_user", "session_key": "business_user_session", "depends_on": [], "fixture_key": "boundary_dataset", "setup_hint": "独立准备：出门测和基础巩固均未完成；基础巩固已配置且有入口", "teardown_hint": "执行后恢复本用例改动的数据，避免影响其他独立用例", "preconditions": ["出门测和基础巩固均未完成", "基础巩固已配置且有入口"], "steps": ["1. 尝试点击后续流程步骤（如讲知识&错题）", "2. 完成出门测后再次尝试", "3. 观察解锁变化"], "test_input": "未完成出门测和基础巩固时尝试进入后续流程", "expected_result": "未完成时后续流程步骤不可进入（锁定状态），完成出门测后后续流程解锁可进入，仅完成基础巩固也可解锁后续流程", "source_state": "", "target_state": "", "action": "1. 尝试点击后续流程步骤（如讲知识&错题）", "transition_action": "1. 尝试点击后续流程步骤（如讲知识&错题）", "runnable": true}, {"case_id": "TC-014", "suite_order": 3, "execution_sequence": 14, "description": "基础巩固本课未配置时不展示入口", "test_module": "边界/状态回退-基础巩固入口显隐", "priority": "P2", "role": "business_user", "session_key": "business_user_session", "depends_on": [], "fixture_key": "boundary_dataset", "setup_hint": "独立准备：当前课程未配置基础巩固(ABS测试)题目", "teardown_hint": "执行后恢复本用例改动的数据，避免影响其他独立用例", "preconditions": ["当前课程未配置基础巩固(ABS测试)题目"], "steps": ["1. 进入课程学习页面", "2. 观察左侧导航和主内容区"], "test_input": "课程未配置基础巩固", "expected_result": "左侧导航和主内容区均不展示基础巩固入口，最高分计算中基础巩固题数为0，后续流程解锁仅需完成出门测", "source_state": "", "target_state": "", "action": "1. 进入课程学习页面", "transition_action": "1. 进入课程学习页面", "runnable": true}, {"case_id": "TC-015", "suite_order": 4, "execution_sequence": 15, "description": "最高分计算公式验证-含基础巩固和相似题满分", "test_module": "边界/状态回退-最高分计算", "priority": "P2", "role": "business_user", "session_key": "business_user_session", "depends_on": [], "fixture_key": "boundary_dataset", "setup_hint": "独立准备：快问快答10题、牛刀小试5题、出门测5题、基础巩固5题、相似题3轮×3题", "teardown_hint": "执行后恢复本用例改动的数据，避免影响其他独立用例", "preconditions": ["快问快答10题、牛刀小试5题、出门测5题、基础巩固5题、相似题3轮×3题"], "steps": ["1. 查看本节课最高分显示", "2. 核对计算公式"], "test_input": "题库配置：10+5+5+5+9", "expected_result": "最高分=10+5+5+5+9=34分，页面最高分显示34分，与公式计算一致", "source_state": "", "target_state": "", "action": "1. 查看本节课最高分显示", "transition_action": "1. 查看本节课最高分显示", "runnable": true}, {"case_id": "TC-016", "suite_order": 5, "execution_sequence": 16, "description": "快问快答中途退出不计分不记录", "test_module": "边界/状态回退-模块中途退出", "priority": "P2", "role": "student", "session_key": "student_session", "depends_on": [], "fixture_key": "boundary_dataset", "setup_hint": "独立准备：快问快答模块配置10道题；学生已答5道题（4对1错）", "teardown_hint": "执行后恢复本用例改动的数据，避免影响其他独立用例", "preconditions": ["快问快答模块配置10道题", "学生已答5道题（4对1错）"], "steps": ["1. 学生中途退出快问快答模块", "2. 观察得分和记录"], "test_input": "中途退出快问快答", "expected_result": "本次快问快答不计分（0分）、不记录答题历史，历史最高分保持之前记录不变，下次重新进入从第1题开始", "source_state": "", "target_state": "", "action": "1. 学生中途退出快问快答模块", "transition_action": "1. 学生中途退出快问快答模块", "runnable": true}, {"case_id": "TC-017", "suite_order": 6, "execution_sequence": 17, "description": "相似题推荐-最多3轮每轮独立计分难度递降", "test_module": "拍照对答案自评流程-相似题推荐轮次", "priority": "P0", "role": "business_user", "session_key": "business_user_session", "depends_on": [], "fixture_key": "boundary_dataset", "setup_hint": "独立准备：第1轮相似题存在错题，触发第2轮", "teardown_hint": "执行后恢复本用例改动的数据，避免影响其他独立用例", "preconditions": ["第1轮相似题存在错题，触发第2轮"], "steps": ["1. 完成第1轮相似题并提交（有错题）", "2. 进入第2轮", "3. 完成第2轮相似题并提交（有错题）", "4. 进入第3轮", "5. 完成第3轮并提交"], "test_input": "连续3轮均有错题", "expected_result": "第1轮显示「第1轮」指示器同难度题目，第2轮显示「第2轮」降低1级难度，第3轮显示「第3轮」降低2级难度，每轮独立计分，3轮全部做完后结束推荐不再继续", "source_state": "", "target_state": "", "action": "1. 完成第1轮相似题并提交（有错题）", "transition_action": "1. 完成第1轮相似题并提交（有错题）", "runnable": true}]}, {"suite_id": "append_independent_suite", "suite_name": "独立功能", "execution_group": "independent_functional", "run_mode": "isolated", "group_setup": "seed_workflow_blueprint_dataset()", "group_teardown": "cleanup_workflow_blueprint_dataset()", "case_count": 2, "roles": ["student"], "fixture_keys": ["workflow_blueprint_chain_seed"], "missing_dependencies": ["TC-037"], "runnable": false, "warnings": ["存在缺失依赖用例，需先补齐依赖后再自动执行"], "cases": [{"case_id": "TC-018", "suite_order": 1, "execution_sequence": 18, "description": "逐题标记对错", "test_module": "拍照对答案自评流程", "priority": "P0", "role": "student", "session_key": "student_session", "depends_on": ["TC-035"], "fixture_key": "workflow_blueprint_chain_seed", "setup_hint": "依赖 TC-035 的执行结果：拍照上传作业完成，进度状态更新", "teardown_hint": "主链路末尾执行清理；中间步骤不清理，供下一条用例复用状态", "preconditions": ["已具备执行“逐题标记对错”的前置业务状态"], "steps": ["逐题标记我做对或做错"], "test_input": "逐题标记我做对或做错", "expected_result": "逐题标记对错完成，业务状态已更新并可继续执行下一步", "source_state": "photo_uploaded", "target_state": "marking_done", "action": "逐题标记我做对或做错", "transition_action": "逐题标记我做对或做错", "runnable": true}, {"case_id": "TC-019", "suite_order": 2, "execution_sequence": 19, "description": "提交自评结果", "test_module": "拍照对答案自评流程", "priority": "P0", "role": "student", "session_key": "student_session", "depends_on": ["TC-037"], "fixture_key": "workflow_blueprint_chain_seed", "setup_hint": "依赖 TC-037 的执行结果：确认标记结果完成，预览内容展示当前配置结果", "teardown_hint": "主链路末尾执行清理；中间步骤不清理，供下一条用例复用状态", "preconditions": ["已具备执行“提交自评结果”的前置业务状态"], "steps": ["提交标记并计算积分"], "test_input": "提交标记并计算积分", "expected_result": "提交自评结果完成，保存结果展示成功状态", "source_state": "ready_submit", "target_state": "submitted", "action": "提交标记并计算积分", "transition_action": "提交标记并计算积分", "runnable": true}]}, {"suite_id": "independent_functional_independent", "suite_name": "独立功能", "execution_group": "independent_functional", "run_mode": "isolated", "group_setup": "seed_functional_dataset()", "group_teardown": "cleanup_functional_dataset()", "case_count": 10, "roles": ["business_user", "supervisor"], "fixture_keys": ["independent_functional_dataset"], "missing_dependencies": [], "runnable": true, "warnings": [], "cases": [{"case_id": "TC-020", "suite_order": 1, "execution_sequence": 20, "description": "错题流向同步-错题本+习题集+课后报告", "test_module": "课后报告+习题集-错题流向", "priority": "P0", "role": "supervisor", "session_key": "supervisor_session", "depends_on": [], "fixture_key": "independent_functional_dataset", "setup_hint": "独立准备：学生在出门测和相似题推荐中均有错题；错题包含原始题和推荐相似题", "teardown_hint": "执行后恢复本用例改动的数据，避免影响其他独立用例", "preconditions": ["学生在出门测和相似题推荐中均有错题", "错题包含原始题和推荐相似题"], "steps": ["1. 查看学生端错题本是否包含出门测错题和相似题", "2. 查看督导端习题集是否包含全部错题", "3. 查看课后报告是否包含错题打包"], "test_input": "出门测错2题+相似题错1题", "expected_result": "学生端错题本包含3道错题（含相似题）；督导端习题集显示全部3道错题；课后报告中错题打包同步包含这3道错题", "source_state": "", "target_state": "", "action": "1. 查看学生端错题本是否包含出门测错题和相似题", "transition_action": "1. 查看学生端错题本是否包含出门测错题和相似题", "runnable": true}, {"case_id": "TC-021", "suite_order": 2, "execution_sequence": 21, "description": "基础巩固答错后触发相似题推荐", "test_module": "错题推荐练习-触发条件", "priority": "P0", "role": "business_user", "session_key": "business_user_session", "depends_on": [], "fixture_key": "independent_functional_dataset", "setup_hint": "独立准备：本课已配置基础巩固模块；学生正在做基础巩固", "teardown_hint": "执行后恢复本用例改动的数据，避免影响其他独立用例", "preconditions": ["本课已配置基础巩固模块", "学生正在做基础巩固"], "steps": ["1. 完成基础巩固，标记3道题为做错", "2. 提交标记", "3. 观察是否触发相似题推荐"], "test_input": "基础巩固中3道答错", "expected_result": "提交后触发相似题推荐，根据3道错题知识点抽取相似题，进入举一反三练习题页面", "source_state": "", "target_state": "", "action": "1. 完成基础巩固，标记3道题为做错", "transition_action": "1. 完成基础巩固，标记3道题为做错", "runnable": true}, {"case_id": "TC-022", "suite_order": 3, "execution_sequence": 22, "description": "出门测重新进入修改对错后取历史最高分", "test_module": "课中积分逻辑-模块说明", "priority": "P1", "role": "business_user", "session_key": "business_user_session", "depends_on": [], "fixture_key": "independent_functional_dataset", "setup_hint": "独立准备：学生已完成一次出门测，得分2/5；出门测模块可反复刷", "teardown_hint": "执行后恢复本用例改动的数据，避免影响其他独立用例", "preconditions": ["学生已完成一次出门测，得分2/5", "出门测模块可反复刷"], "steps": ["1. 重新进入出门测模块", "2. 修改之前答错的3道题中2道为做对", "3. 提交标记"], "test_input": "出门测5题，首次答对2题，第二次修改2题为对", "expected_result": "模块得分更新为4分（取历史最高分），原2分记录被覆盖", "source_state": "", "target_state": "", "action": "1. 重新进入出门测模块", "transition_action": "1. 重新进入出门测模块", "runnable": true}, {"case_id": "TC-023", "suite_order": 4, "execution_sequence": 23, "description": "奖励进度条实时填充与再得X金币动态计算", "test_module": "课中学习交互-奖励进度条", "priority": "P2", "role": "business_user", "session_key": "business_user_session", "depends_on": [], "fixture_key": "independent_functional_dataset", "setup_hint": "独立准备：本节课总金币170（牛刀小试+20、快问快答+30×2、出门测+10、巩固练习+10、出门测加练+50）；学生已完成牛刀小试获得20金币", "teardown_hint": "执行后恢复本用例改动的数据，避免影响其他独立用例", "preconditions": ["本节课总金币170（牛刀小试+20、快问快答+30×2、出门测+10、巩固练习+10、出门测加练+50）", "学生已完成牛刀小试获得20金币"], "steps": ["1. 查看奖励进度条当前状态", "2. 完成快问快答获得30金币", "3. 查看进度条和右侧提示文案"], "test_input": "已获50金币，总金币170", "expected_result": "进度条填充比例为50/170；右侧提示显示'再得120金币拿满奖励'；完成快问快答后填充更新为80/170，提示变为'再得90金币拿满奖励'", "source_state": "", "target_state": "", "action": "1. 查看奖励进度条当前状态", "transition_action": "1. 查看奖励进度条当前状态", "runnable": true}, {"case_id": "TC-024", "suite_order": 5, "execution_sequence": 24, "description": "左侧导航手风琴效果-同时只能展开一个步骤", "test_module": "课中学习交互-左侧导航", "priority": "P2", "role": "business_user", "session_key": "business_user_session", "depends_on": [], "fixture_key": "independent_functional_dataset", "setup_hint": "独立准备：学生进入课程学习页面；左侧导航有多个步骤卡片", "teardown_hint": "执行后恢复本用例改动的数据，避免影响其他独立用例", "preconditions": ["学生进入课程学习页面", "左侧导航有多个步骤卡片"], "steps": ["1. 点击'第二步 学&练'步骤卡片，展开其内容目录", "2. 点击'第四步 随堂测'步骤卡片，展开其内容目录", "3. 观察'第二步'的内容目录状态"], "test_input": "依次点击两个不同步骤卡片", "expected_result": "点击第四步后，第二步内容目录自动收起、箭头复位；同时只有第四步内容目录展开、箭头旋转180°", "source_state": "", "target_state": "", "action": "1. 点击'第二步 学&练'步骤卡片，展开其内容目录", "transition_action": "1. 点击'第二步 学&练'步骤卡片，展开其内容目录", "runnable": true}, {"case_id": "TC-025", "suite_order": 6, "execution_sequence": 25, "description": "督导端设置-允许拖动视频进度条开关关闭后进度条不可拖动", "test_module": "独立功能-督导端视频进度控制", "priority": "P1", "role": "supervisor", "session_key": "supervisor_session", "depends_on": [], "fixture_key": "independent_functional_dataset", "setup_hint": "独立准备：督导端「允许拖动视频进度条」开关为关闭", "teardown_hint": "执行后恢复本用例改动的数据，避免影响其他独立用例", "preconditions": ["督导端「允许拖动视频进度条」开关为关闭"], "steps": ["1. 学生进入视频讲解环节", "2. 尝试拖动进度条快进或回退", "3. 尝试使用倍速播放功能"], "test_input": "关闭拖动进度条开关", "expected_result": "视频进度条不可拖动，无法快进或随意跳转，但倍速播放功能不受影响仍可正常使用，视频只能按正常倍率顺序播放", "source_state": "", "target_state": "", "action": "1. 学生进入视频讲解环节", "transition_action": "1. 学生进入视频讲解环节", "runnable": true}, {"case_id": "TC-026", "suite_order": 7, "execution_sequence": 26, "description": "逐题标记对错-标记做对即时反馈绿色动画金币+1", "test_module": "拍照对答案自评流程-逐题标记对错", "priority": "P1", "role": "business_user", "session_key": "business_user_session", "depends_on": [], "fixture_key": "independent_functional_dataset", "setup_hint": "独立准备：已进入对答案页面；第1题正确答案已展示", "teardown_hint": "执行后恢复本用例改动的数据，避免影响其他独立用例", "preconditions": ["已进入对答案页面", "第1题正确答案已展示"], "steps": ["1. 点击第1题「我做对了 ✓」按钮"], "test_input": "标记第1题做对", "expected_result": "出现绿色微光动画+随机正向文案（如「太棒了！继续加油💪」），金币+1，右上角金币数字跳动更新，底部提交标记按钮计数更新为(对1/总Y)", "source_state": "", "target_state": "", "action": "1. 点击第1题「我做对了 ✓」按钮", "transition_action": "1. 点击第1题「我做对了 ✓」按钮", "runnable": true}, {"case_id": "TC-027", "suite_order": 8, "execution_sequence": 27, "description": "多个模块连续完成时庆祝动画排队播放不堆积", "test_module": "结束庆祝逻辑-极限情况", "priority": "P2", "role": "business_user", "session_key": "business_user_session", "depends_on": [], "fixture_key": "independent_functional_dataset", "setup_hint": "独立准备：学生连续完成快问快答和牛刀小试两个模块", "teardown_hint": "执行后恢复本用例改动的数据，避免影响其他独立用例", "preconditions": ["学生连续完成快问快答和牛刀小试两个模块"], "steps": ["1. 完成快问快答模块，触发小庆祝动画", "2. 动画未播放完时完成牛刀小试模块", "3. 观察两个庆祝动画的播放顺序"], "test_input": "连续完成两个模块", "expected_result": "快问快答庆祝动画先播放，牛刀小试庆祝动画排队等待，前者播放完毕后后者开始播放，两个动画不叠加不堆积", "source_state": "", "target_state": "", "action": "1. 完成快问快答模块，触发小庆祝动画", "transition_action": "1. 完成快问快答模块，触发小庆祝动画", "runnable": true}, {"case_id": "TC-028", "suite_order": 9, "execution_sequence": 28, "description": "相似题推荐-某知识点全部答对后停止推荐该知识点其他错题知识点继续", "test_module": "拍照对答案自评流程-相似题推荐知识点停止", "priority": "P0", "role": "business_user", "session_key": "business_user_session", "depends_on": [], "fixture_key": "independent_functional_dataset", "setup_hint": "独立准备：出门测错题涉及2个知识点A和B；第1轮相似题中知识点A全部答对，知识点B仍有错题", "teardown_hint": "执行后恢复本用例改动的数据，避免影响其他独立用例", "preconditions": ["出门测错题涉及2个知识点A和B", "第1轮相似题中知识点A全部答对，知识点B仍有错题"], "steps": ["1. 提交第1轮标记结果", "2. 观察后续推荐"], "test_input": "知识点A全对、知识点B有错", "expected_result": "知识点A停止推荐不再出现该知识点相似题，知识点B继续推荐第2轮相似题，轮次指示器显示第2轮", "source_state": "", "target_state": "", "action": "1. 提交第1轮标记结果", "transition_action": "1. 提交第1轮标记结果", "runnable": true}, {"case_id": "TC-029", "suite_order": 10, "execution_sequence": 29, "description": "结束庆祝页金币计算与重复刷新幂等处理", "test_module": "结束庆祝逻辑", "priority": "P1", "role": "business_user", "session_key": "business_user_session", "depends_on": [], "fixture_key": "independent_functional_dataset", "setup_hint": "独立准备：学生完成出门测及相似题加练并提交；出门测做对3题对应金币+相似题加练做对2题对应金币", "teardown_hint": "执行后恢复本用例改动的数据，避免影响其他独立用例", "preconditions": ["学生完成出门测及相似题加练并提交", "出门测做对3题对应金币+相似题加练做对2题对应金币"], "steps": ["1. 查看结束庆祝页金币卡片显示数值", "2. 刷新页面", "3. 再次查看金币数值和顶部总金币数"], "test_input": "出门测阶段完成，刷新结果页", "expected_result": "庆祝页金币卡片显示本阶段获得金币总数；刷新后显示静态结果页，金币数值不变；顶部总金币数未重复累加，金币只发放一次", "source_state": "", "target_state": "", "action": "1. 查看结束庆祝页金币卡片显示数值", "transition_action": "1. 查看结束庆祝页金币卡片显示数值", "runnable": true}]}, {"suite_id": "display_independent", "suite_name": "展示与查询", "execution_group": "display", "run_mode": "isolated", "group_setup": "seed_display_ready_dataset()", "group_teardown": "delete_display_ready_dataset()", "case_count": 7, "roles": ["student", "supervisor"], "fixture_keys": ["display_ready_dataset"], "missing_dependencies": [], "runnable": true, "warnings": [], "cases": [{"case_id": "TC-030", "suite_order": 1, "execution_sequence": 30, "description": "拍照对答案自评流程-安全验证-确认上传后学生端本地无照片数据残留", "test_module": "拍照对答案自评流程", "priority": "P0", "role": "supervisor", "session_key": "supervisor_session", "depends_on": [], "fixture_key": "display_ready_dataset", "setup_hint": "独立准备：督导端'查看答案前需拍照上传'开关开启；学生点击'申请看答案'进入拍照弹窗；已拍摄2张照片并可见缩略图", "teardown_hint": "执行后恢复本用例改动的数据，避免影响其他独立用例", "preconditions": ["督导端'查看答案前需拍照上传'开关开启", "学生点击'申请看答案'进入拍照弹窗", "已拍摄2张照片并可见缩略图"], "steps": ["1. 点击'已拍照，查看答案'确认按钮", "2. 观察提示弹窗内容'照片已发送至督导端，老师可查看你的原始作业'", "3. 关闭提示弹窗（2秒自动关闭或点击'知道了'）", "4. 进入对答案页面后检查页面是否展示任何已拍照片缩略图", "5. 检查浏览器本地存储/缓存/IndexedDB中是否保留照片文件数据", "6. 返回做题页面或刷新页面，确认无任何照片残留展示"], "test_input": "拍照2张后点击确认上传", "expected_result": "确认后学生端页面不展示任何已拍照片缩略图，浏览器本地存储和缓存中无照片文件残留，仅显示'照片已发送至督导端'提示后直接进入对答案页面，照片数据仅存在于服务器端并转发至督导端", "source_state": "", "target_state": "", "action": "1. 点击'已拍照，查看答案'确认按钮", "transition_action": "", "runnable": true}, {"case_id": "TC-031", "suite_order": 2, "execution_sequence": 31, "description": "督导端设置即时生效-学习中切换开关立即影响学生端", "test_module": "督导端配置-设置即时生效", "priority": "P1", "role": "supervisor", "session_key": "supervisor_session", "depends_on": [], "fixture_key": "display_ready_dataset", "setup_hint": "独立准备：督导端'按学习计划顺序学习'开关为关闭；学生正在课程列表可自由选择课程", "teardown_hint": "执行后恢复本用例改动的数据，避免影响其他独立用例", "preconditions": ["督导端'按学习计划顺序学习'开关为关闭", "学生正在课程列表可自由选择课程"], "steps": ["1. 督导端开启'按学习计划顺序学习'开关", "2. 学生端刷新或切换页面", "3. 观察学生端课程列表和节次跳转行为"], "test_input": "督导端实时开启学习计划顺序开关", "expected_result": "设置即时生效，学生端无法再自主选择计划外课程，必须按顺序完成当前节次后下一节才解锁", "source_state": "", "target_state": "", "action": "1. 督导端开启'按学习计划顺序学习'开关", "transition_action": "1. 督导端开启'按学习计划顺序学习'开关", "runnable": true}, {"case_id": "TC-032", "suite_order": 3, "execution_sequence": 32, "description": "督导端设置-按学习计划顺序学习开关开启后学生无法跳过节次", "test_module": "独立功能-督导端学习进度控制", "priority": "P2", "role": "supervisor", "session_key": "supervisor_session", "depends_on": [], "fixture_key": "display_ready_dataset", "setup_hint": "独立准备：督导端「按学习计划顺序学习」开关为开启", "teardown_hint": "执行后恢复本用例改动的数据，避免影响其他独立用例", "preconditions": ["督导端「按学习计划顺序学习」开关为开启"], "steps": ["1. 学生尝试在课程列表自选其他课程", "2. 学生尝试跳过当前节次进入下一节", "3. 完成当前节次学习任务后观察下一节解锁"], "test_input": "开启顺序学习开关", "expected_result": "学生无法在课程列表自选其他课程，无法跳过节次，必须完成当前节次全部学习任务后下一节才解锁", "source_state": "", "target_state": "", "action": "1. 学生尝试在课程列表自选其他课程", "transition_action": "1. 学生尝试在课程列表自选其他课程", "runnable": true}, {"case_id": "TC-033", "suite_order": 4, "execution_sequence": 33, "description": "两个答案查看开关都关闭时学生直接查看答案", "test_module": "督导端配置-答案查看控制", "priority": "P1", "role": "supervisor", "session_key": "supervisor_session", "depends_on": [], "fixture_key": "display_ready_dataset", "setup_hint": "独立准备：督导端'查看答案需老师同意'开关为关闭；督导端'查看答案前需拍照上传'开关为关闭", "teardown_hint": "执行后恢复本用例改动的数据，避免影响其他独立用例", "preconditions": ["督导端'查看答案需老师同意'开关为关闭", "督导端'查看答案前需拍照上传'开关为关闭"], "steps": ["1. 学生端进入出门测", "2. 点击'申请看答案'按钮"], "test_input": "两个开关均关闭，点击申请看答案", "expected_result": "不弹拍照弹窗、不发送审批请求，直接进入对答案页面展示答案内容", "source_state": "", "target_state": "", "action": "1. 学生端进入出门测", "transition_action": "1. 学生端进入出门测", "runnable": true}, {"case_id": "TC-034", "suite_order": 5, "execution_sequence": 34, "description": "拍照确认-点击确认后照片上传转发督导端学生端提示后关闭弹窗进入对答案", "test_module": "拍照对答案自评流程-拍照确认", "priority": "P1", "role": "supervisor", "session_key": "supervisor_session", "depends_on": [], "fixture_key": "display_ready_dataset", "setup_hint": "独立准备：已拍摄至少1张照片；确认按钮可点击", "teardown_hint": "执行后恢复本用例改动的数据，避免影响其他独立用例", "preconditions": ["已拍摄至少1张照片", "确认按钮可点击"], "steps": ["1. 点击「已拍照，查看答案」确认按钮", "2. 观察上传提示弹窗"], "test_input": "点击确认按钮", "expected_result": "照片立即上传至服务器并转发督导端，学生端弹出提示「照片已发送至督导端，老师可查看你的原始作业」，弹窗2秒后自动关闭，学生端不保留不展示任何已拍照片，直接进入对答案页面", "source_state": "", "target_state": "", "action": "1. 点击「已拍照，查看答案」确认按钮", "transition_action": "1. 点击「已拍照，查看答案」确认按钮", "runnable": true}, {"case_id": "TC-035", "suite_order": 6, "execution_sequence": 35, "description": "申请查看答案-拍照开关关闭时跳过拍照直接进入对答案页面", "test_module": "拍照对答案自评流程-申请查看答案", "priority": "P1", "role": "student", "session_key": "student_session", "depends_on": [], "fixture_key": "display_ready_dataset", "setup_hint": "独立准备：学生已完成出门测纸上作答；督导端「查看答案前需拍照上传」开关为关闭状态", "teardown_hint": "执行后恢复本用例改动的数据，避免影响其他独立用例", "preconditions": ["学生已完成出门测纸上作答", "督导端「查看答案前需拍照上传」开关为关闭状态"], "steps": ["1. 学生进入出门测模块", "2. 点击「申请看答案」按钮"], "test_input": "点击申请看答案", "expected_result": "不弹出拍照弹窗，直接跳转进入对答案页面，页面显示逐题对错标记界面", "source_state": "", "target_state": "", "action": "1. 学生进入出门测模块", "transition_action": "1. 学生进入出门测模块", "runnable": true}, {"case_id": "TC-036", "suite_order": 7, "execution_sequence": 36, "description": "申请查看答案-拍照开关开启时弹出拍照弹窗必须完成拍照", "test_module": "拍照对答案自评流程-申请查看答案", "priority": "P2", "role": "student", "session_key": "student_session", "depends_on": [], "fixture_key": "display_ready_dataset", "setup_hint": "独立准备：学生已完成出门测纸上作答；督导端「查看答案前需拍照上传」开关为开启状态", "teardown_hint": "执行后恢复本用例改动的数据，避免影响其他独立用例", "preconditions": ["学生已完成出门测纸上作答", "督导端「查看答案前需拍照上传」开关为开启状态"], "steps": ["1. 学生进入出门测模块", "2. 点击「申请看答案」按钮"], "test_input": "点击申请看答案", "expected_result": "弹出拍照弹窗，弹窗标题为「请先拍照上传作业」，确认按钮置灰不可点击，学生必须完成拍照才能查看答案", "source_state": "", "target_state": "", "action": "1. 学生进入出门测模块", "transition_action": "1. 学生进入出门测模块", "runnable": true}]}], "flat_run_order": [{"run_index": 1, "suite_index": 1, "suite_id": "main_smoke_chain", "suite_name": "主链路冒烟", "case_id": "TC-001", "execution_sequence": 1, "depends_on": [], "role": "student", "session_key": "student_session", "fixture_key": "workflow_blueprint_chain_seed"}, {"run_index": 2, "suite_index": 1, "suite_id": "main_smoke_chain", "suite_name": "主链路冒烟", "case_id": "TC-002", "execution_sequence": 2, "depends_on": ["TC-001"], "role": "student", "session_key": "student_session", "fixture_key": "workflow_blueprint_chain_seed"}, {"run_index": 3, "suite_index": 1, "suite_id": "main_smoke_chain", "suite_name": "主链路冒烟", "case_id": "TC-003", "execution_sequence": 3, "depends_on": ["TC-002"], "role": "student", "session_key": "student_session", "fixture_key": "workflow_blueprint_chain_seed"}, {"run_index": 4, "suite_index": 1, "suite_id": "main_smoke_chain", "suite_name": "主链路冒烟", "case_id": "TC-004", "execution_sequence": 4, "depends_on": ["TC-003"], "role": "student", "session_key": "student_session", "fixture_key": "workflow_blueprint_chain_seed"}, {"run_index": 5, "suite_index": 1, "suite_id": "main_smoke_chain", "suite_name": "主链路冒烟", "case_id": "TC-005", "execution_sequence": 5, "depends_on": ["TC-004"], "role": "student", "session_key": "student_session", "fixture_key": "workflow_blueprint_chain_seed"}, {"run_index": 6, "suite_index": 1, "suite_id": "main_smoke_chain", "suite_name": "主链路冒烟", "case_id": "TC-006", "execution_sequence": 6, "depends_on": ["TC-005"], "role": "student", "session_key": "student_session", "fixture_key": "workflow_blueprint_chain_seed"}, {"run_index": 7, "suite_index": 2, "suite_id": "permission_independent", "suite_name": "权限与鉴权", "case_id": "TC-007", "execution_sequence": 7, "depends_on": [], "role": "supervisor", "session_key": "supervisor_session", "fixture_key": "permission_state_dataset"}, {"run_index": 8, "suite_index": 2, "suite_id": "permission_independent", "suite_name": "权限与鉴权", "case_id": "TC-008", "execution_sequence": 8, "depends_on": [], "role": "supervisor", "session_key": "supervisor_session", "fixture_key": "permission_state_dataset"}, {"run_index": 9, "suite_index": 3, "suite_id": "exception_independent", "suite_name": "异常与失败路径", "case_id": "TC-009", "execution_sequence": 9, "depends_on": [], "role": "business_user", "session_key": "business_user_session", "fixture_key": "fault_injection_case"}, {"run_index": 10, "suite_index": 3, "suite_id": "exception_independent", "suite_name": "异常与失败路径", "case_id": "TC-010", "execution_sequence": 10, "depends_on": [], "role": "business_user", "session_key": "business_user_session", "fixture_key": "fault_injection_case"}, {"run_index": 11, "suite_index": 3, "suite_id": "exception_independent", "suite_name": "异常与失败路径", "case_id": "TC-011", "execution_sequence": 11, "depends_on": [], "role": "business_user", "session_key": "business_user_session", "fixture_key": "fault_injection_case"}, {"run_index": 12, "suite_index": 4, "suite_id": "boundary_independent", "suite_name": "边界数据", "case_id": "TC-012", "execution_sequence": 12, "depends_on": [], "role": "business_user", "session_key": "business_user_session", "fixture_key": "boundary_dataset"}, {"run_index": 13, "suite_index": 4, "suite_id": "boundary_independent", "suite_name": "边界数据", "case_id": "TC-013", "execution_sequence": 13, "depends_on": [], "role": "business_user", "session_key": "business_user_session", "fixture_key": "boundary_dataset"}, {"run_index": 14, "suite_index": 4, "suite_id": "boundary_independent", "suite_name": "边界数据", "case_id": "TC-014", "execution_sequence": 14, "depends_on": [], "role": "business_user", "session_key": "business_user_session", "fixture_key": "boundary_dataset"}, {"run_index": 15, "suite_index": 4, "suite_id": "boundary_independent", "suite_name": "边界数据", "case_id": "TC-015", "execution_sequence": 15, "depends_on": [], "role": "business_user", "session_key": "business_user_session", "fixture_key": "boundary_dataset"}, {"run_index": 16, "suite_index": 4, "suite_id": "boundary_independent", "suite_name": "边界数据", "case_id": "TC-016", "execution_sequence": 16, "depends_on": [], "role": "student", "session_key": "student_session", "fixture_key": "boundary_dataset"}, {"run_index": 17, "suite_index": 4, "suite_id": "boundary_independent", "suite_name": "边界数据", "case_id": "TC-017", "execution_sequence": 17, "depends_on": [], "role": "business_user", "session_key": "business_user_session", "fixture_key": "boundary_dataset"}, {"run_index": 18, "suite_index": 5, "suite_id": "append_independent_suite", "suite_name": "独立功能", "case_id": "TC-018", "execution_sequence": 18, "depends_on": ["TC-035"], "role": "student", "session_key": "student_session", "fixture_key": "workflow_blueprint_chain_seed"}, {"run_index": 19, "suite_index": 5, "suite_id": "append_independent_suite", "suite_name": "独立功能", "case_id": "TC-019", "execution_sequence": 19, "depends_on": ["TC-037"], "role": "student", "session_key": "student_session", "fixture_key": "workflow_blueprint_chain_seed"}, {"run_index": 20, "suite_index": 6, "suite_id": "independent_functional_independent", "suite_name": "独立功能", "case_id": "TC-020", "execution_sequence": 20, "depends_on": [], "role": "supervisor", "session_key": "supervisor_session", "fixture_key": "independent_functional_dataset"}, {"run_index": 21, "suite_index": 6, "suite_id": "independent_functional_independent", "suite_name": "独立功能", "case_id": "TC-021", "execution_sequence": 21, "depends_on": [], "role": "business_user", "session_key": "business_user_session", "fixture_key": "independent_functional_dataset"}, {"run_index": 22, "suite_index": 6, "suite_id": "independent_functional_independent", "suite_name": "独立功能", "case_id": "TC-022", "execution_sequence": 22, "depends_on": [], "role": "business_user", "session_key": "business_user_session", "fixture_key": "independent_functional_dataset"}, {"run_index": 23, "suite_index": 6, "suite_id": "independent_functional_independent", "suite_name": "独立功能", "case_id": "TC-023", "execution_sequence": 23, "depends_on": [], "role": "business_user", "session_key": "business_user_session", "fixture_key": "independent_functional_dataset"}, {"run_index": 24, "suite_index": 6, "suite_id": "independent_functional_independent", "suite_name": "独立功能", "case_id": "TC-024", "execution_sequence": 24, "depends_on": [], "role": "business_user", "session_key": "business_user_session", "fixture_key": "independent_functional_dataset"}, {"run_index": 25, "suite_index": 6, "suite_id": "independent_functional_independent", "suite_name": "独立功能", "case_id": "TC-025", "execution_sequence": 25, "depends_on": [], "role": "supervisor", "session_key": "supervisor_session", "fixture_key": "independent_functional_dataset"}, {"run_index": 26, "suite_index": 6, "suite_id": "independent_functional_independent", "suite_name": "独立功能", "case_id": "TC-026", "execution_sequence": 26, "depends_on": [], "role": "business_user", "session_key": "business_user_session", "fixture_key": "independent_functional_dataset"}, {"run_index": 27, "suite_index": 6, "suite_id": "independent_functional_independent", "suite_name": "独立功能", "case_id": "TC-027", "execution_sequence": 27, "depends_on": [], "role": "business_user", "session_key": "business_user_session", "fixture_key": "independent_functional_dataset"}, {"run_index": 28, "suite_index": 6, "suite_id": "independent_functional_independent", "suite_name": "独立功能", "case_id": "TC-028", "execution_sequence": 28, "depends_on": [], "role": "business_user", "session_key": "business_user_session", "fixture_key": "independent_functional_dataset"}, {"run_index": 29, "suite_index": 6, "suite_id": "independent_functional_independent", "suite_name": "独立功能", "case_id": "TC-029", "execution_sequence": 29, "depends_on": [], "role": "business_user", "session_key": "business_user_session", "fixture_key": "independent_functional_dataset"}, {"run_index": 30, "suite_index": 7, "suite_id": "display_independent", "suite_name": "展示与查询", "case_id": "TC-030", "execution_sequence": 30, "depends_on": [], "role": "supervisor", "session_key": "supervisor_session", "fixture_key": "display_ready_dataset"}, {"run_index": 31, "suite_index": 7, "suite_id": "display_independent", "suite_name": "展示与查询", "case_id": "TC-031", "execution_sequence": 31, "depends_on": [], "role": "supervisor", "session_key": "supervisor_session", "fixture_key": "display_ready_dataset"}, {"run_index": 32, "suite_index": 7, "suite_id": "display_independent", "suite_name": "展示与查询", "case_id": "TC-032", "execution_sequence": 32, "depends_on": [], "role": "supervisor", "session_key": "supervisor_session", "fixture_key": "display_ready_dataset"}, {"run_index": 33, "suite_index": 7, "suite_id": "display_independent", "suite_name": "展示与查询", "case_id": "TC-033", "execution_sequence": 33, "depends_on": [], "role": "supervisor", "session_key": "supervisor_session", "fixture_key": "display_ready_dataset"}, {"run_index": 34, "suite_index": 7, "suite_id": "display_independent", "suite_name": "展示与查询", "case_id": "TC-034", "execution_sequence": 34, "depends_on": [], "role": "supervisor", "session_key": "supervisor_session", "fixture_key": "display_ready_dataset"}, {"run_index": 35, "suite_index": 7, "suite_id": "display_independent", "suite_name": "展示与查询", "case_id": "TC-035", "execution_sequence": 35, "depends_on": [], "role": "student", "session_key": "student_session", "fixture_key": "display_ready_dataset"}, {"run_index": 36, "suite_index": 7, "suite_id": "display_independent", "suite_name": "展示与查询", "case_id": "TC-036", "execution_sequence": 36, "depends_on": [], "role": "student", "session_key": "student_session", "fixture_key": "display_ready_dataset"}]}}
GEN_DIAG:{"kind": "generation_persisted", "generation_id": 515, "project_id": 8, "request_id": "20f86aa628784dc9b482e2921abe5084"}
GEN_DIAG:{"kind": "generation_timing_ledger", "schema_version": "1.0", "generation_id": 515, "project_id": 8, "request_id": "20f86aa628784dc9b482e2921abe5084", "mode": "multi_pass", "multi_pass": true, "duration_by_stage_ms": {"prepare_total": 2468, "client_resolution": 2, "linked_final_case_signal": 942, "append_existing_lookup": 74, "snapshot_gate": 0, "hybrid_context": 1369, "feedback_control_state": 75, "current_requirement_blueprint": 3, "requirement_compress": 0, "kb_context_compress": 0, "meta_analysis": 1, "primary": 156081, "stream_generation_phase": 156133, "gap": 256220, "review": 85, "final_shortfall": 0, "postprocess_total": 256705}, "event_count": 20, "events": [{"stage": "client_resolution", "duration_ms": 2, "db_available": true, "user_scoped": true}, {"stage": "requirement_compression_decision", "duration_ms": 1, "char_count": 9464, "min_chars": 12000, "should_compress": false}, {"stage": "linked_final_case_signal", "duration_ms": 942, "linked_final_case_count": 0, "source_doc_count": 0}, {"stage": "memory_fabric_init", "duration_ms": 0, "available": true}, {"stage": "append_existing_lookup", "duration_ms": 74, "found": true, "lookup_source": "previous_generation_id", "previous_generation_id": 515, "existing_unique_count": 33, "start_id": 34}, {"stage": "snapshot_gate", "duration_ms": 0, "active_db_session": true, "proceed": true, "snapshot_wait_result": "gate_disabled_proceed"}, {"stage": "hybrid_context", "duration_ms": 1369, "context_source": "snapshot+rag", "kb_chars": 9259, "snapshot_used": true, "realtime_rag_used": true, "abort_generation": false}, {"stage": "feedback_control_state", "duration_ms": 75, "workflow_blueprint_count": 0, "linked_final_case_count": 0}, {"stage": "current_requirement_blueprint", "duration_ms": 3, "status": "applied", "count": 1, "step_count": 6, "max_tokens": 1600}, {"stage": "prepare_total", "duration_ms": 2468, "status": "completed", "db_available": true, "append": true, "compression_requested": false, "kb_chars": 9259, "context_source": "snapshot+rag"}, {"stage": "meta_analysis", "duration_ms": 1, "system_type": "Tablet + Web", "complexity": "High"}, {"stage": "primary_batch_attempt", "duration_ms": 156071, "batch_index": 1, "total_batches": 1, "attempt": 1, "requested_count": 10, "response_chars": 2330, "attempt_status": "parsed", "provider_error": "", "parsed_case_count": 4}, {"stage": "primary_batches", "duration_ms": 156081, "total_batches": 1, "completed_batches": 1, "batch_size": 10, "expected_count": 43, "early_stop_triggered": false, "early_stop_reason": ""}, {"stage": "stream_generation_phase", "duration_ms": 156133, "total_batches": 1, "completed_batches": 1}, {"stage": "postprocess_initial_parse_filter", "duration_ms": 29, "primary_count": 4, "input_chars": 2319}, {"stage": "gap_supplement_attempt", "duration_ms": 91317, "attempt": 1, "response_chars": 1299, "parsed_case_count": 2, "effective_added_count": 0, "gap_remaining_before": 6, "gap_remaining_after": 6, "no_gain_streak": 1, "attempt_status": "parsed", "stop_reason": ""}, {"stage": "gap_supplement_attempt", "duration_ms": 164902, "attempt": 2, "response_chars": 1814, "parsed_case_count": 3, "effective_added_count": 0, "gap_remaining_before": 6, "gap_remaining_after": 6, "no_gain_streak": 2, "attempt_status": "parsed", "stop_reason": "no_gain_streak"}, {"stage": "gap_supplement", "duration_ms": 256220, "attempt_count": 2, "added_count": 0, "remaining_gap_count": 6, "stopped_by_provider_error": false, "stopped_by_no_gain": true, "stop_reason": "no_gain_streak"}, {"stage": "review_selection", "duration_ms": 85, "candidate_count": 4, "llm_pool_count": 3, "selected_count": 4, "llm_invoked": false, "llm_applied": false, "llm_skip_reason": "llm_pool_within_constraint_window"}, {"stage": "postprocess_total", "duration_ms": 256705, "final_count": 7, "candidate_count_before_review": 4, "review_selected_count": 4}]}
GEN_DIAG:{"kind": "generation_mode", "mode": "multi_pass", "biz_keys": ["unknown"], "current_biz_key": "unknown", "multi_pass": true}
GEN_DIAG:{"kind": "generation_stage", "stage": "primary", "case_count": 4, "duration_ms": 156081, "multi_pass": true, "generation_mode": "multi_pass"}
GEN_DIAG:{"kind": "generation_stage", "stage": "gap", "case_count": 0, "duration_ms": 256220, "multi_pass": true, "generation_mode": "multi_pass"}
GEN_DIAG:{"kind": "generation_stage", "stage": "review", "case_count": 4, "duration_ms": 85, "multi_pass": true, "generation_mode": "multi_pass"}
GEN_DIAG:{"kind": "gen_diag", "mode": "stream", "doc_type": "requirement", "compress": false, "expected_count": 43, "generated_count": 36, "content_length": 9464, "kb_length": 9259, "model": "glm-5.1", "max_tokens": 10000, "multi_pass": true, "generation_mode": "multi_pass", "context_compression_ratio": 0.4916, "context_retained_chunk_count": 1, "context_relevance_distribution": {"sample_size": 1, "high_count": 1, "medium_count": 0, "low_count": 0, "high_ratio": 1.0, "medium_ratio": 0.0, "low_ratio": 0.0, "mean_score": 0.935, "min_score": 0.935, "max_score": 0.935}}
GEN_DIAG:{"kind": "generation_context_compression", "context_source": "snapshot+rag", "input_chars": 3255, "output_chars": 1600, "compression_ratio": 0.4916, "compression_rate": 0.5084, "input_chunk_count": 12, "retained_chunk_count": 1, "chunk_retention_ratio": 0.0833, "relevance_distribution": {"sample_size": 1, "high_count": 1, "medium_count": 0, "low_count": 0, "high_ratio": 1.0, "medium_ratio": 0.0, "low_ratio": 0.0, "mean_score": 0.935, "min_score": 0.935, "max_score": 0.935}, "snapshot_id": "37", "corpus_hash": "fe3e128d2f714c8967f3c08b52c0c12604fce973e68fd8ee2be08f9b6893606e", "retrieval_hash": "4f1b8a92e5a2673d", "multi_pass": true, "generation_mode": "multi_pass", "request_id": "20f86aa628784dc9b482e2921abe5084"}
GEN_DIAG:{"kind": "generation_convergence", "suggested_count": 10, "final_count": 7, "reference_gap": 3, "converged": false, "duplication_rate_estimate": 0.75, "primary_count": 4, "gap_count": 0, "review_count": 4, "candidate_count_before_review": 4, "review_selected_count": 4, "post_review_dedup_drop": 3, "judge_reject_count": 0, "judge_pending_count": 0, "judge_pass_count": 4, "final_input_count": 4, "final_output_count": 7, "final_non_judge_drop_count": 0, "scenario_duplicate_pruned_count": 0, "post_review_dedup_reorder_drop_count": 0, "final_description_dedup_drop_count": 0, "total_dedup_drop_count": 3, "gap_attempts": 2, "gap_remaining_after_attempts": 6, "missing_rules_count": 6, "missing_types_exists": true, "low_quality_dropped_count": 0, "low_quality_dropped_examples": [], "postprocess_filter_drop_total": 0, "semantic_dedup_dropped_count": 0, "governance_hard_drop_count": 0, "duplicate_pruned_count": 3, "invalid_pruned_count": 0, "quality_rejected_count": 0, "review_selector_pruned_count": 0, "valid_unique_candidate_count": 4, "generation_coverage_mode": "standard_regression", "requested_generation_mode": "", "effective_generation_coverage_mode_source": "feedback_control_state", "explicit_generation_mode_override": false, "explicit_expected_count_floor_preserved": false, "expected_count": 43, "expected_count_explicit": true, "recommended_min": 30, "recommended_max": 50, "target_final_count": 43, "soft_min_count": 34, "hard_min_count": 30, "min_acceptable_final": 4, "target_satisfaction_ratio": 0.1628, "underfilled": false, "underfill_level": "", "underfill_reason": "", "underfill_root_cause": "", "append_target_count": 10, "append_final_cap_count": 10, "append_cap_drop_count": 0, "flow_governance": {"applied": true, "reason": "", "scenario_policy_registry_version": 1, "scenario_policy_registered_count": 93, "scenario_policy_candidate_count": 0, "scenario_policy_pending_candidate_count": 0, "domain_policy_registered_count": 4, "scenario_policy_domains": {"ai_wrong_question_teaching": 10, "recent_course_scheduling": 7, "essay_writing": 23, "course_access": 2, "general": 51}, "scenario_policy_sources": {"manual_seed": 1, "registry": 16, "legacy_duplicate_policy": 19, "legacy_coverage_pattern": 28, "legacy_judge_duplicate_policy": 29}, "scenario_policy_documents": [], "flow_reordered": false, "flow_order": ["stage:出_测_基础巩固答错后触发", "stage:最高分计算", "stage:页面结构", "stage:打印", "stage:奖励进度条", "stage:左侧导航交互", "stage:触发条件", "stage:弹窗展示", "stage:拍照", "stage:照片管理", "stage:确认与取消", "stage:设置总览", "stage:学习进度控制", "stage:答案查看控制", "stage:前置条件", "stage:页面展示", "stage:逐题标记即时反馈", "stage:提交与极限情况", "stage:做题", "stage:对答案与自评", "stage:提交后处理", "stage:金币计算", "stage:动画效果"], "cross_cutting_order": [], "scenario_duplicate_pruned_count": 0, "scenario_duplicate_pruned_indices": [], "scenario_cap_policy": {}, "scenario_duplicate_cluster_count": 1, "flow_misordered_count_before": 0, "missing_flow_stage_count": 21, "registry_impact": {"registry_version": 1, "total_policies_available": 93, "candidate_policies_active": 0, "candidate_policies_pending": 0, "primary_domain": "", "scenario_kinds_seen": {"feedback": 1, "workflow_navigation": 1, "filter_toggle": 2}, "policies_matched": [{"key": "feedback", "domain": "general", "source": "legacy_coverage_pattern", "specific": false, "default_cap": 1, "mode_cap": null, "cross_module": false, "judge_duplicate": false, "judge_threshold": {"score": 0.2, "overlap": 5}, "status": "active", "documents": []}, {"key": "workflow_navigation", "domain": "general", "source": "legacy_coverage_pattern", "specific": false, "default_cap": 2, "mode_cap": null, "cross_module": false, "judge_duplicate": false, "judge_threshold": {"score": 0.2, "overlap": 5}, "status": "active", "documents": []}, {"key": "filter_toggle", "domain": "general", "source": "legacy_coverage_pattern", "specific": false, "default_cap": 1, "mode_cap": null, "cross_module": false, "judge_duplicate": false, "judge_threshold": {"score": 0.2, "overlap": 5}, "status": "active", "documents": []}], "matched_documents": [], "caps_applied": {"feedback": 1, "workflow_navigation": 2, "filter_toggle": 1}, "judge_thresholds_used": {}, "cross_module_policies_in_effect": []}, "relaxed_for_floor_backfill": true}, "needs_priority_review": false, "priority_conflict_count": 0, "priority_undetermined_count": 0, "priority_optional_count": 0, "reasons": ["coverage_gap_still_exists", "coverage_missing_rules", "coverage_missing_types", "dedup_reduced_count_stop", "no_backfill_after_dedup", "target_count_warning"], "generation_target_case_range": {"min": 30, "max": 50}, "multi_pass": true, "generation_mode": "multi_pass"}
GEN_DIAG:{"kind": "review_decision_summary", "candidate_total": 4, "retained_total": 2, "dropped_total": 2, "flow_order": ["stage:出_测_基础巩固答错后触发", "stage:最高分计算", "stage:页面结构", "stage:打印", "stage:奖励进度条", "stage:左侧导航交互", "stage:触发条件", "stage:弹窗展示", "stage:拍照", "stage:照片管理", "stage:确认与取消", "stage:设置总览", "stage:学习进度控制", "stage:答案查看控制", "stage:前置条件", "stage:页面展示", "stage:逐题标记即时反馈", "stage:提交与极限情况", "stage:做题", "stage:对答案与自评", "stage:提交后处理", "stage:金币计算", "stage:动画效果"], "flow_labels": {"stage:出_测_基础巩固答错后触发": "出⻔测、基础巩固答错后触发", "stage:最高分计算": "最高分计算", "stage:页面结构": "页面结构", "stage:打印": "打印", "stage:奖励进度条": "奖励进度条", "stage:左侧导航交互": "左侧导航交互", "stage:触发条件": "触发条件", "stage:弹窗展示": "弹窗展示", "stage:拍照": "拍照流程", "stage:照片管理": "照片管理", "stage:确认与取消": "确认与取消(核心调整)", "stage:设置总览": "设置总览", "stage:学习进度控制": "学习进度控制", "stage:答案查看控制": "答案查看控制", "stage:前置条件": "前置条件", "stage:页面展示": "页面展示", "stage:逐题标记即时反馈": "逐题标记即时反馈", "stage:提交与极限情况": "提交与极限情况", "stage:做题": "做题流程", "stage:对答案与自评": "对答案与自评", "stage:提交后处理": "提交后处理", "stage:金币计算": "金币计算", "stage:动画效果": "动画效果(看ziyi的设计)"}, "flow_stage_breakdown": {"stage:逐题标记即时反馈": 1, "stage:对答案与自评": 3}, "flow_missing_stages": ["stage:出_测_基础巩固答错后触发", "stage:最高分计算", "stage:页面结构", "stage:打印", "stage:奖励进度条", "stage:左侧导航交互", "stage:触发条件", "stage:弹窗展示", "stage:拍照", "stage:照片管理", "stage:确认与取消", "stage:设置总览", "stage:学习进度控制", "stage:答案查看控制", "stage:前置条件", "stage:页面展示", "stage:提交与极限情况", "stage:做题", "stage:提交后处理", "stage:金币计算", "stage:动画效果"], "flow_missing_stage_count": 21, "flow_misordered_count": 0, "scenario_duplicate_cluster_count": 1, "scenario_duplicate_case_count": 1, "scenario_duplicate_clusters": [{"cluster_id": "SC-001", "scenario_key": "stage:对答案与自评:filter_toggle:obj:拍照_照对_对答", "group_type": "scenario", "size": 2, "first_case_id": "TC-037", "candidate_indices": [3, 4]}], "final_flow_stage_breakdown": {"stage:逐题标记即时反馈": 1, "stage:对答案与自评": 1}, "final_flow_missing_stages": ["stage:出_测_基础巩固答错后触发", "stage:最高分计算", "stage:页面结构", "stage:打印", "stage:奖励进度条", "stage:左侧导航交互", "stage:触发条件", "stage:弹窗展示", "stage:拍照", "stage:照片管理", "stage:确认与取消", "stage:设置总览", "stage:学习进度控制", "stage:答案查看控制", "stage:前置条件", "stage:页面展示", "stage:提交与极限情况", "stage:做题", "stage:提交后处理", "stage:金币计算", "stage:动画效果"], "final_flow_missing_stage_count": 21, "final_flow_misordered_count": 0, "final_scenario_duplicate_cluster_count": 0, "final_scenario_duplicate_case_count": 0, "final_scenario_duplicate_clusters": [], "final_scenario_duplicate_raw_cluster_count": 1, "final_scenario_duplicate_raw_case_count": 1, "final_order_flow_governance": {"applied": true, "reason": "", "scenario_policy_registry_version": 1, "scenario_policy_registered_count": 93, "scenario_policy_candidate_count": 0, "scenario_policy_pending_candidate_count": 0, "domain_policy_registered_count": 4, "scenario_policy_domains": {"ai_wrong_question_teaching": 10, "recent_course_scheduling": 7, "essay_writing": 23, "course_access": 2, "general": 51}, "scenario_policy_sources": {"manual_seed": 1, "registry": 16, "legacy_duplicate_policy": 19, "legacy_coverage_pattern": 28, "legacy_judge_duplicate_policy": 29}, "scenario_policy_documents": [], "flow_reordered": false, "flow_order": ["stage:出_测_基础巩固答错后触发", "stage:最高分计算", "stage:页面结构", "stage:打印", "stage:奖励进度条", "stage:左侧导航交互", "stage:触发条件", "stage:弹窗展示", "stage:拍照", "stage:照片管理", "stage:确认与取消", "stage:设置总览", "stage:学习进度控制", "stage:答案查看控制", "stage:前置条件", "stage:页面展示", "stage:逐题标记即时反馈", "stage:提交与极限情况", "stage:做题", "stage:对答案与自评", "stage:提交后处理", "stage:金币计算", "stage:动画效果"], "cross_cutting_order": [], "scenario_duplicate_pruned_count": 0, "scenario_duplicate_pruned_indices": [], "scenario_cap_policy": {}, "scenario_duplicate_cluster_count": 1, "flow_misordered_count_before": 0, "missing_flow_stage_count": 21, "registry_impact": {"registry_version": 1, "total_policies_available": 93, "candidate_policies_active": 0, "candidate_policies_pending": 0, "primary_domain": "", "scenario_kinds_seen": {"feedback": 1, "workflow_navigation": 1, "filter_toggle": 2}, "policies_matched": [{"key": "feedback", "domain": "general", "source": "legacy_coverage_pattern", "specific": false, "default_cap": 1, "mode_cap": null, "cross_module": false, "judge_duplicate": false, "judge_threshold": {"score": 0.2, "overlap": 5}, "status": "active", "documents": []}, {"key": "workflow_navigation", "domain": "general", "source": "legacy_coverage_pattern", "specific": false, "default_cap": 2, "mode_cap": null, "cross_module": false, "judge_duplicate": false, "judge_threshold": {"score": 0.2, "overlap": 5}, "status": "active", "documents": []}, {"key": "filter_toggle", "domain": "general", "source": "legacy_coverage_pattern", "specific": false, "default_cap": 1, "mode_cap": null, "cross_module": false, "judge_duplicate": false, "judge_threshold": {"score": 0.2, "overlap": 5}, "status": "active", "documents": []}], "matched_documents": [], "caps_applied": {"feedback": 1, "workflow_navigation": 2, "filter_toggle": 1}, "judge_thresholds_used": {}, "cross_module_policies_in_effect": []}, "execution_orchestration_plan": {"plan_first": true, "planned_case_count": 10, "main_chain_case_count": 6, "side_suite_count": 2, "execution_group_order": ["main_smoke", "boundary", "display"], "main_chain": [{"case_id": "TC-034", "execution_sequence": 1, "main_chain_step": 1, "stage": "entry", "stage_kind": "consume", "source_state": "initial", "target_state": "photo_popup", "role": "student", "depends_on": []}, {"case_id": "TC-035", "execution_sequence": 2, "main_chain_step": 2, "stage": "configure", "stage_kind": "completion_sync", "source_state": "photo_popup", "target_state": "photo_uploaded", "role": "student", "depends_on": ["TC-034"]}, {"case_id": "TC-036", "execution_sequence": 3, "main_chain_step": 3, "stage": "edit", "stage_kind": "edit", "source_state": "photo_uploaded", "target_state": "marking_done", "role": "student", "depends_on": ["TC-035"]}, {"case_id": "TC-037", "execution_sequence": 4, "main_chain_step": 4, "stage": "preview", "stage_kind": "preview", "source_state": "marking_done", "target_state": "ready_submit", "role": "student", "depends_on": ["TC-036"]}, {"case_id": "TC-038", "execution_sequence": 5, "main_chain_step": 5, "stage": "commit", "stage_kind": "commit", "source_state": "ready_submit", "target_state": "submitted", "role": "student", "depends_on": ["TC-037"]}, {"case_id": "TC-039", "execution_sequence": 6, "main_chain_step": 6, "stage": "downstream_visibility", "stage_kind": "downstream_visibility", "source_state": "submitted", "target_state": "recommend_triggered", "role": "student", "depends_on": ["TC-038"]}], "side_suites": [{"suite_id": "boundary_suite", "execution_group": "boundary", "rank": 3, "case_ids": ["TC-040", "TC-041", "TC-042"], "case_count": 3}, {"suite_id": "display_suite", "execution_group": "display", "rank": 5, "case_ids": ["TC-043"], "case_count": 1}]}, "execution_group_order": ["main_smoke", "boundary", "display"]}, "final_execution_group_order": ["main_smoke", "boundary", "display"], "final_execution_orchestration_plan": {"plan_first": true, "planned_case_count": 10, "main_chain_case_count": 6, "side_suite_count": 2, "execution_group_order": ["main_smoke", "boundary", "display"], "main_chain": [{"case_id": "TC-034", "execution_sequence": 1, "main_chain_step": 1, "stage": "entry", "stage_kind": "consume", "source_state": "initial", "target_state": "photo_popup", "role": "student", "depends_on": []}, {"case_id": "TC-035", "execution_sequence": 2, "main_chain_step": 2, "stage": "configure", "stage_kind": "completion_sync", "source_state": "photo_popup", "target_state": "photo_uploaded", "role": "student", "depends_on": ["TC-034"]}, {"case_id": "TC-036", "execution_sequence": 3, "main_chain_step": 3, "stage": "edit", "stage_kind": "edit", "source_state": "photo_uploaded", "target_state": "marking_done", "role": "student", "depends_on": ["TC-035"]}, {"case_id": "TC-037", "execution_sequence": 4, "main_chain_step": 4, "stage": "preview", "stage_kind": "preview", "source_state": "marking_done", "target_state": "ready_submit", "role": "student", "depends_on": ["TC-036"]}, {"case_id": "TC-038", "execution_sequence": 5, "main_chain_step": 5, "stage": "commit", "stage_kind": "commit", "source_state": "ready_submit", "target_state": "submitted", "role": "student", "depends_on": ["TC-037"]}, {"case_id": "TC-039", "execution_sequence": 6, "main_chain_step": 6, "stage": "downstream_visibility", "stage_kind": "downstream_visibility", "source_state": "submitted", "target_state": "recommend_triggered", "role": "student", "depends_on": ["TC-038"]}], "side_suites": [{"suite_id": "boundary_suite", "execution_group": "boundary", "rank": 3, "case_ids": ["TC-040", "TC-041", "TC-042"], "case_count": 3}, {"suite_id": "display_suite", "execution_group": "display", "rank": 5, "case_ids": ["TC-043"], "case_count": 1}]}, "fact_profile_source": "requirement_semantics", "fact_profile_confidence": 0.0, "fact_profile_confirmed_count": 5, "fact_profile_forbidden_count": 0, "fact_profile_pending_count": 0, "project_profile_source": "reference_cases", "project_profile_confidence": 0.0, "flow_governance_applied": true, "flow_reordered": false, "flow_governance_reason": "", "scenario_duplicate_pruned_count": 0, "scenario_duplicate_pruned_indices": [], "execution_plan": {"applied": true, "coverage_mode": "standard_regression", "workflow_blueprint_count": 1, "trusted_workflow_contract_count": 0, "current_requirement_blueprint_count": 1, "plan_workflow_blueprint_count": 1, "workflow_blueprint_source": "current_requirement_blueprint", "linear_executable": false, "linear_scope": "main_smoke_chain_only", "main_chain_case_count": 6, "main_chain_stage_order": ["entry", "configure", "edit", "preview", "commit", "downstream_visibility"], "main_chain_stage_kinds": ["consume", "completion_sync", "edit", "preview", "commit", "downstream_visibility"], "main_chain_incomplete_reason": "", "derived_workflow_debug": {"candidate_total": 4, "action_state_candidate_count": 0, "primary_candidate_count": 0, "fallback_candidate_count": 0, "selected_candidate_count": 0, "closure_reason": ""}, "main_chain_excluded_candidates": [{"case_id": "TC-034", "description": "拍照对答案自评流程-边界验证-全部标记做错时积分0分所有题入错题本且触发全部知识点相似题推荐", "stage_key": "entry", "reason": "boundary_capacity"}, {"case_id": "TC-037", "description": "拍照对答案自评流程-安全验证-确认上传后学生端本地无照片数据残留", "stage_key": "configure", "reason": "stage_action_not_supported_by_case_text"}, {"case_id": "TC-035", "description": "拍照对答案自评流程-边界验证-未全部标记题目时提交按钮置灰且计数随标记进度更新", "stage_key": "edit", "reason": "boundary_capacity"}, {"case_id": "TC-036", "description": "拍照对答案自评流程-边界验证-删除所有已拍照片后确认按钮置灰计数归零", "stage_key": "edit", "reason": "destructive_action"}], "independent_case_count": 4, "isolation_case_count": 4, "role_switch_count": 0, "broken_dependency_count": 0, "state_conflict_count": 0, "state_conflicts": [], "selected_stage_state_conflicts": [], "semantic_conflict_count": 1, "semantic_conflicts": [{"case_id": "TC-036", "reason": "stage_text_lacks_edit_action", "stage_kind": "edit", "description": "逐题标记对错"}], "execution_group_breakdown": {"boundary": 3, "display": 1, "main_smoke": 6}, "execution_group_order": ["main_smoke", "boundary", "display"], "execution_orchestration_plan": {"plan_first": true, "planned_case_count": 10, "main_chain_case_count": 6, "side_suite_count": 2, "execution_group_order": ["main_smoke", "boundary", "display"], "main_chain": [{"case_id": "TC-034", "execution_sequence": 1, "main_chain_step": 1, "stage": "entry", "stage_kind": "consume", "source_state": "initial", "target_state": "photo_popup", "role": "student", "depends_on": []}, {"case_id": "TC-035", "execution_sequence": 2, "main_chain_step": 2, "stage": "configure", "stage_kind": "completion_sync", "source_state": "photo_popup", "target_state": "photo_uploaded", "role": "student", "depends_on": ["TC-034"]}, {"case_id": "TC-036", "execution_sequence": 3, "main_chain_step": 3, "stage": "edit", "stage_kind": "edit", "source_state": "photo_uploaded", "target_state": "marking_done", "role": "student", "depends_on": ["TC-035"]}, {"case_id": "TC-037", "execution_sequence": 4, "main_chain_step": 4, "stage": "preview", "stage_kind": "preview", "source_state": "marking_done", "target_state": "ready_submit", "role": "student", "depends_on": ["TC-036"]}, {"case_id": "TC-038", "execution_sequence": 5, "main_chain_step": 5, "stage": "commit", "stage_kind": "commit", "source_state": "ready_submit", "target_state": "submitted", "role": "student", "depends_on": ["TC-037"]}, {"case_id": "TC-039", "execution_sequence": 6, "main_chain_step": 6, "stage": "downstream_visibility", "stage_kind": "downstream_visibility", "source_state": "submitted", "target_state": "recommend_triggered", "role": "student", "depends_on": ["TC-038"]}], "side_suites": [{"suite_id": "boundary_suite", "execution_group": "boundary", "rank": 3, "case_ids": ["TC-040", "TC-041", "TC-042"], "case_count": 3}, {"suite_id": "display_suite", "execution_group": "display", "rank": 5, "case_ids": ["TC-043"], "case_count": 1}]}, "generated_bridge_case_count": 0, "workflow_contract_materialized_case_count": 6, "group_setup": {"boundary": "seed_boundary_dataset()", "display": "seed_display_ready_dataset()", "main_smoke": "seed_workflow_blueprint_dataset()"}, "group_teardown": {"boundary": "delete_boundary_dataset()", "display": "delete_display_ready_dataset()", "main_smoke": "cleanup_workflow_blueprint_dataset()"}, "fixture_keys": ["boundary_dataset", "display_ready_dataset", "workflow_blueprint_chain_seed"]}, "linear_executable": false, "linear_scope": "main_smoke_chain_only", "main_chain_case_count": 6, "independent_case_count": 4, "isolation_case_count": 4, "broken_dependency_count": 0, "state_conflict_count": 0, "role_switch_count": 0, "final_reasoning_leakage_case_count": 0, "priority_decision_state_breakdown": {"decided": 4, "conflict": 0, "undetermined": 0, "optional": 0, "invalid": 0}, "priority_final_breakdown": {"P0": 1, "P1": 2, "P2": 1, "null": 0}, "legacy_priority_breakdown": {"P0": 3, "P1": 0, "P2": 1, "UNKNOWN": 0}, "priority_conflict_count": 0, "priority_undetermined_count": 0, "priority_optional_count": 0, "priority_invalid_count": 0, "priority_quality_gate_failed": false, "needs_priority_review": false, "invalid_case_count": 0, "reasoning_leakage_case_count": 0, "review_llm_filter_applied": false, "review_input_size": 4, "review_output_size": 4, "review_target_min_count": 3, "review_target_max_count": 3, "review_shortfall_detected": false, "review_shortfall_before_count": 4, "review_shortfall_recovered_count": 0, "review_post_rerank_floor_count": 2, "review_post_rerank_recovered_count": 0, "final_target_floor_count": 4, "final_floor_recovery_attempted": true, "final_floor_recovery_applied": true, "final_floor_recovered_count": 1, "final_floor_recovery_reason": "recovered_with_relaxed_scenario_caps", "final_confirmed_conflict_drop_count": 0, "final_shortfall_supplement_attempted": false, "final_shortfall_supplement_applied": false, "final_shortfall_supplement_count": 0, "final_shortfall_supplement_reason": "", "final_shortfall_supplement_debug": {}, "requested_generation_mode": "", "effective_generation_coverage_mode_source": "feedback_control_state", "explicit_generation_mode_override": false, "explicit_expected_count_floor_preserved": false, "review_fill_source": "none", "review_llm_selected_count": 0, "review_llm_runtime_debug": {"invoked": false, "pool_non_empty": true, "pool_size": 3, "deterministic_noop_skip_eligible": true, "deterministic_noop_preflight_selected_count": 3, "deterministic_noop_preflight_within_target_window": true, "deterministic_noop_preflight_signature_unchanged": true, "deterministic_noop_preflight_dropped_by_max": false, "skip_reason": "llm_pool_within_constraint_window", "primary_model": "", "primary_invalid_reason": "", "primary_reason_incomplete": false, "primary_dropped_reason_count": 0, "primary_dropped_reason_payload_count": 0, "primary_reason_coverage_ratio": 0.0, "response_len": 0, "response_preview": "", "primary_response_metadata": {}, "primary_compact_retry_invoked": false, "primary_compact_retry_model": "", "primary_compact_retry_invalid_reason": "", "primary_compact_retry_response_len": 0, "primary_compact_retry_response_metadata": {}, "retry_invoked": false, "retry_reason": "", "retry_model": "", "retry_attempts": [], "fallback_skipped_reason": "", "retry_response_len": 0, "retry_parse_success": false, "retry_mapped_count": 0, "retry_payload_has_selection_signal": false, "parsed_type": "", "parsed_len": 0, "mapped_count": 0, "mapped_signature_count": 0, "dropped_reason_count": 0, "dropped_reason_payload_count": 0, "dropped_reason_unmapped_count": 0, "payload_has_selection_signal": false, "final_selected_and_dropped_overlap_count": 0, "final_selected_and_dropped_overlap_case_ids": [], "final_payload_consistent": true, "reason_repair_invoked": false, "reason_repair_model": "", "reason_repair_candidate_count": 0, "reason_repair_response_len": 0, "reason_repair_mapped_count": 0, "reason_repair_invalid_reason": "", "reason_repair_response_metadata": {}, "final_source": "review_selector", "applied": false, "applied_reason": "skipped_deterministic_noop", "exception": "", "forced_reset_by_fallback": false, "fallback_reason_incomplete": false, "final_reason_incomplete": false, "final_reason_coverage_ratio": 1.0, "prompt_chars": 0, "prompt_est_tokens": 0, "candidate_count": 3, "append_target_count": 10, "append_final_cap_count": 10}, "review_constraint_selected_count": 0, "review_llm_drop_reason_breakdown": {}, "review_llm_drop_reason_raw_breakdown": {}, "review_llm_drop_reason_source_breakdown": {}, "fallback_reason_incomplete": false, "final_reason_incomplete": false, "final_reason_coverage_ratio": 1.0, "fallback_dropped_reason_count": 0, "fallback_dropped_reason_mapped_count": 0, "fallback_dropped_reason_unmapped_count": 0, "fallback_reason_coverage_ratio": 0.0, "llm_reason_coverage_ratio": 0.0, "deterministic_backfill_ratio": 0.0, "reason_source_breakdown": {"primary": 0, "fallback": 0, "backfill": 0}, "primary_reason_incomplete": false, "primary_dropped_reason_count": 0, "primary_dropped_reason_payload_count": 0, "primary_reason_coverage_ratio": 0.0, "fallback_with_positive_evidence_count": 0, "fallback_without_positive_evidence_count": 0, "review_llm_pool_count": 3, "candidate_by_pass": {"primary": 4, "gap": 0}, "must_keep_candidate_count": 1, "must_keep_retained_count": 1, "must_keep_dropped_count": 0, "retained_due_to_coverage_value_count": 2, "must_cover_rule_hit_count": 0, "forbidden_pattern_violation_count": 0, "soft_constraint_hit_count": 0, "quality_hint_satisfied_count": 0, "drop_by_review_llm_count": 0, "drop_by_review_selector_count": 2, "drop_by_review_gate_count": 0, "drop_by_pre_gate_dedup_count": 0, "drop_by_post_review_dedup_count": 2, "drop_no_new_signal_count": 0, "drop_rule_cap_count": 0, "drop_ui_like_redundant_count": 0, "drop_ui_like_ratio_cap_count": 0, "drop_outside_target_window_count": 0, "drop_by_rerank_low_signal_count": 0, "dropped_model_priority_p0_p1_count": 2, "dropped_core_rule_hit_count": 0, "dropped_missing_rule_hit_count": 0, "dropped_high_signal_count": 2, "dropped_has_coverage_value_count": 2, "drop_ui_like_ratio_postprocess_count": 0, "drop_final_description_duplicate_count": 0, "multi_pass": true, "generation_mode": "multi_pass", "request_id": "20f86aa628784dc9b482e2921abe5084"}
GEN_DIAG:{"kind": "feedback_control_state", "control_state_applied": true, "generation_coverage_mode": "standard_regression", "generation_target_case_range": {"min": 30, "max": 50}, "fact_profile_source": "requirement_semantics", "fact_profile_confidence": 0.0, "fact_profile_confirmed_count": 5, "fact_profile_forbidden_count": 0, "fact_profile_pending_count": 0, "project_profile_source": "reference_cases", "project_profile_confidence": 0.0, "project_profile_flow_count": 13, "manual_quality_profile_source": "", "manual_quality_profile_version": "", "manual_quality_profile_trusted_count": 0, "manual_quality_profile_high_priority_ratio": 0.0, "manual_quality_profile_display_ratio_cap": 0.0, "must_cover_rules_count": 0, "rule_quota_keys": [], "soft_constraints_count": 0, "quality_fix_hints_count": 6, "preferred_patterns_count": 0, "forbidden_patterns_count": 0, "source_meta": {"sources": ["current_requirement_blueprint", "workflow_blueprint_repository", "priority_sample_pool_domain_gate", "anomaly_pool", "evaluation_report", "generation_coverage_profile", "fact_profile", "project_profile"], "current_requirement_blueprint_status": "applied", "current_requirement_blueprint_count": 1, "current_requirement_blueprint_step_count": 6, "current_requirement_blueprint_source": "current_requirement_blueprint", "current_requirement_blueprint_max_tokens": 1600, "requirement_understanding_used": true, "requirement_understanding_visual_fact_count": 4, "requirement_understanding_invalid_visual_block_count": 0, "current_requirement_blueprint_raw_chars": 1381, "current_requirement_blueprint_ids": ["photo_answer_review"], "workflow_blueprint_repository_count": 0, "trusted_workflow_contract_count": 0, "workflow_blueprint_current_source_doc_ids": [], "workflow_blueprint_same_source_count": 0, "priority_pool_sample_count": 105, "priority_pool_total_positive_count": 78, "priority_pool_total_negative_count": 27, "generation_id": null, "retrieval_query_used": true, "retrieval_top_k": 5, "retrieval_hit_count": 0, "retrieval_selected_count": 0, "retrieval_fallback": "domain_unstable", "retrieval_selected_weight_avg": 0.0, "retrieval_selected_quality_avg": 0.0, "retrieval_diversity_cluster_cap": 2, "retrieval_diversity_skipped_count": 0, "retrieval_lexical_fallback_used": false, "retrieval_active_sample_count": 85, "retrieval_disabled_sample_count": 0, "retrieval_low_confidence_sample_count": 20, "retrieval_min_pattern_confidence": 0.6, "retrieval_signal_quota_applied": false, "retrieval_signal_quota_relaxed": false, "retrieval_positive_min_quota": 2, "retrieval_negative_max_quota": 3, "retrieval_selected_positive_count": 0, "retrieval_selected_negative_count": 0, "retrieval_pool_positive_count": 71, "retrieval_pool_negative_count": 14, "retrieval_raw_positive_count": 0, "retrieval_raw_negative_count": 0, "retrieval_after_diversity_positive_count": 0, "retrieval_after_diversity_negative_count": 0, "retrieval_after_quota_merge_positive_count": 0, "retrieval_after_quota_merge_negative_count": 0, "retrieval_final_selected_positive_count": 0, "retrieval_final_selected_negative_count": 0, "retrieval_query_domain_tags": ["ai_wrong_question_teaching", "course_access", "essay_writing", "recent_course_scheduling"], "retrieval_domain_scores": {"ai_wrong_question_teaching": 2, "recent_course_scheduling": 2, "essay_writing": 2, "course_access": 3}, "retrieval_domain_gate_status": "ambiguous_registered_domain", "retrieval_domain_gate_reason": "primary_domain_not_in_requirement_topic", "retrieval_domain_gate_blocked": true, "retrieval_domain_gate_allows_historical_profile": false, "retrieval_domain_filter_applied": true, "retrieval_domain_matched_sample_count": 0, "retrieval_domain_skipped_sample_count": 85, "retrieval_domain_no_match": true, "retrieval_sample_id_hit_count": 0, "retrieval_index_mismatch_count": 0, "retrieval_query_primary_domain": "course_access", "workflow_blueprint_direct_candidate_count": 0, "workflow_blueprint_direct_selected_count": 0, "retrieval_index_resync_attempted": false, "retrieval_index_resync_success": false, "retrieval_index_resync_error": "", "sample_count": 0, "challenge_sample_count": 0, "regression_sample_count": 0, "rule_frequency": {}, "doc_count": 3, "doc_types": {"evaluation_report": 3}, "generation_coverage_profile": {"coverage_mode": "standard_regression", "case_density": "medium", "target_case_range": {"min": 30, "max": 50}, "activation_evidence": {"expected_count": 43, "linked_final_case_count": 0, "full_regression_token_hit": false, "expanded_regression_token_hit": false, "standard_regression_token_hit": true}, "coverage_layers": ["入口、主流程、编辑/删除/保存、异常提示、跨页返回至少各覆盖一类。", "状态变化用例必须验证操作前后差异，不只验证静态展示。", "保留少量原有模块回归，避免新增功能影响既有链路。"]}, "fact_profile": {"profile_version": "fact-profile-v1", "profile_source": "requirement_semantics", "confidence": 0, "confirmed_facts": ["⼀、计分规则\u0001", "可反复刷的模块，取历史最⾼分（可以重新进⼊，", "与基础巩固⾄少完成⼀个，才可进⼊后续流程\u0001", "顶部栏：返回按钮、课程标题、当前⾦币数、切换", "右侧提⽰\"再得\u0001X\u0001⾦币拿满奖励\"，动态计算剩余\u0001"], "scoped_rules": [], "forbidden_facts": [], "pending_items": [], "reuse_declarations": [], "hard_flow_constraints": ["与基础巩固⾄少完成⼀个，才可进⼊后续流程\u0001", "顶部栏：返回按钮、课程标题、当前⾦币数、切换", "右侧提⽰\"再得\u0001X\u0001⾦币拿满奖励\"，动态计算剩余\u0001"], "reuse_risks": [], "source_priority": ["current_requirement", "rag_requirement", "supplement_boundary", "testcase_style_only", "historical_feedback"], "conflict_policy": "current_requirement_wins", "strategy_only": 0}, "project_profile": {"profile_version": "project-profile-v1", "profile_source": "reference_cases", "confidence": 0, "flow_outline": {"source": "requirement_keyword_positions", "domain_gate_status": "ambiguous_registered_domain", "domain_gate_reason": "registered_domain_tags_without_primary", "domain_gate_allows_historical_profile": false, "flow_order": ["stage:拍照", "stage:确认与取消", "stage:出_测_基础巩固答错后触发", "stage:最高分计算", "stage:页面结构", "stage:打印", "stage:奖励进度条", "stage:左侧导航交互", "stage:触发条件", "stage:弹窗展示", "stage:照片管理", "stage:设置总览", "stage:学习进度控制"], "document_flow_order": ["stage:出_测_基础巩固答错后触发", "stage:最高分计算", "stage:页面结构", "stage:打印", "stage:奖励进度条", "stage:左侧导航交互", "stage:触发条件", "stage:弹窗展示", "stage:拍照", "stage:照片管理", "stage:确认与取消", "stage:设置总览", "stage:学习进度控制"], "flow_labels": {"stage:出_测_基础巩固答错后触发": "出⻔测、基础巩固答错后触发", "stage:最高分计算": "最高分计算", "stage:页面结构": "页面结构", "stage:打印": "打印", "stage:奖励进度条": "奖励进度条", "stage:左侧导航交互": "左侧导航交互", "stage:触发条件": "触发条件", "stage:弹窗展示": "弹窗展示", "stage:拍照": "拍照流程", "stage:照片管理": "照片管理", "stage:确认与取消": "确认与取消(核心调整)", "stage:设置总览": "设置总览", "stage:学习进度控制": "学习进度控制"}, "flow_stage_positions": {"stage:出_测_基础巩固答错后触发": 47, "stage:最高分计算": 54, "stage:页面结构": 67, "stage:打印": 70, "stage:奖励进度条": 77, "stage:左侧导航交互": 88, "stage:触发条件": 107, "stage:弹窗展示": 117, "stage:拍照": 136, "stage:照片管理": 148, "stage:确认与取消": 157, "stage:设置总览": 185, "stage:学习进度控制": 196}, "cross_cutting": [], "cross_cutting_labels": {}, "data_flow_edges": [{"from": "stage:拍照", "to": "stage:确认与取消", "from_label": "拍照流程", "to_label": "确认与取消(核心调整)"}, {"from": "stage:确认与取消", "to": "stage:出_测_基础巩固答错后触发", "from_label": "确认与取消(核心调整)", "to_label": "出⻔测、基础巩固答错后触发"}, {"from": "stage:出_测_基础巩固答错后触发", "to": "stage:最高分计算", "from_label": "出⻔测、基础巩固答错后触发", "to_label": "最高分计算"}, {"from": "stage:最高分计算", "to": "stage:页面结构", "from_label": "最高分计算", "to_label": "页面结构"}, {"from": "stage:页面结构", "to": "stage:打印", "from_label": "页面结构", "to_label": "打印"}, {"from": "stage:打印", "to": "stage:奖励进度条", "from_label": "打印", "to_label": "奖励进度条"}, {"from": "stage:奖励进度条", "to": "stage:左侧导航交互", "from_label": "奖励进度条", "to_label": "左侧导航交互"}, {"from": "stage:左侧导航交互", "to": "stage:触发条件", "from_label": "左侧导航交互", "to_label": "触发条件"}, {"from": "stage:触发条件", "to": "stage:弹窗展示", "from_label": "触发条件", "to_label": "弹窗展示"}, {"from": "stage:弹窗展示", "to": "stage:照片管理", "from_label": "弹窗展示", "to_label": "照片管理"}, {"from": "stage:照片管理", "to": "stage:设置总览", "from_label": "照片管理", "to_label": "设置总览"}, {"from": "stage:设置总览", "to": "stage:学习进度控制", "from_label": "设置总览", "to_label": "学习进度控制"}], "data_flow_phase_rank": {"stage:拍照": "entry_capture", "stage:确认与取消": "review_confirm"}, "data_flow_order_applied": true}, "ordering_policy": "flow_first_then_cross_cutting", "scenario_cluster_policy": {"default_max_per_scenario": 2}, "profile_constraints": ["strategy_only_not_fact_source"], "strategy_only": 1}}, "request_id": "20f86aa628784dc9b482e2921abe5084"}
GEN_DIAG:{"kind": "judge_summary", "pass_count": 4, "repairable_count": 1, "raw_repairable_count": 1, "remaining_repairable_count": 0, "unrepaired_repairable_count": 1, "reject_count": 0, "pending_count": 0, "repaired_case_count": 0, "appended_case_count": 0, "confirmed_pass_out_count": 4, "repaired_pass_out_count": 0, "rejected_out_count": 0, "pending_out_count": 0, "fact_violation_count": 0, "core_flow_covered": false, "reuse_risk_covered": true, "fact_profile_source": "requirement_semantics", "fact_profile_confidence": 0.0, "fact_profile_confirmed_count": 5, "fact_profile_forbidden_count": 0, "fact_profile_pending_count": 0, "generation_id": 515, "request_id": "20f86aa628784dc9b482e2921abe5084"}
GEN_DIAG:{"kind": "judge_decision_table", "generation_id": 515, "rows": [{"generation_id": 515, "request_id": "20f86aa628784dc9b482e2921abe5084", "case_id": "TC-034", "judge_status": "PASS", "reject_reason": "", "pending_reason": "", "signals": {"violates_confirmed_fact": false, "missing_core_flow": false, "missing_reuse_risk": false, "contains_pending_logic": false, "confirmed_fact_hits": [], "confirmed_fact_violations": [], "reuse_risk_hits": [], "pending_hits": [], "vague_or_unconfirmed_hits": []}, "violates_confirmed_fact": false, "missing_core_flow": false, "missing_reuse_risk": false, "contains_pending_logic": false, "confirmed_fact_hits": [], "confirmed_fact_violations": [], "reuse_risk_hits": [], "pending_hits": [], "vague_or_unconfirmed_hits": [], "before_case_snapshot": {"id": "TC-034", "description": "拍照对答案自评流程-边界验证-未全部标记题目时提交按钮置灰且计数随标记进度更新", "test_module": "拍照对答案自评流程", "preconditions": ["学生已完成出门测纸上作答", "已拍照上传并进入对答案页面", "出门测共5题"], "steps": ["1. 仅标记前3道题的对错，剩余2道未标记", "2. 观察底部'提交标记'按钮状态和计数显示(对X/总5)", "3. 标记第4道题", "4. 观察按钮状态和计数变化(对X/总5)", "5. 标记全部5道题", "6. 观察按钮变为可点击状态及最终计数(对X/总5)"], "test_input": "逐步标记：3/5→4/5→5/5", "expected_result": "未全部标记时提交按钮置灰不可点击，计数(对X/总Y)随每道题标记实时更新；全部5题标记完成后按钮变为可点击状态且计数显示正确的对题数与总题数", "priority": "P0", "model_priority_current": "P1", "model_priority": "P1", "legacy_priority": "P1", "priority_final": "P0", "priority_decision_state": "decided", "priority_decision_source": "hard_guard_promotion", "priority_confidence": "high", "priority_conflict_reason": "", "priority_resolution_reason": ""}, "after_case_snapshot": {"id": "TC-034", "description": "拍照对答案自评流程-边界验证-未全部标记题目时提交按钮置灰且计数随标记进度更新", "test_module": "拍照对答案自评流程", "preconditions": ["学生已完成出门测纸上作答", "已拍照上传并进入对答案页面", "出门测共5题"], "steps": ["1. 仅标记前3道题的对错，剩余2道未标记", "2. 观察底部'提交标记'按钮状态和计数显示(对X/总5)", "3. 标记第4道题", "4. 观察按钮状态和计数变化(对X/总5)", "5. 标记全部5道题", "6. 观察按钮变为可点击状态及最终计数(对X/总5)"], "test_input": "逐步标记：3/5→4/5→5/5", "expected_result": "未全部标记时提交按钮置灰不可点击，计数(对X/总Y)随每道题标记实时更新；全部5题标记完成后按钮变为可点击状态且计数显示正确的对题数与总题数", "priority": "P0", "model_priority_current": "P1", "model_priority": "P1", "legacy_priority": "P1", "priority_final": "P0", "priority_decision_state": "decided", "priority_decision_source": "hard_guard_promotion", "priority_confidence": "high", "priority_conflict_reason": "", "priority_resolution_reason": ""}}, {"generation_id": 515, "request_id": "20f86aa628784dc9b482e2921abe5084", "case_id": "TC-035", "judge_status": "PASS", "reject_reason": "", "pending_reason": "", "signals": {"violates_confirmed_fact": false, "missing_core_flow": false, "missing_reuse_risk": false, "contains_pending_logic": false, "confirmed_fact_hits": [], "confirmed_fact_violations": [], "reuse_risk_hits": [], "pending_hits": [], "vague_or_unconfirmed_hits": []}, "violates_confirmed_fact": false, "missing_core_flow": false, "missing_reuse_risk": false, "contains_pending_logic": false, "confirmed_fact_hits": [], "confirmed_fact_violations": [], "reuse_risk_hits": [], "pending_hits": [], "vague_or_unconfirmed_hits": [], "before_case_snapshot": {"id": "TC-035", "description": "拍照对答案自评流程-边界验证-全部标记做错时积分0分所有题入错题本且触发全部知识点相似题推荐", "test_module": "拍照对答案自评流程", "preconditions": ["学生已完成出门测纸上作答", "已拍照上传并进入对答案页面", "出门测共5题，涉及2个知识点"], "steps": ["1. 逐题标记所有5道题为'我做错了✗'", "2. 观察每题即时反馈（柔和红色提示+鼓励文案+金币+1）", "3. 点击'提交标记(对0/总5)'按钮", "4. 查看积分计算结果", "5. 查看错题本记录", "6. 观察是否触发相似题推荐及覆盖的知识点范围"], "test_input": "5题全部标记做错", "expected_result": "模块积分=0分（答对题数×1分=0×1=0），5道题全部加入错题本，相似题推荐入口出现且覆盖5道错题对应的全部2个知识点", "priority": "P0", "model_priority_current": "P1", "model_priority": "P1", "legacy_priority": "P1", "priority_final": "P0", "priority_decision_state": "decided", "priority_decision_source": "hard_guard_promotion", "priority_confidence": "high", "priority_conflict_reason": "", "priority_resolution_reason": ""}, "after_case_snapshot": {"id": "TC-035", "description": "拍照对答案自评流程-边界验证-全部标记做错时积分0分所有题入错题本且触发全部知识点相似题推荐", "test_module": "拍照对答案自评流程", "preconditions": ["学生已完成出门测纸上作答", "已拍照上传并进入对答案页面", "出门测共5题，涉及2个知识点"], "steps": ["1. 逐题标记所有5道题为'我做错了✗'", "2. 观察每题即时反馈（柔和红色提示+鼓励文案+金币+1）", "3. 点击'提交标记(对0/总5)'按钮", "4. 查看积分计算结果", "5. 查看错题本记录", "6. 观察是否触发相似题推荐及覆盖的知识点范围"], "test_input": "5题全部标记做错", "expected_result": "模块积分=0分（答对题数×1分=0×1=0），5道题全部加入错题本，相似题推荐入口出现且覆盖5道错题对应的全部2个知识点", "priority": "P0", "model_priority_current": "P1", "model_priority": "P1", "legacy_priority": "P1", "priority_final": "P0", "priority_decision_state": "decided", "priority_decision_source": "hard_guard_promotion", "priority_confidence": "high", "priority_conflict_reason": "", "priority_resolution_reason": ""}}, {"generation_id": 515, "request_id": "20f86aa628784dc9b482e2921abe5084", "case_id": "TC-036", "judge_status": "PASS", "reject_reason": "", "pending_reason": "", "signals": {"violates_confirmed_fact": false, "missing_core_flow": false, "missing_reuse_risk": false, "contains_pending_logic": false, "confirmed_fact_hits": [], "confirmed_fact_violations": [], "reuse_risk_hits": [], "pending_hits": [], "vague_or_unconfirmed_hits": []}, "violates_confirmed_fact": false, "missing_core_flow": false, "missing_reuse_risk": false, "contains_pending_logic": false, "confirmed_fact_hits": [], "confirmed_fact_violations": [], "reuse_risk_hits": [], "pending_hits": [], "vague_or_unconfirmed_hits": [], "before_case_snapshot": {"id": "TC-036", "description": "拍照对答案自评流程-边界验证-删除所有已拍照片后确认按钮置灰计数归零", "test_module": "拍照对答案自评流程", "preconditions": ["督导端'查看答案前需拍照上传'开关开启", "学生点击'申请看答案'进入拍照弹窗", "已拍摄3张照片，计数显示'已拍3张'，确认按钮可点击"], "steps": ["1. 点击第1张缩略图右上角'×'删除按钮", "2. 观察计数更新为'已拍2张'及确认按钮仍可点击", "3. 点击第2张缩略图'×'删除按钮", "4. 观察计数更新为'已拍1张'及确认按钮仍可点击", "5. 点击第3张缩略图'×'删除按钮", "6. 观察计数归零显示'已拍0张'及确认按钮状态变化"], "test_input": "逐张删除全部3张照片", "expected_result": "每删除一张后计数相应减1（3→2→1→0），已删除照片从缩略图列表移除；删除至0张时计数显示'已拍0张'，确认按钮'已拍照，查看答案'重新置灰不可点击，需重新拍摄至少1张才可确认", "priority": "P2", "model_priority_current": "P2", "model_priority": "P2", "legacy_priority": "P2", "priority_final": "P2", "priority_decision_state": "decided", "priority_decision_source": "model_semantic_consistent", "priority_confidence": "high", "priority_conflict_reason": "", "priority_resolution_reason": ""}, "after_case_snapshot": {"id": "TC-036", "description": "拍照对答案自评流程-边界验证-删除所有已拍照片后确认按钮置灰计数归零", "test_module": "拍照对答案自评流程", "preconditions": ["督导端'查看答案前需拍照上传'开关开启", "学生点击'申请看答案'进入拍照弹窗", "已拍摄3张照片，计数显示'已拍3张'，确认按钮可点击"], "steps": ["1. 点击第1张缩略图右上角'×'删除按钮", "2. 观察计数更新为'已拍2张'及确认按钮仍可点击", "3. 点击第2张缩略图'×'删除按钮", "4. 观察计数更新为'已拍1张'及确认按钮仍可点击", "5. 点击第3张缩略图'×'删除按钮", "6. 观察计数归零显示'已拍0张'及确认按钮状态变化"], "test_input": "逐张删除全部3张照片", "expected_result": "每删除一张后计数相应减1（3→2→1→0），已删除照片从缩略图列表移除；删除至0张时计数显示'已拍0张'，确认按钮'已拍照，查看答案'重新置灰不可点击，需重新拍摄至少1张才可确认", "priority": "P2", "model_priority_current": "P2", "model_priority": "P2", "legacy_priority": "P2", "priority_final": "P2", "priority_decision_state": "decided", "priority_decision_source": "model_semantic_consistent", "priority_confidence": "high", "priority_conflict_reason": "", "priority_resolution_reason": ""}}, {"generation_id": 515, "request_id": "20f86aa628784dc9b482e2921abe5084", "case_id": "TC-037", "judge_status": "PASS", "reject_reason": "", "pending_reason": "", "signals": {"violates_confirmed_fact": false, "missing_core_flow": false, "missing_reuse_risk": false, "contains_pending_logic": false, "confirmed_fact_hits": [], "confirmed_fact_violations": [], "reuse_risk_hits": [], "pending_hits": [], "vague_or_unconfirmed_hits": []}, "violates_confirmed_fact": false, "missing_core_flow": false, "missing_reuse_risk": false, "contains_pending_logic": false, "confirmed_fact_hits": [], "confirmed_fact_violations": [], "reuse_risk_hits": [], "pending_hits": [], "vague_or_unconfirmed_hits": [], "before_case_snapshot": {"id": "TC-037", "description": "拍照对答案自评流程-安全验证-确认上传后学生端本地无照片数据残留", "test_module": "拍照对答案自评流程", "preconditions": ["督导端'查看答案前需拍照上传'开关开启", "学生点击'申请看答案'进入拍照弹窗", "已拍摄2张照片并可见缩略图"], "steps": ["1. 点击'已拍照，查看答案'确认按钮", "2. 观察提示弹窗内容'照片已发送至督导端，老师可查看你的原始作业'", "3. 关闭提示弹窗（2秒自动关闭或点击'知道了'）", "4. 进入对答案页面后检查页面是否展示任何已拍照片缩略图", "5. 检查浏览器本地存储/缓存/IndexedDB中是否保留照片文件数据", "6. 返回做题页面或刷新页面，确认无任何照片残留展示"], "test_input": "拍照2张后点击确认上传", "expected_result": "确认后学生端页面不展示任何已拍照片缩略图，浏览器本地存储和缓存中无照片文件残留，仅显示'照片已发送至督导端'提示后直接进入对答案页面，照片数据仅存在于服务器端并转发至督导端", "priority": "P1", "model_priority_current": "P0", "model_priority": "P0", "legacy_priority": "P0", "priority_final": "P1", "priority_decision_state": "conflict_resolved", "priority_decision_source": "conflict_resolved_by_core_business_rule", "priority_confidence": "medium", "priority_conflict_reason": "model=P0,suggested=P2", "priority_resolution_reason": "core_business_evidence"}, "after_case_snapshot": {"id": "TC-037", "description": "拍照对答案自评流程-安全验证-确认上传后学生端本地无照片数据残留", "test_module": "拍照对答案自评流程", "preconditions": ["督导端'查看答案前需拍照上传'开关开启", "学生点击'申请看答案'进入拍照弹窗", "已拍摄2张照片并可见缩略图"], "steps": ["1. 点击'已拍照，查看答案'确认按钮", "2. 观察提示弹窗内容'照片已发送至督导端，老师可查看你的原始作业'", "3. 关闭提示弹窗（2秒自动关闭或点击'知道了'）", "4. 进入对答案页面后检查页面是否展示任何已拍照片缩略图", "5. 检查浏览器本地存储/缓存/IndexedDB中是否保留照片文件数据", "6. 返回做题页面或刷新页面，确认无任何照片残留展示"], "test_input": "拍照2张后点击确认上传", "expected_result": "确认后学生端页面不展示任何已拍照片缩略图，浏览器本地存储和缓存中无照片文件残留，仅显示'照片已发送至督导端'提示后直接进入对答案页面，照片数据仅存在于服务器端并转发至督导端", "priority": "P1", "model_priority_current": "P0", "model_priority": "P0", "legacy_priority": "P0", "priority_final": "P1", "priority_decision_state": "conflict_resolved", "priority_decision_source": "conflict_resolved_by_core_business_rule", "priority_confidence": "medium", "priority_conflict_reason": "model=P0,suggested=P2", "priority_resolution_reason": "core_business_evidence"}}, {"generation_id": 515, "request_id": "20f86aa628784dc9b482e2921abe5084", "case_id": "AUTO-CORE-FLOW", "judge_status": "REPAIRABLE", "reject_reason": "requires_typed_requirement_unit", "pending_reason": "", "signals": {"violates_confirmed_fact": false, "missing_core_flow": true, "missing_reuse_risk": false, "contains_pending_logic": false, "confirmed_fact_hits": [], "confirmed_fact_violations": [], "reuse_risk_hits": [], "pending_hits": [], "vague_or_unconfirmed_hits": []}, "violates_confirmed_fact": false, "missing_core_flow": true, "missing_reuse_risk": false, "contains_pending_logic": false, "confirmed_fact_hits": [], "confirmed_fact_violations": [], "reuse_risk_hits": [], "pending_hits": [], "vague_or_unconfirmed_hits": [], "before_case_snapshot": {}, "after_case_snapshot": {}}], "row_count": 5, "row_count_total": 5, "row_count_reject_pending": 0, "rows_scope": "all_when_no_reject_pending", "row_evidence_incomplete": false, "multi_pass": true, "generation_mode": "multi_pass", "request_id": "20f86aa628784dc9b482e2921abe5084"}
GEN_DIAG:{"kind": "memory_fabric_diag", "memory_fabric_used": true, "memory_reads": {"working": 0, "episodic": 0, "semantic": 3, "rule": 1}, "request_id": "20f86aa628784dc9b482e2921abe5084"}
GEN_DIAG:{"kind": "review_decision_table", "generation_id": 515, "rows": [{"candidate_index": 1, "signature": "拍照对答案自评流程|拍照对答案自评流程-边界验证-全部标记做错时积分0分所有题入错题本且触发全部知识点相似题推荐|模块积分=0分（答对题数×1分=0×1=0），5道题全部加入错题本，相似题推荐入口出现且覆盖5道错题对应的全部2个知识点|5题全部标记做错", "case_id": "TC-034", "description": "拍照对答案自评流程-边界验证-全部标记做错时积分0分所有题入错题本且触发全部知识点相似题推荐", "test_module": "拍照对答案自评流程", "expected_result": "模块积分=0分（答对题数×1分=0×1=0），5道题全部加入错题本，相似题推荐入口出现且覆盖5道错题对应的全部2个知识点", "flow_stage": "stage:逐题标记即时反馈", "flow_stage_label": "逐题标记即时反馈", "flow_rank": 16, "cross_cutting": [], "scenario_key": "stage:逐题标记即时反馈:feedback:obj:拍照_照对_对答", "is_scenario_duplicate": false, "duplicate_cluster_id": "", "duplicate_cluster_size": 0, "duplicate_of_case_id": "", "misordered_against_requirement_flow": false, "expected_result_quality": "assertable", "expected_result_quality_reason": "contains_concrete_assertion", "expected_result_alignment_warning": true, "truncated_text_detected": false, "case_quality": "valid_case", "invalid_case_reason": "", "invalid_case_signals": [], "rule_keys": [], "bucket": "拍照对答案自评流程|boundary", "adds_rule": false, "adds_bucket": false, "high_signal": true, "has_coverage_value": true, "retained_reason": "retained_due_to_coverage_value", "rerank_rank": 4, "focus_score": 2, "model_priority_current": "P0", "model_priority": "P0", "legacy_priority": "P0", "priority_final": "P1", "priority_decision_state": "decided", "priority_decision_source": "conflict_resolved_by_core_business_rule", "priority_confidence": "medium", "priority_conflict_reason": "model=P0,suggested=P2", "priority_resolution_reason": "core_business_evidence", "priority_score": 0, "suggested_priority": "P2", "priority_reasons": ["main_workflow_hit", "boundary_or_low_risk_validation", "low_risk_supplemental_rule_only", "coverage_gain_non_positive", "low_risk_only_covered_rules_penalty", "no_release_blocking_guard"], "selected_by_review_llm": true, "selected_by_review_must_keep": false, "selected_by_review_constraints": false, "review_constraint_reason": "", "review_llm_drop_reason_raw": "", "review_llm_drop_reason": "", "review_llm_drop_reason_resolved": "", "review_llm_drop_reason_source": "", "review_llm_drop_reason_evidence": {}, "has_positive_evidence": false, "has_coverage_signal": false, "has_high_signal": false, "has_competition_signal": false, "review_llm_filter_applied": false, "must_keep_candidate": false, "must_keep_reasons": [], "selected_by_review_gate": true, "retained_final": true, "dropped_stage": "retained", "dropped_reason": "retained", "covered_rule_ids": ["RULE-014"], "missing_rule_hits": [], "core_rule_hits": [], "coverage_gain_score": -16, "reuse_risk_hit": false, "hit_must_cover_rule": false, "violates_forbidden_pattern": false, "hits_soft_constraint": false, "satisfies_quality_hint": false}, {"candidate_index": 2, "signature": "拍照对答案自评流程|拍照对答案自评流程-边界验证-未全部标记题目时提交按钮置灰且计数随标记进度更新|未全部标记时提交按钮置灰不可点击，计数(对x/总y)随每道题标记实时更新；全部5题标记完成后按钮变为可点击状态且计数显示正确的对题数与总题数|逐步标记：3/5→4/5→5/5", "case_id": "TC-035", "description": "拍照对答案自评流程-边界验证-未全部标记题目时提交按钮置灰且计数随标记进度更新", "test_module": "拍照对答案自评流程", "expected_result": "未全部标记时提交按钮置灰不可点击，计数(对X/总Y)随每道题标记实时更新；全部5题标记完成后按钮变为可点击状态且计数显示正确的对题数与总题数", "flow_stage": "stage:对答案与自评", "flow_stage_label": "对答案与自评", "flow_rank": 19, "cross_cutting": [], "scenario_key": "stage:对答案与自评:workflow_navigation:obj:拍照_照对_对答", "is_scenario_duplicate": false, "duplicate_cluster_id": "", "duplicate_cluster_size": 0, "duplicate_of_case_id": "", "misordered_against_requirement_flow": false, "expected_result_quality": "assertable", "expected_result_quality_reason": "contains_concrete_assertion", "expected_result_alignment_warning": true, "truncated_text_detected": false, "case_quality": "valid_case", "invalid_case_reason": "", "invalid_case_signals": [], "rule_keys": [], "bucket": "拍照对答案自评流程|boundary", "adds_rule": false, "adds_bucket": true, "high_signal": true, "has_coverage_value": true, "retained_reason": "retained_default", "rerank_rank": 2, "focus_score": 3, "model_priority_current": "P0", "model_priority": "P0", "legacy_priority": "P0", "priority_final": "P1", "priority_decision_state": "decided", "priority_decision_source": "conflict_resolved_by_core_business_rule", "priority_confidence": "medium", "priority_conflict_reason": "model=P0,suggested=P2", "priority_resolution_reason": "core_business_evidence", "priority_score": 0, "suggested_priority": "P2", "priority_reasons": ["main_workflow_hit", "boundary_or_low_risk_validation", "low_risk_supplemental_rule_only", "structural_p2_low_value_signal", "coverage_gain_non_positive", "low_risk_only_covered_rules_penalty", "structural_display_mapping_penalty", "no_release_blocking_guard"], "selected_by_review_llm": true, "selected_by_review_must_keep": false, "selected_by_review_constraints": false, "review_constraint_reason": "", "review_llm_drop_reason_raw": "", "review_llm_drop_reason": "", "review_llm_drop_reason_resolved": "", "review_llm_drop_reason_source": "", "review_llm_drop_reason_evidence": {}, "has_positive_evidence": false, "has_coverage_signal": false, "has_high_signal": false, "has_competition_signal": false, "review_llm_filter_applied": false, "must_keep_candidate": false, "must_keep_reasons": [], "selected_by_review_gate": true, "retained_final": false, "dropped_stage": "post_review_dedup_or_reorder", "dropped_reason": "drop_post_review_dedup_or_reorder", "covered_rule_ids": ["RULE-014"], "missing_rule_hits": [], "core_rule_hits": [], "coverage_gain_score": -16, "reuse_risk_hit": false, "hit_must_cover_rule": false, "violates_forbidden_pattern": false, "hits_soft_constraint": false, "satisfies_quality_hint": false}, {"candidate_index": 3, "signature": "拍照对答案自评流程|拍照对答案自评流程-边界验证-删除所有已拍照片后确认按钮置灰计数归零|每删除一张后计数相应减1（3→2→1→0），已删除照片从缩略图列表移除；删除至0张时计数显示'已拍0张'，确认按钮'已拍照，查看答案'重新置灰不可点击，需重新拍摄至少1张才可确认|逐张删除全部3张照片", "case_id": "TC-037", "description": "拍照对答案自评流程-边界验证-删除所有已拍照片后确认按钮置灰计数归零", "test_module": "拍照对答案自评流程", "expected_result": "每删除一张后计数相应减1（3→2→1→0），已删除照片从缩略图列表移除；删除至0张时计数显示'已拍0张'，确认按钮'已拍照，查看答案'重新置灰不可点击，需重新拍摄至少1张才可确认", "flow_stage": "stage:对答案与自评", "flow_stage_label": "对答案与自评", "flow_rank": 19, "cross_cutting": [], "scenario_key": "stage:对答案与自评:filter_toggle:obj:拍照_照对_对答", "is_scenario_duplicate": false, "duplicate_cluster_id": "SC-001", "duplicate_cluster_size": 2, "duplicate_of_case_id": "", "misordered_against_requirement_flow": false, "expected_result_quality": "assertable", "expected_result_quality_reason": "contains_concrete_assertion", "expected_result_alignment_warning": true, "truncated_text_detected": false, "case_quality": "valid_case", "invalid_case_reason": "", "invalid_case_signals": [], "rule_keys": [], "bucket": "拍照对答案自评流程|boundary", "adds_rule": false, "adds_bucket": false, "high_signal": true, "has_coverage_value": true, "retained_reason": "retained_due_to_coverage_value", "rerank_rank": 3, "focus_score": 3, "model_priority_current": "P0", "model_priority": "P0", "legacy_priority": "P0", "priority_final": "P2", "priority_decision_state": "decided", "priority_decision_source": "conflict_resolved_by_non_blocking_experience_rule", "priority_confidence": "medium", "priority_conflict_reason": "model=P0,suggested=P2", "priority_resolution_reason": "explicit_low_value_or_experience_case", "priority_score": 0, "suggested_priority": "P2", "priority_reasons": ["boundary_or_low_risk_validation", "low_risk_supplemental_rule_only", "structural_p2_low_value_signal", "coverage_gain_non_positive", "low_risk_only_covered_rules_penalty", "structural_display_mapping_penalty", "no_release_blocking_guard"], "selected_by_review_llm": true, "selected_by_review_must_keep": false, "selected_by_review_constraints": false, "review_constraint_reason": "", "review_llm_drop_reason_raw": "", "review_llm_drop_reason": "", "review_llm_drop_reason_resolved": "", "review_llm_drop_reason_source": "", "review_llm_drop_reason_evidence": {}, "has_positive_evidence": false, "has_coverage_signal": false, "has_high_signal": false, "has_competition_signal": false, "review_llm_filter_applied": false, "must_keep_candidate": false, "must_keep_reasons": [], "selected_by_review_gate": true, "retained_final": false, "dropped_stage": "post_review_dedup_or_reorder", "dropped_reason": "drop_post_review_dedup_or_reorder", "covered_rule_ids": ["RULE-010", "RULE-011"], "missing_rule_hits": [], "core_rule_hits": [], "coverage_gain_score": -16, "reuse_risk_hit": false, "hit_must_cover_rule": false, "violates_forbidden_pattern": false, "hits_soft_constraint": false, "satisfies_quality_hint": false}, {"candidate_index": 4, "signature": "拍照对答案自评流程|拍照对答案自评流程-安全验证-确认上传后学生端本地无照片数据残留|确认后学生端页面不展示任何已拍照片缩略图，浏览器本地存储和缓存中无照片文件残留，仅显示'照片已发送至督导端'提示后直接进入对答案页面，照片数据仅存在于服务器端并转发至督导端|拍照2张后点击确认上传", "case_id": "TC-036", "description": "拍照对答案自评流程-安全验证-确认上传后学生端本地无照片数据残留", "test_module": "拍照对答案自评流程", "expected_result": "确认后学生端页面不展示任何已拍照片缩略图，浏览器本地存储和缓存中无照片文件残留，仅显示'照片已发送至督导端'提示后直接进入对答案页面，照片数据仅存在于服务器端并转发至督导端", "flow_stage": "stage:对答案与自评", "flow_stage_label": "对答案与自评", "flow_rank": 19, "cross_cutting": [], "scenario_key": "stage:对答案与自评:filter_toggle:obj:拍照_照对_对答", "is_scenario_duplicate": true, "duplicate_cluster_id": "SC-001", "duplicate_cluster_size": 2, "duplicate_of_case_id": "TC-037", "misordered_against_requirement_flow": false, "expected_result_quality": "assertable", "expected_result_quality_reason": "contains_concrete_assertion", "expected_result_alignment_warning": true, "truncated_text_detected": false, "case_quality": "valid_case", "invalid_case_reason": "", "invalid_case_signals": [], "rule_keys": [], "bucket": "拍照对答案自评流程|risk", "adds_rule": false, "adds_bucket": true, "high_signal": true, "has_coverage_value": true, "retained_reason": "retained_default", "rerank_rank": 1, "focus_score": 0, "model_priority_current": "P2", "model_priority": "P2", "legacy_priority": "P2", "priority_final": "P0", "priority_decision_state": "decided", "priority_decision_source": "strong_p0_signal_guard", "priority_confidence": "medium", "priority_conflict_reason": "", "priority_resolution_reason": "priority_final_reflected_from_execution_plan", "priority_score": 21, "suggested_priority": "P2", "priority_reasons": ["reuse_risk_hit", "core_workflow_rule_hit", "unique_critical_rule_coverage", "no_release_blocking_guard"], "selected_by_review_llm": true, "selected_by_review_must_keep": true, "selected_by_review_constraints": false, "review_constraint_reason": "", "review_llm_drop_reason_raw": "", "review_llm_drop_reason": "", "review_llm_drop_reason_resolved": "", "review_llm_drop_reason_source": "", "review_llm_drop_reason_evidence": {}, "has_positive_evidence": false, "has_coverage_signal": false, "has_high_signal": false, "has_competition_signal": false, "review_llm_filter_applied": false, "must_keep_candidate": true, "must_keep_reasons": ["priority_p0", "reuse_risk_hit"], "selected_by_review_gate": true, "retained_final": true, "dropped_stage": "retained", "dropped_reason": "retained", "covered_rule_ids": ["RULE-008", "RULE-010", "RULE-011", "RULE-013"], "missing_rule_hits": [], "core_rule_hits": ["RULE-008"], "coverage_gain_score": 13, "reuse_risk_hit": true, "hit_must_cover_rule": false, "violates_forbidden_pattern": false, "hits_soft_constraint": false, "satisfies_quality_hint": false}], "row_count": 4, "multi_pass": true, "generation_mode": "multi_pass", "request_id": "20f86aa628784dc9b482e2921abe5084", "row_count_total": 4}
GEN_DIAG:{"kind": "generation_summary", "recommended_range": "30-50", "generation_coverage_mode": "standard_regression", "requested_generation_mode": "", "effective_generation_coverage_mode_source": "feedback_control_state", "explicit_generation_mode_override": false, "explicit_expected_count_floor_preserved": false, "expected_count": 43, "expected_count_explicit": true, "recommended_min": 30, "recommended_max": 50, "target_final_count": 43, "soft_min_count": 34, "hard_min_count": 30, "min_acceptable_final": 4, "target_satisfaction_ratio": 0.1628, "underfilled": false, "underfill_level": "", "underfill_reason": "", "underfill_root_cause": "", "final_count": 7, "status": "completed_with_quality_stop", "stop_reason": ["stopped_due_to_diminishing_returns", "target_count_warning"], "quality_assessment": "low", "needs_priority_review": false, "priority_conflict_count": 0, "priority_undetermined_count": 0, "priority_optional_count": 0, "final_priority_breakdown": {"P0": 6, "P1": 1}, "final_execution_group_breakdown": {"main_smoke": 5, "boundary": 1, "display": 1}, "final_module_breakdown_top": {"拍照对答案自评流程": 7}, "final_display_case_count": 1, "final_display_ratio": 0.1429, "final_high_priority_ratio": 1.0, "multi_pass": true, "generation_mode": "multi_pass"}
@@STATUS@@:正常完成
@@STATUS@@:停止原因：stopped_due_to_diminishing_returns（继续生成收益递减）；target_count_warning
GEN_DIAG:{"kind": "generation_quality_ledger", "generation_id": 515, "request_id": "20f86aa628784dc9b482e2921abe5084", "generation_mode": "multi_pass", "final_count": 7, "quality_assessment": "low", "initial_quality_score": 31, "quality_score": 31, "quality_score_grade": "critical", "quality_score_source": "backend_diagnostic_v1", "quality_score_basis": "coverage+review+judge+funnel+context", "quality_score_confidence": "high", "quality_score_deductions": [{"key": "coverage_gap", "label": "规则覆盖缺口", "count": 0.2857, "points": 10.0}, {"key": "missing_rules", "label": "未覆盖阻断规则", "count": 6, "points": 30.0}, {"key": "missing_boundary", "label": "缺少边界覆盖", "count": 2, "points": 4.0}, {"key": "flow_missing", "label": "流程缺失", "count": 21, "points": 25.0}], "quality_score_inputs": {"coverage_rate": 0.7143, "total_rules": 21, "missing_rules_count": 6, "final_count": 7, "candidate_total": 4, "retained_total": 2, "judge_total": 5, "rejected_count": 0, "raw_rejected_count": 0, "pending_count": 0, "raw_pending_count": 0, "semantic_duplicate_reject_count": 0, "filtered_semantic_duplicate_reject_count": 0, "filtered_pending_candidate_count": 0, "repairable_count": 0, "raw_repairable_count": 1, "repaired_pass_count": 0, "unrepaired_repairable_count": 1, "fact_profile_forbidden_count": 0, "fact_violation_count": 0, "raw_flow_missing_count": 21, "flow_missing_advisory_count": 0, "flow_missing_count": 21, "flow_misordered_count": 0, "scenario_duplicate_cluster_count": 0, "scenario_duplicate_case_count": 0, "low_quality_dropped_count": 0, "semantic_dedup_dropped_count": 0, "semantic_dedup_pressure_count": 3, "semantic_dedup_penalty_count": 0, "structure_metric_scope": "final_cases", "manual_quality_profile_applied": false, "manual_quality_profile_version": ""}, "manual_delivery": {"applied": false}, "stop_reason": ["stopped_due_to_diminishing_returns", "target_count_warning"], "coverage": {"coverage_rate": 0.7143, "total_rules": 21, "total_extracted_rules": 22, "missing_rules_count": 6, "missing_boundary_count": 2, "missing_exception_count": 0, "non_blocking_rules_count": 1}, "funnel": {"primary_count": 4, "gap_count": 0, "review_count": 4, "candidate_count_before_review": 4, "review_selected_count": 4, "post_review_dedup_drop": 3, "final_description_dedup_drop_count": 0, "total_dedup_drop_count": 3, "low_quality_dropped_count": 0, "low_quality_dropped_examples": [], "semantic_dedup_dropped_count": 0}, "review": {"candidate_total": 4, "retained_total": 2, "drop_by_review_llm_count": 0, "drop_by_review_gate_count": 0, "drop_by_post_review_dedup_count": 2, "drop_final_description_duplicate_count": 0, "flow_missing_stage_count": 21, "flow_misordered_count": 0, "final_flow_missing_stage_count": 21, "final_flow_misordered_count": 0, "scenario_duplicate_cluster_count": 1, "scenario_duplicate_case_count": 1, "final_scenario_duplicate_cluster_count": 0, "final_scenario_duplicate_case_count": 0, "fact_profile_forbidden_count": 0, "fact_profile_pending_count": 0}, "judge": {"total": 5, "rejected_out_count": 0, "pending_out_count": 0, "repairable_count": 0, "raw_repairable_count": 1, "repaired_pass_out_count": 0, "unrepaired_repairable_count": 1, "fact_violation_count": 0, "rejected_total": 0, "reason_clusters": {}, "dominant_reason": ""}, "context": {"snapshot_status": "success", "snapshot_used": true, "realtime_rag_used": true, "current_document_used": true, "fusion_mode": "snapshot+rag", "compression_ratio": 0.4916, "retained_chunk_count": 1}, "control": {"control_state_applied": true, "generation_coverage_mode": "standard_regression", "must_cover_rules_count": 0, "quality_fix_hints_count": 6}, "quality_remediation": {"kind": "quality_remediation", "quality_score": 31, "quality_score_grade": "critical", "action_count": 2, "primary_action": "cover_missing_rules", "actions": [{"action_id": "cover_missing_rules", "priority": "P0", "reason": "blocking_coverage_gap", "target_stage": "gap_or_final_quality_supplement", "evidence": {"missing_rules": ["RULE-002", "RULE-003", "RULE-004", "RULE-009", "RULE-016", "RULE-019"], "missing_boundary": ["RULE-002", "RULE-016"], "missing_exception": [], "coverage_rate": 0.7143}}, {"action_id": "repair_final_flow_structure", "priority": "P0", "reason": "final_flow_structure_invalid", "target_stage": "final_case_assembly", "evidence": {"final_flow_misordered_count": 0, "final_flow_missing_stage_count": 21, "raw_final_flow_missing_stage_count": 21}}], "next_run_controls": {"target_missing_rules": ["RULE-002", "RULE-003", "RULE-004", "RULE-009", "RULE-016", "RULE-019"], "avoid_judge_reject_reasons": {}, "low_quality_dropped_count": 0, "semantic_dedup_penalty_count": 0}}, "case_quality_gate": {"kind": "case_quality_gate", "mode": "shadow", "passed": false, "blocked": false, "failure_reasons": ["quality_score_critical"], "metrics": {"final_count": 7, "min_acceptable_final": 4, "judge_rejected_count": 0, "final_scenario_duplicate_case_count": 0, "final_flow_misordered_count": 0, "reasoning_leak_count": 0, "role_mismatch_count": 0, "quality_score": 31, "quality_score_grade": "critical", "raw_judge_rejected_count": 0, "semantic_duplicate_reject_count": 0, "filtered_semantic_duplicate_reject_count": 0}}}
GEN_DIAG:{"kind": "case_quality_gate", "mode": "shadow", "passed": false, "blocked": false, "failure_reasons": ["quality_score_critical"], "metrics": {"final_count": 7, "min_acceptable_final": 4, "judge_rejected_count": 0, "final_scenario_duplicate_case_count": 0, "final_flow_misordered_count": 0, "reasoning_leak_count": 0, "role_mismatch_count": 0, "quality_score": 31, "quality_score_grade": "critical", "raw_judge_rejected_count": 0, "semantic_duplicate_reject_count": 0, "filtered_semantic_duplicate_reject_count": 0}, "generation_id": 515, "request_id": "20f86aa628784dc9b482e2921abe5084"}
GEN_DIAG:{"total_rules": 21, "total_extracted_rules": 22, "non_blocking_rules": ["RULE-001"], "covered_rules": ["RULE-005", "RULE-006", "RULE-007", "RULE-008", "RULE-010", "RULE-011", "RULE-012", "RULE-013", "RULE-014", "RULE-015", "RULE-017", "RULE-018", "RULE-020", "RULE-021", "RULE-022"], "missing_rules": ["RULE-002", "RULE-003", "RULE-004", "RULE-009", "RULE-016", "RULE-019"], "rule_diagnostics": [{"rule_id": "RULE-001", "rule_text": "整体结构调整", "biz_key": "unknown", "rule_level": "soft", "confidence": "low", "source_type": "ambiguous_fragment", "blocking": false, "non_blocking_reason": "short_fragment", "covered": false, "coverage_types": [], "missing_types": []}, {"rule_id": "RULE-002", "rule_text": "二、模块说明快问快答•可反复刷的模块,取历史最高分•中途退出不计分、不记录牛刀小试•可反复刷的模块,取历史最高分(可以重新进入,修改对错)•答错后触发相似题推荐出⻔测•可反复刷的模块,取历史最高分(可以重新进入,修改对错),选做•与基础巩固至少完成一个,才可进入后续流程•答错后触发相似题推荐基础巩固(ABS测试)•可反复刷的模块,取历史最高分(可以重新进入,修改对错),选做•本课未配置时不展示入口•答错后触发相似题推荐推荐练习(相似题)•牛刀小试、出⻔测、基础巩固答错后触发•最多 3 轮,每轮独立计分•某知识点全部答对后,停止推荐该知识点•需要进入错题本\\习题集错题\\课后报告", "biz_key": "unknown", "rule_level": "hard", "confidence": "high", "source_type": "confirmed_requirement", "blocking": true, "non_blocking_reason": "", "covered": false, "coverage_types": [], "missing_types": ["boundary", "happy"]}, {"rule_id": "RULE-003", "rule_text": "一、页面结构•顶部栏:返回按钮、课程标题、当前金币数、切换课程、打印•奖励进度条:本节课各阶段金币奖励可视化•左侧导航:课程步骤树 + 完成状态•主内容区:当前步骤的做题 / 视频 / 弹题内容", "biz_key": "unknown", "rule_level": "hard", "confidence": "high", "source_type": "confirmed_requirement", "blocking": true, "non_blocking_reason": "", "covered": false, "coverage_types": [], "missing_types": ["happy"]}, {"rule_id": "RULE-004", "rule_text": "三、左侧导航交互•交互调整:由 2 层折叠抽屉改为多层抽屉可展开•每个步骤卡片点击后向下展开该步骤对应的内容目录•展开时箭头旋转 180°,收起时复位•手⻛琴效果:同时只能展开一个步骤的内容目录•内容目录内部沿用之前的 2 层树形结构(知识点 →视频/练习项)增加拍照保存答案", "biz_key": "unknown", "rule_level": "hard", "confidence": "high", "source_type": "confirmed_requirement", "blocking": true, "non_blocking_reason": "", "covered": false, "coverage_types": [], "missing_types": ["happy"]}, {"rule_id": "RULE-005", "rule_text": "一、触发条件•学生点击\"申请看答案\"按钮时触发•若老师设置中\"学生提交作业需拍照\"为关闭:跳过拍照,直接进入对答案页面•若老师设置中该开关为开启:弹出拍照弹窗,必须完成拍照才能查看答案", "biz_key": "unknown", "rule_level": "hard", "confidence": "high", "source_type": "confirmed_requirement", "blocking": true, "non_blocking_reason": "", "covered": true, "coverage_types": ["boundary", "happy", "risk"], "missing_types": []}, {"rule_id": "RULE-006", "rule_text": "二、弹窗展示•弹窗标题:\"请先拍照上传作业\"•提示文案:\"为了保证学习效果,申请查看答案前请先拍摄你的作业照片(支持多张)\"•显示已拍照片计数:\"已拍 N 张\"•已拍照片区域:3 列网格缩略图展示(仅用于学生确认拍摄内容,拍完确认后不再展示)•拍照按钮:\"点击拍照上传\"•确认按钮:\"已拍照,查看答案\"(未拍时置灰)•取消按钮:\"稍后再拍\"", "biz_key": "unknown", "rule_level": "hard", "confidence": "high", "source_type": "confirmed_requirement", "blocking": true, "non_blocking_reason": "", "covered": true, "coverage_types": ["boundary", "happy", "risk"], "missing_types": []}, {"rule_id": "RULE-007", "rule_text": "三、拍照流程•点击拍照按钮:调用设备摄像头或生成模拟照片•每拍一张追加到缩略图列表,计数 +1•照片自动附加水印:学生 ID + 时间戳 + 课程名称•支持连续拍摄,不限制张数", "biz_key": "unknown", "rule_level": "hard", "confidence": "high", "source_type": "confirmed_requirement", "blocking": true, "non_blocking_reason": "", "covered": true, "coverage_types": ["boundary", "happy", "risk"], "missing_types": []}, {"rule_id": "RULE-008", "rule_text": "五、确认与取消(核心调整)•至少拍摄 1 张后,\"已拍照,查看答案\"按钮可点击•点击确认:◦照片立即上传至服务器,直接转发到督导端◦学生端弹出提示:\"照片已发送至督导端,老师可查看你的原始作业\"◦弹窗 2 秒后自动关闭,或点击\"知道了\"手动关闭◦学生端不保留、不展示任何已拍照片◦直接进入对答案页面•点击\"稍后再拍\":关闭弹窗,返回做题页面,不保存任何照片•拍照后未点确认直接关闭浏览器:照片未上传,下次需重新拍照", "biz_key": "unknown", "rule_level": "hard", "confidence": "high", "source_type": "confirmed_requirement", "blocking": true, "non_blocking_reason": "", "covered": true, "coverage_types": ["boundary", "happy", "risk"], "missing_types": []}, {"rule_id": "RULE-009", "rule_text": "二、学习进度控制按学习计划顺序学习•定义:开启后,学生只能按照学习计划中编排的内容和顺序进行学习,不能自主选择计划外的课程,也不能跳过节次•默认状态:关闭•开启效果:学习计划强制执行。学生必须完成当前节次的学习任务(视频、练习等)后,下一节才解锁。学生无法在课程列表中自选其他课程•关闭效果:学习计划仅作为参考。学生可在课程列表中自主选择任意课程,也可以跳过节次,不受计划顺序约束允许拖动视频进度条•定义:开启后,学生可在视频讲解中拖动进度条进行快进或回退•默认状态:开启•开启效果:学生可自由拖动视频进度条,跳转到任意时间点•关闭效果:视频只能按正常倍率顺序播放,进度条不可拖动,学生无法快进或随意跳转•注意:此设置仅控制进度条拖动,不影响倍速播放功能。倍速播放由学生端独立控制•适用场景:关闭后用于确保学生完整观看教学视频,避免跳过关键讲解环节", "biz_key": "unknown", "rule_level": "hard", "confidence": "high", "source_type": "confirmed_requirement", "blocking": true, "non_blocking_reason": "", "covered": false, "coverage_types": [], "missing_types": ["happy"]}, {"rule_id": "RULE-010", "rule_text": "开启效果:学生点击「查看答案」后,系统向", "biz_key": "unknown", "rule_level": "hard", "confidence": "high", "source_type": "confirmed_requirement", "blocking": true, "non_blocking_reason": "", "covered": true, "coverage_types": ["happy", "risk"], "missing_types": []}, {"rule_id": "RULE-011", "rule_text": "开启效果:学生点击「查看答案」后,必须先", "biz_key": "unknown", "rule_level": "hard", "confidence": "high", "source_type": "confirmed_requirement", "blocking": true, "non_blocking_reason": "", "covered": true, "coverage_types": ["happy", "risk"], "missing_types": []}, {"rule_id": "RULE-012", "rule_text": "才展示答案。照片直接发送至督导端,学生端", "biz_key": "unknown", "rule_level": "hard", "confidence": "high", "source_type": "confirmed_requirement", "blocking": true, "non_blocking_reason": "", "covered": true, "coverage_types": ["happy", "risk"], "missing_types": []}, {"rule_id": "RULE-013", "rule_text": "仅显示「发送成功」提示,不保留、不展示照", "biz_key": "unknown", "rule_level": "hard", "confidence": "high", "source_type": "confirmed_requirement", "blocking": true, "non_blocking_reason": "", "covered": true, "coverage_types": ["happy", "risk"], "missing_types": []}, {"rule_id": "RULE-014", "rule_text": "一、前置条件•学生已完成出⻔测纸上作答•点击\"申请看答案\"后展示此模块•已拍照上传(若老师开启拍照设置)", "biz_key": "unknown", "rule_level": "hard", "confidence": "high", "source_type": "confirmed_requirement", "blocking": true, "non_blocking_reason": "", "covered": true, "coverage_types": ["boundary", "happy", "risk"], "missing_types": []}, {"rule_id": "RULE-015", "rule_text": "二、页面展示•提示:\"对照答案,手动标记每道题的对错,标记一道就有金币奖励哦~\"•逐题展示:题号 + 正确答案(绿色字体)•每道题右侧两个按钮:\"我做对了 ✓\"(绿色)、\"我做错了  ✗ \"(红色)、解析、AI讲题•底部:\"提交标记 (对X/总Y)\" 按钮", "biz_key": "unknown", "rule_level": "hard", "confidence": "high", "source_type": "confirmed_requirement", "blocking": true, "non_blocking_reason": "", "covered": true, "coverage_types": ["boundary", "happy"], "missing_types": []}, {"rule_id": "RULE-016", "rule_text": "二、轮次规则•最多 3 轮,每轮独立计分•每轮显示轮次指示器(第 1 轮 / 第 2 轮 / 第 3轮)•第 1 轮:同难度,第 2 轮:降低 1 级,第 3轮:降低 2 级•某知识点全部答对后,该知识点停止推荐,其他错题知识点继续", "biz_key": "unknown", "rule_level": "hard", "confidence": "high", "source_type": "confirmed_requirement", "blocking": true, "non_blocking_reason": "", "covered": false, "coverage_types": [], "missing_types": ["boundary", "happy"]}, {"rule_id": "RULE-017", "rule_text": "三、做题流程•页面标题:\"举一反三练习题\"•提示文案:\"请在纸上完成以下练习题,全部做完后申请查看答案\"•每题标注\"针对出⻔测第 X 题(难度降低)\"•全部做完后点击\"申请看答案\",同出⻔测拍照逻辑", "biz_key": "unknown", "rule_level": "hard", "confidence": "high", "source_type": "confirmed_requirement", "blocking": true, "non_blocking_reason": "", "covered": true, "coverage_types": ["boundary", "happy"], "missing_types": []}, {"rule_id": "RULE-018", "rule_text": "四、对答案与自评•同出⻔测对答案逻辑•显示\"相似题作业照片\"缩略图•逐题标记\"我做对了 / 我做错了\",即时反馈同出⻔测•全部标记后显示\"提交标记\"", "biz_key": "unknown", "rule_level": "hard", "confidence": "high", "source_type": "confirmed_requirement", "blocking": true, "non_blocking_reason": "", "covered": true, "coverage_types": ["boundary", "happy", "risk"], "missing_types": []}, {"rule_id": "RULE-019", "rule_text": "二、页面展示•中央大图标:金色奖杯动画,带发光效果•主标题:\"出⻔测阶段完成!\"(大号金色字体)•副标题:\"你认真对待每一道题的态度值得点赞✨ \"•金币卡片:显示本阶段获得金币总数(如 70 金币)•卡片下方标注:\"出⻔测阶段获得\"", "biz_key": "unknown", "rule_level": "hard", "confidence": "high", "source_type": "confirmed_requirement", "blocking": true, "non_blocking_reason": "", "covered": false, "coverage_types": [], "missing_types": ["happy"]}, {"rule_id": "RULE-020", "rule_text": "三、金币计算•本阶段金币 = 出⻔测做对题数对应金币 + 相似题加练做对题数对应金币•金币实时累加到顶部总金币数•进度条同步更新,显示\"再得 X 金币拿满奖励\"", "biz_key": "unknown", "rule_level": "hard", "confidence": "high", "source_type": "confirmed_requirement", "blocking": true, "non_blocking_reason": "", "covered": true, "coverage_types": ["boundary", "happy"], "missing_types": []}, {"rule_id": "RULE-021", "rule_text": "五、后续流程•动画播放 2-3 秒后,底部渐显\"下一步\"按钮•点击后进入\"讲知识 & 错题\"步骤•若还有未完成的日清,左侧导航第六步显示待完成提示•左侧导航自动将\"出⻔测\"标记为完成,\"讲知识& 错题\"高亮为当前", "biz_key": "unknown", "rule_level": "hard", "confidence": "high", "source_type": "confirmed_requirement", "blocking": true, "non_blocking_reason": "", "covered": true, "coverage_types": ["boundary", "happy", "risk"], "missing_types": []}, {"rule_id": "RULE-022", "rule_text": "六、极限情况•动画播放时退出或刷新:直接显示静态结果页,金币已正常发放•重复刷新结果页:金币只发放一次,幂等处理•多个模块连续完成:每个模块独立触发庆祝,动画排队播放,不堆积课后报告+习题集错题流向•进入学生端错题本,包括推荐的相似题•进入督导端习题集全部错题•进入课后报告错题打包", "biz_key": "unknown", "rule_level": "hard", "confidence": "high", "source_type": "confirmed_requirement", "blocking": true, "non_blocking_reason": "", "covered": true, "coverage_types": ["happy", "risk"], "missing_types": []}], "coverage_rate": 0.7143, "missing_types": {"boundary": ["RULE-002", "RULE-016"], "exception": []}, "kind": "coverage_check", "multi_pass": true, "generation_mode": "multi_pass"}
GEN_COVERAGE_DIAG:{"diag_version": "2.5", "expected_count": 43, "generated_count": 36, "missing_count": 7, "positive_count": 28, "negative_count": 3, "edge_count": 5, "missing_boundary_class": false, "missing_exception_class": false, "avg_steps": 2.5556, "possible_gap_reasons": ["under_generated_vs_expected_count"], "generated_case_count": 36, "module_count": 28, "modules_preview": ["异常/恢复-对答案刷新恢复", "异常/恢复-对答案断网恢复", "异常/恢复-拍照中断恢复", "拍照对答案自评流程", "拍照对答案自评流程-拍照上传作业", "拍照对答案自评流程-拍照确认", "拍照对答案自评流程-提交自评结果", "拍照对答案自评流程-申请查看答案", "拍照对答案自评流程-相似题推荐知识点停止", "拍照对答案自评流程-相似题推荐轮次", "拍照对答案自评流程-逐题标记对错", "权限/安全-督导端答案查看控制"], "priority_distribution": {"P0": 16, "P1": 11, "P2": 9, "other": 0}, "requirement_keyword_count": 40, "requirement_keyword_hit_count": 27, "requirement_keyword_coverage": 0.675, "missing_requirement_keywords": ["学习激励", "初中数理化的标准化", "整体结构调整", "计分规则", "每道题答对得", "答错得", "该模块答对题数", "每节课题量由题库配置决定", "分各不相同", "可反复刷的模块", "可以重新进", "选做", "需要进"], "kb_keyword_count": 30, "kb_keyword_hit_count": 1, "kb_keyword_coverage": 0.0333, "context_anchor_term_count": 0, "context_anchor_term_hit_count": 0, "context_anchor_coverage": 0.0, "requirement_constraints_count": 2, "covered_constraints_count": 1, "missing_constraints_preview": ["2-3"]}
