Successfully connected to MySQL database: ai_test_platform
Redis connected: 127.0.0.1:6379
 
 -------------- celery@DESKTOP-F86RMFU v5.6.2 (recovery)
--- ***** ----- 
-- ******* ---- Windows-10-10.0.26100-SP0 2026-03-16 15:00:25
- *** --- * --- 
- ** ---------- [config]
- ** ---------- .> app:         ai_test_platform:0x1ab84133590
- ** ---------- .> transport:   redis://localhost:6379/0
- ** ---------- .> results:     redis://localhost:6379/0
- *** --- * --- .> concurrency: 16 (solo)
-- ******* ---- .> task events: OFF (enable -E to monitor tasks in this worker)
--- ***** ----- 
 -------------- [queues]
                .> celery           exchange=celery(direct) key=celery
                

[tasks]
  . modules.tasks.archive_old_data_task
  . modules.tasks.cleanup_logs_task
  . modules.tasks.generate_test_cases_task
  . modules.tasks.parse_knowledge_document_task

[2026-03-16 15:00:25,459: INFO/MainProcess] Connected to redis://localhost:6379/0
[2026-03-16 15:00:25,464: INFO/MainProcess] mingle: searching for neighbors
[2026-03-16 15:00:26,505: INFO/MainProcess] mingle: all alone
[2026-03-16 15:00:26,540: INFO/MainProcess] celery@DESKTOP-F86RMFU ready.
[2026-03-16 15:00:27,757: INFO/MainProcess] Task modules.tasks.parse_knowledge_document_task[fbe1f6ad-af72-4c9a-95ee-107dae1c5039] received
[2026-03-16 15:00:27,758: INFO/MainProcess] 离线解析任务启动 doc_id=130 task_id=fbe1f6ad-af72-4c9a-95ee-107dae1c5039 retry=0 file=D:\Qoder\测试开发平台\backend\runtime\knowledge_uploads\20260316070027_1a382ea1943f435783dd22511aec4751.txt
[2026-03-16 15:00:27,801: INFO/MainProcess] 离线解析开始 doc_id=130 task_id=fbe1f6ad-af72-4c9a-95ee-107dae1c5039 retry=0
[2026-03-16 15:00:28,246: INFO/MainProcess] 离线解析成功 doc_id=130 task_id=fbe1f6ad-af72-4c9a-95ee-107dae1c5039
[2026-03-16 15:00:28,246: INFO/MainProcess] 离线解析任务完成 doc_id=130 task_id=fbe1f6ad-af72-4c9a-95ee-107dae1c5039 result={'status': 'success', 'document_id': 130}
[2026-03-16 15:00:28,247: INFO/MainProcess] Task modules.tasks.parse_knowledge_document_task[fbe1f6ad-af72-4c9a-95ee-107dae1c5039] succeeded in 0.48399999999674037s: {'status': 'success', 'document_id': 130}
[2026-03-16 15:00:30,027: INFO/MainProcess] Task modules.tasks.parse_knowledge_document_task[6229d256-94fd-40d0-bc2a-315a8eac23fc] received
[2026-03-16 15:00:30,027: INFO/MainProcess] 离线解析任务启动 doc_id=131 task_id=6229d256-94fd-40d0-bc2a-315a8eac23fc retry=0 file=D:\Qoder\测试开发平台\backend\runtime\knowledge_uploads\20260316070030_d91b763f099440a0ac14ce7a9d4bd8de.md
[2026-03-16 15:00:30,030: INFO/MainProcess] 离线解析开始 doc_id=131 task_id=6229d256-94fd-40d0-bc2a-315a8eac23fc retry=0
[2026-03-16 15:00:30,399: INFO/MainProcess] 离线解析成功 doc_id=131 task_id=6229d256-94fd-40d0-bc2a-315a8eac23fc
[2026-03-16 15:00:30,399: INFO/MainProcess] 离线解析任务完成 doc_id=131 task_id=6229d256-94fd-40d0-bc2a-315a8eac23fc result={'status': 'success', 'document_id': 131}
[2026-03-16 15:00:30,400: INFO/MainProcess] Task modules.tasks.parse_knowledge_document_task[6229d256-94fd-40d0-bc2a-315a8eac23fc] succeeded in 0.375s: {'status': 'success', 'document_id': 131}
[2026-03-16 15:00:31,266: INFO/MainProcess] Task modules.tasks.parse_knowledge_document_task[11f1246b-e933-44ca-98d5-28397c060b94] received
[2026-03-16 15:00:31,267: INFO/MainProcess] 离线解析任务启动 doc_id=132 task_id=11f1246b-e933-44ca-98d5-28397c060b94 retry=0 file=D:\Qoder\测试开发平台\backend\runtime\knowledge_uploads\20260316070031_f3b0e60a08144e6aa8e729e186b82c1e.txt
[2026-03-16 15:00:31,271: INFO/MainProcess] 离线解析开始 doc_id=132 task_id=11f1246b-e933-44ca-98d5-28397c060b94 retry=0
[2026-03-16 15:00:31,271: ERROR/MainProcess] 离线解析任务异常 doc_id=132 task_id=11f1246b-e933-44ca-98d5-28397c060b94 retry=0/2 err=未解析到可用文本内容，请检查文件是否为空。
Traceback (most recent call last):
  File "D:\Qoder\测试开发平台\backend\modules\tasks.py", line 101, in parse_knowledge_document_task
    result = knowledge_base.parse_document_offline(
             ^^^^^^^^^^^^^^^^^^^^^^^^^^^^^^^^^^^^^^
  File "D:\Qoder\测试开发平台\backend\modules\knowledge_base.py", line 193, in parse_document_offline
    return parse_document_offline_impl(
           ^^^^^^^^^^^^^^^^^^^^^^^^^^^^
  File "D:\Qoder\测试开发平台\backend\modules\knowledge_base_components\offline_parse.py", line 189, in parse_document_offline_impl
    validate_parsed_content(content)
  File "D:\Qoder\测试开发平台\backend\modules\knowledge_base_components\offline_parse_support.py", line 70, in validate_parsed_content
    raise ValueError("未解析到可用文本内容，请检查文件是否为空。")
ValueError: 未解析到可用文本内容，请检查文件是否为空。
[2026-03-16 15:00:31,283: INFO/MainProcess] Task modules.tasks.parse_knowledge_document_task[11f1246b-e933-44ca-98d5-28397c060b94] retry: Retry in 8s: ValueError('未解析到可用文本内容，请检查文件是否为空。')
[2026-03-16 15:00:31,285: INFO/MainProcess] Task modules.tasks.parse_knowledge_document_task[11f1246b-e933-44ca-98d5-28397c060b94] received
[2026-03-16 15:00:39,285: INFO/MainProcess] 离线解析任务启动 doc_id=132 task_id=11f1246b-e933-44ca-98d5-28397c060b94 retry=1 file=D:\Qoder\测试开发平台\backend\runtime\knowledge_uploads\20260316070031_f3b0e60a08144e6aa8e729e186b82c1e.txt
[2026-03-16 15:00:39,319: INFO/MainProcess] 离线解析开始 doc_id=132 task_id=11f1246b-e933-44ca-98d5-28397c060b94 retry=1
[2026-03-16 15:00:39,320: ERROR/MainProcess] 离线解析任务异常 doc_id=132 task_id=11f1246b-e933-44ca-98d5-28397c060b94 retry=1/2 err=未解析到可用文本内容，请检查文件是否为空。
Traceback (most recent call last):
  File "D:\Qoder\测试开发平台\backend\modules\tasks.py", line 101, in parse_knowledge_document_task
    result = knowledge_base.parse_document_offline(
             ^^^^^^^^^^^^^^^^^^^^^^^^^^^^^^^^^^^^^^
  File "D:\Qoder\测试开发平台\backend\modules\knowledge_base.py", line 193, in parse_document_offline
    return parse_document_offline_impl(
           ^^^^^^^^^^^^^^^^^^^^^^^^^^^^
  File "D:\Qoder\测试开发平台\backend\modules\knowledge_base_components\offline_parse.py", line 189, in parse_document_offline_impl
    validate_parsed_content(content)
  File "D:\Qoder\测试开发平台\backend\modules\knowledge_base_components\offline_parse_support.py", line 70, in validate_parsed_content
    raise ValueError("未解析到可用文本内容，请检查文件是否为空。")
ValueError: 未解析到可用文本内容，请检查文件是否为空。
[2026-03-16 15:00:39,325: INFO/MainProcess] Task modules.tasks.parse_knowledge_document_task[11f1246b-e933-44ca-98d5-28397c060b94] received
[2026-03-16 15:00:39,327: INFO/MainProcess] Task modules.tasks.parse_knowledge_document_task[11f1246b-e933-44ca-98d5-28397c060b94] retry: Retry in 8s: ValueError('未解析到可用文本内容，请检查文件是否为空。')
[2026-03-16 15:00:47,319: INFO/MainProcess] 离线解析任务启动 doc_id=132 task_id=11f1246b-e933-44ca-98d5-28397c060b94 retry=2 file=D:\Qoder\测试开发平台\backend\runtime\knowledge_uploads\20260316070031_f3b0e60a08144e6aa8e729e186b82c1e.txt
[2026-03-16 15:00:47,333: INFO/MainProcess] 离线解析开始 doc_id=132 task_id=11f1246b-e933-44ca-98d5-28397c060b94 retry=2
[2026-03-16 15:00:47,333: ERROR/MainProcess] 离线解析任务异常 doc_id=132 task_id=11f1246b-e933-44ca-98d5-28397c060b94 retry=2/2 err=未解析到可用文本内容，请检查文件是否为空。
Traceback (most recent call last):
  File "D:\Qoder\测试开发平台\backend\modules\tasks.py", line 101, in parse_knowledge_document_task
    result = knowledge_base.parse_document_offline(
             ^^^^^^^^^^^^^^^^^^^^^^^^^^^^^^^^^^^^^^
  File "D:\Qoder\测试开发平台\backend\modules\knowledge_base.py", line 193, in parse_document_offline
    return parse_document_offline_impl(
           ^^^^^^^^^^^^^^^^^^^^^^^^^^^^
  File "D:\Qoder\测试开发平台\backend\modules\knowledge_base_components\offline_parse.py", line 189, in parse_document_offline_impl
    validate_parsed_content(content)
  File "D:\Qoder\测试开发平台\backend\modules\knowledge_base_components\offline_parse_support.py", line 70, in validate_parsed_content
    raise ValueError("未解析到可用文本内容，请检查文件是否为空。")
ValueError: 未解析到可用文本内容，请检查文件是否为空。
[2026-03-16 15:00:47,344: WARNING/MainProcess] C:\Users\Administrator\AppData\Roaming\Python\Python311\site-packages\celery\app\trace.py:705: RuntimeWarning: Exception raised outside body: ValueError('Exception information must include the exception type'):
Traceback (most recent call last):
  File "C:\Users\Administrator\AppData\Roaming\Python\Python311\site-packages\celery\app\trace.py", line 479, in trace_task
    R = retval = fun(*args, **kwargs)
                 ^^^^^^^^^^^^^^^^^^^^
  File "C:\Users\Administrator\AppData\Roaming\Python\Python311\site-packages\celery\app\trace.py", line 779, in __protected_call__
    return self.run(*args, **kwargs)
           ^^^^^^^^^^^^^^^^^^^^^^^^^
  File "D:\Qoder\测试开发平台\backend\modules\tasks.py", line 170, in parse_knowledge_document_task
    raise e
  File "D:\Qoder\测试开发平台\backend\modules\tasks.py", line 101, in parse_knowledge_document_task
    result = knowledge_base.parse_document_offline(
             ^^^^^^^^^^^^^^^^^^^^^^^^^^^^^^^^^^^^^^
  File "D:\Qoder\测试开发平台\backend\modules\knowledge_base.py", line 193, in parse_document_offline
    return parse_document_offline_impl(
           ^^^^^^^^^^^^^^^^^^^^^^^^^^^^
  File "D:\Qoder\测试开发平台\backend\modules\knowledge_base_components\offline_parse.py", line 189, in parse_document_offline_impl
    validate_parsed_content(content)
  File "D:\Qoder\测试开发平台\backend\modules\knowledge_base_components\offline_parse_support.py", line 70, in validate_parsed_content
    raise ValueError("未解析到可用文本内容，请检查文件是否为空。")
ValueError: 未解析到可用文本内容，请检查文件是否为空。

During handling of the above exception, another exception occurred:

Traceback (most recent call last):
  File "C:\Users\Administrator\AppData\Roaming\Python\Python311\site-packages\celery\backends\base.py", line 453, in exception_to_python
    exc_type = exc['exc_type']
               ~~~^^^^^^^^^^^^
KeyError: 'exc_type'

The above exception was the direct cause of the following exception:

Traceback (most recent call last):
  File "C:\Users\Administrator\AppData\Roaming\Python\Python311\site-packages\celery\app\trace.py", line 499, in trace_task
    I, R, state, retval = on_error(task_request, exc)
                          ^^^^^^^^^^^^^^^^^^^^^^^^^^^
  File "C:\Users\Administrator\AppData\Roaming\Python\Python311\site-packages\celery\app\trace.py", line 407, in on_error
    R = I.handle_error_state(
        ^^^^^^^^^^^^^^^^^^^^^
  File "C:\Users\Administrator\AppData\Roaming\Python\Python311\site-packages\celery\app\trace.py", line 175, in handle_error_state
    return {
           ^
  File "C:\Users\Administrator\AppData\Roaming\Python\Python311\site-packages\celery\app\trace.py", line 236, in handle_failure
    task.backend.mark_as_failure(
  File "C:\Users\Administrator\AppData\Roaming\Python\Python311\site-packages\celery\backends\base.py", line 194, in mark_as_failure
    self.store_result(task_id, exc, state,
  File "C:\Users\Administrator\AppData\Roaming\Python\Python311\site-packages\celery\backends\base.py", line 625, in store_result
    self._store_result(task_id, result, state, traceback,
  File "C:\Users\Administrator\AppData\Roaming\Python\Python311\site-packages\celery\backends\base.py", line 1074, in _store_result
    current_meta = self._get_task_meta_for(task_id)
                   ^^^^^^^^^^^^^^^^^^^^^^^^^^^^^^^^
  File "C:\Users\Administrator\AppData\Roaming\Python\Python311\site-packages\celery\backends\base.py", line 1099, in _get_task_meta_for
    return self.decode_result(meta)
           ^^^^^^^^^^^^^^^^^^^^^^^^
  File "C:\Users\Administrator\AppData\Roaming\Python\Python311\site-packages\celery\backends\base.py", line 524, in decode_result
    return self.meta_from_decoded(self.decode(payload))
           ^^^^^^^^^^^^^^^^^^^^^^^^^^^^^^^^^^^^^^^^^^^^
  File "C:\Users\Administrator\AppData\Roaming\Python\Python311\site-packages\celery\backends\base.py", line 520, in meta_from_decoded
    meta['result'] = self.exception_to_python(meta['result'])
                     ^^^^^^^^^^^^^^^^^^^^^^^^^^^^^^^^^^^^^^^^
  File "C:\Users\Administrator\AppData\Roaming\Python\Python311\site-packages\celery\backends\base.py", line 455, in exception_to_python
    raise ValueError("Exception information must include "
ValueError: Exception information must include the exception type

  warn(RuntimeWarning(

[2026-03-16 15:00:47,346: ERROR/MainProcess] Timer error: ValueError('Exception information must include the exception type')
Traceback (most recent call last):
  File "C:\Users\Administrator\AppData\Roaming\Python\Python311\site-packages\celery\app\trace.py", line 479, in trace_task
    R = retval = fun(*args, **kwargs)
                 ^^^^^^^^^^^^^^^^^^^^
  File "C:\Users\Administrator\AppData\Roaming\Python\Python311\site-packages\celery\app\trace.py", line 779, in __protected_call__
    return self.run(*args, **kwargs)
           ^^^^^^^^^^^^^^^^^^^^^^^^^
  File "D:\Qoder\测试开发平台\backend\modules\tasks.py", line 170, in parse_knowledge_document_task
    raise e
  File "D:\Qoder\测试开发平台\backend\modules\tasks.py", line 101, in parse_knowledge_document_task
    result = knowledge_base.parse_document_offline(
             ^^^^^^^^^^^^^^^^^^^^^^^^^^^^^^^^^^^^^^
  File "D:\Qoder\测试开发平台\backend\modules\knowledge_base.py", line 193, in parse_document_offline
    return parse_document_offline_impl(
           ^^^^^^^^^^^^^^^^^^^^^^^^^^^^
  File "D:\Qoder\测试开发平台\backend\modules\knowledge_base_components\offline_parse.py", line 189, in parse_document_offline_impl
    validate_parsed_content(content)
  File "D:\Qoder\测试开发平台\backend\modules\knowledge_base_components\offline_parse_support.py", line 70, in validate_parsed_content
    raise ValueError("未解析到可用文本内容，请检查文件是否为空。")
ValueError: 未解析到可用文本内容，请检查文件是否为空。

During handling of the above exception, another exception occurred:

Traceback (most recent call last):
  File "C:\Users\Administrator\AppData\Roaming\Python\Python311\site-packages\celery\backends\base.py", line 453, in exception_to_python
    exc_type = exc['exc_type']
               ~~~^^^^^^^^^^^^
KeyError: 'exc_type'

The above exception was the direct cause of the following exception:

Traceback (most recent call last):
  File "C:\Users\Administrator\AppData\Roaming\Python\Python311\site-packages\celery\app\trace.py", line 499, in trace_task
    I, R, state, retval = on_error(task_request, exc)
                          ^^^^^^^^^^^^^^^^^^^^^^^^^^^
  File "C:\Users\Administrator\AppData\Roaming\Python\Python311\site-packages\celery\app\trace.py", line 407, in on_error
    R = I.handle_error_state(
        ^^^^^^^^^^^^^^^^^^^^^
  File "C:\Users\Administrator\AppData\Roaming\Python\Python311\site-packages\celery\app\trace.py", line 175, in handle_error_state
    return {
           ^
  File "C:\Users\Administrator\AppData\Roaming\Python\Python311\site-packages\celery\app\trace.py", line 236, in handle_failure
    task.backend.mark_as_failure(
  File "C:\Users\Administrator\AppData\Roaming\Python\Python311\site-packages\celery\backends\base.py", line 194, in mark_as_failure
    self.store_result(task_id, exc, state,
  File "C:\Users\Administrator\AppData\Roaming\Python\Python311\site-packages\celery\backends\base.py", line 625, in store_result
    self._store_result(task_id, result, state, traceback,
  File "C:\Users\Administrator\AppData\Roaming\Python\Python311\site-packages\celery\backends\base.py", line 1074, in _store_result
    current_meta = self._get_task_meta_for(task_id)
                   ^^^^^^^^^^^^^^^^^^^^^^^^^^^^^^^^
  File "C:\Users\Administrator\AppData\Roaming\Python\Python311\site-packages\celery\backends\base.py", line 1099, in _get_task_meta_for
    return self.decode_result(meta)
           ^^^^^^^^^^^^^^^^^^^^^^^^
  File "C:\Users\Administrator\AppData\Roaming\Python\Python311\site-packages\celery\backends\base.py", line 524, in decode_result
    return self.meta_from_decoded(self.decode(payload))
           ^^^^^^^^^^^^^^^^^^^^^^^^^^^^^^^^^^^^^^^^^^^^
  File "C:\Users\Administrator\AppData\Roaming\Python\Python311\site-packages\celery\backends\base.py", line 520, in meta_from_decoded
    meta['result'] = self.exception_to_python(meta['result'])
                     ^^^^^^^^^^^^^^^^^^^^^^^^^^^^^^^^^^^^^^^^
  File "C:\Users\Administrator\AppData\Roaming\Python\Python311\site-packages\celery\backends\base.py", line 455, in exception_to_python
    raise ValueError("Exception information must include "
ValueError: Exception information must include the exception type

During handling of the above exception, another exception occurred:

Traceback (most recent call last):
  File "C:\Users\Administrator\AppData\Roaming\Python\Python311\site-packages\celery\backends\base.py", line 453, in exception_to_python
    exc_type = exc['exc_type']
               ~~~^^^^^^^^^^^^
KeyError: 'exc_type'

The above exception was the direct cause of the following exception:

Traceback (most recent call last):
  File "C:\Users\Administrator\AppData\Roaming\Python\Python311\site-packages\kombu\asynchronous\timer.py", line 177, in apply_entry
    entry()
  File "C:\Users\Administrator\AppData\Roaming\Python\Python311\site-packages\kombu\asynchronous\timer.py", line 70, in __call__
    return self.fun(*self.args, **self.kwargs)
           ^^^^^^^^^^^^^^^^^^^^^^^^^^^^^^^^^^^
  File "C:\Users\Administrator\AppData\Roaming\Python\Python311\site-packages\celery\worker\consumer\consumer.py", line 581, in apply_eta_task
    self.on_task_request(task)
  File "C:\Users\Administrator\AppData\Roaming\Python\Python311\site-packages\celery\worker\worker.py", line 226, in _process_task
    req.execute_using_pool(self.pool)
  File "C:\Users\Administrator\AppData\Roaming\Python\Python311\site-packages\celery\worker\request.py", line 767, in execute_using_pool
    result = apply_async(
             ^^^^^^^^^^^^
  File "C:\Users\Administrator\AppData\Roaming\Python\Python311\site-packages\celery\concurrency\base.py", line 153, in apply_async
    return self.on_apply(target, args, kwargs,
           ^^^^^^^^^^^^^^^^^^^^^^^^^^^^^^^^^^^
  File "C:\Users\Administrator\AppData\Roaming\Python\Python311\site-packages\celery\concurrency\base.py", line 30, in apply_target
    ret = target(*args, **kwargs)
          ^^^^^^^^^^^^^^^^^^^^^^^
  File "C:\Users\Administrator\AppData\Roaming\Python\Python311\site-packages\celery\app\trace.py", line 694, in fast_trace_task
    R, I, T, Rstr = tasks[task].__trace__(
                    ^^^^^^^^^^^^^^^^^^^^^^
  File "C:\Users\Administrator\AppData\Roaming\Python\Python311\site-packages\celery\app\trace.py", line 606, in trace_task
    I, _, _, _ = on_error(task_request, exc)
                 ^^^^^^^^^^^^^^^^^^^^^^^^^^^
  File "C:\Users\Administrator\AppData\Roaming\Python\Python311\site-packages\celery\app\trace.py", line 407, in on_error
    R = I.handle_error_state(
        ^^^^^^^^^^^^^^^^^^^^^
  File "C:\Users\Administrator\AppData\Roaming\Python\Python311\site-packages\celery\app\trace.py", line 175, in handle_error_state
    return {
           ^
  File "C:\Users\Administrator\AppData\Roaming\Python\Python311\site-packages\celery\app\trace.py", line 236, in handle_failure
    task.backend.mark_as_failure(
  File "C:\Users\Administrator\AppData\Roaming\Python\Python311\site-packages\celery\backends\base.py", line 194, in mark_as_failure
    self.store_result(task_id, exc, state,
  File "C:\Users\Administrator\AppData\Roaming\Python\Python311\site-packages\celery\backends\base.py", line 625, in store_result
    self._store_result(task_id, result, state, traceback,
  File "C:\Users\Administrator\AppData\Roaming\Python\Python311\site-packages\celery\backends\base.py", line 1074, in _store_result
    current_meta = self._get_task_meta_for(task_id)
                   ^^^^^^^^^^^^^^^^^^^^^^^^^^^^^^^^
  File "C:\Users\Administrator\AppData\Roaming\Python\Python311\site-packages\celery\backends\base.py", line 1099, in _get_task_meta_for
    return self.decode_result(meta)
           ^^^^^^^^^^^^^^^^^^^^^^^^
  File "C:\Users\Administrator\AppData\Roaming\Python\Python311\site-packages\celery\backends\base.py", line 524, in decode_result
    return self.meta_from_decoded(self.decode(payload))
           ^^^^^^^^^^^^^^^^^^^^^^^^^^^^^^^^^^^^^^^^^^^^
  File "C:\Users\Administrator\AppData\Roaming\Python\Python311\site-packages\celery\backends\base.py", line 520, in meta_from_decoded
    meta['result'] = self.exception_to_python(meta['result'])
                     ^^^^^^^^^^^^^^^^^^^^^^^^^^^^^^^^^^^^^^^^
  File "C:\Users\Administrator\AppData\Roaming\Python\Python311\site-packages\celery\backends\base.py", line 455, in exception_to_python
    raise ValueError("Exception information must include "
ValueError: Exception information must include the exception type
[2026-03-16 15:00:48,215: INFO/MainProcess] Task modules.tasks.parse_knowledge_document_task[3717623f-7b95-4726-8e79-64bc37361ba1] received
[2026-03-16 15:00:48,215: INFO/MainProcess] 离线解析任务启动 doc_id=133 task_id=3717623f-7b95-4726-8e79-64bc37361ba1 retry=0 file=D:\Qoder\测试开发平台\backend\runtime\knowledge_uploads\20260316070048_299739f540944ef1be8ec41af90f8df6.xyz
[2026-03-16 15:00:48,225: INFO/MainProcess] 离线解析开始 doc_id=133 task_id=3717623f-7b95-4726-8e79-64bc37361ba1 retry=0
[2026-03-16 15:00:48,226: ERROR/MainProcess] 离线解析任务异常 doc_id=133 task_id=3717623f-7b95-4726-8e79-64bc37361ba1 retry=0/2 err=文件解析失败：[Unsupported file type: 20260316070048_299739f540944ef1be8ec41af90f8df6.xyz]
Traceback (most recent call last):
  File "D:\Qoder\测试开发平台\backend\modules\tasks.py", line 101, in parse_knowledge_document_task
    result = knowledge_base.parse_document_offline(
             ^^^^^^^^^^^^^^^^^^^^^^^^^^^^^^^^^^^^^^
  File "D:\Qoder\测试开发平台\backend\modules\knowledge_base.py", line 193, in parse_document_offline
    return parse_document_offline_impl(
           ^^^^^^^^^^^^^^^^^^^^^^^^^^^^
  File "D:\Qoder\测试开发平台\backend\modules\knowledge_base_components\offline_parse.py", line 189, in parse_document_offline_impl
    validate_parsed_content(content)
  File "D:\Qoder\测试开发平台\backend\modules\knowledge_base_components\offline_parse_support.py", line 74, in validate_parsed_content
    raise ValueError(f"文件解析失败：{normalized[:180]}")
ValueError: 文件解析失败：[Unsupported file type: 20260316070048_299739f540944ef1be8ec41af90f8df6.xyz]
[2026-03-16 15:00:48,231: INFO/MainProcess] Task modules.tasks.parse_knowledge_document_task[3717623f-7b95-4726-8e79-64bc37361ba1] retry: Retry in 8s: ValueError('文件解析失败：[Unsupported file type: 20260316070048_299739f540944ef1be8ec41af90f8df6.xyz]')
[2026-03-16 15:00:48,233: INFO/MainProcess] Task modules.tasks.parse_knowledge_document_task[3717623f-7b95-4726-8e79-64bc37361ba1] received
[2026-03-16 15:00:56,229: INFO/MainProcess] 离线解析任务启动 doc_id=133 task_id=3717623f-7b95-4726-8e79-64bc37361ba1 retry=1 file=D:\Qoder\测试开发平台\backend\runtime\knowledge_uploads\20260316070048_299739f540944ef1be8ec41af90f8df6.xyz
[2026-03-16 15:00:56,237: INFO/MainProcess] 离线解析开始 doc_id=133 task_id=3717623f-7b95-4726-8e79-64bc37361ba1 retry=1
[2026-03-16 15:00:56,237: ERROR/MainProcess] 离线解析任务异常 doc_id=133 task_id=3717623f-7b95-4726-8e79-64bc37361ba1 retry=1/2 err=文件解析失败：[Unsupported file type: 20260316070048_299739f540944ef1be8ec41af90f8df6.xyz]
Traceback (most recent call last):
  File "D:\Qoder\测试开发平台\backend\modules\tasks.py", line 101, in parse_knowledge_document_task
    result = knowledge_base.parse_document_offline(
             ^^^^^^^^^^^^^^^^^^^^^^^^^^^^^^^^^^^^^^
  File "D:\Qoder\测试开发平台\backend\modules\knowledge_base.py", line 193, in parse_document_offline
    return parse_document_offline_impl(
           ^^^^^^^^^^^^^^^^^^^^^^^^^^^^
  File "D:\Qoder\测试开发平台\backend\modules\knowledge_base_components\offline_parse.py", line 189, in parse_document_offline_impl
    validate_parsed_content(content)
  File "D:\Qoder\测试开发平台\backend\modules\knowledge_base_components\offline_parse_support.py", line 74, in validate_parsed_content
    raise ValueError(f"文件解析失败：{normalized[:180]}")
ValueError: 文件解析失败：[Unsupported file type: 20260316070048_299739f540944ef1be8ec41af90f8df6.xyz]
[2026-03-16 15:00:56,245: INFO/MainProcess] Task modules.tasks.parse_knowledge_document_task[3717623f-7b95-4726-8e79-64bc37361ba1] received
[2026-03-16 15:00:56,245: INFO/MainProcess] Task modules.tasks.parse_knowledge_document_task[3717623f-7b95-4726-8e79-64bc37361ba1] retry: Retry in 8s: ValueError('文件解析失败：[Unsupported file type: 20260316070048_299739f540944ef1be8ec41af90f8df6.xyz]')
[2026-03-16 15:01:04,241: INFO/MainProcess] 离线解析任务启动 doc_id=133 task_id=3717623f-7b95-4726-8e79-64bc37361ba1 retry=2 file=D:\Qoder\测试开发平台\backend\runtime\knowledge_uploads\20260316070048_299739f540944ef1be8ec41af90f8df6.xyz
[2026-03-16 15:01:04,247: INFO/MainProcess] 离线解析开始 doc_id=133 task_id=3717623f-7b95-4726-8e79-64bc37361ba1 retry=2
[2026-03-16 15:01:04,247: ERROR/MainProcess] 离线解析任务异常 doc_id=133 task_id=3717623f-7b95-4726-8e79-64bc37361ba1 retry=2/2 err=文件解析失败：[Unsupported file type: 20260316070048_299739f540944ef1be8ec41af90f8df6.xyz]
Traceback (most recent call last):
  File "D:\Qoder\测试开发平台\backend\modules\tasks.py", line 101, in parse_knowledge_document_task
    result = knowledge_base.parse_document_offline(
             ^^^^^^^^^^^^^^^^^^^^^^^^^^^^^^^^^^^^^^
  File "D:\Qoder\测试开发平台\backend\modules\knowledge_base.py", line 193, in parse_document_offline
    return parse_document_offline_impl(
           ^^^^^^^^^^^^^^^^^^^^^^^^^^^^
  File "D:\Qoder\测试开发平台\backend\modules\knowledge_base_components\offline_parse.py", line 189, in parse_document_offline_impl
    validate_parsed_content(content)
  File "D:\Qoder\测试开发平台\backend\modules\knowledge_base_components\offline_parse_support.py", line 74, in validate_parsed_content
    raise ValueError(f"文件解析失败：{normalized[:180]}")
ValueError: 文件解析失败：[Unsupported file type: 20260316070048_299739f540944ef1be8ec41af90f8df6.xyz]
[2026-03-16 15:01:04,256: WARNING/MainProcess] C:\Users\Administrator\AppData\Roaming\Python\Python311\site-packages\celery\app\trace.py:705: RuntimeWarning: Exception raised outside body: ValueError('Exception information must include the exception type'):
Traceback (most recent call last):
  File "C:\Users\Administrator\AppData\Roaming\Python\Python311\site-packages\celery\app\trace.py", line 479, in trace_task
    R = retval = fun(*args, **kwargs)
                 ^^^^^^^^^^^^^^^^^^^^
  File "C:\Users\Administrator\AppData\Roaming\Python\Python311\site-packages\celery\app\trace.py", line 779, in __protected_call__
    return self.run(*args, **kwargs)
           ^^^^^^^^^^^^^^^^^^^^^^^^^
  File "D:\Qoder\测试开发平台\backend\modules\tasks.py", line 170, in parse_knowledge_document_task
    raise e
  File "D:\Qoder\测试开发平台\backend\modules\tasks.py", line 101, in parse_knowledge_document_task
    result = knowledge_base.parse_document_offline(
             ^^^^^^^^^^^^^^^^^^^^^^^^^^^^^^^^^^^^^^
  File "D:\Qoder\测试开发平台\backend\modules\knowledge_base.py", line 193, in parse_document_offline
    return parse_document_offline_impl(
           ^^^^^^^^^^^^^^^^^^^^^^^^^^^^
  File "D:\Qoder\测试开发平台\backend\modules\knowledge_base_components\offline_parse.py", line 189, in parse_document_offline_impl
    validate_parsed_content(content)
  File "D:\Qoder\测试开发平台\backend\modules\knowledge_base_components\offline_parse_support.py", line 74, in validate_parsed_content
    raise ValueError(f"文件解析失败：{normalized[:180]}")
ValueError: 文件解析失败：[Unsupported file type: 20260316070048_299739f540944ef1be8ec41af90f8df6.xyz]

During handling of the above exception, another exception occurred:

Traceback (most recent call last):
  File "C:\Users\Administrator\AppData\Roaming\Python\Python311\site-packages\celery\backends\base.py", line 453, in exception_to_python
    exc_type = exc['exc_type']
               ~~~^^^^^^^^^^^^
KeyError: 'exc_type'

The above exception was the direct cause of the following exception:

Traceback (most recent call last):
  File "C:\Users\Administrator\AppData\Roaming\Python\Python311\site-packages\celery\app\trace.py", line 499, in trace_task
    I, R, state, retval = on_error(task_request, exc)
                          ^^^^^^^^^^^^^^^^^^^^^^^^^^^
  File "C:\Users\Administrator\AppData\Roaming\Python\Python311\site-packages\celery\app\trace.py", line 407, in on_error
    R = I.handle_error_state(
        ^^^^^^^^^^^^^^^^^^^^^
  File "C:\Users\Administrator\AppData\Roaming\Python\Python311\site-packages\celery\app\trace.py", line 175, in handle_error_state
    return {
           ^
  File "C:\Users\Administrator\AppData\Roaming\Python\Python311\site-packages\celery\app\trace.py", line 236, in handle_failure
    task.backend.mark_as_failure(
  File "C:\Users\Administrator\AppData\Roaming\Python\Python311\site-packages\celery\backends\base.py", line 194, in mark_as_failure
    self.store_result(task_id, exc, state,
  File "C:\Users\Administrator\AppData\Roaming\Python\Python311\site-packages\celery\backends\base.py", line 625, in store_result
    self._store_result(task_id, result, state, traceback,
  File "C:\Users\Administrator\AppData\Roaming\Python\Python311\site-packages\celery\backends\base.py", line 1074, in _store_result
    current_meta = self._get_task_meta_for(task_id)
                   ^^^^^^^^^^^^^^^^^^^^^^^^^^^^^^^^
  File "C:\Users\Administrator\AppData\Roaming\Python\Python311\site-packages\celery\backends\base.py", line 1099, in _get_task_meta_for
    return self.decode_result(meta)
           ^^^^^^^^^^^^^^^^^^^^^^^^
  File "C:\Users\Administrator\AppData\Roaming\Python\Python311\site-packages\celery\backends\base.py", line 524, in decode_result
    return self.meta_from_decoded(self.decode(payload))
           ^^^^^^^^^^^^^^^^^^^^^^^^^^^^^^^^^^^^^^^^^^^^
  File "C:\Users\Administrator\AppData\Roaming\Python\Python311\site-packages\celery\backends\base.py", line 520, in meta_from_decoded
    meta['result'] = self.exception_to_python(meta['result'])
                     ^^^^^^^^^^^^^^^^^^^^^^^^^^^^^^^^^^^^^^^^
  File "C:\Users\Administrator\AppData\Roaming\Python\Python311\site-packages\celery\backends\base.py", line 455, in exception_to_python
    raise ValueError("Exception information must include "
ValueError: Exception information must include the exception type

  warn(RuntimeWarning(

[2026-03-16 15:01:04,258: ERROR/MainProcess] Timer error: ValueError('Exception information must include the exception type')
Traceback (most recent call last):
  File "C:\Users\Administrator\AppData\Roaming\Python\Python311\site-packages\celery\app\trace.py", line 479, in trace_task
    R = retval = fun(*args, **kwargs)
                 ^^^^^^^^^^^^^^^^^^^^
  File "C:\Users\Administrator\AppData\Roaming\Python\Python311\site-packages\celery\app\trace.py", line 779, in __protected_call__
    return self.run(*args, **kwargs)
           ^^^^^^^^^^^^^^^^^^^^^^^^^
  File "D:\Qoder\测试开发平台\backend\modules\tasks.py", line 170, in parse_knowledge_document_task
    raise e
  File "D:\Qoder\测试开发平台\backend\modules\tasks.py", line 101, in parse_knowledge_document_task
    result = knowledge_base.parse_document_offline(
             ^^^^^^^^^^^^^^^^^^^^^^^^^^^^^^^^^^^^^^
  File "D:\Qoder\测试开发平台\backend\modules\knowledge_base.py", line 193, in parse_document_offline
    return parse_document_offline_impl(
           ^^^^^^^^^^^^^^^^^^^^^^^^^^^^
  File "D:\Qoder\测试开发平台\backend\modules\knowledge_base_components\offline_parse.py", line 189, in parse_document_offline_impl
    validate_parsed_content(content)
  File "D:\Qoder\测试开发平台\backend\modules\knowledge_base_components\offline_parse_support.py", line 74, in validate_parsed_content
    raise ValueError(f"文件解析失败：{normalized[:180]}")
ValueError: 文件解析失败：[Unsupported file type: 20260316070048_299739f540944ef1be8ec41af90f8df6.xyz]

During handling of the above exception, another exception occurred:

Traceback (most recent call last):
  File "C:\Users\Administrator\AppData\Roaming\Python\Python311\site-packages\celery\backends\base.py", line 453, in exception_to_python
    exc_type = exc['exc_type']
               ~~~^^^^^^^^^^^^
KeyError: 'exc_type'

The above exception was the direct cause of the following exception:

Traceback (most recent call last):
  File "C:\Users\Administrator\AppData\Roaming\Python\Python311\site-packages\celery\app\trace.py", line 499, in trace_task
    I, R, state, retval = on_error(task_request, exc)
                          ^^^^^^^^^^^^^^^^^^^^^^^^^^^
  File "C:\Users\Administrator\AppData\Roaming\Python\Python311\site-packages\celery\app\trace.py", line 407, in on_error
    R = I.handle_error_state(
        ^^^^^^^^^^^^^^^^^^^^^
  File "C:\Users\Administrator\AppData\Roaming\Python\Python311\site-packages\celery\app\trace.py", line 175, in handle_error_state
    return {
           ^
  File "C:\Users\Administrator\AppData\Roaming\Python\Python311\site-packages\celery\app\trace.py", line 236, in handle_failure
    task.backend.mark_as_failure(
  File "C:\Users\Administrator\AppData\Roaming\Python\Python311\site-packages\celery\backends\base.py", line 194, in mark_as_failure
    self.store_result(task_id, exc, state,
  File "C:\Users\Administrator\AppData\Roaming\Python\Python311\site-packages\celery\backends\base.py", line 625, in store_result
    self._store_result(task_id, result, state, traceback,
  File "C:\Users\Administrator\AppData\Roaming\Python\Python311\site-packages\celery\backends\base.py", line 1074, in _store_result
    current_meta = self._get_task_meta_for(task_id)
                   ^^^^^^^^^^^^^^^^^^^^^^^^^^^^^^^^
  File "C:\Users\Administrator\AppData\Roaming\Python\Python311\site-packages\celery\backends\base.py", line 1099, in _get_task_meta_for
    return self.decode_result(meta)
           ^^^^^^^^^^^^^^^^^^^^^^^^
  File "C:\Users\Administrator\AppData\Roaming\Python\Python311\site-packages\celery\backends\base.py", line 524, in decode_result
    return self.meta_from_decoded(self.decode(payload))
           ^^^^^^^^^^^^^^^^^^^^^^^^^^^^^^^^^^^^^^^^^^^^
  File "C:\Users\Administrator\AppData\Roaming\Python\Python311\site-packages\celery\backends\base.py", line 520, in meta_from_decoded
    meta['result'] = self.exception_to_python(meta['result'])
                     ^^^^^^^^^^^^^^^^^^^^^^^^^^^^^^^^^^^^^^^^
  File "C:\Users\Administrator\AppData\Roaming\Python\Python311\site-packages\celery\backends\base.py", line 455, in exception_to_python
    raise ValueError("Exception information must include "
ValueError: Exception information must include the exception type

During handling of the above exception, another exception occurred:

Traceback (most recent call last):
  File "C:\Users\Administrator\AppData\Roaming\Python\Python311\site-packages\celery\backends\base.py", line 453, in exception_to_python
    exc_type = exc['exc_type']
               ~~~^^^^^^^^^^^^
KeyError: 'exc_type'

The above exception was the direct cause of the following exception:

Traceback (most recent call last):
  File "C:\Users\Administrator\AppData\Roaming\Python\Python311\site-packages\kombu\asynchronous\timer.py", line 177, in apply_entry
    entry()
  File "C:\Users\Administrator\AppData\Roaming\Python\Python311\site-packages\kombu\asynchronous\timer.py", line 70, in __call__
    return self.fun(*self.args, **self.kwargs)
           ^^^^^^^^^^^^^^^^^^^^^^^^^^^^^^^^^^^
  File "C:\Users\Administrator\AppData\Roaming\Python\Python311\site-packages\celery\worker\consumer\consumer.py", line 581, in apply_eta_task
    self.on_task_request(task)
  File "C:\Users\Administrator\AppData\Roaming\Python\Python311\site-packages\celery\worker\worker.py", line 226, in _process_task
    req.execute_using_pool(self.pool)
  File "C:\Users\Administrator\AppData\Roaming\Python\Python311\site-packages\celery\worker\request.py", line 767, in execute_using_pool
    result = apply_async(
             ^^^^^^^^^^^^
  File "C:\Users\Administrator\AppData\Roaming\Python\Python311\site-packages\celery\concurrency\base.py", line 153, in apply_async
    return self.on_apply(target, args, kwargs,
           ^^^^^^^^^^^^^^^^^^^^^^^^^^^^^^^^^^^
  File "C:\Users\Administrator\AppData\Roaming\Python\Python311\site-packages\celery\concurrency\base.py", line 30, in apply_target
    ret = target(*args, **kwargs)
          ^^^^^^^^^^^^^^^^^^^^^^^
  File "C:\Users\Administrator\AppData\Roaming\Python\Python311\site-packages\celery\app\trace.py", line 694, in fast_trace_task
    R, I, T, Rstr = tasks[task].__trace__(
                    ^^^^^^^^^^^^^^^^^^^^^^
  File "C:\Users\Administrator\AppData\Roaming\Python\Python311\site-packages\celery\app\trace.py", line 606, in trace_task
    I, _, _, _ = on_error(task_request, exc)
                 ^^^^^^^^^^^^^^^^^^^^^^^^^^^
  File "C:\Users\Administrator\AppData\Roaming\Python\Python311\site-packages\celery\app\trace.py", line 407, in on_error
    R = I.handle_error_state(
        ^^^^^^^^^^^^^^^^^^^^^
  File "C:\Users\Administrator\AppData\Roaming\Python\Python311\site-packages\celery\app\trace.py", line 175, in handle_error_state
    return {
           ^
  File "C:\Users\Administrator\AppData\Roaming\Python\Python311\site-packages\celery\app\trace.py", line 236, in handle_failure
    task.backend.mark_as_failure(
  File "C:\Users\Administrator\AppData\Roaming\Python\Python311\site-packages\celery\backends\base.py", line 194, in mark_as_failure
    self.store_result(task_id, exc, state,
  File "C:\Users\Administrator\AppData\Roaming\Python\Python311\site-packages\celery\backends\base.py", line 625, in store_result
    self._store_result(task_id, result, state, traceback,
  File "C:\Users\Administrator\AppData\Roaming\Python\Python311\site-packages\celery\backends\base.py", line 1074, in _store_result
    current_meta = self._get_task_meta_for(task_id)
                   ^^^^^^^^^^^^^^^^^^^^^^^^^^^^^^^^
  File "C:\Users\Administrator\AppData\Roaming\Python\Python311\site-packages\celery\backends\base.py", line 1099, in _get_task_meta_for
    return self.decode_result(meta)
           ^^^^^^^^^^^^^^^^^^^^^^^^
  File "C:\Users\Administrator\AppData\Roaming\Python\Python311\site-packages\celery\backends\base.py", line 524, in decode_result
    return self.meta_from_decoded(self.decode(payload))
           ^^^^^^^^^^^^^^^^^^^^^^^^^^^^^^^^^^^^^^^^^^^^
  File "C:\Users\Administrator\AppData\Roaming\Python\Python311\site-packages\celery\backends\base.py", line 520, in meta_from_decoded
    meta['result'] = self.exception_to_python(meta['result'])
                     ^^^^^^^^^^^^^^^^^^^^^^^^^^^^^^^^^^^^^^^^
  File "C:\Users\Administrator\AppData\Roaming\Python\Python311\site-packages\celery\backends\base.py", line 455, in exception_to_python
    raise ValueError("Exception information must include "
ValueError: Exception information must include the exception type
[2026-03-16 15:01:05,150: INFO/MainProcess] Task modules.tasks.parse_knowledge_document_task[678f37e9-0fe6-438a-9e9c-e7404a83da73] received
[2026-03-16 15:01:05,150: INFO/MainProcess] 离线解析任务启动 doc_id=134 task_id=678f37e9-0fe6-438a-9e9c-e7404a83da73 retry=0 file=D:\Qoder\测试开发平台\backend\runtime\knowledge_uploads\20260316070105_5781c9f2fada4ed89f35a53177c35254.pdf
[2026-03-16 15:01:05,159: INFO/MainProcess] 离线解析开始 doc_id=134 task_id=678f37e9-0fe6-438a-9e9c-e7404a83da73 retry=0
[2026-03-16 15:01:05,159: ERROR/MainProcess] 离线解析任务异常 doc_id=134 task_id=678f37e9-0fe6-438a-9e9c-e7404a83da73 retry=0/2 err=文件解析失败：[Error parsing file: startxref not found]
Traceback (most recent call last):
  File "D:\Qoder\测试开发平台\backend\modules\tasks.py", line 101, in parse_knowledge_document_task
    result = knowledge_base.parse_document_offline(
             ^^^^^^^^^^^^^^^^^^^^^^^^^^^^^^^^^^^^^^
  File "D:\Qoder\测试开发平台\backend\modules\knowledge_base.py", line 193, in parse_document_offline
    return parse_document_offline_impl(
           ^^^^^^^^^^^^^^^^^^^^^^^^^^^^
  File "D:\Qoder\测试开发平台\backend\modules\knowledge_base_components\offline_parse.py", line 189, in parse_document_offline_impl
    validate_parsed_content(content)
  File "D:\Qoder\测试开发平台\backend\modules\knowledge_base_components\offline_parse_support.py", line 74, in validate_parsed_content
    raise ValueError(f"文件解析失败：{normalized[:180]}")
ValueError: 文件解析失败：[Error parsing file: startxref not found]
[2026-03-16 15:01:05,166: INFO/MainProcess] Task modules.tasks.parse_knowledge_document_task[678f37e9-0fe6-438a-9e9c-e7404a83da73] retry: Retry in 8s: ValueError('文件解析失败：[Error parsing file: startxref not found]')
[2026-03-16 15:01:05,168: INFO/MainProcess] Task modules.tasks.parse_knowledge_document_task[678f37e9-0fe6-438a-9e9c-e7404a83da73] received
[2026-03-16 15:01:13,165: INFO/MainProcess] 离线解析任务启动 doc_id=134 task_id=678f37e9-0fe6-438a-9e9c-e7404a83da73 retry=1 file=D:\Qoder\测试开发平台\backend\runtime\knowledge_uploads\20260316070105_5781c9f2fada4ed89f35a53177c35254.pdf
[2026-03-16 15:01:13,178: INFO/MainProcess] 离线解析开始 doc_id=134 task_id=678f37e9-0fe6-438a-9e9c-e7404a83da73 retry=1
[2026-03-16 15:01:13,178: ERROR/MainProcess] 离线解析任务异常 doc_id=134 task_id=678f37e9-0fe6-438a-9e9c-e7404a83da73 retry=1/2 err=文件解析失败：[Error parsing file: startxref not found]
Traceback (most recent call last):
  File "D:\Qoder\测试开发平台\backend\modules\tasks.py", line 101, in parse_knowledge_document_task
    result = knowledge_base.parse_document_offline(
             ^^^^^^^^^^^^^^^^^^^^^^^^^^^^^^^^^^^^^^
  File "D:\Qoder\测试开发平台\backend\modules\knowledge_base.py", line 193, in parse_document_offline
    return parse_document_offline_impl(
           ^^^^^^^^^^^^^^^^^^^^^^^^^^^^
  File "D:\Qoder\测试开发平台\backend\modules\knowledge_base_components\offline_parse.py", line 189, in parse_document_offline_impl
    validate_parsed_content(content)
  File "D:\Qoder\测试开发平台\backend\modules\knowledge_base_components\offline_parse_support.py", line 74, in validate_parsed_content
    raise ValueError(f"文件解析失败：{normalized[:180]}")
ValueError: 文件解析失败：[Error parsing file: startxref not found]
[2026-03-16 15:01:13,184: INFO/MainProcess] Task modules.tasks.parse_knowledge_document_task[678f37e9-0fe6-438a-9e9c-e7404a83da73] received
[2026-03-16 15:01:13,185: INFO/MainProcess] Task modules.tasks.parse_knowledge_document_task[678f37e9-0fe6-438a-9e9c-e7404a83da73] retry: Retry in 8s: ValueError('文件解析失败：[Error parsing file: startxref not found]')
[2026-03-16 15:01:21,178: INFO/MainProcess] 离线解析任务启动 doc_id=134 task_id=678f37e9-0fe6-438a-9e9c-e7404a83da73 retry=2 file=D:\Qoder\测试开发平台\backend\runtime\knowledge_uploads\20260316070105_5781c9f2fada4ed89f35a53177c35254.pdf
[2026-03-16 15:01:21,190: INFO/MainProcess] 离线解析开始 doc_id=134 task_id=678f37e9-0fe6-438a-9e9c-e7404a83da73 retry=2
[2026-03-16 15:01:21,191: ERROR/MainProcess] 离线解析任务异常 doc_id=134 task_id=678f37e9-0fe6-438a-9e9c-e7404a83da73 retry=2/2 err=文件解析失败：[Error parsing file: startxref not found]
Traceback (most recent call last):
  File "D:\Qoder\测试开发平台\backend\modules\tasks.py", line 101, in parse_knowledge_document_task
    result = knowledge_base.parse_document_offline(
             ^^^^^^^^^^^^^^^^^^^^^^^^^^^^^^^^^^^^^^
  File "D:\Qoder\测试开发平台\backend\modules\knowledge_base.py", line 193, in parse_document_offline
    return parse_document_offline_impl(
           ^^^^^^^^^^^^^^^^^^^^^^^^^^^^
  File "D:\Qoder\测试开发平台\backend\modules\knowledge_base_components\offline_parse.py", line 189, in parse_document_offline_impl
    validate_parsed_content(content)
  File "D:\Qoder\测试开发平台\backend\modules\knowledge_base_components\offline_parse_support.py", line 74, in validate_parsed_content
    raise ValueError(f"文件解析失败：{normalized[:180]}")
ValueError: 文件解析失败：[Error parsing file: startxref not found]
[2026-03-16 15:01:21,201: WARNING/MainProcess] C:\Users\Administrator\AppData\Roaming\Python\Python311\site-packages\celery\app\trace.py:705: RuntimeWarning: Exception raised outside body: ValueError('Exception information must include the exception type'):
Traceback (most recent call last):
  File "C:\Users\Administrator\AppData\Roaming\Python\Python311\site-packages\celery\app\trace.py", line 479, in trace_task
    R = retval = fun(*args, **kwargs)
                 ^^^^^^^^^^^^^^^^^^^^
  File "C:\Users\Administrator\AppData\Roaming\Python\Python311\site-packages\celery\app\trace.py", line 779, in __protected_call__
    return self.run(*args, **kwargs)
           ^^^^^^^^^^^^^^^^^^^^^^^^^
  File "D:\Qoder\测试开发平台\backend\modules\tasks.py", line 170, in parse_knowledge_document_task
    raise e
  File "D:\Qoder\测试开发平台\backend\modules\tasks.py", line 101, in parse_knowledge_document_task
    result = knowledge_base.parse_document_offline(
             ^^^^^^^^^^^^^^^^^^^^^^^^^^^^^^^^^^^^^^
  File "D:\Qoder\测试开发平台\backend\modules\knowledge_base.py", line 193, in parse_document_offline
    return parse_document_offline_impl(
           ^^^^^^^^^^^^^^^^^^^^^^^^^^^^
  File "D:\Qoder\测试开发平台\backend\modules\knowledge_base_components\offline_parse.py", line 189, in parse_document_offline_impl
    validate_parsed_content(content)
  File "D:\Qoder\测试开发平台\backend\modules\knowledge_base_components\offline_parse_support.py", line 74, in validate_parsed_content
    raise ValueError(f"文件解析失败：{normalized[:180]}")
ValueError: 文件解析失败：[Error parsing file: startxref not found]

During handling of the above exception, another exception occurred:

Traceback (most recent call last):
  File "C:\Users\Administrator\AppData\Roaming\Python\Python311\site-packages\celery\backends\base.py", line 453, in exception_to_python
    exc_type = exc['exc_type']
               ~~~^^^^^^^^^^^^
KeyError: 'exc_type'

The above exception was the direct cause of the following exception:

Traceback (most recent call last):
  File "C:\Users\Administrator\AppData\Roaming\Python\Python311\site-packages\celery\app\trace.py", line 499, in trace_task
    I, R, state, retval = on_error(task_request, exc)
                          ^^^^^^^^^^^^^^^^^^^^^^^^^^^
  File "C:\Users\Administrator\AppData\Roaming\Python\Python311\site-packages\celery\app\trace.py", line 407, in on_error
    R = I.handle_error_state(
        ^^^^^^^^^^^^^^^^^^^^^
  File "C:\Users\Administrator\AppData\Roaming\Python\Python311\site-packages\celery\app\trace.py", line 175, in handle_error_state
    return {
           ^
  File "C:\Users\Administrator\AppData\Roaming\Python\Python311\site-packages\celery\app\trace.py", line 236, in handle_failure
    task.backend.mark_as_failure(
  File "C:\Users\Administrator\AppData\Roaming\Python\Python311\site-packages\celery\backends\base.py", line 194, in mark_as_failure
    self.store_result(task_id, exc, state,
  File "C:\Users\Administrator\AppData\Roaming\Python\Python311\site-packages\celery\backends\base.py", line 625, in store_result
    self._store_result(task_id, result, state, traceback,
  File "C:\Users\Administrator\AppData\Roaming\Python\Python311\site-packages\celery\backends\base.py", line 1074, in _store_result
    current_meta = self._get_task_meta_for(task_id)
                   ^^^^^^^^^^^^^^^^^^^^^^^^^^^^^^^^
  File "C:\Users\Administrator\AppData\Roaming\Python\Python311\site-packages\celery\backends\base.py", line 1099, in _get_task_meta_for
    return self.decode_result(meta)
           ^^^^^^^^^^^^^^^^^^^^^^^^
  File "C:\Users\Administrator\AppData\Roaming\Python\Python311\site-packages\celery\backends\base.py", line 524, in decode_result
    return self.meta_from_decoded(self.decode(payload))
           ^^^^^^^^^^^^^^^^^^^^^^^^^^^^^^^^^^^^^^^^^^^^
  File "C:\Users\Administrator\AppData\Roaming\Python\Python311\site-packages\celery\backends\base.py", line 520, in meta_from_decoded
    meta['result'] = self.exception_to_python(meta['result'])
                     ^^^^^^^^^^^^^^^^^^^^^^^^^^^^^^^^^^^^^^^^
  File "C:\Users\Administrator\AppData\Roaming\Python\Python311\site-packages\celery\backends\base.py", line 455, in exception_to_python
    raise ValueError("Exception information must include "
ValueError: Exception information must include the exception type

  warn(RuntimeWarning(

[2026-03-16 15:01:21,203: ERROR/MainProcess] Timer error: ValueError('Exception information must include the exception type')
Traceback (most recent call last):
  File "C:\Users\Administrator\AppData\Roaming\Python\Python311\site-packages\celery\app\trace.py", line 479, in trace_task
    R = retval = fun(*args, **kwargs)
                 ^^^^^^^^^^^^^^^^^^^^
  File "C:\Users\Administrator\AppData\Roaming\Python\Python311\site-packages\celery\app\trace.py", line 779, in __protected_call__
    return self.run(*args, **kwargs)
           ^^^^^^^^^^^^^^^^^^^^^^^^^
  File "D:\Qoder\测试开发平台\backend\modules\tasks.py", line 170, in parse_knowledge_document_task
    raise e
  File "D:\Qoder\测试开发平台\backend\modules\tasks.py", line 101, in parse_knowledge_document_task
    result = knowledge_base.parse_document_offline(
             ^^^^^^^^^^^^^^^^^^^^^^^^^^^^^^^^^^^^^^
  File "D:\Qoder\测试开发平台\backend\modules\knowledge_base.py", line 193, in parse_document_offline
    return parse_document_offline_impl(
           ^^^^^^^^^^^^^^^^^^^^^^^^^^^^
  File "D:\Qoder\测试开发平台\backend\modules\knowledge_base_components\offline_parse.py", line 189, in parse_document_offline_impl
    validate_parsed_content(content)
  File "D:\Qoder\测试开发平台\backend\modules\knowledge_base_components\offline_parse_support.py", line 74, in validate_parsed_content
    raise ValueError(f"文件解析失败：{normalized[:180]}")
ValueError: 文件解析失败：[Error parsing file: startxref not found]

During handling of the above exception, another exception occurred:

Traceback (most recent call last):
  File "C:\Users\Administrator\AppData\Roaming\Python\Python311\site-packages\celery\backends\base.py", line 453, in exception_to_python
    exc_type = exc['exc_type']
               ~~~^^^^^^^^^^^^
KeyError: 'exc_type'

The above exception was the direct cause of the following exception:

Traceback (most recent call last):
  File "C:\Users\Administrator\AppData\Roaming\Python\Python311\site-packages\celery\app\trace.py", line 499, in trace_task
    I, R, state, retval = on_error(task_request, exc)
                          ^^^^^^^^^^^^^^^^^^^^^^^^^^^
  File "C:\Users\Administrator\AppData\Roaming\Python\Python311\site-packages\celery\app\trace.py", line 407, in on_error
    R = I.handle_error_state(
        ^^^^^^^^^^^^^^^^^^^^^
  File "C:\Users\Administrator\AppData\Roaming\Python\Python311\site-packages\celery\app\trace.py", line 175, in handle_error_state
    return {
           ^
  File "C:\Users\Administrator\AppData\Roaming\Python\Python311\site-packages\celery\app\trace.py", line 236, in handle_failure
    task.backend.mark_as_failure(
  File "C:\Users\Administrator\AppData\Roaming\Python\Python311\site-packages\celery\backends\base.py", line 194, in mark_as_failure
    self.store_result(task_id, exc, state,
  File "C:\Users\Administrator\AppData\Roaming\Python\Python311\site-packages\celery\backends\base.py", line 625, in store_result
    self._store_result(task_id, result, state, traceback,
  File "C:\Users\Administrator\AppData\Roaming\Python\Python311\site-packages\celery\backends\base.py", line 1074, in _store_result
    current_meta = self._get_task_meta_for(task_id)
                   ^^^^^^^^^^^^^^^^^^^^^^^^^^^^^^^^
  File "C:\Users\Administrator\AppData\Roaming\Python\Python311\site-packages\celery\backends\base.py", line 1099, in _get_task_meta_for
    return self.decode_result(meta)
           ^^^^^^^^^^^^^^^^^^^^^^^^
  File "C:\Users\Administrator\AppData\Roaming\Python\Python311\site-packages\celery\backends\base.py", line 524, in decode_result
    return self.meta_from_decoded(self.decode(payload))
           ^^^^^^^^^^^^^^^^^^^^^^^^^^^^^^^^^^^^^^^^^^^^
  File "C:\Users\Administrator\AppData\Roaming\Python\Python311\site-packages\celery\backends\base.py", line 520, in meta_from_decoded
    meta['result'] = self.exception_to_python(meta['result'])
                     ^^^^^^^^^^^^^^^^^^^^^^^^^^^^^^^^^^^^^^^^
  File "C:\Users\Administrator\AppData\Roaming\Python\Python311\site-packages\celery\backends\base.py", line 455, in exception_to_python
    raise ValueError("Exception information must include "
ValueError: Exception information must include the exception type

During handling of the above exception, another exception occurred:

Traceback (most recent call last):
  File "C:\Users\Administrator\AppData\Roaming\Python\Python311\site-packages\celery\backends\base.py", line 453, in exception_to_python
    exc_type = exc['exc_type']
               ~~~^^^^^^^^^^^^
KeyError: 'exc_type'

The above exception was the direct cause of the following exception:

Traceback (most recent call last):
  File "C:\Users\Administrator\AppData\Roaming\Python\Python311\site-packages\kombu\asynchronous\timer.py", line 177, in apply_entry
    entry()
  File "C:\Users\Administrator\AppData\Roaming\Python\Python311\site-packages\kombu\asynchronous\timer.py", line 70, in __call__
    return self.fun(*self.args, **self.kwargs)
           ^^^^^^^^^^^^^^^^^^^^^^^^^^^^^^^^^^^
  File "C:\Users\Administrator\AppData\Roaming\Python\Python311\site-packages\celery\worker\consumer\consumer.py", line 581, in apply_eta_task
    self.on_task_request(task)
  File "C:\Users\Administrator\AppData\Roaming\Python\Python311\site-packages\celery\worker\worker.py", line 226, in _process_task
    req.execute_using_pool(self.pool)
  File "C:\Users\Administrator\AppData\Roaming\Python\Python311\site-packages\celery\worker\request.py", line 767, in execute_using_pool
    result = apply_async(
             ^^^^^^^^^^^^
  File "C:\Users\Administrator\AppData\Roaming\Python\Python311\site-packages\celery\concurrency\base.py", line 153, in apply_async
    return self.on_apply(target, args, kwargs,
           ^^^^^^^^^^^^^^^^^^^^^^^^^^^^^^^^^^^
  File "C:\Users\Administrator\AppData\Roaming\Python\Python311\site-packages\celery\concurrency\base.py", line 30, in apply_target
    ret = target(*args, **kwargs)
          ^^^^^^^^^^^^^^^^^^^^^^^
  File "C:\Users\Administrator\AppData\Roaming\Python\Python311\site-packages\celery\app\trace.py", line 694, in fast_trace_task
    R, I, T, Rstr = tasks[task].__trace__(
                    ^^^^^^^^^^^^^^^^^^^^^^
  File "C:\Users\Administrator\AppData\Roaming\Python\Python311\site-packages\celery\app\trace.py", line 606, in trace_task
    I, _, _, _ = on_error(task_request, exc)
                 ^^^^^^^^^^^^^^^^^^^^^^^^^^^
  File "C:\Users\Administrator\AppData\Roaming\Python\Python311\site-packages\celery\app\trace.py", line 407, in on_error
    R = I.handle_error_state(
        ^^^^^^^^^^^^^^^^^^^^^
  File "C:\Users\Administrator\AppData\Roaming\Python\Python311\site-packages\celery\app\trace.py", line 175, in handle_error_state
    return {
           ^
  File "C:\Users\Administrator\AppData\Roaming\Python\Python311\site-packages\celery\app\trace.py", line 236, in handle_failure
    task.backend.mark_as_failure(
  File "C:\Users\Administrator\AppData\Roaming\Python\Python311\site-packages\celery\backends\base.py", line 194, in mark_as_failure
    self.store_result(task_id, exc, state,
  File "C:\Users\Administrator\AppData\Roaming\Python\Python311\site-packages\celery\backends\base.py", line 625, in store_result
    self._store_result(task_id, result, state, traceback,
  File "C:\Users\Administrator\AppData\Roaming\Python\Python311\site-packages\celery\backends\base.py", line 1074, in _store_result
    current_meta = self._get_task_meta_for(task_id)
                   ^^^^^^^^^^^^^^^^^^^^^^^^^^^^^^^^
  File "C:\Users\Administrator\AppData\Roaming\Python\Python311\site-packages\celery\backends\base.py", line 1099, in _get_task_meta_for
    return self.decode_result(meta)
           ^^^^^^^^^^^^^^^^^^^^^^^^
  File "C:\Users\Administrator\AppData\Roaming\Python\Python311\site-packages\celery\backends\base.py", line 524, in decode_result
    return self.meta_from_decoded(self.decode(payload))
           ^^^^^^^^^^^^^^^^^^^^^^^^^^^^^^^^^^^^^^^^^^^^
  File "C:\Users\Administrator\AppData\Roaming\Python\Python311\site-packages\celery\backends\base.py", line 520, in meta_from_decoded
    meta['result'] = self.exception_to_python(meta['result'])
                     ^^^^^^^^^^^^^^^^^^^^^^^^^^^^^^^^^^^^^^^^
  File "C:\Users\Administrator\AppData\Roaming\Python\Python311\site-packages\celery\backends\base.py", line 455, in exception_to_python
    raise ValueError("Exception information must include "
ValueError: Exception information must include the exception type
[2026-03-16 15:01:22,084: INFO/MainProcess] Task modules.tasks.parse_knowledge_document_task[9cf92e2e-1f8b-49ba-b289-9ed2c0c0805c] received
[2026-03-16 15:01:22,084: INFO/MainProcess] 离线解析任务启动 doc_id=135 task_id=9cf92e2e-1f8b-49ba-b289-9ed2c0c0805c retry=0 file=D:\Qoder\测试开发平台\backend\runtime\knowledge_uploads\20260316070122_7b484eb4eca94ab0bc0a727ed7bdd4ab.txt
[2026-03-16 15:01:22,088: INFO/MainProcess] 离线解析开始 doc_id=135 task_id=9cf92e2e-1f8b-49ba-b289-9ed2c0c0805c retry=0
[2026-03-16 15:01:22,088: ERROR/MainProcess] 离线解析任务异常 doc_id=135 task_id=9cf92e2e-1f8b-49ba-b289-9ed2c0c0805c retry=0/2 err=离线解析注入失败：fail_once
Traceback (most recent call last):
  File "D:\Qoder\测试开发平台\backend\modules\tasks.py", line 101, in parse_knowledge_document_task
    result = knowledge_base.parse_document_offline(
             ^^^^^^^^^^^^^^^^^^^^^^^^^^^^^^^^^^^^^^
  File "D:\Qoder\测试开发平台\backend\modules\knowledge_base.py", line 193, in parse_document_offline
    return parse_document_offline_impl(
           ^^^^^^^^^^^^^^^^^^^^^^^^^^^^
  File "D:\Qoder\测试开发平台\backend\modules\knowledge_base_components\offline_parse.py", line 186, in parse_document_offline_impl
    raise RuntimeError("离线解析注入失败：fail_once")
RuntimeError: 离线解析注入失败：fail_once
[2026-03-16 15:01:22,099: INFO/MainProcess] Task modules.tasks.parse_knowledge_document_task[9cf92e2e-1f8b-49ba-b289-9ed2c0c0805c] retry: Retry in 8s: RuntimeError('离线解析注入失败：fail_once')
[2026-03-16 15:01:22,101: INFO/MainProcess] Task modules.tasks.parse_knowledge_document_task[9cf92e2e-1f8b-49ba-b289-9ed2c0c0805c] received
[2026-03-16 15:01:30,101: INFO/MainProcess] 离线解析任务启动 doc_id=135 task_id=9cf92e2e-1f8b-49ba-b289-9ed2c0c0805c retry=1 file=D:\Qoder\测试开发平台\backend\runtime\knowledge_uploads\20260316070122_7b484eb4eca94ab0bc0a727ed7bdd4ab.txt
[2026-03-16 15:01:30,110: INFO/MainProcess] 离线解析开始 doc_id=135 task_id=9cf92e2e-1f8b-49ba-b289-9ed2c0c0805c retry=1
[2026-03-16 15:01:30,443: INFO/MainProcess] 离线解析成功 doc_id=135 task_id=9cf92e2e-1f8b-49ba-b289-9ed2c0c0805c
[2026-03-16 15:01:30,443: INFO/MainProcess] 离线解析任务完成 doc_id=135 task_id=9cf92e2e-1f8b-49ba-b289-9ed2c0c0805c result={'status': 'success', 'document_id': 135}
[2026-03-16 15:01:30,444: INFO/MainProcess] Task modules.tasks.parse_knowledge_document_task[9cf92e2e-1f8b-49ba-b289-9ed2c0c0805c] succeeded in 0.34299999999348074s: {'status': 'success', 'document_id': 135}
[2026-03-16 15:01:30,559: INFO/MainProcess] Task modules.tasks.parse_knowledge_document_task[a94e6a05-75ea-41ff-8e3f-9ca7539789a3] received
[2026-03-16 15:01:30,559: INFO/MainProcess] 离线解析任务启动 doc_id=136 task_id=a94e6a05-75ea-41ff-8e3f-9ca7539789a3 retry=0 file=D:\Qoder\测试开发平台\backend\runtime\knowledge_uploads\20260316070130_ed37457787934f668555eeb76aa58cbf.txt
[2026-03-16 15:01:30,563: INFO/MainProcess] 离线解析开始 doc_id=136 task_id=a94e6a05-75ea-41ff-8e3f-9ca7539789a3 retry=0
[2026-03-16 15:01:30,567: ERROR/MainProcess] 离线解析任务异常 doc_id=136 task_id=a94e6a05-75ea-41ff-8e3f-9ca7539789a3 retry=0/2 err=离线解析注入失败：summary_fail
Traceback (most recent call last):
  File "D:\Qoder\测试开发平台\backend\modules\tasks.py", line 101, in parse_knowledge_document_task
    result = knowledge_base.parse_document_offline(
             ^^^^^^^^^^^^^^^^^^^^^^^^^^^^^^^^^^^^^^
  File "D:\Qoder\测试开发平台\backend\modules\knowledge_base.py", line 193, in parse_document_offline
    return parse_document_offline_impl(
           ^^^^^^^^^^^^^^^^^^^^^^^^^^^^
  File "D:\Qoder\测试开发平台\backend\modules\knowledge_base_components\offline_parse.py", line 222, in parse_document_offline_impl
    raise RuntimeError("离线解析注入失败：summary_fail")
RuntimeError: 离线解析注入失败：summary_fail
[2026-03-16 15:01:30,574: INFO/MainProcess] Task modules.tasks.parse_knowledge_document_task[a94e6a05-75ea-41ff-8e3f-9ca7539789a3] retry: Retry in 8s: RuntimeError('离线解析注入失败：summary_fail')
[2026-03-16 15:01:30,575: INFO/MainProcess] Task modules.tasks.parse_knowledge_document_task[a94e6a05-75ea-41ff-8e3f-9ca7539789a3] received
[2026-03-16 15:01:38,575: INFO/MainProcess] 离线解析任务启动 doc_id=136 task_id=a94e6a05-75ea-41ff-8e3f-9ca7539789a3 retry=1 file=D:\Qoder\测试开发平台\backend\runtime\knowledge_uploads\20260316070130_ed37457787934f668555eeb76aa58cbf.txt
[2026-03-16 15:01:38,581: INFO/MainProcess] 离线解析开始 doc_id=136 task_id=a94e6a05-75ea-41ff-8e3f-9ca7539789a3 retry=1
[2026-03-16 15:01:38,583: ERROR/MainProcess] 离线解析任务异常 doc_id=136 task_id=a94e6a05-75ea-41ff-8e3f-9ca7539789a3 retry=1/2 err=离线解析注入失败：summary_fail
Traceback (most recent call last):
  File "D:\Qoder\测试开发平台\backend\modules\tasks.py", line 101, in parse_knowledge_document_task
    result = knowledge_base.parse_document_offline(
             ^^^^^^^^^^^^^^^^^^^^^^^^^^^^^^^^^^^^^^
  File "D:\Qoder\测试开发平台\backend\modules\knowledge_base.py", line 193, in parse_document_offline
    return parse_document_offline_impl(
           ^^^^^^^^^^^^^^^^^^^^^^^^^^^^
  File "D:\Qoder\测试开发平台\backend\modules\knowledge_base_components\offline_parse.py", line 222, in parse_document_offline_impl
    raise RuntimeError("离线解析注入失败：summary_fail")
RuntimeError: 离线解析注入失败：summary_fail
[2026-03-16 15:01:38,588: INFO/MainProcess] Task modules.tasks.parse_knowledge_document_task[a94e6a05-75ea-41ff-8e3f-9ca7539789a3] received
[2026-03-16 15:01:38,589: INFO/MainProcess] Task modules.tasks.parse_knowledge_document_task[a94e6a05-75ea-41ff-8e3f-9ca7539789a3] retry: Retry in 8s: RuntimeError('离线解析注入失败：summary_fail')
[2026-03-16 15:01:46,580: INFO/MainProcess] 离线解析任务启动 doc_id=136 task_id=a94e6a05-75ea-41ff-8e3f-9ca7539789a3 retry=2 file=D:\Qoder\测试开发平台\backend\runtime\knowledge_uploads\20260316070130_ed37457787934f668555eeb76aa58cbf.txt
[2026-03-16 15:01:46,594: INFO/MainProcess] 离线解析开始 doc_id=136 task_id=a94e6a05-75ea-41ff-8e3f-9ca7539789a3 retry=2
[2026-03-16 15:01:46,597: ERROR/MainProcess] 离线解析任务异常 doc_id=136 task_id=a94e6a05-75ea-41ff-8e3f-9ca7539789a3 retry=2/2 err=离线解析注入失败：summary_fail
Traceback (most recent call last):
  File "D:\Qoder\测试开发平台\backend\modules\tasks.py", line 101, in parse_knowledge_document_task
    result = knowledge_base.parse_document_offline(
             ^^^^^^^^^^^^^^^^^^^^^^^^^^^^^^^^^^^^^^
  File "D:\Qoder\测试开发平台\backend\modules\knowledge_base.py", line 193, in parse_document_offline
    return parse_document_offline_impl(
           ^^^^^^^^^^^^^^^^^^^^^^^^^^^^
  File "D:\Qoder\测试开发平台\backend\modules\knowledge_base_components\offline_parse.py", line 222, in parse_document_offline_impl
    raise RuntimeError("离线解析注入失败：summary_fail")
RuntimeError: 离线解析注入失败：summary_fail
[2026-03-16 15:01:46,606: WARNING/MainProcess] C:\Users\Administrator\AppData\Roaming\Python\Python311\site-packages\celery\app\trace.py:705: RuntimeWarning: Exception raised outside body: ValueError('Exception information must include the exception type'):
Traceback (most recent call last):
  File "C:\Users\Administrator\AppData\Roaming\Python\Python311\site-packages\celery\app\trace.py", line 479, in trace_task
    R = retval = fun(*args, **kwargs)
                 ^^^^^^^^^^^^^^^^^^^^
  File "C:\Users\Administrator\AppData\Roaming\Python\Python311\site-packages\celery\app\trace.py", line 779, in __protected_call__
    return self.run(*args, **kwargs)
           ^^^^^^^^^^^^^^^^^^^^^^^^^
  File "D:\Qoder\测试开发平台\backend\modules\tasks.py", line 170, in parse_knowledge_document_task
    raise e
  File "D:\Qoder\测试开发平台\backend\modules\tasks.py", line 101, in parse_knowledge_document_task
    result = knowledge_base.parse_document_offline(
             ^^^^^^^^^^^^^^^^^^^^^^^^^^^^^^^^^^^^^^
  File "D:\Qoder\测试开发平台\backend\modules\knowledge_base.py", line 193, in parse_document_offline
    return parse_document_offline_impl(
           ^^^^^^^^^^^^^^^^^^^^^^^^^^^^
  File "D:\Qoder\测试开发平台\backend\modules\knowledge_base_components\offline_parse.py", line 222, in parse_document_offline_impl
    raise RuntimeError("离线解析注入失败：summary_fail")
RuntimeError: 离线解析注入失败：summary_fail

During handling of the above exception, another exception occurred:

Traceback (most recent call last):
  File "C:\Users\Administrator\AppData\Roaming\Python\Python311\site-packages\celery\backends\base.py", line 453, in exception_to_python
    exc_type = exc['exc_type']
               ~~~^^^^^^^^^^^^
KeyError: 'exc_type'

The above exception was the direct cause of the following exception:

Traceback (most recent call last):
  File "C:\Users\Administrator\AppData\Roaming\Python\Python311\site-packages\celery\app\trace.py", line 499, in trace_task
    I, R, state, retval = on_error(task_request, exc)
                          ^^^^^^^^^^^^^^^^^^^^^^^^^^^
  File "C:\Users\Administrator\AppData\Roaming\Python\Python311\site-packages\celery\app\trace.py", line 407, in on_error
    R = I.handle_error_state(
        ^^^^^^^^^^^^^^^^^^^^^
  File "C:\Users\Administrator\AppData\Roaming\Python\Python311\site-packages\celery\app\trace.py", line 175, in handle_error_state
    return {
           ^
  File "C:\Users\Administrator\AppData\Roaming\Python\Python311\site-packages\celery\app\trace.py", line 236, in handle_failure
    task.backend.mark_as_failure(
  File "C:\Users\Administrator\AppData\Roaming\Python\Python311\site-packages\celery\backends\base.py", line 194, in mark_as_failure
    self.store_result(task_id, exc, state,
  File "C:\Users\Administrator\AppData\Roaming\Python\Python311\site-packages\celery\backends\base.py", line 625, in store_result
    self._store_result(task_id, result, state, traceback,
  File "C:\Users\Administrator\AppData\Roaming\Python\Python311\site-packages\celery\backends\base.py", line 1074, in _store_result
    current_meta = self._get_task_meta_for(task_id)
                   ^^^^^^^^^^^^^^^^^^^^^^^^^^^^^^^^
  File "C:\Users\Administrator\AppData\Roaming\Python\Python311\site-packages\celery\backends\base.py", line 1099, in _get_task_meta_for
    return self.decode_result(meta)
           ^^^^^^^^^^^^^^^^^^^^^^^^
  File "C:\Users\Administrator\AppData\Roaming\Python\Python311\site-packages\celery\backends\base.py", line 524, in decode_result
    return self.meta_from_decoded(self.decode(payload))
           ^^^^^^^^^^^^^^^^^^^^^^^^^^^^^^^^^^^^^^^^^^^^
  File "C:\Users\Administrator\AppData\Roaming\Python\Python311\site-packages\celery\backends\base.py", line 520, in meta_from_decoded
    meta['result'] = self.exception_to_python(meta['result'])
                     ^^^^^^^^^^^^^^^^^^^^^^^^^^^^^^^^^^^^^^^^
  File "C:\Users\Administrator\AppData\Roaming\Python\Python311\site-packages\celery\backends\base.py", line 455, in exception_to_python
    raise ValueError("Exception information must include "
ValueError: Exception information must include the exception type

  warn(RuntimeWarning(

[2026-03-16 15:01:46,608: ERROR/MainProcess] Timer error: ValueError('Exception information must include the exception type')
Traceback (most recent call last):
  File "C:\Users\Administrator\AppData\Roaming\Python\Python311\site-packages\celery\app\trace.py", line 479, in trace_task
    R = retval = fun(*args, **kwargs)
                 ^^^^^^^^^^^^^^^^^^^^
  File "C:\Users\Administrator\AppData\Roaming\Python\Python311\site-packages\celery\app\trace.py", line 779, in __protected_call__
    return self.run(*args, **kwargs)
           ^^^^^^^^^^^^^^^^^^^^^^^^^
  File "D:\Qoder\测试开发平台\backend\modules\tasks.py", line 170, in parse_knowledge_document_task
    raise e
  File "D:\Qoder\测试开发平台\backend\modules\tasks.py", line 101, in parse_knowledge_document_task
    result = knowledge_base.parse_document_offline(
             ^^^^^^^^^^^^^^^^^^^^^^^^^^^^^^^^^^^^^^
  File "D:\Qoder\测试开发平台\backend\modules\knowledge_base.py", line 193, in parse_document_offline
    return parse_document_offline_impl(
           ^^^^^^^^^^^^^^^^^^^^^^^^^^^^
  File "D:\Qoder\测试开发平台\backend\modules\knowledge_base_components\offline_parse.py", line 222, in parse_document_offline_impl
    raise RuntimeError("离线解析注入失败：summary_fail")
RuntimeError: 离线解析注入失败：summary_fail

During handling of the above exception, another exception occurred:

Traceback (most recent call last):
  File "C:\Users\Administrator\AppData\Roaming\Python\Python311\site-packages\celery\backends\base.py", line 453, in exception_to_python
    exc_type = exc['exc_type']
               ~~~^^^^^^^^^^^^
KeyError: 'exc_type'

The above exception was the direct cause of the following exception:

Traceback (most recent call last):
  File "C:\Users\Administrator\AppData\Roaming\Python\Python311\site-packages\celery\app\trace.py", line 499, in trace_task
    I, R, state, retval = on_error(task_request, exc)
                          ^^^^^^^^^^^^^^^^^^^^^^^^^^^
  File "C:\Users\Administrator\AppData\Roaming\Python\Python311\site-packages\celery\app\trace.py", line 407, in on_error
    R = I.handle_error_state(
        ^^^^^^^^^^^^^^^^^^^^^
  File "C:\Users\Administrator\AppData\Roaming\Python\Python311\site-packages\celery\app\trace.py", line 175, in handle_error_state
    return {
           ^
  File "C:\Users\Administrator\AppData\Roaming\Python\Python311\site-packages\celery\app\trace.py", line 236, in handle_failure
    task.backend.mark_as_failure(
  File "C:\Users\Administrator\AppData\Roaming\Python\Python311\site-packages\celery\backends\base.py", line 194, in mark_as_failure
    self.store_result(task_id, exc, state,
  File "C:\Users\Administrator\AppData\Roaming\Python\Python311\site-packages\celery\backends\base.py", line 625, in store_result
    self._store_result(task_id, result, state, traceback,
  File "C:\Users\Administrator\AppData\Roaming\Python\Python311\site-packages\celery\backends\base.py", line 1074, in _store_result
    current_meta = self._get_task_meta_for(task_id)
                   ^^^^^^^^^^^^^^^^^^^^^^^^^^^^^^^^
  File "C:\Users\Administrator\AppData\Roaming\Python\Python311\site-packages\celery\backends\base.py", line 1099, in _get_task_meta_for
    return self.decode_result(meta)
           ^^^^^^^^^^^^^^^^^^^^^^^^
  File "C:\Users\Administrator\AppData\Roaming\Python\Python311\site-packages\celery\backends\base.py", line 524, in decode_result
    return self.meta_from_decoded(self.decode(payload))
           ^^^^^^^^^^^^^^^^^^^^^^^^^^^^^^^^^^^^^^^^^^^^
  File "C:\Users\Administrator\AppData\Roaming\Python\Python311\site-packages\celery\backends\base.py", line 520, in meta_from_decoded
    meta['result'] = self.exception_to_python(meta['result'])
                     ^^^^^^^^^^^^^^^^^^^^^^^^^^^^^^^^^^^^^^^^
  File "C:\Users\Administrator\AppData\Roaming\Python\Python311\site-packages\celery\backends\base.py", line 455, in exception_to_python
    raise ValueError("Exception information must include "
ValueError: Exception information must include the exception type

During handling of the above exception, another exception occurred:

Traceback (most recent call last):
  File "C:\Users\Administrator\AppData\Roaming\Python\Python311\site-packages\celery\backends\base.py", line 453, in exception_to_python
    exc_type = exc['exc_type']
               ~~~^^^^^^^^^^^^
KeyError: 'exc_type'

The above exception was the direct cause of the following exception:

Traceback (most recent call last):
  File "C:\Users\Administrator\AppData\Roaming\Python\Python311\site-packages\kombu\asynchronous\timer.py", line 177, in apply_entry
    entry()
  File "C:\Users\Administrator\AppData\Roaming\Python\Python311\site-packages\kombu\asynchronous\timer.py", line 70, in __call__
    return self.fun(*self.args, **self.kwargs)
           ^^^^^^^^^^^^^^^^^^^^^^^^^^^^^^^^^^^
  File "C:\Users\Administrator\AppData\Roaming\Python\Python311\site-packages\celery\worker\consumer\consumer.py", line 581, in apply_eta_task
    self.on_task_request(task)
  File "C:\Users\Administrator\AppData\Roaming\Python\Python311\site-packages\celery\worker\worker.py", line 226, in _process_task
    req.execute_using_pool(self.pool)
  File "C:\Users\Administrator\AppData\Roaming\Python\Python311\site-packages\celery\worker\request.py", line 767, in execute_using_pool
    result = apply_async(
             ^^^^^^^^^^^^
  File "C:\Users\Administrator\AppData\Roaming\Python\Python311\site-packages\celery\concurrency\base.py", line 153, in apply_async
    return self.on_apply(target, args, kwargs,
           ^^^^^^^^^^^^^^^^^^^^^^^^^^^^^^^^^^^
  File "C:\Users\Administrator\AppData\Roaming\Python\Python311\site-packages\celery\concurrency\base.py", line 30, in apply_target
    ret = target(*args, **kwargs)
          ^^^^^^^^^^^^^^^^^^^^^^^
  File "C:\Users\Administrator\AppData\Roaming\Python\Python311\site-packages\celery\app\trace.py", line 694, in fast_trace_task
    R, I, T, Rstr = tasks[task].__trace__(
                    ^^^^^^^^^^^^^^^^^^^^^^
  File "C:\Users\Administrator\AppData\Roaming\Python\Python311\site-packages\celery\app\trace.py", line 606, in trace_task
    I, _, _, _ = on_error(task_request, exc)
                 ^^^^^^^^^^^^^^^^^^^^^^^^^^^
  File "C:\Users\Administrator\AppData\Roaming\Python\Python311\site-packages\celery\app\trace.py", line 407, in on_error
    R = I.handle_error_state(
        ^^^^^^^^^^^^^^^^^^^^^
  File "C:\Users\Administrator\AppData\Roaming\Python\Python311\site-packages\celery\app\trace.py", line 175, in handle_error_state
    return {
           ^
  File "C:\Users\Administrator\AppData\Roaming\Python\Python311\site-packages\celery\app\trace.py", line 236, in handle_failure
    task.backend.mark_as_failure(
  File "C:\Users\Administrator\AppData\Roaming\Python\Python311\site-packages\celery\backends\base.py", line 194, in mark_as_failure
    self.store_result(task_id, exc, state,
  File "C:\Users\Administrator\AppData\Roaming\Python\Python311\site-packages\celery\backends\base.py", line 625, in store_result
    self._store_result(task_id, result, state, traceback,
  File "C:\Users\Administrator\AppData\Roaming\Python\Python311\site-packages\celery\backends\base.py", line 1074, in _store_result
    current_meta = self._get_task_meta_for(task_id)
                   ^^^^^^^^^^^^^^^^^^^^^^^^^^^^^^^^
  File "C:\Users\Administrator\AppData\Roaming\Python\Python311\site-packages\celery\backends\base.py", line 1099, in _get_task_meta_for
    return self.decode_result(meta)
           ^^^^^^^^^^^^^^^^^^^^^^^^
  File "C:\Users\Administrator\AppData\Roaming\Python\Python311\site-packages\celery\backends\base.py", line 524, in decode_result
    return self.meta_from_decoded(self.decode(payload))
           ^^^^^^^^^^^^^^^^^^^^^^^^^^^^^^^^^^^^^^^^^^^^
  File "C:\Users\Administrator\AppData\Roaming\Python\Python311\site-packages\celery\backends\base.py", line 520, in meta_from_decoded
    meta['result'] = self.exception_to_python(meta['result'])
                     ^^^^^^^^^^^^^^^^^^^^^^^^^^^^^^^^^^^^^^^^
  File "C:\Users\Administrator\AppData\Roaming\Python\Python311\site-packages\celery\backends\base.py", line 455, in exception_to_python
    raise ValueError("Exception information must include "
ValueError: Exception information must include the exception type
[2026-03-16 15:01:47,498: INFO/MainProcess] Task modules.tasks.parse_knowledge_document_task[a6f71e04-fbbc-41b8-831d-c9d72c10993b] received
[2026-03-16 15:01:47,498: INFO/MainProcess] 离线解析任务启动 doc_id=137 task_id=a6f71e04-fbbc-41b8-831d-c9d72c10993b retry=0 file=D:\Qoder\测试开发平台\backend\runtime\knowledge_uploads\20260316070147_912f85cd7d6e42a5833372e6e323748d.txt
[2026-03-16 15:01:47,503: INFO/MainProcess] 离线解析开始 doc_id=137 task_id=a6f71e04-fbbc-41b8-831d-c9d72c10993b retry=0
[2026-03-16 15:01:47,509: ERROR/MainProcess] 离线解析任务异常 doc_id=137 task_id=a6f71e04-fbbc-41b8-831d-c9d72c10993b retry=0/2 err=离线解析注入失败：chroma_fail
Traceback (most recent call last):
  File "D:\Qoder\测试开发平台\backend\modules\tasks.py", line 101, in parse_knowledge_document_task
    result = knowledge_base.parse_document_offline(
             ^^^^^^^^^^^^^^^^^^^^^^^^^^^^^^^^^^^^^^
  File "D:\Qoder\测试开发平台\backend\modules\knowledge_base.py", line 193, in parse_document_offline
    return parse_document_offline_impl(
           ^^^^^^^^^^^^^^^^^^^^^^^^^^^^
  File "D:\Qoder\测试开发平台\backend\modules\knowledge_base_components\offline_parse.py", line 232, in parse_document_offline_impl
    raise RuntimeError("离线解析注入失败：chroma_fail")
RuntimeError: 离线解析注入失败：chroma_fail
[2026-03-16 15:01:47,517: INFO/MainProcess] Task modules.tasks.parse_knowledge_document_task[a6f71e04-fbbc-41b8-831d-c9d72c10993b] retry: Retry in 8s: RuntimeError('离线解析注入失败：chroma_fail')
[2026-03-16 15:01:47,518: INFO/MainProcess] Task modules.tasks.parse_knowledge_document_task[a6f71e04-fbbc-41b8-831d-c9d72c10993b] received
[2026-03-16 15:01:55,523: INFO/MainProcess] 离线解析任务启动 doc_id=137 task_id=a6f71e04-fbbc-41b8-831d-c9d72c10993b retry=1 file=D:\Qoder\测试开发平台\backend\runtime\knowledge_uploads\20260316070147_912f85cd7d6e42a5833372e6e323748d.txt
[2026-03-16 15:01:55,538: INFO/MainProcess] 离线解析开始 doc_id=137 task_id=a6f71e04-fbbc-41b8-831d-c9d72c10993b retry=1
[2026-03-16 15:01:55,541: ERROR/MainProcess] 离线解析任务异常 doc_id=137 task_id=a6f71e04-fbbc-41b8-831d-c9d72c10993b retry=1/2 err=离线解析注入失败：chroma_fail
Traceback (most recent call last):
  File "D:\Qoder\测试开发平台\backend\modules\tasks.py", line 101, in parse_knowledge_document_task
    result = knowledge_base.parse_document_offline(
             ^^^^^^^^^^^^^^^^^^^^^^^^^^^^^^^^^^^^^^
  File "D:\Qoder\测试开发平台\backend\modules\knowledge_base.py", line 193, in parse_document_offline
    return parse_document_offline_impl(
           ^^^^^^^^^^^^^^^^^^^^^^^^^^^^
  File "D:\Qoder\测试开发平台\backend\modules\knowledge_base_components\offline_parse.py", line 232, in parse_document_offline_impl
    raise RuntimeError("离线解析注入失败：chroma_fail")
RuntimeError: 离线解析注入失败：chroma_fail
[2026-03-16 15:01:55,546: INFO/MainProcess] Task modules.tasks.parse_knowledge_document_task[a6f71e04-fbbc-41b8-831d-c9d72c10993b] received
[2026-03-16 15:01:55,548: INFO/MainProcess] Task modules.tasks.parse_knowledge_document_task[a6f71e04-fbbc-41b8-831d-c9d72c10993b] retry: Retry in 8s: RuntimeError('离线解析注入失败：chroma_fail')
[2026-03-16 15:02:03,539: INFO/MainProcess] 离线解析任务启动 doc_id=137 task_id=a6f71e04-fbbc-41b8-831d-c9d72c10993b retry=2 file=D:\Qoder\测试开发平台\backend\runtime\knowledge_uploads\20260316070147_912f85cd7d6e42a5833372e6e323748d.txt
[2026-03-16 15:02:03,555: INFO/MainProcess] 离线解析开始 doc_id=137 task_id=a6f71e04-fbbc-41b8-831d-c9d72c10993b retry=2
[2026-03-16 15:02:03,559: ERROR/MainProcess] 离线解析任务异常 doc_id=137 task_id=a6f71e04-fbbc-41b8-831d-c9d72c10993b retry=2/2 err=离线解析注入失败：chroma_fail
Traceback (most recent call last):
  File "D:\Qoder\测试开发平台\backend\modules\tasks.py", line 101, in parse_knowledge_document_task
    result = knowledge_base.parse_document_offline(
             ^^^^^^^^^^^^^^^^^^^^^^^^^^^^^^^^^^^^^^
  File "D:\Qoder\测试开发平台\backend\modules\knowledge_base.py", line 193, in parse_document_offline
    return parse_document_offline_impl(
           ^^^^^^^^^^^^^^^^^^^^^^^^^^^^
  File "D:\Qoder\测试开发平台\backend\modules\knowledge_base_components\offline_parse.py", line 232, in parse_document_offline_impl
    raise RuntimeError("离线解析注入失败：chroma_fail")
RuntimeError: 离线解析注入失败：chroma_fail
[2026-03-16 15:02:03,570: WARNING/MainProcess] C:\Users\Administrator\AppData\Roaming\Python\Python311\site-packages\celery\app\trace.py:705: RuntimeWarning: Exception raised outside body: ValueError('Exception information must include the exception type'):
Traceback (most recent call last):
  File "C:\Users\Administrator\AppData\Roaming\Python\Python311\site-packages\celery\app\trace.py", line 479, in trace_task
    R = retval = fun(*args, **kwargs)
                 ^^^^^^^^^^^^^^^^^^^^
  File "C:\Users\Administrator\AppData\Roaming\Python\Python311\site-packages\celery\app\trace.py", line 779, in __protected_call__
    return self.run(*args, **kwargs)
           ^^^^^^^^^^^^^^^^^^^^^^^^^
  File "D:\Qoder\测试开发平台\backend\modules\tasks.py", line 170, in parse_knowledge_document_task
    raise e
  File "D:\Qoder\测试开发平台\backend\modules\tasks.py", line 101, in parse_knowledge_document_task
    result = knowledge_base.parse_document_offline(
             ^^^^^^^^^^^^^^^^^^^^^^^^^^^^^^^^^^^^^^
  File "D:\Qoder\测试开发平台\backend\modules\knowledge_base.py", line 193, in parse_document_offline
    return parse_document_offline_impl(
           ^^^^^^^^^^^^^^^^^^^^^^^^^^^^
  File "D:\Qoder\测试开发平台\backend\modules\knowledge_base_components\offline_parse.py", line 232, in parse_document_offline_impl
    raise RuntimeError("离线解析注入失败：chroma_fail")
RuntimeError: 离线解析注入失败：chroma_fail

During handling of the above exception, another exception occurred:

Traceback (most recent call last):
  File "C:\Users\Administrator\AppData\Roaming\Python\Python311\site-packages\celery\backends\base.py", line 453, in exception_to_python
    exc_type = exc['exc_type']
               ~~~^^^^^^^^^^^^
KeyError: 'exc_type'

The above exception was the direct cause of the following exception:

Traceback (most recent call last):
  File "C:\Users\Administrator\AppData\Roaming\Python\Python311\site-packages\celery\app\trace.py", line 499, in trace_task
    I, R, state, retval = on_error(task_request, exc)
                          ^^^^^^^^^^^^^^^^^^^^^^^^^^^
  File "C:\Users\Administrator\AppData\Roaming\Python\Python311\site-packages\celery\app\trace.py", line 407, in on_error
    R = I.handle_error_state(
        ^^^^^^^^^^^^^^^^^^^^^
  File "C:\Users\Administrator\AppData\Roaming\Python\Python311\site-packages\celery\app\trace.py", line 175, in handle_error_state
    return {
           ^
  File "C:\Users\Administrator\AppData\Roaming\Python\Python311\site-packages\celery\app\trace.py", line 236, in handle_failure
    task.backend.mark_as_failure(
  File "C:\Users\Administrator\AppData\Roaming\Python\Python311\site-packages\celery\backends\base.py", line 194, in mark_as_failure
    self.store_result(task_id, exc, state,
  File "C:\Users\Administrator\AppData\Roaming\Python\Python311\site-packages\celery\backends\base.py", line 625, in store_result
    self._store_result(task_id, result, state, traceback,
  File "C:\Users\Administrator\AppData\Roaming\Python\Python311\site-packages\celery\backends\base.py", line 1074, in _store_result
    current_meta = self._get_task_meta_for(task_id)
                   ^^^^^^^^^^^^^^^^^^^^^^^^^^^^^^^^
  File "C:\Users\Administrator\AppData\Roaming\Python\Python311\site-packages\celery\backends\base.py", line 1099, in _get_task_meta_for
    return self.decode_result(meta)
           ^^^^^^^^^^^^^^^^^^^^^^^^
  File "C:\Users\Administrator\AppData\Roaming\Python\Python311\site-packages\celery\backends\base.py", line 524, in decode_result
    return self.meta_from_decoded(self.decode(payload))
           ^^^^^^^^^^^^^^^^^^^^^^^^^^^^^^^^^^^^^^^^^^^^
  File "C:\Users\Administrator\AppData\Roaming\Python\Python311\site-packages\celery\backends\base.py", line 520, in meta_from_decoded
    meta['result'] = self.exception_to_python(meta['result'])
                     ^^^^^^^^^^^^^^^^^^^^^^^^^^^^^^^^^^^^^^^^
  File "C:\Users\Administrator\AppData\Roaming\Python\Python311\site-packages\celery\backends\base.py", line 455, in exception_to_python
    raise ValueError("Exception information must include "
ValueError: Exception information must include the exception type

  warn(RuntimeWarning(

[2026-03-16 15:02:03,572: ERROR/MainProcess] Timer error: ValueError('Exception information must include the exception type')
Traceback (most recent call last):
  File "C:\Users\Administrator\AppData\Roaming\Python\Python311\site-packages\celery\app\trace.py", line 479, in trace_task
    R = retval = fun(*args, **kwargs)
                 ^^^^^^^^^^^^^^^^^^^^
  File "C:\Users\Administrator\AppData\Roaming\Python\Python311\site-packages\celery\app\trace.py", line 779, in __protected_call__
    return self.run(*args, **kwargs)
           ^^^^^^^^^^^^^^^^^^^^^^^^^
  File "D:\Qoder\测试开发平台\backend\modules\tasks.py", line 170, in parse_knowledge_document_task
    raise e
  File "D:\Qoder\测试开发平台\backend\modules\tasks.py", line 101, in parse_knowledge_document_task
    result = knowledge_base.parse_document_offline(
             ^^^^^^^^^^^^^^^^^^^^^^^^^^^^^^^^^^^^^^
  File "D:\Qoder\测试开发平台\backend\modules\knowledge_base.py", line 193, in parse_document_offline
    return parse_document_offline_impl(
           ^^^^^^^^^^^^^^^^^^^^^^^^^^^^
  File "D:\Qoder\测试开发平台\backend\modules\knowledge_base_components\offline_parse.py", line 232, in parse_document_offline_impl
    raise RuntimeError("离线解析注入失败：chroma_fail")
RuntimeError: 离线解析注入失败：chroma_fail

During handling of the above exception, another exception occurred:

Traceback (most recent call last):
  File "C:\Users\Administrator\AppData\Roaming\Python\Python311\site-packages\celery\backends\base.py", line 453, in exception_to_python
    exc_type = exc['exc_type']
               ~~~^^^^^^^^^^^^
KeyError: 'exc_type'

The above exception was the direct cause of the following exception:

Traceback (most recent call last):
  File "C:\Users\Administrator\AppData\Roaming\Python\Python311\site-packages\celery\app\trace.py", line 499, in trace_task
    I, R, state, retval = on_error(task_request, exc)
                          ^^^^^^^^^^^^^^^^^^^^^^^^^^^
  File "C:\Users\Administrator\AppData\Roaming\Python\Python311\site-packages\celery\app\trace.py", line 407, in on_error
    R = I.handle_error_state(
        ^^^^^^^^^^^^^^^^^^^^^
  File "C:\Users\Administrator\AppData\Roaming\Python\Python311\site-packages\celery\app\trace.py", line 175, in handle_error_state
    return {
           ^
  File "C:\Users\Administrator\AppData\Roaming\Python\Python311\site-packages\celery\app\trace.py", line 236, in handle_failure
    task.backend.mark_as_failure(
  File "C:\Users\Administrator\AppData\Roaming\Python\Python311\site-packages\celery\backends\base.py", line 194, in mark_as_failure
    self.store_result(task_id, exc, state,
  File "C:\Users\Administrator\AppData\Roaming\Python\Python311\site-packages\celery\backends\base.py", line 625, in store_result
    self._store_result(task_id, result, state, traceback,
  File "C:\Users\Administrator\AppData\Roaming\Python\Python311\site-packages\celery\backends\base.py", line 1074, in _store_result
    current_meta = self._get_task_meta_for(task_id)
                   ^^^^^^^^^^^^^^^^^^^^^^^^^^^^^^^^
  File "C:\Users\Administrator\AppData\Roaming\Python\Python311\site-packages\celery\backends\base.py", line 1099, in _get_task_meta_for
    return self.decode_result(meta)
           ^^^^^^^^^^^^^^^^^^^^^^^^
  File "C:\Users\Administrator\AppData\Roaming\Python\Python311\site-packages\celery\backends\base.py", line 524, in decode_result
    return self.meta_from_decoded(self.decode(payload))
           ^^^^^^^^^^^^^^^^^^^^^^^^^^^^^^^^^^^^^^^^^^^^
  File "C:\Users\Administrator\AppData\Roaming\Python\Python311\site-packages\celery\backends\base.py", line 520, in meta_from_decoded
    meta['result'] = self.exception_to_python(meta['result'])
                     ^^^^^^^^^^^^^^^^^^^^^^^^^^^^^^^^^^^^^^^^
  File "C:\Users\Administrator\AppData\Roaming\Python\Python311\site-packages\celery\backends\base.py", line 455, in exception_to_python
    raise ValueError("Exception information must include "
ValueError: Exception information must include the exception type

During handling of the above exception, another exception occurred:

Traceback (most recent call last):
  File "C:\Users\Administrator\AppData\Roaming\Python\Python311\site-packages\celery\backends\base.py", line 453, in exception_to_python
    exc_type = exc['exc_type']
               ~~~^^^^^^^^^^^^
KeyError: 'exc_type'

The above exception was the direct cause of the following exception:

Traceback (most recent call last):
  File "C:\Users\Administrator\AppData\Roaming\Python\Python311\site-packages\kombu\asynchronous\timer.py", line 177, in apply_entry
    entry()
  File "C:\Users\Administrator\AppData\Roaming\Python\Python311\site-packages\kombu\asynchronous\timer.py", line 70, in __call__
    return self.fun(*self.args, **self.kwargs)
           ^^^^^^^^^^^^^^^^^^^^^^^^^^^^^^^^^^^
  File "C:\Users\Administrator\AppData\Roaming\Python\Python311\site-packages\celery\worker\consumer\consumer.py", line 581, in apply_eta_task
    self.on_task_request(task)
  File "C:\Users\Administrator\AppData\Roaming\Python\Python311\site-packages\celery\worker\worker.py", line 226, in _process_task
    req.execute_using_pool(self.pool)
  File "C:\Users\Administrator\AppData\Roaming\Python\Python311\site-packages\celery\worker\request.py", line 767, in execute_using_pool
    result = apply_async(
             ^^^^^^^^^^^^
  File "C:\Users\Administrator\AppData\Roaming\Python\Python311\site-packages\celery\concurrency\base.py", line 153, in apply_async
    return self.on_apply(target, args, kwargs,
           ^^^^^^^^^^^^^^^^^^^^^^^^^^^^^^^^^^^
  File "C:\Users\Administrator\AppData\Roaming\Python\Python311\site-packages\celery\concurrency\base.py", line 30, in apply_target
    ret = target(*args, **kwargs)
          ^^^^^^^^^^^^^^^^^^^^^^^
  File "C:\Users\Administrator\AppData\Roaming\Python\Python311\site-packages\celery\app\trace.py", line 694, in fast_trace_task
    R, I, T, Rstr = tasks[task].__trace__(
                    ^^^^^^^^^^^^^^^^^^^^^^
  File "C:\Users\Administrator\AppData\Roaming\Python\Python311\site-packages\celery\app\trace.py", line 606, in trace_task
    I, _, _, _ = on_error(task_request, exc)
                 ^^^^^^^^^^^^^^^^^^^^^^^^^^^
  File "C:\Users\Administrator\AppData\Roaming\Python\Python311\site-packages\celery\app\trace.py", line 407, in on_error
    R = I.handle_error_state(
        ^^^^^^^^^^^^^^^^^^^^^
  File "C:\Users\Administrator\AppData\Roaming\Python\Python311\site-packages\celery\app\trace.py", line 175, in handle_error_state
    return {
           ^
  File "C:\Users\Administrator\AppData\Roaming\Python\Python311\site-packages\celery\app\trace.py", line 236, in handle_failure
    task.backend.mark_as_failure(
  File "C:\Users\Administrator\AppData\Roaming\Python\Python311\site-packages\celery\backends\base.py", line 194, in mark_as_failure
    self.store_result(task_id, exc, state,
  File "C:\Users\Administrator\AppData\Roaming\Python\Python311\site-packages\celery\backends\base.py", line 625, in store_result
    self._store_result(task_id, result, state, traceback,
  File "C:\Users\Administrator\AppData\Roaming\Python\Python311\site-packages\celery\backends\base.py", line 1074, in _store_result
    current_meta = self._get_task_meta_for(task_id)
                   ^^^^^^^^^^^^^^^^^^^^^^^^^^^^^^^^
  File "C:\Users\Administrator\AppData\Roaming\Python\Python311\site-packages\celery\backends\base.py", line 1099, in _get_task_meta_for
    return self.decode_result(meta)
           ^^^^^^^^^^^^^^^^^^^^^^^^
  File "C:\Users\Administrator\AppData\Roaming\Python\Python311\site-packages\celery\backends\base.py", line 524, in decode_result
    return self.meta_from_decoded(self.decode(payload))
           ^^^^^^^^^^^^^^^^^^^^^^^^^^^^^^^^^^^^^^^^^^^^
  File "C:\Users\Administrator\AppData\Roaming\Python\Python311\site-packages\celery\backends\base.py", line 520, in meta_from_decoded
    meta['result'] = self.exception_to_python(meta['result'])
                     ^^^^^^^^^^^^^^^^^^^^^^^^^^^^^^^^^^^^^^^^
  File "C:\Users\Administrator\AppData\Roaming\Python\Python311\site-packages\celery\backends\base.py", line 455, in exception_to_python
    raise ValueError("Exception information must include "
ValueError: Exception information must include the exception type
[2026-03-16 15:02:04,442: INFO/MainProcess] Task modules.tasks.parse_knowledge_document_task[47e63247-b66d-4766-b6ff-a3a76c961b83] received
[2026-03-16 15:02:04,442: INFO/MainProcess] 离线解析任务启动 doc_id=138 task_id=47e63247-b66d-4766-b6ff-a3a76c961b83 retry=0 file=D:\Qoder\测试开发平台\backend\runtime\knowledge_uploads\20260316070204_42db0c6f4d7e4cc8803084bb0e5b4389.txt
[2026-03-16 15:02:04,446: INFO/MainProcess] 离线解析开始 doc_id=138 task_id=47e63247-b66d-4766-b6ff-a3a76c961b83 retry=0
[2026-03-16 15:02:04,446: ERROR/MainProcess] 离线解析任务异常 doc_id=138 task_id=47e63247-b66d-4766-b6ff-a3a76c961b83 retry=0/2 err=离线解析注入失败：runtime_fail
Traceback (most recent call last):
  File "D:\Qoder\测试开发平台\backend\modules\tasks.py", line 101, in parse_knowledge_document_task
    result = knowledge_base.parse_document_offline(
             ^^^^^^^^^^^^^^^^^^^^^^^^^^^^^^^^^^^^^^
  File "D:\Qoder\测试开发平台\backend\modules\knowledge_base.py", line 193, in parse_document_offline
    return parse_document_offline_impl(
           ^^^^^^^^^^^^^^^^^^^^^^^^^^^^
  File "D:\Qoder\测试开发平台\backend\modules\knowledge_base_components\offline_parse.py", line 184, in parse_document_offline_impl
    raise RuntimeError("离线解析注入失败：runtime_fail")
RuntimeError: 离线解析注入失败：runtime_fail
[2026-03-16 15:02:04,452: INFO/MainProcess] Task modules.tasks.parse_knowledge_document_task[47e63247-b66d-4766-b6ff-a3a76c961b83] retry: Retry in 8s: RuntimeError('离线解析注入失败：runtime_fail')
[2026-03-16 15:02:04,453: INFO/MainProcess] Task modules.tasks.parse_knowledge_document_task[47e63247-b66d-4766-b6ff-a3a76c961b83] received
[2026-03-16 15:02:12,440: INFO/MainProcess] 离线解析任务启动 doc_id=138 task_id=47e63247-b66d-4766-b6ff-a3a76c961b83 retry=1 file=D:\Qoder\测试开发平台\backend\runtime\knowledge_uploads\20260316070204_42db0c6f4d7e4cc8803084bb0e5b4389.txt
[2026-03-16 15:02:12,453: INFO/MainProcess] 离线解析开始 doc_id=138 task_id=47e63247-b66d-4766-b6ff-a3a76c961b83 retry=1
[2026-03-16 15:02:12,454: ERROR/MainProcess] 离线解析任务异常 doc_id=138 task_id=47e63247-b66d-4766-b6ff-a3a76c961b83 retry=1/2 err=离线解析注入失败：runtime_fail
Traceback (most recent call last):
  File "D:\Qoder\测试开发平台\backend\modules\tasks.py", line 101, in parse_knowledge_document_task
    result = knowledge_base.parse_document_offline(
             ^^^^^^^^^^^^^^^^^^^^^^^^^^^^^^^^^^^^^^
  File "D:\Qoder\测试开发平台\backend\modules\knowledge_base.py", line 193, in parse_document_offline
    return parse_document_offline_impl(
           ^^^^^^^^^^^^^^^^^^^^^^^^^^^^
  File "D:\Qoder\测试开发平台\backend\modules\knowledge_base_components\offline_parse.py", line 184, in parse_document_offline_impl
    raise RuntimeError("离线解析注入失败：runtime_fail")
RuntimeError: 离线解析注入失败：runtime_fail
[2026-03-16 15:02:12,461: INFO/MainProcess] Task modules.tasks.parse_knowledge_document_task[47e63247-b66d-4766-b6ff-a3a76c961b83] received
[2026-03-16 15:02:12,462: INFO/MainProcess] Task modules.tasks.parse_knowledge_document_task[47e63247-b66d-4766-b6ff-a3a76c961b83] retry: Retry in 8s: RuntimeError('离线解析注入失败：runtime_fail')
[2026-03-16 15:02:20,463: INFO/MainProcess] 离线解析任务启动 doc_id=138 task_id=47e63247-b66d-4766-b6ff-a3a76c961b83 retry=2 file=D:\Qoder\测试开发平台\backend\runtime\knowledge_uploads\20260316070204_42db0c6f4d7e4cc8803084bb0e5b4389.txt
[2026-03-16 15:02:20,475: INFO/MainProcess] 离线解析开始 doc_id=138 task_id=47e63247-b66d-4766-b6ff-a3a76c961b83 retry=2
[2026-03-16 15:02:20,475: ERROR/MainProcess] 离线解析任务异常 doc_id=138 task_id=47e63247-b66d-4766-b6ff-a3a76c961b83 retry=2/2 err=离线解析注入失败：runtime_fail
Traceback (most recent call last):
  File "D:\Qoder\测试开发平台\backend\modules\tasks.py", line 101, in parse_knowledge_document_task
    result = knowledge_base.parse_document_offline(
             ^^^^^^^^^^^^^^^^^^^^^^^^^^^^^^^^^^^^^^
  File "D:\Qoder\测试开发平台\backend\modules\knowledge_base.py", line 193, in parse_document_offline
    return parse_document_offline_impl(
           ^^^^^^^^^^^^^^^^^^^^^^^^^^^^
  File "D:\Qoder\测试开发平台\backend\modules\knowledge_base_components\offline_parse.py", line 184, in parse_document_offline_impl
    raise RuntimeError("离线解析注入失败：runtime_fail")
RuntimeError: 离线解析注入失败：runtime_fail
[2026-03-16 15:02:20,486: WARNING/MainProcess] C:\Users\Administrator\AppData\Roaming\Python\Python311\site-packages\celery\app\trace.py:705: RuntimeWarning: Exception raised outside body: ValueError('Exception information must include the exception type'):
Traceback (most recent call last):
  File "C:\Users\Administrator\AppData\Roaming\Python\Python311\site-packages\celery\app\trace.py", line 479, in trace_task
    R = retval = fun(*args, **kwargs)
                 ^^^^^^^^^^^^^^^^^^^^
  File "C:\Users\Administrator\AppData\Roaming\Python\Python311\site-packages\celery\app\trace.py", line 779, in __protected_call__
    return self.run(*args, **kwargs)
           ^^^^^^^^^^^^^^^^^^^^^^^^^
  File "D:\Qoder\测试开发平台\backend\modules\tasks.py", line 170, in parse_knowledge_document_task
    raise e
  File "D:\Qoder\测试开发平台\backend\modules\tasks.py", line 101, in parse_knowledge_document_task
    result = knowledge_base.parse_document_offline(
             ^^^^^^^^^^^^^^^^^^^^^^^^^^^^^^^^^^^^^^
  File "D:\Qoder\测试开发平台\backend\modules\knowledge_base.py", line 193, in parse_document_offline
    return parse_document_offline_impl(
           ^^^^^^^^^^^^^^^^^^^^^^^^^^^^
  File "D:\Qoder\测试开发平台\backend\modules\knowledge_base_components\offline_parse.py", line 184, in parse_document_offline_impl
    raise RuntimeError("离线解析注入失败：runtime_fail")
RuntimeError: 离线解析注入失败：runtime_fail

During handling of the above exception, another exception occurred:

Traceback (most recent call last):
  File "C:\Users\Administrator\AppData\Roaming\Python\Python311\site-packages\celery\backends\base.py", line 453, in exception_to_python
    exc_type = exc['exc_type']
               ~~~^^^^^^^^^^^^
KeyError: 'exc_type'

The above exception was the direct cause of the following exception:

Traceback (most recent call last):
  File "C:\Users\Administrator\AppData\Roaming\Python\Python311\site-packages\celery\app\trace.py", line 499, in trace_task
    I, R, state, retval = on_error(task_request, exc)
                          ^^^^^^^^^^^^^^^^^^^^^^^^^^^
  File "C:\Users\Administrator\AppData\Roaming\Python\Python311\site-packages\celery\app\trace.py", line 407, in on_error
    R = I.handle_error_state(
        ^^^^^^^^^^^^^^^^^^^^^
  File "C:\Users\Administrator\AppData\Roaming\Python\Python311\site-packages\celery\app\trace.py", line 175, in handle_error_state
    return {
           ^
  File "C:\Users\Administrator\AppData\Roaming\Python\Python311\site-packages\celery\app\trace.py", line 236, in handle_failure
    task.backend.mark_as_failure(
  File "C:\Users\Administrator\AppData\Roaming\Python\Python311\site-packages\celery\backends\base.py", line 194, in mark_as_failure
    self.store_result(task_id, exc, state,
  File "C:\Users\Administrator\AppData\Roaming\Python\Python311\site-packages\celery\backends\base.py", line 625, in store_result
    self._store_result(task_id, result, state, traceback,
  File "C:\Users\Administrator\AppData\Roaming\Python\Python311\site-packages\celery\backends\base.py", line 1074, in _store_result
    current_meta = self._get_task_meta_for(task_id)
                   ^^^^^^^^^^^^^^^^^^^^^^^^^^^^^^^^
  File "C:\Users\Administrator\AppData\Roaming\Python\Python311\site-packages\celery\backends\base.py", line 1099, in _get_task_meta_for
    return self.decode_result(meta)
           ^^^^^^^^^^^^^^^^^^^^^^^^
  File "C:\Users\Administrator\AppData\Roaming\Python\Python311\site-packages\celery\backends\base.py", line 524, in decode_result
    return self.meta_from_decoded(self.decode(payload))
           ^^^^^^^^^^^^^^^^^^^^^^^^^^^^^^^^^^^^^^^^^^^^
  File "C:\Users\Administrator\AppData\Roaming\Python\Python311\site-packages\celery\backends\base.py", line 520, in meta_from_decoded
    meta['result'] = self.exception_to_python(meta['result'])
                     ^^^^^^^^^^^^^^^^^^^^^^^^^^^^^^^^^^^^^^^^
  File "C:\Users\Administrator\AppData\Roaming\Python\Python311\site-packages\celery\backends\base.py", line 455, in exception_to_python
    raise ValueError("Exception information must include "
ValueError: Exception information must include the exception type

  warn(RuntimeWarning(

[2026-03-16 15:02:20,488: ERROR/MainProcess] Timer error: ValueError('Exception information must include the exception type')
Traceback (most recent call last):
  File "C:\Users\Administrator\AppData\Roaming\Python\Python311\site-packages\celery\app\trace.py", line 479, in trace_task
    R = retval = fun(*args, **kwargs)
                 ^^^^^^^^^^^^^^^^^^^^
  File "C:\Users\Administrator\AppData\Roaming\Python\Python311\site-packages\celery\app\trace.py", line 779, in __protected_call__
    return self.run(*args, **kwargs)
           ^^^^^^^^^^^^^^^^^^^^^^^^^
  File "D:\Qoder\测试开发平台\backend\modules\tasks.py", line 170, in parse_knowledge_document_task
    raise e
  File "D:\Qoder\测试开发平台\backend\modules\tasks.py", line 101, in parse_knowledge_document_task
    result = knowledge_base.parse_document_offline(
             ^^^^^^^^^^^^^^^^^^^^^^^^^^^^^^^^^^^^^^
  File "D:\Qoder\测试开发平台\backend\modules\knowledge_base.py", line 193, in parse_document_offline
    return parse_document_offline_impl(
           ^^^^^^^^^^^^^^^^^^^^^^^^^^^^
  File "D:\Qoder\测试开发平台\backend\modules\knowledge_base_components\offline_parse.py", line 184, in parse_document_offline_impl
    raise RuntimeError("离线解析注入失败：runtime_fail")
RuntimeError: 离线解析注入失败：runtime_fail

During handling of the above exception, another exception occurred:

Traceback (most recent call last):
  File "C:\Users\Administrator\AppData\Roaming\Python\Python311\site-packages\celery\backends\base.py", line 453, in exception_to_python
    exc_type = exc['exc_type']
               ~~~^^^^^^^^^^^^
KeyError: 'exc_type'

The above exception was the direct cause of the following exception:

Traceback (most recent call last):
  File "C:\Users\Administrator\AppData\Roaming\Python\Python311\site-packages\celery\app\trace.py", line 499, in trace_task
    I, R, state, retval = on_error(task_request, exc)
                          ^^^^^^^^^^^^^^^^^^^^^^^^^^^
  File "C:\Users\Administrator\AppData\Roaming\Python\Python311\site-packages\celery\app\trace.py", line 407, in on_error
    R = I.handle_error_state(
        ^^^^^^^^^^^^^^^^^^^^^
  File "C:\Users\Administrator\AppData\Roaming\Python\Python311\site-packages\celery\app\trace.py", line 175, in handle_error_state
    return {
           ^
  File "C:\Users\Administrator\AppData\Roaming\Python\Python311\site-packages\celery\app\trace.py", line 236, in handle_failure
    task.backend.mark_as_failure(
  File "C:\Users\Administrator\AppData\Roaming\Python\Python311\site-packages\celery\backends\base.py", line 194, in mark_as_failure
    self.store_result(task_id, exc, state,
  File "C:\Users\Administrator\AppData\Roaming\Python\Python311\site-packages\celery\backends\base.py", line 625, in store_result
    self._store_result(task_id, result, state, traceback,
  File "C:\Users\Administrator\AppData\Roaming\Python\Python311\site-packages\celery\backends\base.py", line 1074, in _store_result
    current_meta = self._get_task_meta_for(task_id)
                   ^^^^^^^^^^^^^^^^^^^^^^^^^^^^^^^^
  File "C:\Users\Administrator\AppData\Roaming\Python\Python311\site-packages\celery\backends\base.py", line 1099, in _get_task_meta_for
    return self.decode_result(meta)
           ^^^^^^^^^^^^^^^^^^^^^^^^
  File "C:\Users\Administrator\AppData\Roaming\Python\Python311\site-packages\celery\backends\base.py", line 524, in decode_result
    return self.meta_from_decoded(self.decode(payload))
           ^^^^^^^^^^^^^^^^^^^^^^^^^^^^^^^^^^^^^^^^^^^^
  File "C:\Users\Administrator\AppData\Roaming\Python\Python311\site-packages\celery\backends\base.py", line 520, in meta_from_decoded
    meta['result'] = self.exception_to_python(meta['result'])
                     ^^^^^^^^^^^^^^^^^^^^^^^^^^^^^^^^^^^^^^^^
  File "C:\Users\Administrator\AppData\Roaming\Python\Python311\site-packages\celery\backends\base.py", line 455, in exception_to_python
    raise ValueError("Exception information must include "
ValueError: Exception information must include the exception type

During handling of the above exception, another exception occurred:

Traceback (most recent call last):
  File "C:\Users\Administrator\AppData\Roaming\Python\Python311\site-packages\celery\backends\base.py", line 453, in exception_to_python
    exc_type = exc['exc_type']
               ~~~^^^^^^^^^^^^
KeyError: 'exc_type'

The above exception was the direct cause of the following exception:

Traceback (most recent call last):
  File "C:\Users\Administrator\AppData\Roaming\Python\Python311\site-packages\kombu\asynchronous\timer.py", line 177, in apply_entry
    entry()
  File "C:\Users\Administrator\AppData\Roaming\Python\Python311\site-packages\kombu\asynchronous\timer.py", line 70, in __call__
    return self.fun(*self.args, **self.kwargs)
           ^^^^^^^^^^^^^^^^^^^^^^^^^^^^^^^^^^^
  File "C:\Users\Administrator\AppData\Roaming\Python\Python311\site-packages\celery\worker\consumer\consumer.py", line 581, in apply_eta_task
    self.on_task_request(task)
  File "C:\Users\Administrator\AppData\Roaming\Python\Python311\site-packages\celery\worker\worker.py", line 226, in _process_task
    req.execute_using_pool(self.pool)
  File "C:\Users\Administrator\AppData\Roaming\Python\Python311\site-packages\celery\worker\request.py", line 767, in execute_using_pool
    result = apply_async(
             ^^^^^^^^^^^^
  File "C:\Users\Administrator\AppData\Roaming\Python\Python311\site-packages\celery\concurrency\base.py", line 153, in apply_async
    return self.on_apply(target, args, kwargs,
           ^^^^^^^^^^^^^^^^^^^^^^^^^^^^^^^^^^^
  File "C:\Users\Administrator\AppData\Roaming\Python\Python311\site-packages\celery\concurrency\base.py", line 30, in apply_target
    ret = target(*args, **kwargs)
          ^^^^^^^^^^^^^^^^^^^^^^^
  File "C:\Users\Administrator\AppData\Roaming\Python\Python311\site-packages\celery\app\trace.py", line 694, in fast_trace_task
    R, I, T, Rstr = tasks[task].__trace__(
                    ^^^^^^^^^^^^^^^^^^^^^^
  File "C:\Users\Administrator\AppData\Roaming\Python\Python311\site-packages\celery\app\trace.py", line 606, in trace_task
    I, _, _, _ = on_error(task_request, exc)
                 ^^^^^^^^^^^^^^^^^^^^^^^^^^^
  File "C:\Users\Administrator\AppData\Roaming\Python\Python311\site-packages\celery\app\trace.py", line 407, in on_error
    R = I.handle_error_state(
        ^^^^^^^^^^^^^^^^^^^^^
  File "C:\Users\Administrator\AppData\Roaming\Python\Python311\site-packages\celery\app\trace.py", line 175, in handle_error_state
    return {
           ^
  File "C:\Users\Administrator\AppData\Roaming\Python\Python311\site-packages\celery\app\trace.py", line 236, in handle_failure
    task.backend.mark_as_failure(
  File "C:\Users\Administrator\AppData\Roaming\Python\Python311\site-packages\celery\backends\base.py", line 194, in mark_as_failure
    self.store_result(task_id, exc, state,
  File "C:\Users\Administrator\AppData\Roaming\Python\Python311\site-packages\celery\backends\base.py", line 625, in store_result
    self._store_result(task_id, result, state, traceback,
  File "C:\Users\Administrator\AppData\Roaming\Python\Python311\site-packages\celery\backends\base.py", line 1074, in _store_result
    current_meta = self._get_task_meta_for(task_id)
                   ^^^^^^^^^^^^^^^^^^^^^^^^^^^^^^^^
  File "C:\Users\Administrator\AppData\Roaming\Python\Python311\site-packages\celery\backends\base.py", line 1099, in _get_task_meta_for
    return self.decode_result(meta)
           ^^^^^^^^^^^^^^^^^^^^^^^^
  File "C:\Users\Administrator\AppData\Roaming\Python\Python311\site-packages\celery\backends\base.py", line 524, in decode_result
    return self.meta_from_decoded(self.decode(payload))
           ^^^^^^^^^^^^^^^^^^^^^^^^^^^^^^^^^^^^^^^^^^^^
  File "C:\Users\Administrator\AppData\Roaming\Python\Python311\site-packages\celery\backends\base.py", line 520, in meta_from_decoded
    meta['result'] = self.exception_to_python(meta['result'])
                     ^^^^^^^^^^^^^^^^^^^^^^^^^^^^^^^^^^^^^^^^
  File "C:\Users\Administrator\AppData\Roaming\Python\Python311\site-packages\celery\backends\base.py", line 455, in exception_to_python
    raise ValueError("Exception information must include "
ValueError: Exception information must include the exception type
