Successfully connected to MySQL database: ai_test_platform
Redis connected: 127.0.0.1:6379
 
 -------------- celery@DESKTOP-F86RMFU v5.6.2 (recovery)
--- ***** ----- 
-- ******* ---- Windows-10-10.0.26100-SP0 2026-03-16 15:32:38
- *** --- * --- 
- ** ---------- [config]
- ** ---------- .> app:         ai_test_platform:0x20433f55d50
- ** ---------- .> transport:   redis://localhost:6379/0
- ** ---------- .> results:     redis://localhost:6379/0
- *** --- * --- .> concurrency: 16 (solo)
-- ******* ---- .> task events: OFF (enable -E to monitor tasks in this worker)
--- ***** ----- 
 -------------- [queues]
                .> celery           exchange=celery(direct) key=celery
                

[tasks]
  . modules.tasks.archive_old_data_task
  . modules.tasks.cleanup_logs_task
  . modules.tasks.generate_test_cases_task
  . modules.tasks.parse_knowledge_document_task

[2026-03-16 15:32:38,132: INFO/MainProcess] Connected to redis://localhost:6379/0
[2026-03-16 15:32:38,144: INFO/MainProcess] mingle: searching for neighbors
[2026-03-16 15:32:39,185: INFO/MainProcess] mingle: all alone
[2026-03-16 15:32:39,203: INFO/MainProcess] celery@DESKTOP-F86RMFU ready.
[2026-03-16 15:32:39,206: INFO/MainProcess] Task modules.tasks.parse_knowledge_document_task[716b9892-3946-4e98-9a50-bf5706b76e52] received
[2026-03-16 15:32:39,208: INFO/MainProcess] Task modules.tasks.parse_knowledge_document_task[9cf6e6ab-673a-44a0-bd80-b5b5b25dffd7] received
[2026-03-16 15:32:39,209: INFO/MainProcess] Task modules.tasks.parse_knowledge_document_task[610b35b8-3f69-4bd4-bd2d-bff4dd817090] received
[2026-03-16 15:32:39,210: INFO/MainProcess] Task modules.tasks.parse_knowledge_document_task[76f66c06-4f9d-4e5d-a8bf-f01d76abdfd3] received
[2026-03-16 15:32:39,211: INFO/MainProcess] Task modules.tasks.parse_knowledge_document_task[da3cd240-9d59-4490-a065-3ef3a3f4f60c] received
[2026-03-16 15:32:39,212: INFO/MainProcess] Task modules.tasks.parse_knowledge_document_task[14d5b9b6-2a0f-49c1-a373-46ee3cfbe76f] received
[2026-03-16 15:32:39,212: INFO/MainProcess] Task modules.tasks.parse_knowledge_document_task[11f1246b-e933-44ca-98d5-28397c060b94] received
[2026-03-16 15:32:39,213: INFO/MainProcess] Task modules.tasks.parse_knowledge_document_task[3717623f-7b95-4726-8e79-64bc37361ba1] received
[2026-03-16 15:32:39,214: INFO/MainProcess] Task modules.tasks.parse_knowledge_document_task[678f37e9-0fe6-438a-9e9c-e7404a83da73] received
[2026-03-16 15:32:39,215: INFO/MainProcess] Task modules.tasks.parse_knowledge_document_task[a94e6a05-75ea-41ff-8e3f-9ca7539789a3] received
[2026-03-16 15:32:39,215: INFO/MainProcess] Task modules.tasks.parse_knowledge_document_task[a6f71e04-fbbc-41b8-831d-c9d72c10993b] received
[2026-03-16 15:32:39,216: INFO/MainProcess] Task modules.tasks.parse_knowledge_document_task[47e63247-b66d-4766-b6ff-a3a76c961b83] received
[2026-03-16 15:32:40,191: INFO/MainProcess] 离线解析任务启动 doc_id=123 task_id=716b9892-3946-4e98-9a50-bf5706b76e52 retry=2 file=D:\Qoder\测试开发平台\backend\runtime\knowledge_uploads\20260316064945_6808d5da7f064cd0bd68888f120cade3.txt
[2026-03-16 15:32:40,207: ERROR/MainProcess] 离线解析任务异常 doc_id=123 task_id=716b9892-3946-4e98-9a50-bf5706b76e52 retry=2/2 err=Exception information must include the exception type
Traceback (most recent call last):
  File "C:\Users\Administrator\AppData\Roaming\Python\Python311\site-packages\celery\backends\base.py", line 453, in exception_to_python
    exc_type = exc['exc_type']
               ~~~^^^^^^^^^^^^
KeyError: 'exc_type'

The above exception was the direct cause of the following exception:

Traceback (most recent call last):
  File "D:\Qoder\测试开发平台\backend\modules\tasks.py", line 97, in parse_knowledge_document_task
    self.update_state(
  File "C:\Users\Administrator\AppData\Roaming\Python\Python311\site-packages\celery\app\task.py", line 1033, in update_state
    self.backend.store_result(
  File "C:\Users\Administrator\AppData\Roaming\Python\Python311\site-packages\celery\backends\base.py", line 625, in store_result
    self._store_result(task_id, result, state, traceback,
  File "C:\Users\Administrator\AppData\Roaming\Python\Python311\site-packages\celery\backends\base.py", line 1074, in _store_result
    current_meta = self._get_task_meta_for(task_id)
                   ^^^^^^^^^^^^^^^^^^^^^^^^^^^^^^^^
  File "C:\Users\Administrator\AppData\Roaming\Python\Python311\site-packages\celery\backends\base.py", line 1099, in _get_task_meta_for
    return self.decode_result(meta)
           ^^^^^^^^^^^^^^^^^^^^^^^^
  File "C:\Users\Administrator\AppData\Roaming\Python\Python311\site-packages\celery\backends\base.py", line 524, in decode_result
    return self.meta_from_decoded(self.decode(payload))
           ^^^^^^^^^^^^^^^^^^^^^^^^^^^^^^^^^^^^^^^^^^^^
  File "C:\Users\Administrator\AppData\Roaming\Python\Python311\site-packages\celery\backends\base.py", line 520, in meta_from_decoded
    meta['result'] = self.exception_to_python(meta['result'])
                     ^^^^^^^^^^^^^^^^^^^^^^^^^^^^^^^^^^^^^^^^
  File "C:\Users\Administrator\AppData\Roaming\Python\Python311\site-packages\celery\backends\base.py", line 455, in exception_to_python
    raise ValueError("Exception information must include "
ValueError: Exception information must include the exception type
[2026-03-16 15:32:40,236: WARNING/MainProcess] C:\Users\Administrator\AppData\Roaming\Python\Python311\site-packages\celery\app\trace.py:705: RuntimeWarning: Exception raised outside body: ValueError('Exception information must include the exception type'):
Traceback (most recent call last):
  File "C:\Users\Administrator\AppData\Roaming\Python\Python311\site-packages\celery\backends\base.py", line 453, in exception_to_python
    exc_type = exc['exc_type']
               ~~~^^^^^^^^^^^^
KeyError: 'exc_type'

The above exception was the direct cause of the following exception:

Traceback (most recent call last):
  File "C:\Users\Administrator\AppData\Roaming\Python\Python311\site-packages\celery\app\trace.py", line 479, in trace_task
    R = retval = fun(*args, **kwargs)
                 ^^^^^^^^^^^^^^^^^^^^
  File "C:\Users\Administrator\AppData\Roaming\Python\Python311\site-packages\celery\app\trace.py", line 779, in __protected_call__
    return self.run(*args, **kwargs)
           ^^^^^^^^^^^^^^^^^^^^^^^^^
  File "D:\Qoder\测试开发平台\backend\modules\tasks.py", line 170, in parse_knowledge_document_task
    raise e
  File "D:\Qoder\测试开发平台\backend\modules\tasks.py", line 97, in parse_knowledge_document_task
    self.update_state(
  File "C:\Users\Administrator\AppData\Roaming\Python\Python311\site-packages\celery\app\task.py", line 1033, in update_state
    self.backend.store_result(
  File "C:\Users\Administrator\AppData\Roaming\Python\Python311\site-packages\celery\backends\base.py", line 625, in store_result
    self._store_result(task_id, result, state, traceback,
  File "C:\Users\Administrator\AppData\Roaming\Python\Python311\site-packages\celery\backends\base.py", line 1074, in _store_result
    current_meta = self._get_task_meta_for(task_id)
                   ^^^^^^^^^^^^^^^^^^^^^^^^^^^^^^^^
  File "C:\Users\Administrator\AppData\Roaming\Python\Python311\site-packages\celery\backends\base.py", line 1099, in _get_task_meta_for
    return self.decode_result(meta)
           ^^^^^^^^^^^^^^^^^^^^^^^^
  File "C:\Users\Administrator\AppData\Roaming\Python\Python311\site-packages\celery\backends\base.py", line 524, in decode_result
    return self.meta_from_decoded(self.decode(payload))
           ^^^^^^^^^^^^^^^^^^^^^^^^^^^^^^^^^^^^^^^^^^^^
  File "C:\Users\Administrator\AppData\Roaming\Python\Python311\site-packages\celery\backends\base.py", line 520, in meta_from_decoded
    meta['result'] = self.exception_to_python(meta['result'])
                     ^^^^^^^^^^^^^^^^^^^^^^^^^^^^^^^^^^^^^^^^
  File "C:\Users\Administrator\AppData\Roaming\Python\Python311\site-packages\celery\backends\base.py", line 455, in exception_to_python
    raise ValueError("Exception information must include "
ValueError: Exception information must include the exception type

During handling of the above exception, another exception occurred:

Traceback (most recent call last):
  File "C:\Users\Administrator\AppData\Roaming\Python\Python311\site-packages\celery\backends\base.py", line 453, in exception_to_python
    exc_type = exc['exc_type']
               ~~~^^^^^^^^^^^^
KeyError: 'exc_type'

The above exception was the direct cause of the following exception:

Traceback (most recent call last):
  File "C:\Users\Administrator\AppData\Roaming\Python\Python311\site-packages\celery\app\trace.py", line 499, in trace_task
    I, R, state, retval = on_error(task_request, exc)
                          ^^^^^^^^^^^^^^^^^^^^^^^^^^^
  File "C:\Users\Administrator\AppData\Roaming\Python\Python311\site-packages\celery\app\trace.py", line 407, in on_error
    R = I.handle_error_state(
        ^^^^^^^^^^^^^^^^^^^^^
  File "C:\Users\Administrator\AppData\Roaming\Python\Python311\site-packages\celery\app\trace.py", line 175, in handle_error_state
    return {
           ^
  File "C:\Users\Administrator\AppData\Roaming\Python\Python311\site-packages\celery\app\trace.py", line 236, in handle_failure
    task.backend.mark_as_failure(
  File "C:\Users\Administrator\AppData\Roaming\Python\Python311\site-packages\celery\backends\base.py", line 194, in mark_as_failure
    self.store_result(task_id, exc, state,
  File "C:\Users\Administrator\AppData\Roaming\Python\Python311\site-packages\celery\backends\base.py", line 625, in store_result
    self._store_result(task_id, result, state, traceback,
  File "C:\Users\Administrator\AppData\Roaming\Python\Python311\site-packages\celery\backends\base.py", line 1074, in _store_result
    current_meta = self._get_task_meta_for(task_id)
                   ^^^^^^^^^^^^^^^^^^^^^^^^^^^^^^^^
  File "C:\Users\Administrator\AppData\Roaming\Python\Python311\site-packages\celery\backends\base.py", line 1099, in _get_task_meta_for
    return self.decode_result(meta)
           ^^^^^^^^^^^^^^^^^^^^^^^^
  File "C:\Users\Administrator\AppData\Roaming\Python\Python311\site-packages\celery\backends\base.py", line 524, in decode_result
    return self.meta_from_decoded(self.decode(payload))
           ^^^^^^^^^^^^^^^^^^^^^^^^^^^^^^^^^^^^^^^^^^^^
  File "C:\Users\Administrator\AppData\Roaming\Python\Python311\site-packages\celery\backends\base.py", line 520, in meta_from_decoded
    meta['result'] = self.exception_to_python(meta['result'])
                     ^^^^^^^^^^^^^^^^^^^^^^^^^^^^^^^^^^^^^^^^
  File "C:\Users\Administrator\AppData\Roaming\Python\Python311\site-packages\celery\backends\base.py", line 455, in exception_to_python
    raise ValueError("Exception information must include "
ValueError: Exception information must include the exception type

  warn(RuntimeWarning(

[2026-03-16 15:32:40,238: ERROR/MainProcess] Timer error: ValueError('Exception information must include the exception type')
Traceback (most recent call last):
  File "C:\Users\Administrator\AppData\Roaming\Python\Python311\site-packages\celery\backends\base.py", line 453, in exception_to_python
    exc_type = exc['exc_type']
               ~~~^^^^^^^^^^^^
KeyError: 'exc_type'

The above exception was the direct cause of the following exception:

Traceback (most recent call last):
  File "C:\Users\Administrator\AppData\Roaming\Python\Python311\site-packages\celery\app\trace.py", line 479, in trace_task
    R = retval = fun(*args, **kwargs)
                 ^^^^^^^^^^^^^^^^^^^^
  File "C:\Users\Administrator\AppData\Roaming\Python\Python311\site-packages\celery\app\trace.py", line 779, in __protected_call__
    return self.run(*args, **kwargs)
           ^^^^^^^^^^^^^^^^^^^^^^^^^
  File "D:\Qoder\测试开发平台\backend\modules\tasks.py", line 170, in parse_knowledge_document_task
    raise e
  File "D:\Qoder\测试开发平台\backend\modules\tasks.py", line 97, in parse_knowledge_document_task
    self.update_state(
  File "C:\Users\Administrator\AppData\Roaming\Python\Python311\site-packages\celery\app\task.py", line 1033, in update_state
    self.backend.store_result(
  File "C:\Users\Administrator\AppData\Roaming\Python\Python311\site-packages\celery\backends\base.py", line 625, in store_result
    self._store_result(task_id, result, state, traceback,
  File "C:\Users\Administrator\AppData\Roaming\Python\Python311\site-packages\celery\backends\base.py", line 1074, in _store_result
    current_meta = self._get_task_meta_for(task_id)
                   ^^^^^^^^^^^^^^^^^^^^^^^^^^^^^^^^
  File "C:\Users\Administrator\AppData\Roaming\Python\Python311\site-packages\celery\backends\base.py", line 1099, in _get_task_meta_for
    return self.decode_result(meta)
           ^^^^^^^^^^^^^^^^^^^^^^^^
  File "C:\Users\Administrator\AppData\Roaming\Python\Python311\site-packages\celery\backends\base.py", line 524, in decode_result
    return self.meta_from_decoded(self.decode(payload))
           ^^^^^^^^^^^^^^^^^^^^^^^^^^^^^^^^^^^^^^^^^^^^
  File "C:\Users\Administrator\AppData\Roaming\Python\Python311\site-packages\celery\backends\base.py", line 520, in meta_from_decoded
    meta['result'] = self.exception_to_python(meta['result'])
                     ^^^^^^^^^^^^^^^^^^^^^^^^^^^^^^^^^^^^^^^^
  File "C:\Users\Administrator\AppData\Roaming\Python\Python311\site-packages\celery\backends\base.py", line 455, in exception_to_python
    raise ValueError("Exception information must include "
ValueError: Exception information must include the exception type

During handling of the above exception, another exception occurred:

Traceback (most recent call last):
  File "C:\Users\Administrator\AppData\Roaming\Python\Python311\site-packages\celery\backends\base.py", line 453, in exception_to_python
    exc_type = exc['exc_type']
               ~~~^^^^^^^^^^^^
KeyError: 'exc_type'

The above exception was the direct cause of the following exception:

Traceback (most recent call last):
  File "C:\Users\Administrator\AppData\Roaming\Python\Python311\site-packages\celery\app\trace.py", line 499, in trace_task
    I, R, state, retval = on_error(task_request, exc)
                          ^^^^^^^^^^^^^^^^^^^^^^^^^^^
  File "C:\Users\Administrator\AppData\Roaming\Python\Python311\site-packages\celery\app\trace.py", line 407, in on_error
    R = I.handle_error_state(
        ^^^^^^^^^^^^^^^^^^^^^
  File "C:\Users\Administrator\AppData\Roaming\Python\Python311\site-packages\celery\app\trace.py", line 175, in handle_error_state
    return {
           ^
  File "C:\Users\Administrator\AppData\Roaming\Python\Python311\site-packages\celery\app\trace.py", line 236, in handle_failure
    task.backend.mark_as_failure(
  File "C:\Users\Administrator\AppData\Roaming\Python\Python311\site-packages\celery\backends\base.py", line 194, in mark_as_failure
    self.store_result(task_id, exc, state,
  File "C:\Users\Administrator\AppData\Roaming\Python\Python311\site-packages\celery\backends\base.py", line 625, in store_result
    self._store_result(task_id, result, state, traceback,
  File "C:\Users\Administrator\AppData\Roaming\Python\Python311\site-packages\celery\backends\base.py", line 1074, in _store_result
    current_meta = self._get_task_meta_for(task_id)
                   ^^^^^^^^^^^^^^^^^^^^^^^^^^^^^^^^
  File "C:\Users\Administrator\AppData\Roaming\Python\Python311\site-packages\celery\backends\base.py", line 1099, in _get_task_meta_for
    return self.decode_result(meta)
           ^^^^^^^^^^^^^^^^^^^^^^^^
  File "C:\Users\Administrator\AppData\Roaming\Python\Python311\site-packages\celery\backends\base.py", line 524, in decode_result
    return self.meta_from_decoded(self.decode(payload))
           ^^^^^^^^^^^^^^^^^^^^^^^^^^^^^^^^^^^^^^^^^^^^
  File "C:\Users\Administrator\AppData\Roaming\Python\Python311\site-packages\celery\backends\base.py", line 520, in meta_from_decoded
    meta['result'] = self.exception_to_python(meta['result'])
                     ^^^^^^^^^^^^^^^^^^^^^^^^^^^^^^^^^^^^^^^^
  File "C:\Users\Administrator\AppData\Roaming\Python\Python311\site-packages\celery\backends\base.py", line 455, in exception_to_python
    raise ValueError("Exception information must include "
ValueError: Exception information must include the exception type

During handling of the above exception, another exception occurred:

Traceback (most recent call last):
  File "C:\Users\Administrator\AppData\Roaming\Python\Python311\site-packages\celery\backends\base.py", line 453, in exception_to_python
    exc_type = exc['exc_type']
               ~~~^^^^^^^^^^^^
KeyError: 'exc_type'

The above exception was the direct cause of the following exception:

Traceback (most recent call last):
  File "C:\Users\Administrator\AppData\Roaming\Python\Python311\site-packages\kombu\asynchronous\timer.py", line 177, in apply_entry
    entry()
  File "C:\Users\Administrator\AppData\Roaming\Python\Python311\site-packages\kombu\asynchronous\timer.py", line 70, in __call__
    return self.fun(*self.args, **self.kwargs)
           ^^^^^^^^^^^^^^^^^^^^^^^^^^^^^^^^^^^
  File "C:\Users\Administrator\AppData\Roaming\Python\Python311\site-packages\celery\worker\consumer\consumer.py", line 581, in apply_eta_task
    self.on_task_request(task)
  File "C:\Users\Administrator\AppData\Roaming\Python\Python311\site-packages\celery\worker\worker.py", line 226, in _process_task
    req.execute_using_pool(self.pool)
  File "C:\Users\Administrator\AppData\Roaming\Python\Python311\site-packages\celery\worker\request.py", line 767, in execute_using_pool
    result = apply_async(
             ^^^^^^^^^^^^
  File "C:\Users\Administrator\AppData\Roaming\Python\Python311\site-packages\celery\concurrency\base.py", line 153, in apply_async
    return self.on_apply(target, args, kwargs,
           ^^^^^^^^^^^^^^^^^^^^^^^^^^^^^^^^^^^
  File "C:\Users\Administrator\AppData\Roaming\Python\Python311\site-packages\celery\concurrency\base.py", line 30, in apply_target
    ret = target(*args, **kwargs)
          ^^^^^^^^^^^^^^^^^^^^^^^
  File "C:\Users\Administrator\AppData\Roaming\Python\Python311\site-packages\celery\app\trace.py", line 694, in fast_trace_task
    R, I, T, Rstr = tasks[task].__trace__(
                    ^^^^^^^^^^^^^^^^^^^^^^
  File "C:\Users\Administrator\AppData\Roaming\Python\Python311\site-packages\celery\app\trace.py", line 606, in trace_task
    I, _, _, _ = on_error(task_request, exc)
                 ^^^^^^^^^^^^^^^^^^^^^^^^^^^
  File "C:\Users\Administrator\AppData\Roaming\Python\Python311\site-packages\celery\app\trace.py", line 407, in on_error
    R = I.handle_error_state(
        ^^^^^^^^^^^^^^^^^^^^^
  File "C:\Users\Administrator\AppData\Roaming\Python\Python311\site-packages\celery\app\trace.py", line 175, in handle_error_state
    return {
           ^
  File "C:\Users\Administrator\AppData\Roaming\Python\Python311\site-packages\celery\app\trace.py", line 236, in handle_failure
    task.backend.mark_as_failure(
  File "C:\Users\Administrator\AppData\Roaming\Python\Python311\site-packages\celery\backends\base.py", line 194, in mark_as_failure
    self.store_result(task_id, exc, state,
  File "C:\Users\Administrator\AppData\Roaming\Python\Python311\site-packages\celery\backends\base.py", line 625, in store_result
    self._store_result(task_id, result, state, traceback,
  File "C:\Users\Administrator\AppData\Roaming\Python\Python311\site-packages\celery\backends\base.py", line 1074, in _store_result
    current_meta = self._get_task_meta_for(task_id)
                   ^^^^^^^^^^^^^^^^^^^^^^^^^^^^^^^^
  File "C:\Users\Administrator\AppData\Roaming\Python\Python311\site-packages\celery\backends\base.py", line 1099, in _get_task_meta_for
    return self.decode_result(meta)
           ^^^^^^^^^^^^^^^^^^^^^^^^
  File "C:\Users\Administrator\AppData\Roaming\Python\Python311\site-packages\celery\backends\base.py", line 524, in decode_result
    return self.meta_from_decoded(self.decode(payload))
           ^^^^^^^^^^^^^^^^^^^^^^^^^^^^^^^^^^^^^^^^^^^^
  File "C:\Users\Administrator\AppData\Roaming\Python\Python311\site-packages\celery\backends\base.py", line 520, in meta_from_decoded
    meta['result'] = self.exception_to_python(meta['result'])
                     ^^^^^^^^^^^^^^^^^^^^^^^^^^^^^^^^^^^^^^^^
  File "C:\Users\Administrator\AppData\Roaming\Python\Python311\site-packages\celery\backends\base.py", line 455, in exception_to_python
    raise ValueError("Exception information must include "
ValueError: Exception information must include the exception type
[2026-03-16 15:32:40,242: INFO/MainProcess] 离线解析任务启动 doc_id=124 task_id=9cf6e6ab-673a-44a0-bd80-b5b5b25dffd7 retry=2 file=D:\Qoder\测试开发平台\backend\runtime\knowledge_uploads\20260316065002_88af45aa31cb4eb786148f033fbbe796.xyz
[2026-03-16 15:32:40,243: ERROR/MainProcess] 离线解析任务异常 doc_id=124 task_id=9cf6e6ab-673a-44a0-bd80-b5b5b25dffd7 retry=2/2 err=Exception information must include the exception type
Traceback (most recent call last):
  File "C:\Users\Administrator\AppData\Roaming\Python\Python311\site-packages\celery\backends\base.py", line 453, in exception_to_python
    exc_type = exc['exc_type']
               ~~~^^^^^^^^^^^^
KeyError: 'exc_type'

The above exception was the direct cause of the following exception:

Traceback (most recent call last):
  File "D:\Qoder\测试开发平台\backend\modules\tasks.py", line 97, in parse_knowledge_document_task
    self.update_state(
  File "C:\Users\Administrator\AppData\Roaming\Python\Python311\site-packages\celery\app\task.py", line 1033, in update_state
    self.backend.store_result(
  File "C:\Users\Administrator\AppData\Roaming\Python\Python311\site-packages\celery\backends\base.py", line 625, in store_result
    self._store_result(task_id, result, state, traceback,
  File "C:\Users\Administrator\AppData\Roaming\Python\Python311\site-packages\celery\backends\base.py", line 1074, in _store_result
    current_meta = self._get_task_meta_for(task_id)
                   ^^^^^^^^^^^^^^^^^^^^^^^^^^^^^^^^
  File "C:\Users\Administrator\AppData\Roaming\Python\Python311\site-packages\celery\backends\base.py", line 1099, in _get_task_meta_for
    return self.decode_result(meta)
           ^^^^^^^^^^^^^^^^^^^^^^^^
  File "C:\Users\Administrator\AppData\Roaming\Python\Python311\site-packages\celery\backends\base.py", line 524, in decode_result
    return self.meta_from_decoded(self.decode(payload))
           ^^^^^^^^^^^^^^^^^^^^^^^^^^^^^^^^^^^^^^^^^^^^
  File "C:\Users\Administrator\AppData\Roaming\Python\Python311\site-packages\celery\backends\base.py", line 520, in meta_from_decoded
    meta['result'] = self.exception_to_python(meta['result'])
                     ^^^^^^^^^^^^^^^^^^^^^^^^^^^^^^^^^^^^^^^^
  File "C:\Users\Administrator\AppData\Roaming\Python\Python311\site-packages\celery\backends\base.py", line 455, in exception_to_python
    raise ValueError("Exception information must include "
ValueError: Exception information must include the exception type
[2026-03-16 15:32:40,255: ERROR/MainProcess] Timer error: ValueError('Exception information must include the exception type')
Traceback (most recent call last):
  File "C:\Users\Administrator\AppData\Roaming\Python\Python311\site-packages\celery\backends\base.py", line 453, in exception_to_python
    exc_type = exc['exc_type']
               ~~~^^^^^^^^^^^^
KeyError: 'exc_type'

The above exception was the direct cause of the following exception:

Traceback (most recent call last):
  File "C:\Users\Administrator\AppData\Roaming\Python\Python311\site-packages\celery\app\trace.py", line 479, in trace_task
    R = retval = fun(*args, **kwargs)
                 ^^^^^^^^^^^^^^^^^^^^
  File "C:\Users\Administrator\AppData\Roaming\Python\Python311\site-packages\celery\app\trace.py", line 779, in __protected_call__
    return self.run(*args, **kwargs)
           ^^^^^^^^^^^^^^^^^^^^^^^^^
  File "D:\Qoder\测试开发平台\backend\modules\tasks.py", line 170, in parse_knowledge_document_task
    raise e
  File "D:\Qoder\测试开发平台\backend\modules\tasks.py", line 97, in parse_knowledge_document_task
    self.update_state(
  File "C:\Users\Administrator\AppData\Roaming\Python\Python311\site-packages\celery\app\task.py", line 1033, in update_state
    self.backend.store_result(
  File "C:\Users\Administrator\AppData\Roaming\Python\Python311\site-packages\celery\backends\base.py", line 625, in store_result
    self._store_result(task_id, result, state, traceback,
  File "C:\Users\Administrator\AppData\Roaming\Python\Python311\site-packages\celery\backends\base.py", line 1074, in _store_result
    current_meta = self._get_task_meta_for(task_id)
                   ^^^^^^^^^^^^^^^^^^^^^^^^^^^^^^^^
  File "C:\Users\Administrator\AppData\Roaming\Python\Python311\site-packages\celery\backends\base.py", line 1099, in _get_task_meta_for
    return self.decode_result(meta)
           ^^^^^^^^^^^^^^^^^^^^^^^^
  File "C:\Users\Administrator\AppData\Roaming\Python\Python311\site-packages\celery\backends\base.py", line 524, in decode_result
    return self.meta_from_decoded(self.decode(payload))
           ^^^^^^^^^^^^^^^^^^^^^^^^^^^^^^^^^^^^^^^^^^^^
  File "C:\Users\Administrator\AppData\Roaming\Python\Python311\site-packages\celery\backends\base.py", line 520, in meta_from_decoded
    meta['result'] = self.exception_to_python(meta['result'])
                     ^^^^^^^^^^^^^^^^^^^^^^^^^^^^^^^^^^^^^^^^
  File "C:\Users\Administrator\AppData\Roaming\Python\Python311\site-packages\celery\backends\base.py", line 455, in exception_to_python
    raise ValueError("Exception information must include "
ValueError: Exception information must include the exception type

During handling of the above exception, another exception occurred:

Traceback (most recent call last):
  File "C:\Users\Administrator\AppData\Roaming\Python\Python311\site-packages\celery\backends\base.py", line 453, in exception_to_python
    exc_type = exc['exc_type']
               ~~~^^^^^^^^^^^^
KeyError: 'exc_type'

The above exception was the direct cause of the following exception:

Traceback (most recent call last):
  File "C:\Users\Administrator\AppData\Roaming\Python\Python311\site-packages\celery\app\trace.py", line 499, in trace_task
    I, R, state, retval = on_error(task_request, exc)
                          ^^^^^^^^^^^^^^^^^^^^^^^^^^^
  File "C:\Users\Administrator\AppData\Roaming\Python\Python311\site-packages\celery\app\trace.py", line 407, in on_error
    R = I.handle_error_state(
        ^^^^^^^^^^^^^^^^^^^^^
  File "C:\Users\Administrator\AppData\Roaming\Python\Python311\site-packages\celery\app\trace.py", line 175, in handle_error_state
    return {
           ^
  File "C:\Users\Administrator\AppData\Roaming\Python\Python311\site-packages\celery\app\trace.py", line 236, in handle_failure
    task.backend.mark_as_failure(
  File "C:\Users\Administrator\AppData\Roaming\Python\Python311\site-packages\celery\backends\base.py", line 194, in mark_as_failure
    self.store_result(task_id, exc, state,
  File "C:\Users\Administrator\AppData\Roaming\Python\Python311\site-packages\celery\backends\base.py", line 625, in store_result
    self._store_result(task_id, result, state, traceback,
  File "C:\Users\Administrator\AppData\Roaming\Python\Python311\site-packages\celery\backends\base.py", line 1074, in _store_result
    current_meta = self._get_task_meta_for(task_id)
                   ^^^^^^^^^^^^^^^^^^^^^^^^^^^^^^^^
  File "C:\Users\Administrator\AppData\Roaming\Python\Python311\site-packages\celery\backends\base.py", line 1099, in _get_task_meta_for
    return self.decode_result(meta)
           ^^^^^^^^^^^^^^^^^^^^^^^^
  File "C:\Users\Administrator\AppData\Roaming\Python\Python311\site-packages\celery\backends\base.py", line 524, in decode_result
    return self.meta_from_decoded(self.decode(payload))
           ^^^^^^^^^^^^^^^^^^^^^^^^^^^^^^^^^^^^^^^^^^^^
  File "C:\Users\Administrator\AppData\Roaming\Python\Python311\site-packages\celery\backends\base.py", line 520, in meta_from_decoded
    meta['result'] = self.exception_to_python(meta['result'])
                     ^^^^^^^^^^^^^^^^^^^^^^^^^^^^^^^^^^^^^^^^
  File "C:\Users\Administrator\AppData\Roaming\Python\Python311\site-packages\celery\backends\base.py", line 455, in exception_to_python
    raise ValueError("Exception information must include "
ValueError: Exception information must include the exception type

During handling of the above exception, another exception occurred:

Traceback (most recent call last):
  File "C:\Users\Administrator\AppData\Roaming\Python\Python311\site-packages\celery\backends\base.py", line 453, in exception_to_python
    exc_type = exc['exc_type']
               ~~~^^^^^^^^^^^^
KeyError: 'exc_type'

The above exception was the direct cause of the following exception:

Traceback (most recent call last):
  File "C:\Users\Administrator\AppData\Roaming\Python\Python311\site-packages\kombu\asynchronous\timer.py", line 177, in apply_entry
    entry()
  File "C:\Users\Administrator\AppData\Roaming\Python\Python311\site-packages\kombu\asynchronous\timer.py", line 70, in __call__
    return self.fun(*self.args, **self.kwargs)
           ^^^^^^^^^^^^^^^^^^^^^^^^^^^^^^^^^^^
  File "C:\Users\Administrator\AppData\Roaming\Python\Python311\site-packages\celery\worker\consumer\consumer.py", line 581, in apply_eta_task
    self.on_task_request(task)
  File "C:\Users\Administrator\AppData\Roaming\Python\Python311\site-packages\celery\worker\worker.py", line 226, in _process_task
    req.execute_using_pool(self.pool)
  File "C:\Users\Administrator\AppData\Roaming\Python\Python311\site-packages\celery\worker\request.py", line 767, in execute_using_pool
    result = apply_async(
             ^^^^^^^^^^^^
  File "C:\Users\Administrator\AppData\Roaming\Python\Python311\site-packages\celery\concurrency\base.py", line 153, in apply_async
    return self.on_apply(target, args, kwargs,
           ^^^^^^^^^^^^^^^^^^^^^^^^^^^^^^^^^^^
  File "C:\Users\Administrator\AppData\Roaming\Python\Python311\site-packages\celery\concurrency\base.py", line 30, in apply_target
    ret = target(*args, **kwargs)
          ^^^^^^^^^^^^^^^^^^^^^^^
  File "C:\Users\Administrator\AppData\Roaming\Python\Python311\site-packages\celery\app\trace.py", line 694, in fast_trace_task
    R, I, T, Rstr = tasks[task].__trace__(
                    ^^^^^^^^^^^^^^^^^^^^^^
  File "C:\Users\Administrator\AppData\Roaming\Python\Python311\site-packages\celery\app\trace.py", line 606, in trace_task
    I, _, _, _ = on_error(task_request, exc)
                 ^^^^^^^^^^^^^^^^^^^^^^^^^^^
  File "C:\Users\Administrator\AppData\Roaming\Python\Python311\site-packages\celery\app\trace.py", line 407, in on_error
    R = I.handle_error_state(
        ^^^^^^^^^^^^^^^^^^^^^
  File "C:\Users\Administrator\AppData\Roaming\Python\Python311\site-packages\celery\app\trace.py", line 175, in handle_error_state
    return {
           ^
  File "C:\Users\Administrator\AppData\Roaming\Python\Python311\site-packages\celery\app\trace.py", line 236, in handle_failure
    task.backend.mark_as_failure(
  File "C:\Users\Administrator\AppData\Roaming\Python\Python311\site-packages\celery\backends\base.py", line 194, in mark_as_failure
    self.store_result(task_id, exc, state,
  File "C:\Users\Administrator\AppData\Roaming\Python\Python311\site-packages\celery\backends\base.py", line 625, in store_result
    self._store_result(task_id, result, state, traceback,
  File "C:\Users\Administrator\AppData\Roaming\Python\Python311\site-packages\celery\backends\base.py", line 1074, in _store_result
    current_meta = self._get_task_meta_for(task_id)
                   ^^^^^^^^^^^^^^^^^^^^^^^^^^^^^^^^
  File "C:\Users\Administrator\AppData\Roaming\Python\Python311\site-packages\celery\backends\base.py", line 1099, in _get_task_meta_for
    return self.decode_result(meta)
           ^^^^^^^^^^^^^^^^^^^^^^^^
  File "C:\Users\Administrator\AppData\Roaming\Python\Python311\site-packages\celery\backends\base.py", line 524, in decode_result
    return self.meta_from_decoded(self.decode(payload))
           ^^^^^^^^^^^^^^^^^^^^^^^^^^^^^^^^^^^^^^^^^^^^
  File "C:\Users\Administrator\AppData\Roaming\Python\Python311\site-packages\celery\backends\base.py", line 520, in meta_from_decoded
    meta['result'] = self.exception_to_python(meta['result'])
                     ^^^^^^^^^^^^^^^^^^^^^^^^^^^^^^^^^^^^^^^^
  File "C:\Users\Administrator\AppData\Roaming\Python\Python311\site-packages\celery\backends\base.py", line 455, in exception_to_python
    raise ValueError("Exception information must include "
ValueError: Exception information must include the exception type
[2026-03-16 15:32:40,256: INFO/MainProcess] 离线解析任务启动 doc_id=125 task_id=610b35b8-3f69-4bd4-bd2d-bff4dd817090 retry=2 file=D:\Qoder\测试开发平台\backend\runtime\knowledge_uploads\20260316065019_5f4829b191fe4208b3a5f9b1b0042dd9.pdf
[2026-03-16 15:32:40,256: ERROR/MainProcess] 离线解析任务异常 doc_id=125 task_id=610b35b8-3f69-4bd4-bd2d-bff4dd817090 retry=2/2 err=Exception information must include the exception type
Traceback (most recent call last):
  File "C:\Users\Administrator\AppData\Roaming\Python\Python311\site-packages\celery\backends\base.py", line 453, in exception_to_python
    exc_type = exc['exc_type']
               ~~~^^^^^^^^^^^^
KeyError: 'exc_type'

The above exception was the direct cause of the following exception:

Traceback (most recent call last):
  File "D:\Qoder\测试开发平台\backend\modules\tasks.py", line 97, in parse_knowledge_document_task
    self.update_state(
  File "C:\Users\Administrator\AppData\Roaming\Python\Python311\site-packages\celery\app\task.py", line 1033, in update_state
    self.backend.store_result(
  File "C:\Users\Administrator\AppData\Roaming\Python\Python311\site-packages\celery\backends\base.py", line 625, in store_result
    self._store_result(task_id, result, state, traceback,
  File "C:\Users\Administrator\AppData\Roaming\Python\Python311\site-packages\celery\backends\base.py", line 1074, in _store_result
    current_meta = self._get_task_meta_for(task_id)
                   ^^^^^^^^^^^^^^^^^^^^^^^^^^^^^^^^
  File "C:\Users\Administrator\AppData\Roaming\Python\Python311\site-packages\celery\backends\base.py", line 1099, in _get_task_meta_for
    return self.decode_result(meta)
           ^^^^^^^^^^^^^^^^^^^^^^^^
  File "C:\Users\Administrator\AppData\Roaming\Python\Python311\site-packages\celery\backends\base.py", line 524, in decode_result
    return self.meta_from_decoded(self.decode(payload))
           ^^^^^^^^^^^^^^^^^^^^^^^^^^^^^^^^^^^^^^^^^^^^
  File "C:\Users\Administrator\AppData\Roaming\Python\Python311\site-packages\celery\backends\base.py", line 520, in meta_from_decoded
    meta['result'] = self.exception_to_python(meta['result'])
                     ^^^^^^^^^^^^^^^^^^^^^^^^^^^^^^^^^^^^^^^^
  File "C:\Users\Administrator\AppData\Roaming\Python\Python311\site-packages\celery\backends\base.py", line 455, in exception_to_python
    raise ValueError("Exception information must include "
ValueError: Exception information must include the exception type
[2026-03-16 15:32:40,265: ERROR/MainProcess] Timer error: ValueError('Exception information must include the exception type')
Traceback (most recent call last):
  File "C:\Users\Administrator\AppData\Roaming\Python\Python311\site-packages\celery\backends\base.py", line 453, in exception_to_python
    exc_type = exc['exc_type']
               ~~~^^^^^^^^^^^^
KeyError: 'exc_type'

The above exception was the direct cause of the following exception:

Traceback (most recent call last):
  File "C:\Users\Administrator\AppData\Roaming\Python\Python311\site-packages\celery\app\trace.py", line 479, in trace_task
    R = retval = fun(*args, **kwargs)
                 ^^^^^^^^^^^^^^^^^^^^
  File "C:\Users\Administrator\AppData\Roaming\Python\Python311\site-packages\celery\app\trace.py", line 779, in __protected_call__
    return self.run(*args, **kwargs)
           ^^^^^^^^^^^^^^^^^^^^^^^^^
  File "D:\Qoder\测试开发平台\backend\modules\tasks.py", line 170, in parse_knowledge_document_task
    raise e
  File "D:\Qoder\测试开发平台\backend\modules\tasks.py", line 97, in parse_knowledge_document_task
    self.update_state(
  File "C:\Users\Administrator\AppData\Roaming\Python\Python311\site-packages\celery\app\task.py", line 1033, in update_state
    self.backend.store_result(
  File "C:\Users\Administrator\AppData\Roaming\Python\Python311\site-packages\celery\backends\base.py", line 625, in store_result
    self._store_result(task_id, result, state, traceback,
  File "C:\Users\Administrator\AppData\Roaming\Python\Python311\site-packages\celery\backends\base.py", line 1074, in _store_result
    current_meta = self._get_task_meta_for(task_id)
                   ^^^^^^^^^^^^^^^^^^^^^^^^^^^^^^^^
  File "C:\Users\Administrator\AppData\Roaming\Python\Python311\site-packages\celery\backends\base.py", line 1099, in _get_task_meta_for
    return self.decode_result(meta)
           ^^^^^^^^^^^^^^^^^^^^^^^^
  File "C:\Users\Administrator\AppData\Roaming\Python\Python311\site-packages\celery\backends\base.py", line 524, in decode_result
    return self.meta_from_decoded(self.decode(payload))
           ^^^^^^^^^^^^^^^^^^^^^^^^^^^^^^^^^^^^^^^^^^^^
  File "C:\Users\Administrator\AppData\Roaming\Python\Python311\site-packages\celery\backends\base.py", line 520, in meta_from_decoded
    meta['result'] = self.exception_to_python(meta['result'])
                     ^^^^^^^^^^^^^^^^^^^^^^^^^^^^^^^^^^^^^^^^
  File "C:\Users\Administrator\AppData\Roaming\Python\Python311\site-packages\celery\backends\base.py", line 455, in exception_to_python
    raise ValueError("Exception information must include "
ValueError: Exception information must include the exception type

During handling of the above exception, another exception occurred:

Traceback (most recent call last):
  File "C:\Users\Administrator\AppData\Roaming\Python\Python311\site-packages\celery\backends\base.py", line 453, in exception_to_python
    exc_type = exc['exc_type']
               ~~~^^^^^^^^^^^^
KeyError: 'exc_type'

The above exception was the direct cause of the following exception:

Traceback (most recent call last):
  File "C:\Users\Administrator\AppData\Roaming\Python\Python311\site-packages\celery\app\trace.py", line 499, in trace_task
    I, R, state, retval = on_error(task_request, exc)
                          ^^^^^^^^^^^^^^^^^^^^^^^^^^^
  File "C:\Users\Administrator\AppData\Roaming\Python\Python311\site-packages\celery\app\trace.py", line 407, in on_error
    R = I.handle_error_state(
        ^^^^^^^^^^^^^^^^^^^^^
  File "C:\Users\Administrator\AppData\Roaming\Python\Python311\site-packages\celery\app\trace.py", line 175, in handle_error_state
    return {
           ^
  File "C:\Users\Administrator\AppData\Roaming\Python\Python311\site-packages\celery\app\trace.py", line 236, in handle_failure
    task.backend.mark_as_failure(
  File "C:\Users\Administrator\AppData\Roaming\Python\Python311\site-packages\celery\backends\base.py", line 194, in mark_as_failure
    self.store_result(task_id, exc, state,
  File "C:\Users\Administrator\AppData\Roaming\Python\Python311\site-packages\celery\backends\base.py", line 625, in store_result
    self._store_result(task_id, result, state, traceback,
  File "C:\Users\Administrator\AppData\Roaming\Python\Python311\site-packages\celery\backends\base.py", line 1074, in _store_result
    current_meta = self._get_task_meta_for(task_id)
                   ^^^^^^^^^^^^^^^^^^^^^^^^^^^^^^^^
  File "C:\Users\Administrator\AppData\Roaming\Python\Python311\site-packages\celery\backends\base.py", line 1099, in _get_task_meta_for
    return self.decode_result(meta)
           ^^^^^^^^^^^^^^^^^^^^^^^^
  File "C:\Users\Administrator\AppData\Roaming\Python\Python311\site-packages\celery\backends\base.py", line 524, in decode_result
    return self.meta_from_decoded(self.decode(payload))
           ^^^^^^^^^^^^^^^^^^^^^^^^^^^^^^^^^^^^^^^^^^^^
  File "C:\Users\Administrator\AppData\Roaming\Python\Python311\site-packages\celery\backends\base.py", line 520, in meta_from_decoded
    meta['result'] = self.exception_to_python(meta['result'])
                     ^^^^^^^^^^^^^^^^^^^^^^^^^^^^^^^^^^^^^^^^
  File "C:\Users\Administrator\AppData\Roaming\Python\Python311\site-packages\celery\backends\base.py", line 455, in exception_to_python
    raise ValueError("Exception information must include "
ValueError: Exception information must include the exception type

During handling of the above exception, another exception occurred:

Traceback (most recent call last):
  File "C:\Users\Administrator\AppData\Roaming\Python\Python311\site-packages\celery\backends\base.py", line 453, in exception_to_python
    exc_type = exc['exc_type']
               ~~~^^^^^^^^^^^^
KeyError: 'exc_type'

The above exception was the direct cause of the following exception:

Traceback (most recent call last):
  File "C:\Users\Administrator\AppData\Roaming\Python\Python311\site-packages\kombu\asynchronous\timer.py", line 177, in apply_entry
    entry()
  File "C:\Users\Administrator\AppData\Roaming\Python\Python311\site-packages\kombu\asynchronous\timer.py", line 70, in __call__
    return self.fun(*self.args, **self.kwargs)
           ^^^^^^^^^^^^^^^^^^^^^^^^^^^^^^^^^^^
  File "C:\Users\Administrator\AppData\Roaming\Python\Python311\site-packages\celery\worker\consumer\consumer.py", line 581, in apply_eta_task
    self.on_task_request(task)
  File "C:\Users\Administrator\AppData\Roaming\Python\Python311\site-packages\celery\worker\worker.py", line 226, in _process_task
    req.execute_using_pool(self.pool)
  File "C:\Users\Administrator\AppData\Roaming\Python\Python311\site-packages\celery\worker\request.py", line 767, in execute_using_pool
    result = apply_async(
             ^^^^^^^^^^^^
  File "C:\Users\Administrator\AppData\Roaming\Python\Python311\site-packages\celery\concurrency\base.py", line 153, in apply_async
    return self.on_apply(target, args, kwargs,
           ^^^^^^^^^^^^^^^^^^^^^^^^^^^^^^^^^^^
  File "C:\Users\Administrator\AppData\Roaming\Python\Python311\site-packages\celery\concurrency\base.py", line 30, in apply_target
    ret = target(*args, **kwargs)
          ^^^^^^^^^^^^^^^^^^^^^^^
  File "C:\Users\Administrator\AppData\Roaming\Python\Python311\site-packages\celery\app\trace.py", line 694, in fast_trace_task
    R, I, T, Rstr = tasks[task].__trace__(
                    ^^^^^^^^^^^^^^^^^^^^^^
  File "C:\Users\Administrator\AppData\Roaming\Python\Python311\site-packages\celery\app\trace.py", line 606, in trace_task
    I, _, _, _ = on_error(task_request, exc)
                 ^^^^^^^^^^^^^^^^^^^^^^^^^^^
  File "C:\Users\Administrator\AppData\Roaming\Python\Python311\site-packages\celery\app\trace.py", line 407, in on_error
    R = I.handle_error_state(
        ^^^^^^^^^^^^^^^^^^^^^
  File "C:\Users\Administrator\AppData\Roaming\Python\Python311\site-packages\celery\app\trace.py", line 175, in handle_error_state
    return {
           ^
  File "C:\Users\Administrator\AppData\Roaming\Python\Python311\site-packages\celery\app\trace.py", line 236, in handle_failure
    task.backend.mark_as_failure(
  File "C:\Users\Administrator\AppData\Roaming\Python\Python311\site-packages\celery\backends\base.py", line 194, in mark_as_failure
    self.store_result(task_id, exc, state,
  File "C:\Users\Administrator\AppData\Roaming\Python\Python311\site-packages\celery\backends\base.py", line 625, in store_result
    self._store_result(task_id, result, state, traceback,
  File "C:\Users\Administrator\AppData\Roaming\Python\Python311\site-packages\celery\backends\base.py", line 1074, in _store_result
    current_meta = self._get_task_meta_for(task_id)
                   ^^^^^^^^^^^^^^^^^^^^^^^^^^^^^^^^
  File "C:\Users\Administrator\AppData\Roaming\Python\Python311\site-packages\celery\backends\base.py", line 1099, in _get_task_meta_for
    return self.decode_result(meta)
           ^^^^^^^^^^^^^^^^^^^^^^^^
  File "C:\Users\Administrator\AppData\Roaming\Python\Python311\site-packages\celery\backends\base.py", line 524, in decode_result
    return self.meta_from_decoded(self.decode(payload))
           ^^^^^^^^^^^^^^^^^^^^^^^^^^^^^^^^^^^^^^^^^^^^
  File "C:\Users\Administrator\AppData\Roaming\Python\Python311\site-packages\celery\backends\base.py", line 520, in meta_from_decoded
    meta['result'] = self.exception_to_python(meta['result'])
                     ^^^^^^^^^^^^^^^^^^^^^^^^^^^^^^^^^^^^^^^^
  File "C:\Users\Administrator\AppData\Roaming\Python\Python311\site-packages\celery\backends\base.py", line 455, in exception_to_python
    raise ValueError("Exception information must include "
ValueError: Exception information must include the exception type
[2026-03-16 15:32:40,268: INFO/MainProcess] 离线解析任务启动 doc_id=127 task_id=76f66c06-4f9d-4e5d-a8bf-f01d76abdfd3 retry=2 file=D:\Qoder\测试开发平台\backend\runtime\knowledge_uploads\20260316065044_1c98d088c348460cbb74adcbb16486f1.txt
[2026-03-16 15:32:40,268: ERROR/MainProcess] 离线解析任务异常 doc_id=127 task_id=76f66c06-4f9d-4e5d-a8bf-f01d76abdfd3 retry=2/2 err=Exception information must include the exception type
Traceback (most recent call last):
  File "C:\Users\Administrator\AppData\Roaming\Python\Python311\site-packages\celery\backends\base.py", line 453, in exception_to_python
    exc_type = exc['exc_type']
               ~~~^^^^^^^^^^^^
KeyError: 'exc_type'

The above exception was the direct cause of the following exception:

Traceback (most recent call last):
  File "D:\Qoder\测试开发平台\backend\modules\tasks.py", line 97, in parse_knowledge_document_task
    self.update_state(
  File "C:\Users\Administrator\AppData\Roaming\Python\Python311\site-packages\celery\app\task.py", line 1033, in update_state
    self.backend.store_result(
  File "C:\Users\Administrator\AppData\Roaming\Python\Python311\site-packages\celery\backends\base.py", line 625, in store_result
    self._store_result(task_id, result, state, traceback,
  File "C:\Users\Administrator\AppData\Roaming\Python\Python311\site-packages\celery\backends\base.py", line 1074, in _store_result
    current_meta = self._get_task_meta_for(task_id)
                   ^^^^^^^^^^^^^^^^^^^^^^^^^^^^^^^^
  File "C:\Users\Administrator\AppData\Roaming\Python\Python311\site-packages\celery\backends\base.py", line 1099, in _get_task_meta_for
    return self.decode_result(meta)
           ^^^^^^^^^^^^^^^^^^^^^^^^
  File "C:\Users\Administrator\AppData\Roaming\Python\Python311\site-packages\celery\backends\base.py", line 524, in decode_result
    return self.meta_from_decoded(self.decode(payload))
           ^^^^^^^^^^^^^^^^^^^^^^^^^^^^^^^^^^^^^^^^^^^^
  File "C:\Users\Administrator\AppData\Roaming\Python\Python311\site-packages\celery\backends\base.py", line 520, in meta_from_decoded
    meta['result'] = self.exception_to_python(meta['result'])
                     ^^^^^^^^^^^^^^^^^^^^^^^^^^^^^^^^^^^^^^^^
  File "C:\Users\Administrator\AppData\Roaming\Python\Python311\site-packages\celery\backends\base.py", line 455, in exception_to_python
    raise ValueError("Exception information must include "
ValueError: Exception information must include the exception type
[2026-03-16 15:32:40,286: ERROR/MainProcess] Timer error: ValueError('Exception information must include the exception type')
Traceback (most recent call last):
  File "C:\Users\Administrator\AppData\Roaming\Python\Python311\site-packages\celery\backends\base.py", line 453, in exception_to_python
    exc_type = exc['exc_type']
               ~~~^^^^^^^^^^^^
KeyError: 'exc_type'

The above exception was the direct cause of the following exception:

Traceback (most recent call last):
  File "C:\Users\Administrator\AppData\Roaming\Python\Python311\site-packages\celery\app\trace.py", line 479, in trace_task
    R = retval = fun(*args, **kwargs)
                 ^^^^^^^^^^^^^^^^^^^^
  File "C:\Users\Administrator\AppData\Roaming\Python\Python311\site-packages\celery\app\trace.py", line 779, in __protected_call__
    return self.run(*args, **kwargs)
           ^^^^^^^^^^^^^^^^^^^^^^^^^
  File "D:\Qoder\测试开发平台\backend\modules\tasks.py", line 170, in parse_knowledge_document_task
    raise e
  File "D:\Qoder\测试开发平台\backend\modules\tasks.py", line 97, in parse_knowledge_document_task
    self.update_state(
  File "C:\Users\Administrator\AppData\Roaming\Python\Python311\site-packages\celery\app\task.py", line 1033, in update_state
    self.backend.store_result(
  File "C:\Users\Administrator\AppData\Roaming\Python\Python311\site-packages\celery\backends\base.py", line 625, in store_result
    self._store_result(task_id, result, state, traceback,
  File "C:\Users\Administrator\AppData\Roaming\Python\Python311\site-packages\celery\backends\base.py", line 1074, in _store_result
    current_meta = self._get_task_meta_for(task_id)
                   ^^^^^^^^^^^^^^^^^^^^^^^^^^^^^^^^
  File "C:\Users\Administrator\AppData\Roaming\Python\Python311\site-packages\celery\backends\base.py", line 1099, in _get_task_meta_for
    return self.decode_result(meta)
           ^^^^^^^^^^^^^^^^^^^^^^^^
  File "C:\Users\Administrator\AppData\Roaming\Python\Python311\site-packages\celery\backends\base.py", line 524, in decode_result
    return self.meta_from_decoded(self.decode(payload))
           ^^^^^^^^^^^^^^^^^^^^^^^^^^^^^^^^^^^^^^^^^^^^
  File "C:\Users\Administrator\AppData\Roaming\Python\Python311\site-packages\celery\backends\base.py", line 520, in meta_from_decoded
    meta['result'] = self.exception_to_python(meta['result'])
                     ^^^^^^^^^^^^^^^^^^^^^^^^^^^^^^^^^^^^^^^^
  File "C:\Users\Administrator\AppData\Roaming\Python\Python311\site-packages\celery\backends\base.py", line 455, in exception_to_python
    raise ValueError("Exception information must include "
ValueError: Exception information must include the exception type

During handling of the above exception, another exception occurred:

Traceback (most recent call last):
  File "C:\Users\Administrator\AppData\Roaming\Python\Python311\site-packages\celery\backends\base.py", line 453, in exception_to_python
    exc_type = exc['exc_type']
               ~~~^^^^^^^^^^^^
KeyError: 'exc_type'

The above exception was the direct cause of the following exception:

Traceback (most recent call last):
  File "C:\Users\Administrator\AppData\Roaming\Python\Python311\site-packages\celery\app\trace.py", line 499, in trace_task
    I, R, state, retval = on_error(task_request, exc)
                          ^^^^^^^^^^^^^^^^^^^^^^^^^^^
  File "C:\Users\Administrator\AppData\Roaming\Python\Python311\site-packages\celery\app\trace.py", line 407, in on_error
    R = I.handle_error_state(
        ^^^^^^^^^^^^^^^^^^^^^
  File "C:\Users\Administrator\AppData\Roaming\Python\Python311\site-packages\celery\app\trace.py", line 175, in handle_error_state
    return {
           ^
  File "C:\Users\Administrator\AppData\Roaming\Python\Python311\site-packages\celery\app\trace.py", line 236, in handle_failure
    task.backend.mark_as_failure(
  File "C:\Users\Administrator\AppData\Roaming\Python\Python311\site-packages\celery\backends\base.py", line 194, in mark_as_failure
    self.store_result(task_id, exc, state,
  File "C:\Users\Administrator\AppData\Roaming\Python\Python311\site-packages\celery\backends\base.py", line 625, in store_result
    self._store_result(task_id, result, state, traceback,
  File "C:\Users\Administrator\AppData\Roaming\Python\Python311\site-packages\celery\backends\base.py", line 1074, in _store_result
    current_meta = self._get_task_meta_for(task_id)
                   ^^^^^^^^^^^^^^^^^^^^^^^^^^^^^^^^
  File "C:\Users\Administrator\AppData\Roaming\Python\Python311\site-packages\celery\backends\base.py", line 1099, in _get_task_meta_for
    return self.decode_result(meta)
           ^^^^^^^^^^^^^^^^^^^^^^^^
  File "C:\Users\Administrator\AppData\Roaming\Python\Python311\site-packages\celery\backends\base.py", line 524, in decode_result
    return self.meta_from_decoded(self.decode(payload))
           ^^^^^^^^^^^^^^^^^^^^^^^^^^^^^^^^^^^^^^^^^^^^
  File "C:\Users\Administrator\AppData\Roaming\Python\Python311\site-packages\celery\backends\base.py", line 520, in meta_from_decoded
    meta['result'] = self.exception_to_python(meta['result'])
                     ^^^^^^^^^^^^^^^^^^^^^^^^^^^^^^^^^^^^^^^^
  File "C:\Users\Administrator\AppData\Roaming\Python\Python311\site-packages\celery\backends\base.py", line 455, in exception_to_python
    raise ValueError("Exception information must include "
ValueError: Exception information must include the exception type

During handling of the above exception, another exception occurred:

Traceback (most recent call last):
  File "C:\Users\Administrator\AppData\Roaming\Python\Python311\site-packages\celery\backends\base.py", line 453, in exception_to_python
    exc_type = exc['exc_type']
               ~~~^^^^^^^^^^^^
KeyError: 'exc_type'

The above exception was the direct cause of the following exception:

Traceback (most recent call last):
  File "C:\Users\Administrator\AppData\Roaming\Python\Python311\site-packages\kombu\asynchronous\timer.py", line 177, in apply_entry
    entry()
  File "C:\Users\Administrator\AppData\Roaming\Python\Python311\site-packages\kombu\asynchronous\timer.py", line 70, in __call__
    return self.fun(*self.args, **self.kwargs)
           ^^^^^^^^^^^^^^^^^^^^^^^^^^^^^^^^^^^
  File "C:\Users\Administrator\AppData\Roaming\Python\Python311\site-packages\celery\worker\consumer\consumer.py", line 581, in apply_eta_task
    self.on_task_request(task)
  File "C:\Users\Administrator\AppData\Roaming\Python\Python311\site-packages\celery\worker\worker.py", line 226, in _process_task
    req.execute_using_pool(self.pool)
  File "C:\Users\Administrator\AppData\Roaming\Python\Python311\site-packages\celery\worker\request.py", line 767, in execute_using_pool
    result = apply_async(
             ^^^^^^^^^^^^
  File "C:\Users\Administrator\AppData\Roaming\Python\Python311\site-packages\celery\concurrency\base.py", line 153, in apply_async
    return self.on_apply(target, args, kwargs,
           ^^^^^^^^^^^^^^^^^^^^^^^^^^^^^^^^^^^
  File "C:\Users\Administrator\AppData\Roaming\Python\Python311\site-packages\celery\concurrency\base.py", line 30, in apply_target
    ret = target(*args, **kwargs)
          ^^^^^^^^^^^^^^^^^^^^^^^
  File "C:\Users\Administrator\AppData\Roaming\Python\Python311\site-packages\celery\app\trace.py", line 694, in fast_trace_task
    R, I, T, Rstr = tasks[task].__trace__(
                    ^^^^^^^^^^^^^^^^^^^^^^
  File "C:\Users\Administrator\AppData\Roaming\Python\Python311\site-packages\celery\app\trace.py", line 606, in trace_task
    I, _, _, _ = on_error(task_request, exc)
                 ^^^^^^^^^^^^^^^^^^^^^^^^^^^
  File "C:\Users\Administrator\AppData\Roaming\Python\Python311\site-packages\celery\app\trace.py", line 407, in on_error
    R = I.handle_error_state(
        ^^^^^^^^^^^^^^^^^^^^^
  File "C:\Users\Administrator\AppData\Roaming\Python\Python311\site-packages\celery\app\trace.py", line 175, in handle_error_state
    return {
           ^
  File "C:\Users\Administrator\AppData\Roaming\Python\Python311\site-packages\celery\app\trace.py", line 236, in handle_failure
    task.backend.mark_as_failure(
  File "C:\Users\Administrator\AppData\Roaming\Python\Python311\site-packages\celery\backends\base.py", line 194, in mark_as_failure
    self.store_result(task_id, exc, state,
  File "C:\Users\Administrator\AppData\Roaming\Python\Python311\site-packages\celery\backends\base.py", line 625, in store_result
    self._store_result(task_id, result, state, traceback,
  File "C:\Users\Administrator\AppData\Roaming\Python\Python311\site-packages\celery\backends\base.py", line 1074, in _store_result
    current_meta = self._get_task_meta_for(task_id)
                   ^^^^^^^^^^^^^^^^^^^^^^^^^^^^^^^^
  File "C:\Users\Administrator\AppData\Roaming\Python\Python311\site-packages\celery\backends\base.py", line 1099, in _get_task_meta_for
    return self.decode_result(meta)
           ^^^^^^^^^^^^^^^^^^^^^^^^
  File "C:\Users\Administrator\AppData\Roaming\Python\Python311\site-packages\celery\backends\base.py", line 524, in decode_result
    return self.meta_from_decoded(self.decode(payload))
           ^^^^^^^^^^^^^^^^^^^^^^^^^^^^^^^^^^^^^^^^^^^^
  File "C:\Users\Administrator\AppData\Roaming\Python\Python311\site-packages\celery\backends\base.py", line 520, in meta_from_decoded
    meta['result'] = self.exception_to_python(meta['result'])
                     ^^^^^^^^^^^^^^^^^^^^^^^^^^^^^^^^^^^^^^^^
  File "C:\Users\Administrator\AppData\Roaming\Python\Python311\site-packages\celery\backends\base.py", line 455, in exception_to_python
    raise ValueError("Exception information must include "
ValueError: Exception information must include the exception type
[2026-03-16 15:32:40,287: INFO/MainProcess] 离线解析任务启动 doc_id=128 task_id=da3cd240-9d59-4490-a065-3ef3a3f4f60c retry=2 file=D:\Qoder\测试开发平台\backend\runtime\knowledge_uploads\20260316065101_f5c4262ead1f4a58b9eb0cf3f31bd4ac.txt
[2026-03-16 15:32:40,288: ERROR/MainProcess] 离线解析任务异常 doc_id=128 task_id=da3cd240-9d59-4490-a065-3ef3a3f4f60c retry=2/2 err=Exception information must include the exception type
Traceback (most recent call last):
  File "C:\Users\Administrator\AppData\Roaming\Python\Python311\site-packages\celery\backends\base.py", line 453, in exception_to_python
    exc_type = exc['exc_type']
               ~~~^^^^^^^^^^^^
KeyError: 'exc_type'

The above exception was the direct cause of the following exception:

Traceback (most recent call last):
  File "D:\Qoder\测试开发平台\backend\modules\tasks.py", line 97, in parse_knowledge_document_task
    self.update_state(
  File "C:\Users\Administrator\AppData\Roaming\Python\Python311\site-packages\celery\app\task.py", line 1033, in update_state
    self.backend.store_result(
  File "C:\Users\Administrator\AppData\Roaming\Python\Python311\site-packages\celery\backends\base.py", line 625, in store_result
    self._store_result(task_id, result, state, traceback,
  File "C:\Users\Administrator\AppData\Roaming\Python\Python311\site-packages\celery\backends\base.py", line 1074, in _store_result
    current_meta = self._get_task_meta_for(task_id)
                   ^^^^^^^^^^^^^^^^^^^^^^^^^^^^^^^^
  File "C:\Users\Administrator\AppData\Roaming\Python\Python311\site-packages\celery\backends\base.py", line 1099, in _get_task_meta_for
    return self.decode_result(meta)
           ^^^^^^^^^^^^^^^^^^^^^^^^
  File "C:\Users\Administrator\AppData\Roaming\Python\Python311\site-packages\celery\backends\base.py", line 524, in decode_result
    return self.meta_from_decoded(self.decode(payload))
           ^^^^^^^^^^^^^^^^^^^^^^^^^^^^^^^^^^^^^^^^^^^^
  File "C:\Users\Administrator\AppData\Roaming\Python\Python311\site-packages\celery\backends\base.py", line 520, in meta_from_decoded
    meta['result'] = self.exception_to_python(meta['result'])
                     ^^^^^^^^^^^^^^^^^^^^^^^^^^^^^^^^^^^^^^^^
  File "C:\Users\Administrator\AppData\Roaming\Python\Python311\site-packages\celery\backends\base.py", line 455, in exception_to_python
    raise ValueError("Exception information must include "
ValueError: Exception information must include the exception type
[2026-03-16 15:32:40,299: ERROR/MainProcess] Timer error: ValueError('Exception information must include the exception type')
Traceback (most recent call last):
  File "C:\Users\Administrator\AppData\Roaming\Python\Python311\site-packages\celery\backends\base.py", line 453, in exception_to_python
    exc_type = exc['exc_type']
               ~~~^^^^^^^^^^^^
KeyError: 'exc_type'

The above exception was the direct cause of the following exception:

Traceback (most recent call last):
  File "C:\Users\Administrator\AppData\Roaming\Python\Python311\site-packages\celery\app\trace.py", line 479, in trace_task
    R = retval = fun(*args, **kwargs)
                 ^^^^^^^^^^^^^^^^^^^^
  File "C:\Users\Administrator\AppData\Roaming\Python\Python311\site-packages\celery\app\trace.py", line 779, in __protected_call__
    return self.run(*args, **kwargs)
           ^^^^^^^^^^^^^^^^^^^^^^^^^
  File "D:\Qoder\测试开发平台\backend\modules\tasks.py", line 170, in parse_knowledge_document_task
    raise e
  File "D:\Qoder\测试开发平台\backend\modules\tasks.py", line 97, in parse_knowledge_document_task
    self.update_state(
  File "C:\Users\Administrator\AppData\Roaming\Python\Python311\site-packages\celery\app\task.py", line 1033, in update_state
    self.backend.store_result(
  File "C:\Users\Administrator\AppData\Roaming\Python\Python311\site-packages\celery\backends\base.py", line 625, in store_result
    self._store_result(task_id, result, state, traceback,
  File "C:\Users\Administrator\AppData\Roaming\Python\Python311\site-packages\celery\backends\base.py", line 1074, in _store_result
    current_meta = self._get_task_meta_for(task_id)
                   ^^^^^^^^^^^^^^^^^^^^^^^^^^^^^^^^
  File "C:\Users\Administrator\AppData\Roaming\Python\Python311\site-packages\celery\backends\base.py", line 1099, in _get_task_meta_for
    return self.decode_result(meta)
           ^^^^^^^^^^^^^^^^^^^^^^^^
  File "C:\Users\Administrator\AppData\Roaming\Python\Python311\site-packages\celery\backends\base.py", line 524, in decode_result
    return self.meta_from_decoded(self.decode(payload))
           ^^^^^^^^^^^^^^^^^^^^^^^^^^^^^^^^^^^^^^^^^^^^
  File "C:\Users\Administrator\AppData\Roaming\Python\Python311\site-packages\celery\backends\base.py", line 520, in meta_from_decoded
    meta['result'] = self.exception_to_python(meta['result'])
                     ^^^^^^^^^^^^^^^^^^^^^^^^^^^^^^^^^^^^^^^^
  File "C:\Users\Administrator\AppData\Roaming\Python\Python311\site-packages\celery\backends\base.py", line 455, in exception_to_python
    raise ValueError("Exception information must include "
ValueError: Exception information must include the exception type

During handling of the above exception, another exception occurred:

Traceback (most recent call last):
  File "C:\Users\Administrator\AppData\Roaming\Python\Python311\site-packages\celery\backends\base.py", line 453, in exception_to_python
    exc_type = exc['exc_type']
               ~~~^^^^^^^^^^^^
KeyError: 'exc_type'

The above exception was the direct cause of the following exception:

Traceback (most recent call last):
  File "C:\Users\Administrator\AppData\Roaming\Python\Python311\site-packages\celery\app\trace.py", line 499, in trace_task
    I, R, state, retval = on_error(task_request, exc)
                          ^^^^^^^^^^^^^^^^^^^^^^^^^^^
  File "C:\Users\Administrator\AppData\Roaming\Python\Python311\site-packages\celery\app\trace.py", line 407, in on_error
    R = I.handle_error_state(
        ^^^^^^^^^^^^^^^^^^^^^
  File "C:\Users\Administrator\AppData\Roaming\Python\Python311\site-packages\celery\app\trace.py", line 175, in handle_error_state
    return {
           ^
  File "C:\Users\Administrator\AppData\Roaming\Python\Python311\site-packages\celery\app\trace.py", line 236, in handle_failure
    task.backend.mark_as_failure(
  File "C:\Users\Administrator\AppData\Roaming\Python\Python311\site-packages\celery\backends\base.py", line 194, in mark_as_failure
    self.store_result(task_id, exc, state,
  File "C:\Users\Administrator\AppData\Roaming\Python\Python311\site-packages\celery\backends\base.py", line 625, in store_result
    self._store_result(task_id, result, state, traceback,
  File "C:\Users\Administrator\AppData\Roaming\Python\Python311\site-packages\celery\backends\base.py", line 1074, in _store_result
    current_meta = self._get_task_meta_for(task_id)
                   ^^^^^^^^^^^^^^^^^^^^^^^^^^^^^^^^
  File "C:\Users\Administrator\AppData\Roaming\Python\Python311\site-packages\celery\backends\base.py", line 1099, in _get_task_meta_for
    return self.decode_result(meta)
           ^^^^^^^^^^^^^^^^^^^^^^^^
  File "C:\Users\Administrator\AppData\Roaming\Python\Python311\site-packages\celery\backends\base.py", line 524, in decode_result
    return self.meta_from_decoded(self.decode(payload))
           ^^^^^^^^^^^^^^^^^^^^^^^^^^^^^^^^^^^^^^^^^^^^
  File "C:\Users\Administrator\AppData\Roaming\Python\Python311\site-packages\celery\backends\base.py", line 520, in meta_from_decoded
    meta['result'] = self.exception_to_python(meta['result'])
                     ^^^^^^^^^^^^^^^^^^^^^^^^^^^^^^^^^^^^^^^^
  File "C:\Users\Administrator\AppData\Roaming\Python\Python311\site-packages\celery\backends\base.py", line 455, in exception_to_python
    raise ValueError("Exception information must include "
ValueError: Exception information must include the exception type

During handling of the above exception, another exception occurred:

Traceback (most recent call last):
  File "C:\Users\Administrator\AppData\Roaming\Python\Python311\site-packages\celery\backends\base.py", line 453, in exception_to_python
    exc_type = exc['exc_type']
               ~~~^^^^^^^^^^^^
KeyError: 'exc_type'

The above exception was the direct cause of the following exception:

Traceback (most recent call last):
  File "C:\Users\Administrator\AppData\Roaming\Python\Python311\site-packages\kombu\asynchronous\timer.py", line 177, in apply_entry
    entry()
  File "C:\Users\Administrator\AppData\Roaming\Python\Python311\site-packages\kombu\asynchronous\timer.py", line 70, in __call__
    return self.fun(*self.args, **self.kwargs)
           ^^^^^^^^^^^^^^^^^^^^^^^^^^^^^^^^^^^
  File "C:\Users\Administrator\AppData\Roaming\Python\Python311\site-packages\celery\worker\consumer\consumer.py", line 581, in apply_eta_task
    self.on_task_request(task)
  File "C:\Users\Administrator\AppData\Roaming\Python\Python311\site-packages\celery\worker\worker.py", line 226, in _process_task
    req.execute_using_pool(self.pool)
  File "C:\Users\Administrator\AppData\Roaming\Python\Python311\site-packages\celery\worker\request.py", line 767, in execute_using_pool
    result = apply_async(
             ^^^^^^^^^^^^
  File "C:\Users\Administrator\AppData\Roaming\Python\Python311\site-packages\celery\concurrency\base.py", line 153, in apply_async
    return self.on_apply(target, args, kwargs,
           ^^^^^^^^^^^^^^^^^^^^^^^^^^^^^^^^^^^
  File "C:\Users\Administrator\AppData\Roaming\Python\Python311\site-packages\celery\concurrency\base.py", line 30, in apply_target
    ret = target(*args, **kwargs)
          ^^^^^^^^^^^^^^^^^^^^^^^
  File "C:\Users\Administrator\AppData\Roaming\Python\Python311\site-packages\celery\app\trace.py", line 694, in fast_trace_task
    R, I, T, Rstr = tasks[task].__trace__(
                    ^^^^^^^^^^^^^^^^^^^^^^
  File "C:\Users\Administrator\AppData\Roaming\Python\Python311\site-packages\celery\app\trace.py", line 606, in trace_task
    I, _, _, _ = on_error(task_request, exc)
                 ^^^^^^^^^^^^^^^^^^^^^^^^^^^
  File "C:\Users\Administrator\AppData\Roaming\Python\Python311\site-packages\celery\app\trace.py", line 407, in on_error
    R = I.handle_error_state(
        ^^^^^^^^^^^^^^^^^^^^^
  File "C:\Users\Administrator\AppData\Roaming\Python\Python311\site-packages\celery\app\trace.py", line 175, in handle_error_state
    return {
           ^
  File "C:\Users\Administrator\AppData\Roaming\Python\Python311\site-packages\celery\app\trace.py", line 236, in handle_failure
    task.backend.mark_as_failure(
  File "C:\Users\Administrator\AppData\Roaming\Python\Python311\site-packages\celery\backends\base.py", line 194, in mark_as_failure
    self.store_result(task_id, exc, state,
  File "C:\Users\Administrator\AppData\Roaming\Python\Python311\site-packages\celery\backends\base.py", line 625, in store_result
    self._store_result(task_id, result, state, traceback,
  File "C:\Users\Administrator\AppData\Roaming\Python\Python311\site-packages\celery\backends\base.py", line 1074, in _store_result
    current_meta = self._get_task_meta_for(task_id)
                   ^^^^^^^^^^^^^^^^^^^^^^^^^^^^^^^^
  File "C:\Users\Administrator\AppData\Roaming\Python\Python311\site-packages\celery\backends\base.py", line 1099, in _get_task_meta_for
    return self.decode_result(meta)
           ^^^^^^^^^^^^^^^^^^^^^^^^
  File "C:\Users\Administrator\AppData\Roaming\Python\Python311\site-packages\celery\backends\base.py", line 524, in decode_result
    return self.meta_from_decoded(self.decode(payload))
           ^^^^^^^^^^^^^^^^^^^^^^^^^^^^^^^^^^^^^^^^^^^^
  File "C:\Users\Administrator\AppData\Roaming\Python\Python311\site-packages\celery\backends\base.py", line 520, in meta_from_decoded
    meta['result'] = self.exception_to_python(meta['result'])
                     ^^^^^^^^^^^^^^^^^^^^^^^^^^^^^^^^^^^^^^^^
  File "C:\Users\Administrator\AppData\Roaming\Python\Python311\site-packages\celery\backends\base.py", line 455, in exception_to_python
    raise ValueError("Exception information must include "
ValueError: Exception information must include the exception type
[2026-03-16 15:32:40,300: INFO/MainProcess] 离线解析任务启动 doc_id=129 task_id=14d5b9b6-2a0f-49c1-a373-46ee3cfbe76f retry=2 file=D:\Qoder\测试开发平台\backend\runtime\knowledge_uploads\20260316065118_50b6818f384c4d06b5a85e02892b585a.txt
[2026-03-16 15:32:40,301: ERROR/MainProcess] 离线解析任务异常 doc_id=129 task_id=14d5b9b6-2a0f-49c1-a373-46ee3cfbe76f retry=2/2 err=Exception information must include the exception type
Traceback (most recent call last):
  File "C:\Users\Administrator\AppData\Roaming\Python\Python311\site-packages\celery\backends\base.py", line 453, in exception_to_python
    exc_type = exc['exc_type']
               ~~~^^^^^^^^^^^^
KeyError: 'exc_type'

The above exception was the direct cause of the following exception:

Traceback (most recent call last):
  File "D:\Qoder\测试开发平台\backend\modules\tasks.py", line 97, in parse_knowledge_document_task
    self.update_state(
  File "C:\Users\Administrator\AppData\Roaming\Python\Python311\site-packages\celery\app\task.py", line 1033, in update_state
    self.backend.store_result(
  File "C:\Users\Administrator\AppData\Roaming\Python\Python311\site-packages\celery\backends\base.py", line 625, in store_result
    self._store_result(task_id, result, state, traceback,
  File "C:\Users\Administrator\AppData\Roaming\Python\Python311\site-packages\celery\backends\base.py", line 1074, in _store_result
    current_meta = self._get_task_meta_for(task_id)
                   ^^^^^^^^^^^^^^^^^^^^^^^^^^^^^^^^
  File "C:\Users\Administrator\AppData\Roaming\Python\Python311\site-packages\celery\backends\base.py", line 1099, in _get_task_meta_for
    return self.decode_result(meta)
           ^^^^^^^^^^^^^^^^^^^^^^^^
  File "C:\Users\Administrator\AppData\Roaming\Python\Python311\site-packages\celery\backends\base.py", line 524, in decode_result
    return self.meta_from_decoded(self.decode(payload))
           ^^^^^^^^^^^^^^^^^^^^^^^^^^^^^^^^^^^^^^^^^^^^
  File "C:\Users\Administrator\AppData\Roaming\Python\Python311\site-packages\celery\backends\base.py", line 520, in meta_from_decoded
    meta['result'] = self.exception_to_python(meta['result'])
                     ^^^^^^^^^^^^^^^^^^^^^^^^^^^^^^^^^^^^^^^^
  File "C:\Users\Administrator\AppData\Roaming\Python\Python311\site-packages\celery\backends\base.py", line 455, in exception_to_python
    raise ValueError("Exception information must include "
ValueError: Exception information must include the exception type
[2026-03-16 15:32:40,310: ERROR/MainProcess] Timer error: ValueError('Exception information must include the exception type')
Traceback (most recent call last):
  File "C:\Users\Administrator\AppData\Roaming\Python\Python311\site-packages\celery\backends\base.py", line 453, in exception_to_python
    exc_type = exc['exc_type']
               ~~~^^^^^^^^^^^^
KeyError: 'exc_type'

The above exception was the direct cause of the following exception:

Traceback (most recent call last):
  File "C:\Users\Administrator\AppData\Roaming\Python\Python311\site-packages\celery\app\trace.py", line 479, in trace_task
    R = retval = fun(*args, **kwargs)
                 ^^^^^^^^^^^^^^^^^^^^
  File "C:\Users\Administrator\AppData\Roaming\Python\Python311\site-packages\celery\app\trace.py", line 779, in __protected_call__
    return self.run(*args, **kwargs)
           ^^^^^^^^^^^^^^^^^^^^^^^^^
  File "D:\Qoder\测试开发平台\backend\modules\tasks.py", line 170, in parse_knowledge_document_task
    raise e
  File "D:\Qoder\测试开发平台\backend\modules\tasks.py", line 97, in parse_knowledge_document_task
    self.update_state(
  File "C:\Users\Administrator\AppData\Roaming\Python\Python311\site-packages\celery\app\task.py", line 1033, in update_state
    self.backend.store_result(
  File "C:\Users\Administrator\AppData\Roaming\Python\Python311\site-packages\celery\backends\base.py", line 625, in store_result
    self._store_result(task_id, result, state, traceback,
  File "C:\Users\Administrator\AppData\Roaming\Python\Python311\site-packages\celery\backends\base.py", line 1074, in _store_result
    current_meta = self._get_task_meta_for(task_id)
                   ^^^^^^^^^^^^^^^^^^^^^^^^^^^^^^^^
  File "C:\Users\Administrator\AppData\Roaming\Python\Python311\site-packages\celery\backends\base.py", line 1099, in _get_task_meta_for
    return self.decode_result(meta)
           ^^^^^^^^^^^^^^^^^^^^^^^^
  File "C:\Users\Administrator\AppData\Roaming\Python\Python311\site-packages\celery\backends\base.py", line 524, in decode_result
    return self.meta_from_decoded(self.decode(payload))
           ^^^^^^^^^^^^^^^^^^^^^^^^^^^^^^^^^^^^^^^^^^^^
  File "C:\Users\Administrator\AppData\Roaming\Python\Python311\site-packages\celery\backends\base.py", line 520, in meta_from_decoded
    meta['result'] = self.exception_to_python(meta['result'])
                     ^^^^^^^^^^^^^^^^^^^^^^^^^^^^^^^^^^^^^^^^
  File "C:\Users\Administrator\AppData\Roaming\Python\Python311\site-packages\celery\backends\base.py", line 455, in exception_to_python
    raise ValueError("Exception information must include "
ValueError: Exception information must include the exception type

During handling of the above exception, another exception occurred:

Traceback (most recent call last):
  File "C:\Users\Administrator\AppData\Roaming\Python\Python311\site-packages\celery\backends\base.py", line 453, in exception_to_python
    exc_type = exc['exc_type']
               ~~~^^^^^^^^^^^^
KeyError: 'exc_type'

The above exception was the direct cause of the following exception:

Traceback (most recent call last):
  File "C:\Users\Administrator\AppData\Roaming\Python\Python311\site-packages\celery\app\trace.py", line 499, in trace_task
    I, R, state, retval = on_error(task_request, exc)
                          ^^^^^^^^^^^^^^^^^^^^^^^^^^^
  File "C:\Users\Administrator\AppData\Roaming\Python\Python311\site-packages\celery\app\trace.py", line 407, in on_error
    R = I.handle_error_state(
        ^^^^^^^^^^^^^^^^^^^^^
  File "C:\Users\Administrator\AppData\Roaming\Python\Python311\site-packages\celery\app\trace.py", line 175, in handle_error_state
    return {
           ^
  File "C:\Users\Administrator\AppData\Roaming\Python\Python311\site-packages\celery\app\trace.py", line 236, in handle_failure
    task.backend.mark_as_failure(
  File "C:\Users\Administrator\AppData\Roaming\Python\Python311\site-packages\celery\backends\base.py", line 194, in mark_as_failure
    self.store_result(task_id, exc, state,
  File "C:\Users\Administrator\AppData\Roaming\Python\Python311\site-packages\celery\backends\base.py", line 625, in store_result
    self._store_result(task_id, result, state, traceback,
  File "C:\Users\Administrator\AppData\Roaming\Python\Python311\site-packages\celery\backends\base.py", line 1074, in _store_result
    current_meta = self._get_task_meta_for(task_id)
                   ^^^^^^^^^^^^^^^^^^^^^^^^^^^^^^^^
  File "C:\Users\Administrator\AppData\Roaming\Python\Python311\site-packages\celery\backends\base.py", line 1099, in _get_task_meta_for
    return self.decode_result(meta)
           ^^^^^^^^^^^^^^^^^^^^^^^^
  File "C:\Users\Administrator\AppData\Roaming\Python\Python311\site-packages\celery\backends\base.py", line 524, in decode_result
    return self.meta_from_decoded(self.decode(payload))
           ^^^^^^^^^^^^^^^^^^^^^^^^^^^^^^^^^^^^^^^^^^^^
  File "C:\Users\Administrator\AppData\Roaming\Python\Python311\site-packages\celery\backends\base.py", line 520, in meta_from_decoded
    meta['result'] = self.exception_to_python(meta['result'])
                     ^^^^^^^^^^^^^^^^^^^^^^^^^^^^^^^^^^^^^^^^
  File "C:\Users\Administrator\AppData\Roaming\Python\Python311\site-packages\celery\backends\base.py", line 455, in exception_to_python
    raise ValueError("Exception information must include "
ValueError: Exception information must include the exception type

During handling of the above exception, another exception occurred:

Traceback (most recent call last):
  File "C:\Users\Administrator\AppData\Roaming\Python\Python311\site-packages\celery\backends\base.py", line 453, in exception_to_python
    exc_type = exc['exc_type']
               ~~~^^^^^^^^^^^^
KeyError: 'exc_type'

The above exception was the direct cause of the following exception:

Traceback (most recent call last):
  File "C:\Users\Administrator\AppData\Roaming\Python\Python311\site-packages\kombu\asynchronous\timer.py", line 177, in apply_entry
    entry()
  File "C:\Users\Administrator\AppData\Roaming\Python\Python311\site-packages\kombu\asynchronous\timer.py", line 70, in __call__
    return self.fun(*self.args, **self.kwargs)
           ^^^^^^^^^^^^^^^^^^^^^^^^^^^^^^^^^^^
  File "C:\Users\Administrator\AppData\Roaming\Python\Python311\site-packages\celery\worker\consumer\consumer.py", line 581, in apply_eta_task
    self.on_task_request(task)
  File "C:\Users\Administrator\AppData\Roaming\Python\Python311\site-packages\celery\worker\worker.py", line 226, in _process_task
    req.execute_using_pool(self.pool)
  File "C:\Users\Administrator\AppData\Roaming\Python\Python311\site-packages\celery\worker\request.py", line 767, in execute_using_pool
    result = apply_async(
             ^^^^^^^^^^^^
  File "C:\Users\Administrator\AppData\Roaming\Python\Python311\site-packages\celery\concurrency\base.py", line 153, in apply_async
    return self.on_apply(target, args, kwargs,
           ^^^^^^^^^^^^^^^^^^^^^^^^^^^^^^^^^^^
  File "C:\Users\Administrator\AppData\Roaming\Python\Python311\site-packages\celery\concurrency\base.py", line 30, in apply_target
    ret = target(*args, **kwargs)
          ^^^^^^^^^^^^^^^^^^^^^^^
  File "C:\Users\Administrator\AppData\Roaming\Python\Python311\site-packages\celery\app\trace.py", line 694, in fast_trace_task
    R, I, T, Rstr = tasks[task].__trace__(
                    ^^^^^^^^^^^^^^^^^^^^^^
  File "C:\Users\Administrator\AppData\Roaming\Python\Python311\site-packages\celery\app\trace.py", line 606, in trace_task
    I, _, _, _ = on_error(task_request, exc)
                 ^^^^^^^^^^^^^^^^^^^^^^^^^^^
  File "C:\Users\Administrator\AppData\Roaming\Python\Python311\site-packages\celery\app\trace.py", line 407, in on_error
    R = I.handle_error_state(
        ^^^^^^^^^^^^^^^^^^^^^
  File "C:\Users\Administrator\AppData\Roaming\Python\Python311\site-packages\celery\app\trace.py", line 175, in handle_error_state
    return {
           ^
  File "C:\Users\Administrator\AppData\Roaming\Python\Python311\site-packages\celery\app\trace.py", line 236, in handle_failure
    task.backend.mark_as_failure(
  File "C:\Users\Administrator\AppData\Roaming\Python\Python311\site-packages\celery\backends\base.py", line 194, in mark_as_failure
    self.store_result(task_id, exc, state,
  File "C:\Users\Administrator\AppData\Roaming\Python\Python311\site-packages\celery\backends\base.py", line 625, in store_result
    self._store_result(task_id, result, state, traceback,
  File "C:\Users\Administrator\AppData\Roaming\Python\Python311\site-packages\celery\backends\base.py", line 1074, in _store_result
    current_meta = self._get_task_meta_for(task_id)
                   ^^^^^^^^^^^^^^^^^^^^^^^^^^^^^^^^
  File "C:\Users\Administrator\AppData\Roaming\Python\Python311\site-packages\celery\backends\base.py", line 1099, in _get_task_meta_for
    return self.decode_result(meta)
           ^^^^^^^^^^^^^^^^^^^^^^^^
  File "C:\Users\Administrator\AppData\Roaming\Python\Python311\site-packages\celery\backends\base.py", line 524, in decode_result
    return self.meta_from_decoded(self.decode(payload))
           ^^^^^^^^^^^^^^^^^^^^^^^^^^^^^^^^^^^^^^^^^^^^
  File "C:\Users\Administrator\AppData\Roaming\Python\Python311\site-packages\celery\backends\base.py", line 520, in meta_from_decoded
    meta['result'] = self.exception_to_python(meta['result'])
                     ^^^^^^^^^^^^^^^^^^^^^^^^^^^^^^^^^^^^^^^^
  File "C:\Users\Administrator\AppData\Roaming\Python\Python311\site-packages\celery\backends\base.py", line 455, in exception_to_python
    raise ValueError("Exception information must include "
ValueError: Exception information must include the exception type
[2026-03-16 15:32:40,312: INFO/MainProcess] 离线解析任务启动 doc_id=132 task_id=11f1246b-e933-44ca-98d5-28397c060b94 retry=2 file=D:\Qoder\测试开发平台\backend\runtime\knowledge_uploads\20260316070031_f3b0e60a08144e6aa8e729e186b82c1e.txt
[2026-03-16 15:32:40,312: ERROR/MainProcess] 离线解析任务异常 doc_id=132 task_id=11f1246b-e933-44ca-98d5-28397c060b94 retry=2/2 err=Exception information must include the exception type
Traceback (most recent call last):
  File "C:\Users\Administrator\AppData\Roaming\Python\Python311\site-packages\celery\backends\base.py", line 453, in exception_to_python
    exc_type = exc['exc_type']
               ~~~^^^^^^^^^^^^
KeyError: 'exc_type'

The above exception was the direct cause of the following exception:

Traceback (most recent call last):
  File "D:\Qoder\测试开发平台\backend\modules\tasks.py", line 97, in parse_knowledge_document_task
    self.update_state(
  File "C:\Users\Administrator\AppData\Roaming\Python\Python311\site-packages\celery\app\task.py", line 1033, in update_state
    self.backend.store_result(
  File "C:\Users\Administrator\AppData\Roaming\Python\Python311\site-packages\celery\backends\base.py", line 625, in store_result
    self._store_result(task_id, result, state, traceback,
  File "C:\Users\Administrator\AppData\Roaming\Python\Python311\site-packages\celery\backends\base.py", line 1074, in _store_result
    current_meta = self._get_task_meta_for(task_id)
                   ^^^^^^^^^^^^^^^^^^^^^^^^^^^^^^^^
  File "C:\Users\Administrator\AppData\Roaming\Python\Python311\site-packages\celery\backends\base.py", line 1099, in _get_task_meta_for
    return self.decode_result(meta)
           ^^^^^^^^^^^^^^^^^^^^^^^^
  File "C:\Users\Administrator\AppData\Roaming\Python\Python311\site-packages\celery\backends\base.py", line 524, in decode_result
    return self.meta_from_decoded(self.decode(payload))
           ^^^^^^^^^^^^^^^^^^^^^^^^^^^^^^^^^^^^^^^^^^^^
  File "C:\Users\Administrator\AppData\Roaming\Python\Python311\site-packages\celery\backends\base.py", line 520, in meta_from_decoded
    meta['result'] = self.exception_to_python(meta['result'])
                     ^^^^^^^^^^^^^^^^^^^^^^^^^^^^^^^^^^^^^^^^
  File "C:\Users\Administrator\AppData\Roaming\Python\Python311\site-packages\celery\backends\base.py", line 455, in exception_to_python
    raise ValueError("Exception information must include "
ValueError: Exception information must include the exception type
[2026-03-16 15:32:40,324: ERROR/MainProcess] Timer error: ValueError('Exception information must include the exception type')
Traceback (most recent call last):
  File "C:\Users\Administrator\AppData\Roaming\Python\Python311\site-packages\celery\backends\base.py", line 453, in exception_to_python
    exc_type = exc['exc_type']
               ~~~^^^^^^^^^^^^
KeyError: 'exc_type'

The above exception was the direct cause of the following exception:

Traceback (most recent call last):
  File "C:\Users\Administrator\AppData\Roaming\Python\Python311\site-packages\celery\app\trace.py", line 479, in trace_task
    R = retval = fun(*args, **kwargs)
                 ^^^^^^^^^^^^^^^^^^^^
  File "C:\Users\Administrator\AppData\Roaming\Python\Python311\site-packages\celery\app\trace.py", line 779, in __protected_call__
    return self.run(*args, **kwargs)
           ^^^^^^^^^^^^^^^^^^^^^^^^^
  File "D:\Qoder\测试开发平台\backend\modules\tasks.py", line 170, in parse_knowledge_document_task
    raise e
  File "D:\Qoder\测试开发平台\backend\modules\tasks.py", line 97, in parse_knowledge_document_task
    self.update_state(
  File "C:\Users\Administrator\AppData\Roaming\Python\Python311\site-packages\celery\app\task.py", line 1033, in update_state
    self.backend.store_result(
  File "C:\Users\Administrator\AppData\Roaming\Python\Python311\site-packages\celery\backends\base.py", line 625, in store_result
    self._store_result(task_id, result, state, traceback,
  File "C:\Users\Administrator\AppData\Roaming\Python\Python311\site-packages\celery\backends\base.py", line 1074, in _store_result
    current_meta = self._get_task_meta_for(task_id)
                   ^^^^^^^^^^^^^^^^^^^^^^^^^^^^^^^^
  File "C:\Users\Administrator\AppData\Roaming\Python\Python311\site-packages\celery\backends\base.py", line 1099, in _get_task_meta_for
    return self.decode_result(meta)
           ^^^^^^^^^^^^^^^^^^^^^^^^
  File "C:\Users\Administrator\AppData\Roaming\Python\Python311\site-packages\celery\backends\base.py", line 524, in decode_result
    return self.meta_from_decoded(self.decode(payload))
           ^^^^^^^^^^^^^^^^^^^^^^^^^^^^^^^^^^^^^^^^^^^^
  File "C:\Users\Administrator\AppData\Roaming\Python\Python311\site-packages\celery\backends\base.py", line 520, in meta_from_decoded
    meta['result'] = self.exception_to_python(meta['result'])
                     ^^^^^^^^^^^^^^^^^^^^^^^^^^^^^^^^^^^^^^^^
  File "C:\Users\Administrator\AppData\Roaming\Python\Python311\site-packages\celery\backends\base.py", line 455, in exception_to_python
    raise ValueError("Exception information must include "
ValueError: Exception information must include the exception type

During handling of the above exception, another exception occurred:

Traceback (most recent call last):
  File "C:\Users\Administrator\AppData\Roaming\Python\Python311\site-packages\celery\backends\base.py", line 453, in exception_to_python
    exc_type = exc['exc_type']
               ~~~^^^^^^^^^^^^
KeyError: 'exc_type'

The above exception was the direct cause of the following exception:

Traceback (most recent call last):
  File "C:\Users\Administrator\AppData\Roaming\Python\Python311\site-packages\celery\app\trace.py", line 499, in trace_task
    I, R, state, retval = on_error(task_request, exc)
                          ^^^^^^^^^^^^^^^^^^^^^^^^^^^
  File "C:\Users\Administrator\AppData\Roaming\Python\Python311\site-packages\celery\app\trace.py", line 407, in on_error
    R = I.handle_error_state(
        ^^^^^^^^^^^^^^^^^^^^^
  File "C:\Users\Administrator\AppData\Roaming\Python\Python311\site-packages\celery\app\trace.py", line 175, in handle_error_state
    return {
           ^
  File "C:\Users\Administrator\AppData\Roaming\Python\Python311\site-packages\celery\app\trace.py", line 236, in handle_failure
    task.backend.mark_as_failure(
  File "C:\Users\Administrator\AppData\Roaming\Python\Python311\site-packages\celery\backends\base.py", line 194, in mark_as_failure
    self.store_result(task_id, exc, state,
  File "C:\Users\Administrator\AppData\Roaming\Python\Python311\site-packages\celery\backends\base.py", line 625, in store_result
    self._store_result(task_id, result, state, traceback,
  File "C:\Users\Administrator\AppData\Roaming\Python\Python311\site-packages\celery\backends\base.py", line 1074, in _store_result
    current_meta = self._get_task_meta_for(task_id)
                   ^^^^^^^^^^^^^^^^^^^^^^^^^^^^^^^^
  File "C:\Users\Administrator\AppData\Roaming\Python\Python311\site-packages\celery\backends\base.py", line 1099, in _get_task_meta_for
    return self.decode_result(meta)
           ^^^^^^^^^^^^^^^^^^^^^^^^
  File "C:\Users\Administrator\AppData\Roaming\Python\Python311\site-packages\celery\backends\base.py", line 524, in decode_result
    return self.meta_from_decoded(self.decode(payload))
           ^^^^^^^^^^^^^^^^^^^^^^^^^^^^^^^^^^^^^^^^^^^^
  File "C:\Users\Administrator\AppData\Roaming\Python\Python311\site-packages\celery\backends\base.py", line 520, in meta_from_decoded
    meta['result'] = self.exception_to_python(meta['result'])
                     ^^^^^^^^^^^^^^^^^^^^^^^^^^^^^^^^^^^^^^^^
  File "C:\Users\Administrator\AppData\Roaming\Python\Python311\site-packages\celery\backends\base.py", line 455, in exception_to_python
    raise ValueError("Exception information must include "
ValueError: Exception information must include the exception type

During handling of the above exception, another exception occurred:

Traceback (most recent call last):
  File "C:\Users\Administrator\AppData\Roaming\Python\Python311\site-packages\celery\backends\base.py", line 453, in exception_to_python
    exc_type = exc['exc_type']
               ~~~^^^^^^^^^^^^
KeyError: 'exc_type'

The above exception was the direct cause of the following exception:

Traceback (most recent call last):
  File "C:\Users\Administrator\AppData\Roaming\Python\Python311\site-packages\kombu\asynchronous\timer.py", line 177, in apply_entry
    entry()
  File "C:\Users\Administrator\AppData\Roaming\Python\Python311\site-packages\kombu\asynchronous\timer.py", line 70, in __call__
    return self.fun(*self.args, **self.kwargs)
           ^^^^^^^^^^^^^^^^^^^^^^^^^^^^^^^^^^^
  File "C:\Users\Administrator\AppData\Roaming\Python\Python311\site-packages\celery\worker\consumer\consumer.py", line 581, in apply_eta_task
    self.on_task_request(task)
  File "C:\Users\Administrator\AppData\Roaming\Python\Python311\site-packages\celery\worker\worker.py", line 226, in _process_task
    req.execute_using_pool(self.pool)
  File "C:\Users\Administrator\AppData\Roaming\Python\Python311\site-packages\celery\worker\request.py", line 767, in execute_using_pool
    result = apply_async(
             ^^^^^^^^^^^^
  File "C:\Users\Administrator\AppData\Roaming\Python\Python311\site-packages\celery\concurrency\base.py", line 153, in apply_async
    return self.on_apply(target, args, kwargs,
           ^^^^^^^^^^^^^^^^^^^^^^^^^^^^^^^^^^^
  File "C:\Users\Administrator\AppData\Roaming\Python\Python311\site-packages\celery\concurrency\base.py", line 30, in apply_target
    ret = target(*args, **kwargs)
          ^^^^^^^^^^^^^^^^^^^^^^^
  File "C:\Users\Administrator\AppData\Roaming\Python\Python311\site-packages\celery\app\trace.py", line 694, in fast_trace_task
    R, I, T, Rstr = tasks[task].__trace__(
                    ^^^^^^^^^^^^^^^^^^^^^^
  File "C:\Users\Administrator\AppData\Roaming\Python\Python311\site-packages\celery\app\trace.py", line 606, in trace_task
    I, _, _, _ = on_error(task_request, exc)
                 ^^^^^^^^^^^^^^^^^^^^^^^^^^^
  File "C:\Users\Administrator\AppData\Roaming\Python\Python311\site-packages\celery\app\trace.py", line 407, in on_error
    R = I.handle_error_state(
        ^^^^^^^^^^^^^^^^^^^^^
  File "C:\Users\Administrator\AppData\Roaming\Python\Python311\site-packages\celery\app\trace.py", line 175, in handle_error_state
    return {
           ^
  File "C:\Users\Administrator\AppData\Roaming\Python\Python311\site-packages\celery\app\trace.py", line 236, in handle_failure
    task.backend.mark_as_failure(
  File "C:\Users\Administrator\AppData\Roaming\Python\Python311\site-packages\celery\backends\base.py", line 194, in mark_as_failure
    self.store_result(task_id, exc, state,
  File "C:\Users\Administrator\AppData\Roaming\Python\Python311\site-packages\celery\backends\base.py", line 625, in store_result
    self._store_result(task_id, result, state, traceback,
  File "C:\Users\Administrator\AppData\Roaming\Python\Python311\site-packages\celery\backends\base.py", line 1074, in _store_result
    current_meta = self._get_task_meta_for(task_id)
                   ^^^^^^^^^^^^^^^^^^^^^^^^^^^^^^^^
  File "C:\Users\Administrator\AppData\Roaming\Python\Python311\site-packages\celery\backends\base.py", line 1099, in _get_task_meta_for
    return self.decode_result(meta)
           ^^^^^^^^^^^^^^^^^^^^^^^^
  File "C:\Users\Administrator\AppData\Roaming\Python\Python311\site-packages\celery\backends\base.py", line 524, in decode_result
    return self.meta_from_decoded(self.decode(payload))
           ^^^^^^^^^^^^^^^^^^^^^^^^^^^^^^^^^^^^^^^^^^^^
  File "C:\Users\Administrator\AppData\Roaming\Python\Python311\site-packages\celery\backends\base.py", line 520, in meta_from_decoded
    meta['result'] = self.exception_to_python(meta['result'])
                     ^^^^^^^^^^^^^^^^^^^^^^^^^^^^^^^^^^^^^^^^
  File "C:\Users\Administrator\AppData\Roaming\Python\Python311\site-packages\celery\backends\base.py", line 455, in exception_to_python
    raise ValueError("Exception information must include "
ValueError: Exception information must include the exception type
[2026-03-16 15:32:40,324: INFO/MainProcess] 离线解析任务启动 doc_id=133 task_id=3717623f-7b95-4726-8e79-64bc37361ba1 retry=2 file=D:\Qoder\测试开发平台\backend\runtime\knowledge_uploads\20260316070048_299739f540944ef1be8ec41af90f8df6.xyz
[2026-03-16 15:32:40,324: ERROR/MainProcess] 离线解析任务异常 doc_id=133 task_id=3717623f-7b95-4726-8e79-64bc37361ba1 retry=2/2 err=Exception information must include the exception type
Traceback (most recent call last):
  File "C:\Users\Administrator\AppData\Roaming\Python\Python311\site-packages\celery\backends\base.py", line 453, in exception_to_python
    exc_type = exc['exc_type']
               ~~~^^^^^^^^^^^^
KeyError: 'exc_type'

The above exception was the direct cause of the following exception:

Traceback (most recent call last):
  File "D:\Qoder\测试开发平台\backend\modules\tasks.py", line 97, in parse_knowledge_document_task
    self.update_state(
  File "C:\Users\Administrator\AppData\Roaming\Python\Python311\site-packages\celery\app\task.py", line 1033, in update_state
    self.backend.store_result(
  File "C:\Users\Administrator\AppData\Roaming\Python\Python311\site-packages\celery\backends\base.py", line 625, in store_result
    self._store_result(task_id, result, state, traceback,
  File "C:\Users\Administrator\AppData\Roaming\Python\Python311\site-packages\celery\backends\base.py", line 1074, in _store_result
    current_meta = self._get_task_meta_for(task_id)
                   ^^^^^^^^^^^^^^^^^^^^^^^^^^^^^^^^
  File "C:\Users\Administrator\AppData\Roaming\Python\Python311\site-packages\celery\backends\base.py", line 1099, in _get_task_meta_for
    return self.decode_result(meta)
           ^^^^^^^^^^^^^^^^^^^^^^^^
  File "C:\Users\Administrator\AppData\Roaming\Python\Python311\site-packages\celery\backends\base.py", line 524, in decode_result
    return self.meta_from_decoded(self.decode(payload))
           ^^^^^^^^^^^^^^^^^^^^^^^^^^^^^^^^^^^^^^^^^^^^
  File "C:\Users\Administrator\AppData\Roaming\Python\Python311\site-packages\celery\backends\base.py", line 520, in meta_from_decoded
    meta['result'] = self.exception_to_python(meta['result'])
                     ^^^^^^^^^^^^^^^^^^^^^^^^^^^^^^^^^^^^^^^^
  File "C:\Users\Administrator\AppData\Roaming\Python\Python311\site-packages\celery\backends\base.py", line 455, in exception_to_python
    raise ValueError("Exception information must include "
ValueError: Exception information must include the exception type
[2026-03-16 15:32:40,339: ERROR/MainProcess] Timer error: ValueError('Exception information must include the exception type')
Traceback (most recent call last):
  File "C:\Users\Administrator\AppData\Roaming\Python\Python311\site-packages\celery\backends\base.py", line 453, in exception_to_python
    exc_type = exc['exc_type']
               ~~~^^^^^^^^^^^^
KeyError: 'exc_type'

The above exception was the direct cause of the following exception:

Traceback (most recent call last):
  File "C:\Users\Administrator\AppData\Roaming\Python\Python311\site-packages\celery\app\trace.py", line 479, in trace_task
    R = retval = fun(*args, **kwargs)
                 ^^^^^^^^^^^^^^^^^^^^
  File "C:\Users\Administrator\AppData\Roaming\Python\Python311\site-packages\celery\app\trace.py", line 779, in __protected_call__
    return self.run(*args, **kwargs)
           ^^^^^^^^^^^^^^^^^^^^^^^^^
  File "D:\Qoder\测试开发平台\backend\modules\tasks.py", line 170, in parse_knowledge_document_task
    raise e
  File "D:\Qoder\测试开发平台\backend\modules\tasks.py", line 97, in parse_knowledge_document_task
    self.update_state(
  File "C:\Users\Administrator\AppData\Roaming\Python\Python311\site-packages\celery\app\task.py", line 1033, in update_state
    self.backend.store_result(
  File "C:\Users\Administrator\AppData\Roaming\Python\Python311\site-packages\celery\backends\base.py", line 625, in store_result
    self._store_result(task_id, result, state, traceback,
  File "C:\Users\Administrator\AppData\Roaming\Python\Python311\site-packages\celery\backends\base.py", line 1074, in _store_result
    current_meta = self._get_task_meta_for(task_id)
                   ^^^^^^^^^^^^^^^^^^^^^^^^^^^^^^^^
  File "C:\Users\Administrator\AppData\Roaming\Python\Python311\site-packages\celery\backends\base.py", line 1099, in _get_task_meta_for
    return self.decode_result(meta)
           ^^^^^^^^^^^^^^^^^^^^^^^^
  File "C:\Users\Administrator\AppData\Roaming\Python\Python311\site-packages\celery\backends\base.py", line 524, in decode_result
    return self.meta_from_decoded(self.decode(payload))
           ^^^^^^^^^^^^^^^^^^^^^^^^^^^^^^^^^^^^^^^^^^^^
  File "C:\Users\Administrator\AppData\Roaming\Python\Python311\site-packages\celery\backends\base.py", line 520, in meta_from_decoded
    meta['result'] = self.exception_to_python(meta['result'])
                     ^^^^^^^^^^^^^^^^^^^^^^^^^^^^^^^^^^^^^^^^
  File "C:\Users\Administrator\AppData\Roaming\Python\Python311\site-packages\celery\backends\base.py", line 455, in exception_to_python
    raise ValueError("Exception information must include "
ValueError: Exception information must include the exception type

During handling of the above exception, another exception occurred:

Traceback (most recent call last):
  File "C:\Users\Administrator\AppData\Roaming\Python\Python311\site-packages\celery\backends\base.py", line 453, in exception_to_python
    exc_type = exc['exc_type']
               ~~~^^^^^^^^^^^^
KeyError: 'exc_type'

The above exception was the direct cause of the following exception:

Traceback (most recent call last):
  File "C:\Users\Administrator\AppData\Roaming\Python\Python311\site-packages\celery\app\trace.py", line 499, in trace_task
    I, R, state, retval = on_error(task_request, exc)
                          ^^^^^^^^^^^^^^^^^^^^^^^^^^^
  File "C:\Users\Administrator\AppData\Roaming\Python\Python311\site-packages\celery\app\trace.py", line 407, in on_error
    R = I.handle_error_state(
        ^^^^^^^^^^^^^^^^^^^^^
  File "C:\Users\Administrator\AppData\Roaming\Python\Python311\site-packages\celery\app\trace.py", line 175, in handle_error_state
    return {
           ^
  File "C:\Users\Administrator\AppData\Roaming\Python\Python311\site-packages\celery\app\trace.py", line 236, in handle_failure
    task.backend.mark_as_failure(
  File "C:\Users\Administrator\AppData\Roaming\Python\Python311\site-packages\celery\backends\base.py", line 194, in mark_as_failure
    self.store_result(task_id, exc, state,
  File "C:\Users\Administrator\AppData\Roaming\Python\Python311\site-packages\celery\backends\base.py", line 625, in store_result
    self._store_result(task_id, result, state, traceback,
  File "C:\Users\Administrator\AppData\Roaming\Python\Python311\site-packages\celery\backends\base.py", line 1074, in _store_result
    current_meta = self._get_task_meta_for(task_id)
                   ^^^^^^^^^^^^^^^^^^^^^^^^^^^^^^^^
  File "C:\Users\Administrator\AppData\Roaming\Python\Python311\site-packages\celery\backends\base.py", line 1099, in _get_task_meta_for
    return self.decode_result(meta)
           ^^^^^^^^^^^^^^^^^^^^^^^^
  File "C:\Users\Administrator\AppData\Roaming\Python\Python311\site-packages\celery\backends\base.py", line 524, in decode_result
    return self.meta_from_decoded(self.decode(payload))
           ^^^^^^^^^^^^^^^^^^^^^^^^^^^^^^^^^^^^^^^^^^^^
  File "C:\Users\Administrator\AppData\Roaming\Python\Python311\site-packages\celery\backends\base.py", line 520, in meta_from_decoded
    meta['result'] = self.exception_to_python(meta['result'])
                     ^^^^^^^^^^^^^^^^^^^^^^^^^^^^^^^^^^^^^^^^
  File "C:\Users\Administrator\AppData\Roaming\Python\Python311\site-packages\celery\backends\base.py", line 455, in exception_to_python
    raise ValueError("Exception information must include "
ValueError: Exception information must include the exception type

During handling of the above exception, another exception occurred:

Traceback (most recent call last):
  File "C:\Users\Administrator\AppData\Roaming\Python\Python311\site-packages\celery\backends\base.py", line 453, in exception_to_python
    exc_type = exc['exc_type']
               ~~~^^^^^^^^^^^^
KeyError: 'exc_type'

The above exception was the direct cause of the following exception:

Traceback (most recent call last):
  File "C:\Users\Administrator\AppData\Roaming\Python\Python311\site-packages\kombu\asynchronous\timer.py", line 177, in apply_entry
    entry()
  File "C:\Users\Administrator\AppData\Roaming\Python\Python311\site-packages\kombu\asynchronous\timer.py", line 70, in __call__
    return self.fun(*self.args, **self.kwargs)
           ^^^^^^^^^^^^^^^^^^^^^^^^^^^^^^^^^^^
  File "C:\Users\Administrator\AppData\Roaming\Python\Python311\site-packages\celery\worker\consumer\consumer.py", line 581, in apply_eta_task
    self.on_task_request(task)
  File "C:\Users\Administrator\AppData\Roaming\Python\Python311\site-packages\celery\worker\worker.py", line 226, in _process_task
    req.execute_using_pool(self.pool)
  File "C:\Users\Administrator\AppData\Roaming\Python\Python311\site-packages\celery\worker\request.py", line 767, in execute_using_pool
    result = apply_async(
             ^^^^^^^^^^^^
  File "C:\Users\Administrator\AppData\Roaming\Python\Python311\site-packages\celery\concurrency\base.py", line 153, in apply_async
    return self.on_apply(target, args, kwargs,
           ^^^^^^^^^^^^^^^^^^^^^^^^^^^^^^^^^^^
  File "C:\Users\Administrator\AppData\Roaming\Python\Python311\site-packages\celery\concurrency\base.py", line 30, in apply_target
    ret = target(*args, **kwargs)
          ^^^^^^^^^^^^^^^^^^^^^^^
  File "C:\Users\Administrator\AppData\Roaming\Python\Python311\site-packages\celery\app\trace.py", line 694, in fast_trace_task
    R, I, T, Rstr = tasks[task].__trace__(
                    ^^^^^^^^^^^^^^^^^^^^^^
  File "C:\Users\Administrator\AppData\Roaming\Python\Python311\site-packages\celery\app\trace.py", line 606, in trace_task
    I, _, _, _ = on_error(task_request, exc)
                 ^^^^^^^^^^^^^^^^^^^^^^^^^^^
  File "C:\Users\Administrator\AppData\Roaming\Python\Python311\site-packages\celery\app\trace.py", line 407, in on_error
    R = I.handle_error_state(
        ^^^^^^^^^^^^^^^^^^^^^
  File "C:\Users\Administrator\AppData\Roaming\Python\Python311\site-packages\celery\app\trace.py", line 175, in handle_error_state
    return {
           ^
  File "C:\Users\Administrator\AppData\Roaming\Python\Python311\site-packages\celery\app\trace.py", line 236, in handle_failure
    task.backend.mark_as_failure(
  File "C:\Users\Administrator\AppData\Roaming\Python\Python311\site-packages\celery\backends\base.py", line 194, in mark_as_failure
    self.store_result(task_id, exc, state,
  File "C:\Users\Administrator\AppData\Roaming\Python\Python311\site-packages\celery\backends\base.py", line 625, in store_result
    self._store_result(task_id, result, state, traceback,
  File "C:\Users\Administrator\AppData\Roaming\Python\Python311\site-packages\celery\backends\base.py", line 1074, in _store_result
    current_meta = self._get_task_meta_for(task_id)
                   ^^^^^^^^^^^^^^^^^^^^^^^^^^^^^^^^
  File "C:\Users\Administrator\AppData\Roaming\Python\Python311\site-packages\celery\backends\base.py", line 1099, in _get_task_meta_for
    return self.decode_result(meta)
           ^^^^^^^^^^^^^^^^^^^^^^^^
  File "C:\Users\Administrator\AppData\Roaming\Python\Python311\site-packages\celery\backends\base.py", line 524, in decode_result
    return self.meta_from_decoded(self.decode(payload))
           ^^^^^^^^^^^^^^^^^^^^^^^^^^^^^^^^^^^^^^^^^^^^
  File "C:\Users\Administrator\AppData\Roaming\Python\Python311\site-packages\celery\backends\base.py", line 520, in meta_from_decoded
    meta['result'] = self.exception_to_python(meta['result'])
                     ^^^^^^^^^^^^^^^^^^^^^^^^^^^^^^^^^^^^^^^^
  File "C:\Users\Administrator\AppData\Roaming\Python\Python311\site-packages\celery\backends\base.py", line 455, in exception_to_python
    raise ValueError("Exception information must include "
ValueError: Exception information must include the exception type
[2026-03-16 15:32:40,341: INFO/MainProcess] 离线解析任务启动 doc_id=134 task_id=678f37e9-0fe6-438a-9e9c-e7404a83da73 retry=2 file=D:\Qoder\测试开发平台\backend\runtime\knowledge_uploads\20260316070105_5781c9f2fada4ed89f35a53177c35254.pdf
[2026-03-16 15:32:40,342: ERROR/MainProcess] 离线解析任务异常 doc_id=134 task_id=678f37e9-0fe6-438a-9e9c-e7404a83da73 retry=2/2 err=Exception information must include the exception type
Traceback (most recent call last):
  File "C:\Users\Administrator\AppData\Roaming\Python\Python311\site-packages\celery\backends\base.py", line 453, in exception_to_python
    exc_type = exc['exc_type']
               ~~~^^^^^^^^^^^^
KeyError: 'exc_type'

The above exception was the direct cause of the following exception:

Traceback (most recent call last):
  File "D:\Qoder\测试开发平台\backend\modules\tasks.py", line 97, in parse_knowledge_document_task
    self.update_state(
  File "C:\Users\Administrator\AppData\Roaming\Python\Python311\site-packages\celery\app\task.py", line 1033, in update_state
    self.backend.store_result(
  File "C:\Users\Administrator\AppData\Roaming\Python\Python311\site-packages\celery\backends\base.py", line 625, in store_result
    self._store_result(task_id, result, state, traceback,
  File "C:\Users\Administrator\AppData\Roaming\Python\Python311\site-packages\celery\backends\base.py", line 1074, in _store_result
    current_meta = self._get_task_meta_for(task_id)
                   ^^^^^^^^^^^^^^^^^^^^^^^^^^^^^^^^
  File "C:\Users\Administrator\AppData\Roaming\Python\Python311\site-packages\celery\backends\base.py", line 1099, in _get_task_meta_for
    return self.decode_result(meta)
           ^^^^^^^^^^^^^^^^^^^^^^^^
  File "C:\Users\Administrator\AppData\Roaming\Python\Python311\site-packages\celery\backends\base.py", line 524, in decode_result
    return self.meta_from_decoded(self.decode(payload))
           ^^^^^^^^^^^^^^^^^^^^^^^^^^^^^^^^^^^^^^^^^^^^
  File "C:\Users\Administrator\AppData\Roaming\Python\Python311\site-packages\celery\backends\base.py", line 520, in meta_from_decoded
    meta['result'] = self.exception_to_python(meta['result'])
                     ^^^^^^^^^^^^^^^^^^^^^^^^^^^^^^^^^^^^^^^^
  File "C:\Users\Administrator\AppData\Roaming\Python\Python311\site-packages\celery\backends\base.py", line 455, in exception_to_python
    raise ValueError("Exception information must include "
ValueError: Exception information must include the exception type
[2026-03-16 15:32:40,352: ERROR/MainProcess] Timer error: ValueError('Exception information must include the exception type')
Traceback (most recent call last):
  File "C:\Users\Administrator\AppData\Roaming\Python\Python311\site-packages\celery\backends\base.py", line 453, in exception_to_python
    exc_type = exc['exc_type']
               ~~~^^^^^^^^^^^^
KeyError: 'exc_type'

The above exception was the direct cause of the following exception:

Traceback (most recent call last):
  File "C:\Users\Administrator\AppData\Roaming\Python\Python311\site-packages\celery\app\trace.py", line 479, in trace_task
    R = retval = fun(*args, **kwargs)
                 ^^^^^^^^^^^^^^^^^^^^
  File "C:\Users\Administrator\AppData\Roaming\Python\Python311\site-packages\celery\app\trace.py", line 779, in __protected_call__
    return self.run(*args, **kwargs)
           ^^^^^^^^^^^^^^^^^^^^^^^^^
  File "D:\Qoder\测试开发平台\backend\modules\tasks.py", line 170, in parse_knowledge_document_task
    raise e
  File "D:\Qoder\测试开发平台\backend\modules\tasks.py", line 97, in parse_knowledge_document_task
    self.update_state(
  File "C:\Users\Administrator\AppData\Roaming\Python\Python311\site-packages\celery\app\task.py", line 1033, in update_state
    self.backend.store_result(
  File "C:\Users\Administrator\AppData\Roaming\Python\Python311\site-packages\celery\backends\base.py", line 625, in store_result
    self._store_result(task_id, result, state, traceback,
  File "C:\Users\Administrator\AppData\Roaming\Python\Python311\site-packages\celery\backends\base.py", line 1074, in _store_result
    current_meta = self._get_task_meta_for(task_id)
                   ^^^^^^^^^^^^^^^^^^^^^^^^^^^^^^^^
  File "C:\Users\Administrator\AppData\Roaming\Python\Python311\site-packages\celery\backends\base.py", line 1099, in _get_task_meta_for
    return self.decode_result(meta)
           ^^^^^^^^^^^^^^^^^^^^^^^^
  File "C:\Users\Administrator\AppData\Roaming\Python\Python311\site-packages\celery\backends\base.py", line 524, in decode_result
    return self.meta_from_decoded(self.decode(payload))
           ^^^^^^^^^^^^^^^^^^^^^^^^^^^^^^^^^^^^^^^^^^^^
  File "C:\Users\Administrator\AppData\Roaming\Python\Python311\site-packages\celery\backends\base.py", line 520, in meta_from_decoded
    meta['result'] = self.exception_to_python(meta['result'])
                     ^^^^^^^^^^^^^^^^^^^^^^^^^^^^^^^^^^^^^^^^
  File "C:\Users\Administrator\AppData\Roaming\Python\Python311\site-packages\celery\backends\base.py", line 455, in exception_to_python
    raise ValueError("Exception information must include "
ValueError: Exception information must include the exception type

During handling of the above exception, another exception occurred:

Traceback (most recent call last):
  File "C:\Users\Administrator\AppData\Roaming\Python\Python311\site-packages\celery\backends\base.py", line 453, in exception_to_python
    exc_type = exc['exc_type']
               ~~~^^^^^^^^^^^^
KeyError: 'exc_type'

The above exception was the direct cause of the following exception:

Traceback (most recent call last):
  File "C:\Users\Administrator\AppData\Roaming\Python\Python311\site-packages\celery\app\trace.py", line 499, in trace_task
    I, R, state, retval = on_error(task_request, exc)
                          ^^^^^^^^^^^^^^^^^^^^^^^^^^^
  File "C:\Users\Administrator\AppData\Roaming\Python\Python311\site-packages\celery\app\trace.py", line 407, in on_error
    R = I.handle_error_state(
        ^^^^^^^^^^^^^^^^^^^^^
  File "C:\Users\Administrator\AppData\Roaming\Python\Python311\site-packages\celery\app\trace.py", line 175, in handle_error_state
    return {
           ^
  File "C:\Users\Administrator\AppData\Roaming\Python\Python311\site-packages\celery\app\trace.py", line 236, in handle_failure
    task.backend.mark_as_failure(
  File "C:\Users\Administrator\AppData\Roaming\Python\Python311\site-packages\celery\backends\base.py", line 194, in mark_as_failure
    self.store_result(task_id, exc, state,
  File "C:\Users\Administrator\AppData\Roaming\Python\Python311\site-packages\celery\backends\base.py", line 625, in store_result
    self._store_result(task_id, result, state, traceback,
  File "C:\Users\Administrator\AppData\Roaming\Python\Python311\site-packages\celery\backends\base.py", line 1074, in _store_result
    current_meta = self._get_task_meta_for(task_id)
                   ^^^^^^^^^^^^^^^^^^^^^^^^^^^^^^^^
  File "C:\Users\Administrator\AppData\Roaming\Python\Python311\site-packages\celery\backends\base.py", line 1099, in _get_task_meta_for
    return self.decode_result(meta)
           ^^^^^^^^^^^^^^^^^^^^^^^^
  File "C:\Users\Administrator\AppData\Roaming\Python\Python311\site-packages\celery\backends\base.py", line 524, in decode_result
    return self.meta_from_decoded(self.decode(payload))
           ^^^^^^^^^^^^^^^^^^^^^^^^^^^^^^^^^^^^^^^^^^^^
  File "C:\Users\Administrator\AppData\Roaming\Python\Python311\site-packages\celery\backends\base.py", line 520, in meta_from_decoded
    meta['result'] = self.exception_to_python(meta['result'])
                     ^^^^^^^^^^^^^^^^^^^^^^^^^^^^^^^^^^^^^^^^
  File "C:\Users\Administrator\AppData\Roaming\Python\Python311\site-packages\celery\backends\base.py", line 455, in exception_to_python
    raise ValueError("Exception information must include "
ValueError: Exception information must include the exception type

During handling of the above exception, another exception occurred:

Traceback (most recent call last):
  File "C:\Users\Administrator\AppData\Roaming\Python\Python311\site-packages\celery\backends\base.py", line 453, in exception_to_python
    exc_type = exc['exc_type']
               ~~~^^^^^^^^^^^^
KeyError: 'exc_type'

The above exception was the direct cause of the following exception:

Traceback (most recent call last):
  File "C:\Users\Administrator\AppData\Roaming\Python\Python311\site-packages\kombu\asynchronous\timer.py", line 177, in apply_entry
    entry()
  File "C:\Users\Administrator\AppData\Roaming\Python\Python311\site-packages\kombu\asynchronous\timer.py", line 70, in __call__
    return self.fun(*self.args, **self.kwargs)
           ^^^^^^^^^^^^^^^^^^^^^^^^^^^^^^^^^^^
  File "C:\Users\Administrator\AppData\Roaming\Python\Python311\site-packages\celery\worker\consumer\consumer.py", line 581, in apply_eta_task
    self.on_task_request(task)
  File "C:\Users\Administrator\AppData\Roaming\Python\Python311\site-packages\celery\worker\worker.py", line 226, in _process_task
    req.execute_using_pool(self.pool)
  File "C:\Users\Administrator\AppData\Roaming\Python\Python311\site-packages\celery\worker\request.py", line 767, in execute_using_pool
    result = apply_async(
             ^^^^^^^^^^^^
  File "C:\Users\Administrator\AppData\Roaming\Python\Python311\site-packages\celery\concurrency\base.py", line 153, in apply_async
    return self.on_apply(target, args, kwargs,
           ^^^^^^^^^^^^^^^^^^^^^^^^^^^^^^^^^^^
  File "C:\Users\Administrator\AppData\Roaming\Python\Python311\site-packages\celery\concurrency\base.py", line 30, in apply_target
    ret = target(*args, **kwargs)
          ^^^^^^^^^^^^^^^^^^^^^^^
  File "C:\Users\Administrator\AppData\Roaming\Python\Python311\site-packages\celery\app\trace.py", line 694, in fast_trace_task
    R, I, T, Rstr = tasks[task].__trace__(
                    ^^^^^^^^^^^^^^^^^^^^^^
  File "C:\Users\Administrator\AppData\Roaming\Python\Python311\site-packages\celery\app\trace.py", line 606, in trace_task
    I, _, _, _ = on_error(task_request, exc)
                 ^^^^^^^^^^^^^^^^^^^^^^^^^^^
  File "C:\Users\Administrator\AppData\Roaming\Python\Python311\site-packages\celery\app\trace.py", line 407, in on_error
    R = I.handle_error_state(
        ^^^^^^^^^^^^^^^^^^^^^
  File "C:\Users\Administrator\AppData\Roaming\Python\Python311\site-packages\celery\app\trace.py", line 175, in handle_error_state
    return {
           ^
  File "C:\Users\Administrator\AppData\Roaming\Python\Python311\site-packages\celery\app\trace.py", line 236, in handle_failure
    task.backend.mark_as_failure(
  File "C:\Users\Administrator\AppData\Roaming\Python\Python311\site-packages\celery\backends\base.py", line 194, in mark_as_failure
    self.store_result(task_id, exc, state,
  File "C:\Users\Administrator\AppData\Roaming\Python\Python311\site-packages\celery\backends\base.py", line 625, in store_result
    self._store_result(task_id, result, state, traceback,
  File "C:\Users\Administrator\AppData\Roaming\Python\Python311\site-packages\celery\backends\base.py", line 1074, in _store_result
    current_meta = self._get_task_meta_for(task_id)
                   ^^^^^^^^^^^^^^^^^^^^^^^^^^^^^^^^
  File "C:\Users\Administrator\AppData\Roaming\Python\Python311\site-packages\celery\backends\base.py", line 1099, in _get_task_meta_for
    return self.decode_result(meta)
           ^^^^^^^^^^^^^^^^^^^^^^^^
  File "C:\Users\Administrator\AppData\Roaming\Python\Python311\site-packages\celery\backends\base.py", line 524, in decode_result
    return self.meta_from_decoded(self.decode(payload))
           ^^^^^^^^^^^^^^^^^^^^^^^^^^^^^^^^^^^^^^^^^^^^
  File "C:\Users\Administrator\AppData\Roaming\Python\Python311\site-packages\celery\backends\base.py", line 520, in meta_from_decoded
    meta['result'] = self.exception_to_python(meta['result'])
                     ^^^^^^^^^^^^^^^^^^^^^^^^^^^^^^^^^^^^^^^^
  File "C:\Users\Administrator\AppData\Roaming\Python\Python311\site-packages\celery\backends\base.py", line 455, in exception_to_python
    raise ValueError("Exception information must include "
ValueError: Exception information must include the exception type
[2026-03-16 15:32:40,354: INFO/MainProcess] 离线解析任务启动 doc_id=136 task_id=a94e6a05-75ea-41ff-8e3f-9ca7539789a3 retry=2 file=D:\Qoder\测试开发平台\backend\runtime\knowledge_uploads\20260316070130_ed37457787934f668555eeb76aa58cbf.txt
[2026-03-16 15:32:40,355: ERROR/MainProcess] 离线解析任务异常 doc_id=136 task_id=a94e6a05-75ea-41ff-8e3f-9ca7539789a3 retry=2/2 err=Exception information must include the exception type
Traceback (most recent call last):
  File "C:\Users\Administrator\AppData\Roaming\Python\Python311\site-packages\celery\backends\base.py", line 453, in exception_to_python
    exc_type = exc['exc_type']
               ~~~^^^^^^^^^^^^
KeyError: 'exc_type'

The above exception was the direct cause of the following exception:

Traceback (most recent call last):
  File "D:\Qoder\测试开发平台\backend\modules\tasks.py", line 97, in parse_knowledge_document_task
    self.update_state(
  File "C:\Users\Administrator\AppData\Roaming\Python\Python311\site-packages\celery\app\task.py", line 1033, in update_state
    self.backend.store_result(
  File "C:\Users\Administrator\AppData\Roaming\Python\Python311\site-packages\celery\backends\base.py", line 625, in store_result
    self._store_result(task_id, result, state, traceback,
  File "C:\Users\Administrator\AppData\Roaming\Python\Python311\site-packages\celery\backends\base.py", line 1074, in _store_result
    current_meta = self._get_task_meta_for(task_id)
                   ^^^^^^^^^^^^^^^^^^^^^^^^^^^^^^^^
  File "C:\Users\Administrator\AppData\Roaming\Python\Python311\site-packages\celery\backends\base.py", line 1099, in _get_task_meta_for
    return self.decode_result(meta)
           ^^^^^^^^^^^^^^^^^^^^^^^^
  File "C:\Users\Administrator\AppData\Roaming\Python\Python311\site-packages\celery\backends\base.py", line 524, in decode_result
    return self.meta_from_decoded(self.decode(payload))
           ^^^^^^^^^^^^^^^^^^^^^^^^^^^^^^^^^^^^^^^^^^^^
  File "C:\Users\Administrator\AppData\Roaming\Python\Python311\site-packages\celery\backends\base.py", line 520, in meta_from_decoded
    meta['result'] = self.exception_to_python(meta['result'])
                     ^^^^^^^^^^^^^^^^^^^^^^^^^^^^^^^^^^^^^^^^
  File "C:\Users\Administrator\AppData\Roaming\Python\Python311\site-packages\celery\backends\base.py", line 455, in exception_to_python
    raise ValueError("Exception information must include "
ValueError: Exception information must include the exception type
[2026-03-16 15:32:40,368: ERROR/MainProcess] Timer error: ValueError('Exception information must include the exception type')
Traceback (most recent call last):
  File "C:\Users\Administrator\AppData\Roaming\Python\Python311\site-packages\celery\backends\base.py", line 453, in exception_to_python
    exc_type = exc['exc_type']
               ~~~^^^^^^^^^^^^
KeyError: 'exc_type'

The above exception was the direct cause of the following exception:

Traceback (most recent call last):
  File "C:\Users\Administrator\AppData\Roaming\Python\Python311\site-packages\celery\app\trace.py", line 479, in trace_task
    R = retval = fun(*args, **kwargs)
                 ^^^^^^^^^^^^^^^^^^^^
  File "C:\Users\Administrator\AppData\Roaming\Python\Python311\site-packages\celery\app\trace.py", line 779, in __protected_call__
    return self.run(*args, **kwargs)
           ^^^^^^^^^^^^^^^^^^^^^^^^^
  File "D:\Qoder\测试开发平台\backend\modules\tasks.py", line 170, in parse_knowledge_document_task
    raise e
  File "D:\Qoder\测试开发平台\backend\modules\tasks.py", line 97, in parse_knowledge_document_task
    self.update_state(
  File "C:\Users\Administrator\AppData\Roaming\Python\Python311\site-packages\celery\app\task.py", line 1033, in update_state
    self.backend.store_result(
  File "C:\Users\Administrator\AppData\Roaming\Python\Python311\site-packages\celery\backends\base.py", line 625, in store_result
    self._store_result(task_id, result, state, traceback,
  File "C:\Users\Administrator\AppData\Roaming\Python\Python311\site-packages\celery\backends\base.py", line 1074, in _store_result
    current_meta = self._get_task_meta_for(task_id)
                   ^^^^^^^^^^^^^^^^^^^^^^^^^^^^^^^^
  File "C:\Users\Administrator\AppData\Roaming\Python\Python311\site-packages\celery\backends\base.py", line 1099, in _get_task_meta_for
    return self.decode_result(meta)
           ^^^^^^^^^^^^^^^^^^^^^^^^
  File "C:\Users\Administrator\AppData\Roaming\Python\Python311\site-packages\celery\backends\base.py", line 524, in decode_result
    return self.meta_from_decoded(self.decode(payload))
           ^^^^^^^^^^^^^^^^^^^^^^^^^^^^^^^^^^^^^^^^^^^^
  File "C:\Users\Administrator\AppData\Roaming\Python\Python311\site-packages\celery\backends\base.py", line 520, in meta_from_decoded
    meta['result'] = self.exception_to_python(meta['result'])
                     ^^^^^^^^^^^^^^^^^^^^^^^^^^^^^^^^^^^^^^^^
  File "C:\Users\Administrator\AppData\Roaming\Python\Python311\site-packages\celery\backends\base.py", line 455, in exception_to_python
    raise ValueError("Exception information must include "
ValueError: Exception information must include the exception type

During handling of the above exception, another exception occurred:

Traceback (most recent call last):
  File "C:\Users\Administrator\AppData\Roaming\Python\Python311\site-packages\celery\backends\base.py", line 453, in exception_to_python
    exc_type = exc['exc_type']
               ~~~^^^^^^^^^^^^
KeyError: 'exc_type'

The above exception was the direct cause of the following exception:

Traceback (most recent call last):
  File "C:\Users\Administrator\AppData\Roaming\Python\Python311\site-packages\celery\app\trace.py", line 499, in trace_task
    I, R, state, retval = on_error(task_request, exc)
                          ^^^^^^^^^^^^^^^^^^^^^^^^^^^
  File "C:\Users\Administrator\AppData\Roaming\Python\Python311\site-packages\celery\app\trace.py", line 407, in on_error
    R = I.handle_error_state(
        ^^^^^^^^^^^^^^^^^^^^^
  File "C:\Users\Administrator\AppData\Roaming\Python\Python311\site-packages\celery\app\trace.py", line 175, in handle_error_state
    return {
           ^
  File "C:\Users\Administrator\AppData\Roaming\Python\Python311\site-packages\celery\app\trace.py", line 236, in handle_failure
    task.backend.mark_as_failure(
  File "C:\Users\Administrator\AppData\Roaming\Python\Python311\site-packages\celery\backends\base.py", line 194, in mark_as_failure
    self.store_result(task_id, exc, state,
  File "C:\Users\Administrator\AppData\Roaming\Python\Python311\site-packages\celery\backends\base.py", line 625, in store_result
    self._store_result(task_id, result, state, traceback,
  File "C:\Users\Administrator\AppData\Roaming\Python\Python311\site-packages\celery\backends\base.py", line 1074, in _store_result
    current_meta = self._get_task_meta_for(task_id)
                   ^^^^^^^^^^^^^^^^^^^^^^^^^^^^^^^^
  File "C:\Users\Administrator\AppData\Roaming\Python\Python311\site-packages\celery\backends\base.py", line 1099, in _get_task_meta_for
    return self.decode_result(meta)
           ^^^^^^^^^^^^^^^^^^^^^^^^
  File "C:\Users\Administrator\AppData\Roaming\Python\Python311\site-packages\celery\backends\base.py", line 524, in decode_result
    return self.meta_from_decoded(self.decode(payload))
           ^^^^^^^^^^^^^^^^^^^^^^^^^^^^^^^^^^^^^^^^^^^^
  File "C:\Users\Administrator\AppData\Roaming\Python\Python311\site-packages\celery\backends\base.py", line 520, in meta_from_decoded
    meta['result'] = self.exception_to_python(meta['result'])
                     ^^^^^^^^^^^^^^^^^^^^^^^^^^^^^^^^^^^^^^^^
  File "C:\Users\Administrator\AppData\Roaming\Python\Python311\site-packages\celery\backends\base.py", line 455, in exception_to_python
    raise ValueError("Exception information must include "
ValueError: Exception information must include the exception type

During handling of the above exception, another exception occurred:

Traceback (most recent call last):
  File "C:\Users\Administrator\AppData\Roaming\Python\Python311\site-packages\celery\backends\base.py", line 453, in exception_to_python
    exc_type = exc['exc_type']
               ~~~^^^^^^^^^^^^
KeyError: 'exc_type'

The above exception was the direct cause of the following exception:

Traceback (most recent call last):
  File "C:\Users\Administrator\AppData\Roaming\Python\Python311\site-packages\kombu\asynchronous\timer.py", line 177, in apply_entry
    entry()
  File "C:\Users\Administrator\AppData\Roaming\Python\Python311\site-packages\kombu\asynchronous\timer.py", line 70, in __call__
    return self.fun(*self.args, **self.kwargs)
           ^^^^^^^^^^^^^^^^^^^^^^^^^^^^^^^^^^^
  File "C:\Users\Administrator\AppData\Roaming\Python\Python311\site-packages\celery\worker\consumer\consumer.py", line 581, in apply_eta_task
    self.on_task_request(task)
  File "C:\Users\Administrator\AppData\Roaming\Python\Python311\site-packages\celery\worker\worker.py", line 226, in _process_task
    req.execute_using_pool(self.pool)
  File "C:\Users\Administrator\AppData\Roaming\Python\Python311\site-packages\celery\worker\request.py", line 767, in execute_using_pool
    result = apply_async(
             ^^^^^^^^^^^^
  File "C:\Users\Administrator\AppData\Roaming\Python\Python311\site-packages\celery\concurrency\base.py", line 153, in apply_async
    return self.on_apply(target, args, kwargs,
           ^^^^^^^^^^^^^^^^^^^^^^^^^^^^^^^^^^^
  File "C:\Users\Administrator\AppData\Roaming\Python\Python311\site-packages\celery\concurrency\base.py", line 30, in apply_target
    ret = target(*args, **kwargs)
          ^^^^^^^^^^^^^^^^^^^^^^^
  File "C:\Users\Administrator\AppData\Roaming\Python\Python311\site-packages\celery\app\trace.py", line 694, in fast_trace_task
    R, I, T, Rstr = tasks[task].__trace__(
                    ^^^^^^^^^^^^^^^^^^^^^^
  File "C:\Users\Administrator\AppData\Roaming\Python\Python311\site-packages\celery\app\trace.py", line 606, in trace_task
    I, _, _, _ = on_error(task_request, exc)
                 ^^^^^^^^^^^^^^^^^^^^^^^^^^^
  File "C:\Users\Administrator\AppData\Roaming\Python\Python311\site-packages\celery\app\trace.py", line 407, in on_error
    R = I.handle_error_state(
        ^^^^^^^^^^^^^^^^^^^^^
  File "C:\Users\Administrator\AppData\Roaming\Python\Python311\site-packages\celery\app\trace.py", line 175, in handle_error_state
    return {
           ^
  File "C:\Users\Administrator\AppData\Roaming\Python\Python311\site-packages\celery\app\trace.py", line 236, in handle_failure
    task.backend.mark_as_failure(
  File "C:\Users\Administrator\AppData\Roaming\Python\Python311\site-packages\celery\backends\base.py", line 194, in mark_as_failure
    self.store_result(task_id, exc, state,
  File "C:\Users\Administrator\AppData\Roaming\Python\Python311\site-packages\celery\backends\base.py", line 625, in store_result
    self._store_result(task_id, result, state, traceback,
  File "C:\Users\Administrator\AppData\Roaming\Python\Python311\site-packages\celery\backends\base.py", line 1074, in _store_result
    current_meta = self._get_task_meta_for(task_id)
                   ^^^^^^^^^^^^^^^^^^^^^^^^^^^^^^^^
  File "C:\Users\Administrator\AppData\Roaming\Python\Python311\site-packages\celery\backends\base.py", line 1099, in _get_task_meta_for
    return self.decode_result(meta)
           ^^^^^^^^^^^^^^^^^^^^^^^^
  File "C:\Users\Administrator\AppData\Roaming\Python\Python311\site-packages\celery\backends\base.py", line 524, in decode_result
    return self.meta_from_decoded(self.decode(payload))
           ^^^^^^^^^^^^^^^^^^^^^^^^^^^^^^^^^^^^^^^^^^^^
  File "C:\Users\Administrator\AppData\Roaming\Python\Python311\site-packages\celery\backends\base.py", line 520, in meta_from_decoded
    meta['result'] = self.exception_to_python(meta['result'])
                     ^^^^^^^^^^^^^^^^^^^^^^^^^^^^^^^^^^^^^^^^
  File "C:\Users\Administrator\AppData\Roaming\Python\Python311\site-packages\celery\backends\base.py", line 455, in exception_to_python
    raise ValueError("Exception information must include "
ValueError: Exception information must include the exception type
[2026-03-16 15:32:40,369: INFO/MainProcess] 离线解析任务启动 doc_id=137 task_id=a6f71e04-fbbc-41b8-831d-c9d72c10993b retry=2 file=D:\Qoder\测试开发平台\backend\runtime\knowledge_uploads\20260316070147_912f85cd7d6e42a5833372e6e323748d.txt
[2026-03-16 15:32:40,370: ERROR/MainProcess] 离线解析任务异常 doc_id=137 task_id=a6f71e04-fbbc-41b8-831d-c9d72c10993b retry=2/2 err=Exception information must include the exception type
Traceback (most recent call last):
  File "C:\Users\Administrator\AppData\Roaming\Python\Python311\site-packages\celery\backends\base.py", line 453, in exception_to_python
    exc_type = exc['exc_type']
               ~~~^^^^^^^^^^^^
KeyError: 'exc_type'

The above exception was the direct cause of the following exception:

Traceback (most recent call last):
  File "D:\Qoder\测试开发平台\backend\modules\tasks.py", line 97, in parse_knowledge_document_task
    self.update_state(
  File "C:\Users\Administrator\AppData\Roaming\Python\Python311\site-packages\celery\app\task.py", line 1033, in update_state
    self.backend.store_result(
  File "C:\Users\Administrator\AppData\Roaming\Python\Python311\site-packages\celery\backends\base.py", line 625, in store_result
    self._store_result(task_id, result, state, traceback,
  File "C:\Users\Administrator\AppData\Roaming\Python\Python311\site-packages\celery\backends\base.py", line 1074, in _store_result
    current_meta = self._get_task_meta_for(task_id)
                   ^^^^^^^^^^^^^^^^^^^^^^^^^^^^^^^^
  File "C:\Users\Administrator\AppData\Roaming\Python\Python311\site-packages\celery\backends\base.py", line 1099, in _get_task_meta_for
    return self.decode_result(meta)
           ^^^^^^^^^^^^^^^^^^^^^^^^
  File "C:\Users\Administrator\AppData\Roaming\Python\Python311\site-packages\celery\backends\base.py", line 524, in decode_result
    return self.meta_from_decoded(self.decode(payload))
           ^^^^^^^^^^^^^^^^^^^^^^^^^^^^^^^^^^^^^^^^^^^^
  File "C:\Users\Administrator\AppData\Roaming\Python\Python311\site-packages\celery\backends\base.py", line 520, in meta_from_decoded
    meta['result'] = self.exception_to_python(meta['result'])
                     ^^^^^^^^^^^^^^^^^^^^^^^^^^^^^^^^^^^^^^^^
  File "C:\Users\Administrator\AppData\Roaming\Python\Python311\site-packages\celery\backends\base.py", line 455, in exception_to_python
    raise ValueError("Exception information must include "
ValueError: Exception information must include the exception type
[2026-03-16 15:32:40,380: ERROR/MainProcess] Timer error: ValueError('Exception information must include the exception type')
Traceback (most recent call last):
  File "C:\Users\Administrator\AppData\Roaming\Python\Python311\site-packages\celery\backends\base.py", line 453, in exception_to_python
    exc_type = exc['exc_type']
               ~~~^^^^^^^^^^^^
KeyError: 'exc_type'

The above exception was the direct cause of the following exception:

Traceback (most recent call last):
  File "C:\Users\Administrator\AppData\Roaming\Python\Python311\site-packages\celery\app\trace.py", line 479, in trace_task
    R = retval = fun(*args, **kwargs)
                 ^^^^^^^^^^^^^^^^^^^^
  File "C:\Users\Administrator\AppData\Roaming\Python\Python311\site-packages\celery\app\trace.py", line 779, in __protected_call__
    return self.run(*args, **kwargs)
           ^^^^^^^^^^^^^^^^^^^^^^^^^
  File "D:\Qoder\测试开发平台\backend\modules\tasks.py", line 170, in parse_knowledge_document_task
    raise e
  File "D:\Qoder\测试开发平台\backend\modules\tasks.py", line 97, in parse_knowledge_document_task
    self.update_state(
  File "C:\Users\Administrator\AppData\Roaming\Python\Python311\site-packages\celery\app\task.py", line 1033, in update_state
    self.backend.store_result(
  File "C:\Users\Administrator\AppData\Roaming\Python\Python311\site-packages\celery\backends\base.py", line 625, in store_result
    self._store_result(task_id, result, state, traceback,
  File "C:\Users\Administrator\AppData\Roaming\Python\Python311\site-packages\celery\backends\base.py", line 1074, in _store_result
    current_meta = self._get_task_meta_for(task_id)
                   ^^^^^^^^^^^^^^^^^^^^^^^^^^^^^^^^
  File "C:\Users\Administrator\AppData\Roaming\Python\Python311\site-packages\celery\backends\base.py", line 1099, in _get_task_meta_for
    return self.decode_result(meta)
           ^^^^^^^^^^^^^^^^^^^^^^^^
  File "C:\Users\Administrator\AppData\Roaming\Python\Python311\site-packages\celery\backends\base.py", line 524, in decode_result
    return self.meta_from_decoded(self.decode(payload))
           ^^^^^^^^^^^^^^^^^^^^^^^^^^^^^^^^^^^^^^^^^^^^
  File "C:\Users\Administrator\AppData\Roaming\Python\Python311\site-packages\celery\backends\base.py", line 520, in meta_from_decoded
    meta['result'] = self.exception_to_python(meta['result'])
                     ^^^^^^^^^^^^^^^^^^^^^^^^^^^^^^^^^^^^^^^^
  File "C:\Users\Administrator\AppData\Roaming\Python\Python311\site-packages\celery\backends\base.py", line 455, in exception_to_python
    raise ValueError("Exception information must include "
ValueError: Exception information must include the exception type

During handling of the above exception, another exception occurred:

Traceback (most recent call last):
  File "C:\Users\Administrator\AppData\Roaming\Python\Python311\site-packages\celery\backends\base.py", line 453, in exception_to_python
    exc_type = exc['exc_type']
               ~~~^^^^^^^^^^^^
KeyError: 'exc_type'

The above exception was the direct cause of the following exception:

Traceback (most recent call last):
  File "C:\Users\Administrator\AppData\Roaming\Python\Python311\site-packages\celery\app\trace.py", line 499, in trace_task
    I, R, state, retval = on_error(task_request, exc)
                          ^^^^^^^^^^^^^^^^^^^^^^^^^^^
  File "C:\Users\Administrator\AppData\Roaming\Python\Python311\site-packages\celery\app\trace.py", line 407, in on_error
    R = I.handle_error_state(
        ^^^^^^^^^^^^^^^^^^^^^
  File "C:\Users\Administrator\AppData\Roaming\Python\Python311\site-packages\celery\app\trace.py", line 175, in handle_error_state
    return {
           ^
  File "C:\Users\Administrator\AppData\Roaming\Python\Python311\site-packages\celery\app\trace.py", line 236, in handle_failure
    task.backend.mark_as_failure(
  File "C:\Users\Administrator\AppData\Roaming\Python\Python311\site-packages\celery\backends\base.py", line 194, in mark_as_failure
    self.store_result(task_id, exc, state,
  File "C:\Users\Administrator\AppData\Roaming\Python\Python311\site-packages\celery\backends\base.py", line 625, in store_result
    self._store_result(task_id, result, state, traceback,
  File "C:\Users\Administrator\AppData\Roaming\Python\Python311\site-packages\celery\backends\base.py", line 1074, in _store_result
    current_meta = self._get_task_meta_for(task_id)
                   ^^^^^^^^^^^^^^^^^^^^^^^^^^^^^^^^
  File "C:\Users\Administrator\AppData\Roaming\Python\Python311\site-packages\celery\backends\base.py", line 1099, in _get_task_meta_for
    return self.decode_result(meta)
           ^^^^^^^^^^^^^^^^^^^^^^^^
  File "C:\Users\Administrator\AppData\Roaming\Python\Python311\site-packages\celery\backends\base.py", line 524, in decode_result
    return self.meta_from_decoded(self.decode(payload))
           ^^^^^^^^^^^^^^^^^^^^^^^^^^^^^^^^^^^^^^^^^^^^
  File "C:\Users\Administrator\AppData\Roaming\Python\Python311\site-packages\celery\backends\base.py", line 520, in meta_from_decoded
    meta['result'] = self.exception_to_python(meta['result'])
                     ^^^^^^^^^^^^^^^^^^^^^^^^^^^^^^^^^^^^^^^^
  File "C:\Users\Administrator\AppData\Roaming\Python\Python311\site-packages\celery\backends\base.py", line 455, in exception_to_python
    raise ValueError("Exception information must include "
ValueError: Exception information must include the exception type

During handling of the above exception, another exception occurred:

Traceback (most recent call last):
  File "C:\Users\Administrator\AppData\Roaming\Python\Python311\site-packages\celery\backends\base.py", line 453, in exception_to_python
    exc_type = exc['exc_type']
               ~~~^^^^^^^^^^^^
KeyError: 'exc_type'

The above exception was the direct cause of the following exception:

Traceback (most recent call last):
  File "C:\Users\Administrator\AppData\Roaming\Python\Python311\site-packages\kombu\asynchronous\timer.py", line 177, in apply_entry
    entry()
  File "C:\Users\Administrator\AppData\Roaming\Python\Python311\site-packages\kombu\asynchronous\timer.py", line 70, in __call__
    return self.fun(*self.args, **self.kwargs)
           ^^^^^^^^^^^^^^^^^^^^^^^^^^^^^^^^^^^
  File "C:\Users\Administrator\AppData\Roaming\Python\Python311\site-packages\celery\worker\consumer\consumer.py", line 581, in apply_eta_task
    self.on_task_request(task)
  File "C:\Users\Administrator\AppData\Roaming\Python\Python311\site-packages\celery\worker\worker.py", line 226, in _process_task
    req.execute_using_pool(self.pool)
  File "C:\Users\Administrator\AppData\Roaming\Python\Python311\site-packages\celery\worker\request.py", line 767, in execute_using_pool
    result = apply_async(
             ^^^^^^^^^^^^
  File "C:\Users\Administrator\AppData\Roaming\Python\Python311\site-packages\celery\concurrency\base.py", line 153, in apply_async
    return self.on_apply(target, args, kwargs,
           ^^^^^^^^^^^^^^^^^^^^^^^^^^^^^^^^^^^
  File "C:\Users\Administrator\AppData\Roaming\Python\Python311\site-packages\celery\concurrency\base.py", line 30, in apply_target
    ret = target(*args, **kwargs)
          ^^^^^^^^^^^^^^^^^^^^^^^
  File "C:\Users\Administrator\AppData\Roaming\Python\Python311\site-packages\celery\app\trace.py", line 694, in fast_trace_task
    R, I, T, Rstr = tasks[task].__trace__(
                    ^^^^^^^^^^^^^^^^^^^^^^
  File "C:\Users\Administrator\AppData\Roaming\Python\Python311\site-packages\celery\app\trace.py", line 606, in trace_task
    I, _, _, _ = on_error(task_request, exc)
                 ^^^^^^^^^^^^^^^^^^^^^^^^^^^
  File "C:\Users\Administrator\AppData\Roaming\Python\Python311\site-packages\celery\app\trace.py", line 407, in on_error
    R = I.handle_error_state(
        ^^^^^^^^^^^^^^^^^^^^^
  File "C:\Users\Administrator\AppData\Roaming\Python\Python311\site-packages\celery\app\trace.py", line 175, in handle_error_state
    return {
           ^
  File "C:\Users\Administrator\AppData\Roaming\Python\Python311\site-packages\celery\app\trace.py", line 236, in handle_failure
    task.backend.mark_as_failure(
  File "C:\Users\Administrator\AppData\Roaming\Python\Python311\site-packages\celery\backends\base.py", line 194, in mark_as_failure
    self.store_result(task_id, exc, state,
  File "C:\Users\Administrator\AppData\Roaming\Python\Python311\site-packages\celery\backends\base.py", line 625, in store_result
    self._store_result(task_id, result, state, traceback,
  File "C:\Users\Administrator\AppData\Roaming\Python\Python311\site-packages\celery\backends\base.py", line 1074, in _store_result
    current_meta = self._get_task_meta_for(task_id)
                   ^^^^^^^^^^^^^^^^^^^^^^^^^^^^^^^^
  File "C:\Users\Administrator\AppData\Roaming\Python\Python311\site-packages\celery\backends\base.py", line 1099, in _get_task_meta_for
    return self.decode_result(meta)
           ^^^^^^^^^^^^^^^^^^^^^^^^
  File "C:\Users\Administrator\AppData\Roaming\Python\Python311\site-packages\celery\backends\base.py", line 524, in decode_result
    return self.meta_from_decoded(self.decode(payload))
           ^^^^^^^^^^^^^^^^^^^^^^^^^^^^^^^^^^^^^^^^^^^^
  File "C:\Users\Administrator\AppData\Roaming\Python\Python311\site-packages\celery\backends\base.py", line 520, in meta_from_decoded
    meta['result'] = self.exception_to_python(meta['result'])
                     ^^^^^^^^^^^^^^^^^^^^^^^^^^^^^^^^^^^^^^^^
  File "C:\Users\Administrator\AppData\Roaming\Python\Python311\site-packages\celery\backends\base.py", line 455, in exception_to_python
    raise ValueError("Exception information must include "
ValueError: Exception information must include the exception type
[2026-03-16 15:32:40,382: INFO/MainProcess] 离线解析任务启动 doc_id=138 task_id=47e63247-b66d-4766-b6ff-a3a76c961b83 retry=2 file=D:\Qoder\测试开发平台\backend\runtime\knowledge_uploads\20260316070204_42db0c6f4d7e4cc8803084bb0e5b4389.txt
[2026-03-16 15:32:40,382: ERROR/MainProcess] 离线解析任务异常 doc_id=138 task_id=47e63247-b66d-4766-b6ff-a3a76c961b83 retry=2/2 err=Exception information must include the exception type
Traceback (most recent call last):
  File "C:\Users\Administrator\AppData\Roaming\Python\Python311\site-packages\celery\backends\base.py", line 453, in exception_to_python
    exc_type = exc['exc_type']
               ~~~^^^^^^^^^^^^
KeyError: 'exc_type'

The above exception was the direct cause of the following exception:

Traceback (most recent call last):
  File "D:\Qoder\测试开发平台\backend\modules\tasks.py", line 97, in parse_knowledge_document_task
    self.update_state(
  File "C:\Users\Administrator\AppData\Roaming\Python\Python311\site-packages\celery\app\task.py", line 1033, in update_state
    self.backend.store_result(
  File "C:\Users\Administrator\AppData\Roaming\Python\Python311\site-packages\celery\backends\base.py", line 625, in store_result
    self._store_result(task_id, result, state, traceback,
  File "C:\Users\Administrator\AppData\Roaming\Python\Python311\site-packages\celery\backends\base.py", line 1074, in _store_result
    current_meta = self._get_task_meta_for(task_id)
                   ^^^^^^^^^^^^^^^^^^^^^^^^^^^^^^^^
  File "C:\Users\Administrator\AppData\Roaming\Python\Python311\site-packages\celery\backends\base.py", line 1099, in _get_task_meta_for
    return self.decode_result(meta)
           ^^^^^^^^^^^^^^^^^^^^^^^^
  File "C:\Users\Administrator\AppData\Roaming\Python\Python311\site-packages\celery\backends\base.py", line 524, in decode_result
    return self.meta_from_decoded(self.decode(payload))
           ^^^^^^^^^^^^^^^^^^^^^^^^^^^^^^^^^^^^^^^^^^^^
  File "C:\Users\Administrator\AppData\Roaming\Python\Python311\site-packages\celery\backends\base.py", line 520, in meta_from_decoded
    meta['result'] = self.exception_to_python(meta['result'])
                     ^^^^^^^^^^^^^^^^^^^^^^^^^^^^^^^^^^^^^^^^
  File "C:\Users\Administrator\AppData\Roaming\Python\Python311\site-packages\celery\backends\base.py", line 455, in exception_to_python
    raise ValueError("Exception information must include "
ValueError: Exception information must include the exception type
[2026-03-16 15:32:40,393: ERROR/MainProcess] Timer error: ValueError('Exception information must include the exception type')
Traceback (most recent call last):
  File "C:\Users\Administrator\AppData\Roaming\Python\Python311\site-packages\celery\backends\base.py", line 453, in exception_to_python
    exc_type = exc['exc_type']
               ~~~^^^^^^^^^^^^
KeyError: 'exc_type'

The above exception was the direct cause of the following exception:

Traceback (most recent call last):
  File "C:\Users\Administrator\AppData\Roaming\Python\Python311\site-packages\celery\app\trace.py", line 479, in trace_task
    R = retval = fun(*args, **kwargs)
                 ^^^^^^^^^^^^^^^^^^^^
  File "C:\Users\Administrator\AppData\Roaming\Python\Python311\site-packages\celery\app\trace.py", line 779, in __protected_call__
    return self.run(*args, **kwargs)
           ^^^^^^^^^^^^^^^^^^^^^^^^^
  File "D:\Qoder\测试开发平台\backend\modules\tasks.py", line 170, in parse_knowledge_document_task
    raise e
  File "D:\Qoder\测试开发平台\backend\modules\tasks.py", line 97, in parse_knowledge_document_task
    self.update_state(
  File "C:\Users\Administrator\AppData\Roaming\Python\Python311\site-packages\celery\app\task.py", line 1033, in update_state
    self.backend.store_result(
  File "C:\Users\Administrator\AppData\Roaming\Python\Python311\site-packages\celery\backends\base.py", line 625, in store_result
    self._store_result(task_id, result, state, traceback,
  File "C:\Users\Administrator\AppData\Roaming\Python\Python311\site-packages\celery\backends\base.py", line 1074, in _store_result
    current_meta = self._get_task_meta_for(task_id)
                   ^^^^^^^^^^^^^^^^^^^^^^^^^^^^^^^^
  File "C:\Users\Administrator\AppData\Roaming\Python\Python311\site-packages\celery\backends\base.py", line 1099, in _get_task_meta_for
    return self.decode_result(meta)
           ^^^^^^^^^^^^^^^^^^^^^^^^
  File "C:\Users\Administrator\AppData\Roaming\Python\Python311\site-packages\celery\backends\base.py", line 524, in decode_result
    return self.meta_from_decoded(self.decode(payload))
           ^^^^^^^^^^^^^^^^^^^^^^^^^^^^^^^^^^^^^^^^^^^^
  File "C:\Users\Administrator\AppData\Roaming\Python\Python311\site-packages\celery\backends\base.py", line 520, in meta_from_decoded
    meta['result'] = self.exception_to_python(meta['result'])
                     ^^^^^^^^^^^^^^^^^^^^^^^^^^^^^^^^^^^^^^^^
  File "C:\Users\Administrator\AppData\Roaming\Python\Python311\site-packages\celery\backends\base.py", line 455, in exception_to_python
    raise ValueError("Exception information must include "
ValueError: Exception information must include the exception type

During handling of the above exception, another exception occurred:

Traceback (most recent call last):
  File "C:\Users\Administrator\AppData\Roaming\Python\Python311\site-packages\celery\backends\base.py", line 453, in exception_to_python
    exc_type = exc['exc_type']
               ~~~^^^^^^^^^^^^
KeyError: 'exc_type'

The above exception was the direct cause of the following exception:

Traceback (most recent call last):
  File "C:\Users\Administrator\AppData\Roaming\Python\Python311\site-packages\celery\app\trace.py", line 499, in trace_task
    I, R, state, retval = on_error(task_request, exc)
                          ^^^^^^^^^^^^^^^^^^^^^^^^^^^
  File "C:\Users\Administrator\AppData\Roaming\Python\Python311\site-packages\celery\app\trace.py", line 407, in on_error
    R = I.handle_error_state(
        ^^^^^^^^^^^^^^^^^^^^^
  File "C:\Users\Administrator\AppData\Roaming\Python\Python311\site-packages\celery\app\trace.py", line 175, in handle_error_state
    return {
           ^
  File "C:\Users\Administrator\AppData\Roaming\Python\Python311\site-packages\celery\app\trace.py", line 236, in handle_failure
    task.backend.mark_as_failure(
  File "C:\Users\Administrator\AppData\Roaming\Python\Python311\site-packages\celery\backends\base.py", line 194, in mark_as_failure
    self.store_result(task_id, exc, state,
  File "C:\Users\Administrator\AppData\Roaming\Python\Python311\site-packages\celery\backends\base.py", line 625, in store_result
    self._store_result(task_id, result, state, traceback,
  File "C:\Users\Administrator\AppData\Roaming\Python\Python311\site-packages\celery\backends\base.py", line 1074, in _store_result
    current_meta = self._get_task_meta_for(task_id)
                   ^^^^^^^^^^^^^^^^^^^^^^^^^^^^^^^^
  File "C:\Users\Administrator\AppData\Roaming\Python\Python311\site-packages\celery\backends\base.py", line 1099, in _get_task_meta_for
    return self.decode_result(meta)
           ^^^^^^^^^^^^^^^^^^^^^^^^
  File "C:\Users\Administrator\AppData\Roaming\Python\Python311\site-packages\celery\backends\base.py", line 524, in decode_result
    return self.meta_from_decoded(self.decode(payload))
           ^^^^^^^^^^^^^^^^^^^^^^^^^^^^^^^^^^^^^^^^^^^^
  File "C:\Users\Administrator\AppData\Roaming\Python\Python311\site-packages\celery\backends\base.py", line 520, in meta_from_decoded
    meta['result'] = self.exception_to_python(meta['result'])
                     ^^^^^^^^^^^^^^^^^^^^^^^^^^^^^^^^^^^^^^^^
  File "C:\Users\Administrator\AppData\Roaming\Python\Python311\site-packages\celery\backends\base.py", line 455, in exception_to_python
    raise ValueError("Exception information must include "
ValueError: Exception information must include the exception type

During handling of the above exception, another exception occurred:

Traceback (most recent call last):
  File "C:\Users\Administrator\AppData\Roaming\Python\Python311\site-packages\celery\backends\base.py", line 453, in exception_to_python
    exc_type = exc['exc_type']
               ~~~^^^^^^^^^^^^
KeyError: 'exc_type'

The above exception was the direct cause of the following exception:

Traceback (most recent call last):
  File "C:\Users\Administrator\AppData\Roaming\Python\Python311\site-packages\kombu\asynchronous\timer.py", line 177, in apply_entry
    entry()
  File "C:\Users\Administrator\AppData\Roaming\Python\Python311\site-packages\kombu\asynchronous\timer.py", line 70, in __call__
    return self.fun(*self.args, **self.kwargs)
           ^^^^^^^^^^^^^^^^^^^^^^^^^^^^^^^^^^^
  File "C:\Users\Administrator\AppData\Roaming\Python\Python311\site-packages\celery\worker\consumer\consumer.py", line 581, in apply_eta_task
    self.on_task_request(task)
  File "C:\Users\Administrator\AppData\Roaming\Python\Python311\site-packages\celery\worker\worker.py", line 226, in _process_task
    req.execute_using_pool(self.pool)
  File "C:\Users\Administrator\AppData\Roaming\Python\Python311\site-packages\celery\worker\request.py", line 767, in execute_using_pool
    result = apply_async(
             ^^^^^^^^^^^^
  File "C:\Users\Administrator\AppData\Roaming\Python\Python311\site-packages\celery\concurrency\base.py", line 153, in apply_async
    return self.on_apply(target, args, kwargs,
           ^^^^^^^^^^^^^^^^^^^^^^^^^^^^^^^^^^^
  File "C:\Users\Administrator\AppData\Roaming\Python\Python311\site-packages\celery\concurrency\base.py", line 30, in apply_target
    ret = target(*args, **kwargs)
          ^^^^^^^^^^^^^^^^^^^^^^^
  File "C:\Users\Administrator\AppData\Roaming\Python\Python311\site-packages\celery\app\trace.py", line 694, in fast_trace_task
    R, I, T, Rstr = tasks[task].__trace__(
                    ^^^^^^^^^^^^^^^^^^^^^^
  File "C:\Users\Administrator\AppData\Roaming\Python\Python311\site-packages\celery\app\trace.py", line 606, in trace_task
    I, _, _, _ = on_error(task_request, exc)
                 ^^^^^^^^^^^^^^^^^^^^^^^^^^^
  File "C:\Users\Administrator\AppData\Roaming\Python\Python311\site-packages\celery\app\trace.py", line 407, in on_error
    R = I.handle_error_state(
        ^^^^^^^^^^^^^^^^^^^^^
  File "C:\Users\Administrator\AppData\Roaming\Python\Python311\site-packages\celery\app\trace.py", line 175, in handle_error_state
    return {
           ^
  File "C:\Users\Administrator\AppData\Roaming\Python\Python311\site-packages\celery\app\trace.py", line 236, in handle_failure
    task.backend.mark_as_failure(
  File "C:\Users\Administrator\AppData\Roaming\Python\Python311\site-packages\celery\backends\base.py", line 194, in mark_as_failure
    self.store_result(task_id, exc, state,
  File "C:\Users\Administrator\AppData\Roaming\Python\Python311\site-packages\celery\backends\base.py", line 625, in store_result
    self._store_result(task_id, result, state, traceback,
  File "C:\Users\Administrator\AppData\Roaming\Python\Python311\site-packages\celery\backends\base.py", line 1074, in _store_result
    current_meta = self._get_task_meta_for(task_id)
                   ^^^^^^^^^^^^^^^^^^^^^^^^^^^^^^^^
  File "C:\Users\Administrator\AppData\Roaming\Python\Python311\site-packages\celery\backends\base.py", line 1099, in _get_task_meta_for
    return self.decode_result(meta)
           ^^^^^^^^^^^^^^^^^^^^^^^^
  File "C:\Users\Administrator\AppData\Roaming\Python\Python311\site-packages\celery\backends\base.py", line 524, in decode_result
    return self.meta_from_decoded(self.decode(payload))
           ^^^^^^^^^^^^^^^^^^^^^^^^^^^^^^^^^^^^^^^^^^^^
  File "C:\Users\Administrator\AppData\Roaming\Python\Python311\site-packages\celery\backends\base.py", line 520, in meta_from_decoded
    meta['result'] = self.exception_to_python(meta['result'])
                     ^^^^^^^^^^^^^^^^^^^^^^^^^^^^^^^^^^^^^^^^
  File "C:\Users\Administrator\AppData\Roaming\Python\Python311\site-packages\celery\backends\base.py", line 455, in exception_to_python
    raise ValueError("Exception information must include "
ValueError: Exception information must include the exception type
[2026-03-16 15:32:42,214: INFO/MainProcess] Task modules.tasks.parse_knowledge_document_task[06f889ad-25d3-4e3e-85d0-2c8c91741583] received
[2026-03-16 15:32:42,214: INFO/MainProcess] 离线解析任务启动 doc_id=175 task_id=06f889ad-25d3-4e3e-85d0-2c8c91741583 retry=0 file=D:\Qoder\测试开发平台\backend\runtime\knowledge_uploads\20260316073242_12f98dc241724a82826544eaee883620.txt
[2026-03-16 15:32:42,238: INFO/MainProcess] 离线解析开始 doc_id=175 task_id=06f889ad-25d3-4e3e-85d0-2c8c91741583 retry=0
[2026-03-16 15:32:44,155: ERROR/MainProcess] HTTPSConnectionPool(host='dashscope.aliyuncs.com', port=443): Max retries exceeded with url: /api/v1/services/embeddings/text-embedding/text-embedding (Caused by SSLError(SSLEOFError(8, '[SSL: UNEXPECTED_EOF_WHILE_READING] EOF occurred in violation of protocol (_ssl.c:1006)')))
[2026-03-16 15:32:44,155: ERROR/MainProcess] Embedding failed: HTTPSConnectionPool(host='dashscope.aliyuncs.com', port=443): Max retries exceeded with url: /api/v1/services/embeddings/text-embedding/text-embedding (Caused by SSLError(SSLEOFError(8, '[SSL: UNEXPECTED_EOF_WHILE_READING] EOF occurred in violation of protocol (_ssl.c:1006)')))
[2026-03-16 15:32:44,155: ERROR/MainProcess] Failed to add document to ChromaDB: HTTPSConnectionPool(host='dashscope.aliyuncs.com', port=443): Max retries exceeded with url: /api/v1/services/embeddings/text-embedding/text-embedding (Caused by SSLError(SSLEOFError(8, '[SSL: UNEXPECTED_EOF_WHILE_READING] EOF occurred in violation of protocol (_ssl.c:1006)'))) in add.
[2026-03-16 15:32:44,155: ERROR/MainProcess] 离线解析任务异常 doc_id=175 task_id=06f889ad-25d3-4e3e-85d0-2c8c91741583 retry=0/2 err=HTTPSConnectionPool(host='dashscope.aliyuncs.com', port=443): Max retries exceeded with url: /api/v1/services/embeddings/text-embedding/text-embedding (Caused by SSLError(SSLEOFError(8, '[SSL: UNEXPECTED_EOF_WHILE_READING] EOF occurred in violation of protocol (_ssl.c:1006)'))) in add.
urllib3.exceptions.SSLError: [SSL: UNEXPECTED_EOF_WHILE_READING] EOF occurred in violation of protocol (_ssl.c:1006)

The above exception was the direct cause of the following exception:

Traceback (most recent call last):
  File "C:\Program Files\Python311\Lib\site-packages\requests\adapters.py", line 644, in send
    resp = conn.urlopen(
           ^^^^^^^^^^^^^
  File "C:\Program Files\Python311\Lib\site-packages\urllib3\connectionpool.py", line 841, in urlopen
    retries = retries.increment(
              ^^^^^^^^^^^^^^^^^^
  File "C:\Program Files\Python311\Lib\site-packages\urllib3\util\retry.py", line 535, in increment
    raise MaxRetryError(_pool, url, reason) from reason  # type: ignore[arg-type]
    ^^^^^^^^^^^^^^^^^^^^^^^^^^^^^^^^^^^^^^^^^^^^^^^^^^^
urllib3.exceptions.MaxRetryError: HTTPSConnectionPool(host='dashscope.aliyuncs.com', port=443): Max retries exceeded with url: /api/v1/services/embeddings/text-embedding/text-embedding (Caused by SSLError(SSLEOFError(8, '[SSL: UNEXPECTED_EOF_WHILE_READING] EOF occurred in violation of protocol (_ssl.c:1006)')))

During handling of the above exception, another exception occurred:

Traceback (most recent call last):
  File "D:\Qoder\测试开发平台\backend\modules\tasks.py", line 101, in parse_knowledge_document_task
    result = knowledge_base.parse_document_offline(
             ^^^^^^^^^^^^^^^^^^^^^^^^^^^^^^^^^^^^^^
  File "D:\Qoder\测试开发平台\backend\modules\knowledge_base.py", line 193, in parse_document_offline
    return parse_document_offline_impl(
           ^^^^^^^^^^^^^^^^^^^^^^^^^^^^
  File "D:\Qoder\测试开发平台\backend\modules\knowledge_base_components\offline_parse.py", line 237, in parse_document_offline_impl
    chroma_client.add_document(
  File "D:\Qoder\测试开发平台\backend\core\chroma_client.py", line 187, in add_document
    self.collection.add(documents=chunks, metadatas=metadatas, ids=ids)
  File "C:\Users\Administrator\AppData\Roaming\Python\Python311\site-packages\chromadb\api\models\Collection.py", line 106, in add
    add_request = self._validate_and_prepare_add_request(
                  ^^^^^^^^^^^^^^^^^^^^^^^^^^^^^^^^^^^^^^^
  File "C:\Users\Administrator\AppData\Roaming\Python\Python311\site-packages\chromadb\api\models\CollectionCommon.py", line 103, in wrapper
    return func(self, *args, **kwargs)
           ^^^^^^^^^^^^^^^^^^^^^^^^^^^
  File "C:\Users\Administrator\AppData\Roaming\Python\Python311\site-packages\chromadb\api\models\CollectionCommon.py", line 241, in _validate_and_prepare_add_request
    add_embeddings = self._embed_record_set(record_set=add_records)
                     ^^^^^^^^^^^^^^^^^^^^^^^^^^^^^^^^^^^^^^^^^^^^^^
  File "C:\Users\Administrator\AppData\Roaming\Python\Python311\site-packages\chromadb\api\models\CollectionCommon.py", line 724, in _embed_record_set
    return self._embed(
           ^^^^^^^^^^^^
  File "C:\Users\Administrator\AppData\Roaming\Python\Python311\site-packages\chromadb\api\models\CollectionCommon.py", line 741, in _embed
    return self._embedding_function(input=input)
           ^^^^^^^^^^^^^^^^^^^^^^^^^^^^^^^^^^^^^
  File "C:\Users\Administrator\AppData\Roaming\Python\Python311\site-packages\chromadb\api\types.py", line 809, in __call__
    result = call(self, input)
             ^^^^^^^^^^^^^^^^^
  File "D:\Qoder\测试开发平台\backend\core\chroma_client.py", line 95, in __call__
    raise e
  File "D:\Qoder\测试开发平台\backend\core\chroma_client.py", line 82, in __call__
    resp = dashscope.TextEmbedding.call(
           ^^^^^^^^^^^^^^^^^^^^^^^^^^^^^
  File "C:\Users\Administrator\AppData\Roaming\Python\Python311\site-packages\dashscope\embeddings\text_embedding.py", line 49, in call
    return super().call(model=model,
           ^^^^^^^^^^^^^^^^^^^^^^^^^
  File "C:\Users\Administrator\AppData\Roaming\Python\Python311\site-packages\dashscope\client\base_api.py", line 440, in call
    return request.call()
           ^^^^^^^^^^^^^^
  File "C:\Users\Administrator\AppData\Roaming\Python\Python311\site-packages\dashscope\api_entities\http_request.py", line 106, in call
    output = next(response)
             ^^^^^^^^^^^^^^
  File "C:\Users\Administrator\AppData\Roaming\Python\Python311\site-packages\dashscope\api_entities\http_request.py", line 379, in _handle_request
    raise e
  File "C:\Users\Administrator\AppData\Roaming\Python\Python311\site-packages\dashscope\api_entities\http_request.py", line 362, in _handle_request
    response = session.post(url=self.url,
               ^^^^^^^^^^^^^^^^^^^^^^^^^^
  File "C:\Program Files\Python311\Lib\site-packages\requests\sessions.py", line 637, in post
    return self.request("POST", url, data=data, json=json, **kwargs)
           ^^^^^^^^^^^^^^^^^^^^^^^^^^^^^^^^^^^^^^^^^^^^^^^^^^^^^^^^^
  File "C:\Program Files\Python311\Lib\site-packages\requests\sessions.py", line 589, in request
    resp = self.send(prep, **send_kwargs)
           ^^^^^^^^^^^^^^^^^^^^^^^^^^^^^^
  File "C:\Program Files\Python311\Lib\site-packages\requests\sessions.py", line 703, in send
    r = adapter.send(request, **kwargs)
        ^^^^^^^^^^^^^^^^^^^^^^^^^^^^^^^
  File "C:\Program Files\Python311\Lib\site-packages\requests\adapters.py", line 675, in send
    raise SSLError(e, request=request)
requests.exceptions.SSLError: HTTPSConnectionPool(host='dashscope.aliyuncs.com', port=443): Max retries exceeded with url: /api/v1/services/embeddings/text-embedding/text-embedding (Caused by SSLError(SSLEOFError(8, '[SSL: UNEXPECTED_EOF_WHILE_READING] EOF occurred in violation of protocol (_ssl.c:1006)'))) in add.
[2026-03-16 15:32:44,280: INFO/MainProcess] Task modules.tasks.parse_knowledge_document_task[06f889ad-25d3-4e3e-85d0-2c8c91741583] retry: Retry in 8s: SSLError("HTTPSConnectionPool(host='dashscope.aliyuncs.com', port=443): Max retries exceeded with url: /api/v1/services/embeddings/text-embedding/text-embedding (Caused by SSLError(SSLEOFError(8, '[SSL: UNEXPECTED_EOF_WHILE_READING] EOF occurred in violation of protocol (_ssl.c:1006)'))) in add.")
[2026-03-16 15:32:44,282: INFO/MainProcess] Task modules.tasks.parse_knowledge_document_task[06f889ad-25d3-4e3e-85d0-2c8c91741583] received
[2026-03-16 15:32:52,272: INFO/MainProcess] 离线解析任务启动 doc_id=175 task_id=06f889ad-25d3-4e3e-85d0-2c8c91741583 retry=1 file=D:\Qoder\测试开发平台\backend\runtime\knowledge_uploads\20260316073242_12f98dc241724a82826544eaee883620.txt
[2026-03-16 15:32:52,280: INFO/MainProcess] 离线解析开始 doc_id=175 task_id=06f889ad-25d3-4e3e-85d0-2c8c91741583 retry=1
[2026-03-16 15:32:55,106: ERROR/MainProcess] HTTPSConnectionPool(host='dashscope.aliyuncs.com', port=443): Max retries exceeded with url: /api/v1/services/embeddings/text-embedding/text-embedding (Caused by SSLError(SSLEOFError(8, '[SSL: UNEXPECTED_EOF_WHILE_READING] EOF occurred in violation of protocol (_ssl.c:1006)')))
[2026-03-16 15:32:55,106: ERROR/MainProcess] Embedding failed: HTTPSConnectionPool(host='dashscope.aliyuncs.com', port=443): Max retries exceeded with url: /api/v1/services/embeddings/text-embedding/text-embedding (Caused by SSLError(SSLEOFError(8, '[SSL: UNEXPECTED_EOF_WHILE_READING] EOF occurred in violation of protocol (_ssl.c:1006)')))
[2026-03-16 15:32:55,106: ERROR/MainProcess] Failed to add document to ChromaDB: HTTPSConnectionPool(host='dashscope.aliyuncs.com', port=443): Max retries exceeded with url: /api/v1/services/embeddings/text-embedding/text-embedding (Caused by SSLError(SSLEOFError(8, '[SSL: UNEXPECTED_EOF_WHILE_READING] EOF occurred in violation of protocol (_ssl.c:1006)'))) in add.
[2026-03-16 15:32:55,106: ERROR/MainProcess] 离线解析任务异常 doc_id=175 task_id=06f889ad-25d3-4e3e-85d0-2c8c91741583 retry=1/2 err=HTTPSConnectionPool(host='dashscope.aliyuncs.com', port=443): Max retries exceeded with url: /api/v1/services/embeddings/text-embedding/text-embedding (Caused by SSLError(SSLEOFError(8, '[SSL: UNEXPECTED_EOF_WHILE_READING] EOF occurred in violation of protocol (_ssl.c:1006)'))) in add.
urllib3.exceptions.SSLError: [SSL: UNEXPECTED_EOF_WHILE_READING] EOF occurred in violation of protocol (_ssl.c:1006)

The above exception was the direct cause of the following exception:

Traceback (most recent call last):
  File "C:\Program Files\Python311\Lib\site-packages\requests\adapters.py", line 644, in send
    resp = conn.urlopen(
           ^^^^^^^^^^^^^
  File "C:\Program Files\Python311\Lib\site-packages\urllib3\connectionpool.py", line 841, in urlopen
    retries = retries.increment(
              ^^^^^^^^^^^^^^^^^^
  File "C:\Program Files\Python311\Lib\site-packages\urllib3\util\retry.py", line 535, in increment
    raise MaxRetryError(_pool, url, reason) from reason  # type: ignore[arg-type]
    ^^^^^^^^^^^^^^^^^^^^^^^^^^^^^^^^^^^^^^^^^^^^^^^^^^^
urllib3.exceptions.MaxRetryError: HTTPSConnectionPool(host='dashscope.aliyuncs.com', port=443): Max retries exceeded with url: /api/v1/services/embeddings/text-embedding/text-embedding (Caused by SSLError(SSLEOFError(8, '[SSL: UNEXPECTED_EOF_WHILE_READING] EOF occurred in violation of protocol (_ssl.c:1006)')))

During handling of the above exception, another exception occurred:

Traceback (most recent call last):
  File "D:\Qoder\测试开发平台\backend\modules\tasks.py", line 101, in parse_knowledge_document_task
    result = knowledge_base.parse_document_offline(
             ^^^^^^^^^^^^^^^^^^^^^^^^^^^^^^^^^^^^^^
  File "D:\Qoder\测试开发平台\backend\modules\knowledge_base.py", line 193, in parse_document_offline
    return parse_document_offline_impl(
           ^^^^^^^^^^^^^^^^^^^^^^^^^^^^
  File "D:\Qoder\测试开发平台\backend\modules\knowledge_base_components\offline_parse.py", line 237, in parse_document_offline_impl
    chroma_client.add_document(
  File "D:\Qoder\测试开发平台\backend\core\chroma_client.py", line 187, in add_document
    self.collection.add(documents=chunks, metadatas=metadatas, ids=ids)
  File "C:\Users\Administrator\AppData\Roaming\Python\Python311\site-packages\chromadb\api\models\Collection.py", line 106, in add
    add_request = self._validate_and_prepare_add_request(
                  ^^^^^^^^^^^^^^^^^^^^^^^^^^^^^^^^^^^^^^^
  File "C:\Users\Administrator\AppData\Roaming\Python\Python311\site-packages\chromadb\api\models\CollectionCommon.py", line 103, in wrapper
    return func(self, *args, **kwargs)
           ^^^^^^^^^^^^^^^^^^^^^^^^^^^
  File "C:\Users\Administrator\AppData\Roaming\Python\Python311\site-packages\chromadb\api\models\CollectionCommon.py", line 241, in _validate_and_prepare_add_request
    add_embeddings = self._embed_record_set(record_set=add_records)
                     ^^^^^^^^^^^^^^^^^^^^^^^^^^^^^^^^^^^^^^^^^^^^^^
  File "C:\Users\Administrator\AppData\Roaming\Python\Python311\site-packages\chromadb\api\models\CollectionCommon.py", line 724, in _embed_record_set
    return self._embed(
           ^^^^^^^^^^^^
  File "C:\Users\Administrator\AppData\Roaming\Python\Python311\site-packages\chromadb\api\models\CollectionCommon.py", line 741, in _embed
    return self._embedding_function(input=input)
           ^^^^^^^^^^^^^^^^^^^^^^^^^^^^^^^^^^^^^
  File "C:\Users\Administrator\AppData\Roaming\Python\Python311\site-packages\chromadb\api\types.py", line 809, in __call__
    result = call(self, input)
             ^^^^^^^^^^^^^^^^^
  File "D:\Qoder\测试开发平台\backend\core\chroma_client.py", line 95, in __call__
    raise e
  File "D:\Qoder\测试开发平台\backend\core\chroma_client.py", line 82, in __call__
    resp = dashscope.TextEmbedding.call(
           ^^^^^^^^^^^^^^^^^^^^^^^^^^^^^
  File "C:\Users\Administrator\AppData\Roaming\Python\Python311\site-packages\dashscope\embeddings\text_embedding.py", line 49, in call
    return super().call(model=model,
           ^^^^^^^^^^^^^^^^^^^^^^^^^
  File "C:\Users\Administrator\AppData\Roaming\Python\Python311\site-packages\dashscope\client\base_api.py", line 440, in call
    return request.call()
           ^^^^^^^^^^^^^^
  File "C:\Users\Administrator\AppData\Roaming\Python\Python311\site-packages\dashscope\api_entities\http_request.py", line 106, in call
    output = next(response)
             ^^^^^^^^^^^^^^
  File "C:\Users\Administrator\AppData\Roaming\Python\Python311\site-packages\dashscope\api_entities\http_request.py", line 379, in _handle_request
    raise e
  File "C:\Users\Administrator\AppData\Roaming\Python\Python311\site-packages\dashscope\api_entities\http_request.py", line 362, in _handle_request
    response = session.post(url=self.url,
               ^^^^^^^^^^^^^^^^^^^^^^^^^^
  File "C:\Program Files\Python311\Lib\site-packages\requests\sessions.py", line 637, in post
    return self.request("POST", url, data=data, json=json, **kwargs)
           ^^^^^^^^^^^^^^^^^^^^^^^^^^^^^^^^^^^^^^^^^^^^^^^^^^^^^^^^^
  File "C:\Program Files\Python311\Lib\site-packages\requests\sessions.py", line 589, in request
    resp = self.send(prep, **send_kwargs)
           ^^^^^^^^^^^^^^^^^^^^^^^^^^^^^^
  File "C:\Program Files\Python311\Lib\site-packages\requests\sessions.py", line 703, in send
    r = adapter.send(request, **kwargs)
        ^^^^^^^^^^^^^^^^^^^^^^^^^^^^^^^
  File "C:\Program Files\Python311\Lib\site-packages\requests\adapters.py", line 675, in send
    raise SSLError(e, request=request)
requests.exceptions.SSLError: HTTPSConnectionPool(host='dashscope.aliyuncs.com', port=443): Max retries exceeded with url: /api/v1/services/embeddings/text-embedding/text-embedding (Caused by SSLError(SSLEOFError(8, '[SSL: UNEXPECTED_EOF_WHILE_READING] EOF occurred in violation of protocol (_ssl.c:1006)'))) in add.
[2026-03-16 15:32:55,122: INFO/MainProcess] Task modules.tasks.parse_knowledge_document_task[06f889ad-25d3-4e3e-85d0-2c8c91741583] received
[2026-03-16 15:32:55,169: INFO/MainProcess] Task modules.tasks.parse_knowledge_document_task[06f889ad-25d3-4e3e-85d0-2c8c91741583] retry: Retry in 8s: SSLError("HTTPSConnectionPool(host='dashscope.aliyuncs.com', port=443): Max retries exceeded with url: /api/v1/services/embeddings/text-embedding/text-embedding (Caused by SSLError(SSLEOFError(8, '[SSL: UNEXPECTED_EOF_WHILE_READING] EOF occurred in violation of protocol (_ssl.c:1006)'))) in add.")
[2026-03-16 15:33:03,117: INFO/MainProcess] 离线解析任务启动 doc_id=175 task_id=06f889ad-25d3-4e3e-85d0-2c8c91741583 retry=2 file=D:\Qoder\测试开发平台\backend\runtime\knowledge_uploads\20260316073242_12f98dc241724a82826544eaee883620.txt
[2026-03-16 15:33:03,133: INFO/MainProcess] 离线解析开始 doc_id=175 task_id=06f889ad-25d3-4e3e-85d0-2c8c91741583 retry=2
[2026-03-16 15:33:03,550: INFO/MainProcess] 离线解析成功 doc_id=175 task_id=06f889ad-25d3-4e3e-85d0-2c8c91741583
[2026-03-16 15:33:03,550: INFO/MainProcess] 离线解析任务完成 doc_id=175 task_id=06f889ad-25d3-4e3e-85d0-2c8c91741583 result={'status': 'success', 'document_id': 175}
[2026-03-16 15:33:03,552: INFO/MainProcess] Task modules.tasks.parse_knowledge_document_task[06f889ad-25d3-4e3e-85d0-2c8c91741583] succeeded in 0.4380000000237487s: {'status': 'success', 'document_id': 175}
[2026-03-16 15:33:08,413: INFO/MainProcess] Task modules.tasks.parse_knowledge_document_task[5bbe42d1-5c3d-4f03-8a0a-1a61b7d86347] received
[2026-03-16 15:33:08,414: INFO/MainProcess] 离线解析任务启动 doc_id=176 task_id=5bbe42d1-5c3d-4f03-8a0a-1a61b7d86347 retry=0 file=D:\Qoder\测试开发平台\backend\runtime\knowledge_uploads\20260316073308_1cb8f98ca5614fa58ae0c4387a5a45d8.md
[2026-03-16 15:33:08,418: INFO/MainProcess] 离线解析开始 doc_id=176 task_id=5bbe42d1-5c3d-4f03-8a0a-1a61b7d86347 retry=0
[2026-03-16 15:33:09,524: INFO/MainProcess] 离线解析成功 doc_id=176 task_id=5bbe42d1-5c3d-4f03-8a0a-1a61b7d86347
[2026-03-16 15:33:09,524: INFO/MainProcess] 离线解析任务完成 doc_id=176 task_id=5bbe42d1-5c3d-4f03-8a0a-1a61b7d86347 result={'status': 'success', 'document_id': 176}
[2026-03-16 15:33:09,525: INFO/MainProcess] Task modules.tasks.parse_knowledge_document_task[5bbe42d1-5c3d-4f03-8a0a-1a61b7d86347] succeeded in 1.1099999999860302s: {'status': 'success', 'document_id': 176}
[2026-03-16 15:33:12,473: INFO/MainProcess] Task modules.tasks.parse_knowledge_document_task[f114bb07-9ae1-4366-a572-7331d3fedff3] received
[2026-03-16 15:33:12,473: INFO/MainProcess] 离线解析任务启动 doc_id=177 task_id=f114bb07-9ae1-4366-a572-7331d3fedff3 retry=0 file=D:\Qoder\测试开发平台\backend\runtime\knowledge_uploads\20260316073312_45402780cbe54d3ba19f20b033416f9d.txt
[2026-03-16 15:33:12,478: INFO/MainProcess] 离线解析开始 doc_id=177 task_id=f114bb07-9ae1-4366-a572-7331d3fedff3 retry=0
[2026-03-16 15:33:12,478: ERROR/MainProcess] 离线解析任务异常 doc_id=177 task_id=f114bb07-9ae1-4366-a572-7331d3fedff3 retry=0/2 err=未解析到可用文本内容，请检查文件是否为空。
Traceback (most recent call last):
  File "D:\Qoder\测试开发平台\backend\modules\tasks.py", line 101, in parse_knowledge_document_task
    result = knowledge_base.parse_document_offline(
             ^^^^^^^^^^^^^^^^^^^^^^^^^^^^^^^^^^^^^^
  File "D:\Qoder\测试开发平台\backend\modules\knowledge_base.py", line 193, in parse_document_offline
    return parse_document_offline_impl(
           ^^^^^^^^^^^^^^^^^^^^^^^^^^^^
  File "D:\Qoder\测试开发平台\backend\modules\knowledge_base_components\offline_parse.py", line 189, in parse_document_offline_impl
    validate_parsed_content(content)
  File "D:\Qoder\测试开发平台\backend\modules\knowledge_base_components\offline_parse_support.py", line 70, in validate_parsed_content
    raise ValueError("未解析到可用文本内容，请检查文件是否为空。")
ValueError: 未解析到可用文本内容，请检查文件是否为空。
[2026-03-16 15:33:12,484: INFO/MainProcess] Task modules.tasks.parse_knowledge_document_task[f114bb07-9ae1-4366-a572-7331d3fedff3] retry: Retry in 8s: ValueError('未解析到可用文本内容，请检查文件是否为空。')
[2026-03-16 15:33:12,486: INFO/MainProcess] Task modules.tasks.parse_knowledge_document_task[f114bb07-9ae1-4366-a572-7331d3fedff3] received
[2026-03-16 15:33:20,489: INFO/MainProcess] 离线解析任务启动 doc_id=177 task_id=f114bb07-9ae1-4366-a572-7331d3fedff3 retry=1 file=D:\Qoder\测试开发平台\backend\runtime\knowledge_uploads\20260316073312_45402780cbe54d3ba19f20b033416f9d.txt
[2026-03-16 15:33:20,501: INFO/MainProcess] 离线解析开始 doc_id=177 task_id=f114bb07-9ae1-4366-a572-7331d3fedff3 retry=1
[2026-03-16 15:33:20,503: ERROR/MainProcess] 离线解析任务异常 doc_id=177 task_id=f114bb07-9ae1-4366-a572-7331d3fedff3 retry=1/2 err=未解析到可用文本内容，请检查文件是否为空。
Traceback (most recent call last):
  File "D:\Qoder\测试开发平台\backend\modules\tasks.py", line 101, in parse_knowledge_document_task
    result = knowledge_base.parse_document_offline(
             ^^^^^^^^^^^^^^^^^^^^^^^^^^^^^^^^^^^^^^
  File "D:\Qoder\测试开发平台\backend\modules\knowledge_base.py", line 193, in parse_document_offline
    return parse_document_offline_impl(
           ^^^^^^^^^^^^^^^^^^^^^^^^^^^^
  File "D:\Qoder\测试开发平台\backend\modules\knowledge_base_components\offline_parse.py", line 189, in parse_document_offline_impl
    validate_parsed_content(content)
  File "D:\Qoder\测试开发平台\backend\modules\knowledge_base_components\offline_parse_support.py", line 70, in validate_parsed_content
    raise ValueError("未解析到可用文本内容，请检查文件是否为空。")
ValueError: 未解析到可用文本内容，请检查文件是否为空。
[2026-03-16 15:33:20,509: INFO/MainProcess] Task modules.tasks.parse_knowledge_document_task[f114bb07-9ae1-4366-a572-7331d3fedff3] received
[2026-03-16 15:33:20,510: INFO/MainProcess] Task modules.tasks.parse_knowledge_document_task[f114bb07-9ae1-4366-a572-7331d3fedff3] retry: Retry in 8s: ValueError('未解析到可用文本内容，请检查文件是否为空。')
[2026-03-16 15:33:28,511: INFO/MainProcess] 离线解析任务启动 doc_id=177 task_id=f114bb07-9ae1-4366-a572-7331d3fedff3 retry=2 file=D:\Qoder\测试开发平台\backend\runtime\knowledge_uploads\20260316073312_45402780cbe54d3ba19f20b033416f9d.txt
[2026-03-16 15:33:28,518: INFO/MainProcess] 离线解析开始 doc_id=177 task_id=f114bb07-9ae1-4366-a572-7331d3fedff3 retry=2
[2026-03-16 15:33:28,518: ERROR/MainProcess] 离线解析任务异常 doc_id=177 task_id=f114bb07-9ae1-4366-a572-7331d3fedff3 retry=2/2 err=未解析到可用文本内容，请检查文件是否为空。
Traceback (most recent call last):
  File "D:\Qoder\测试开发平台\backend\modules\tasks.py", line 101, in parse_knowledge_document_task
    result = knowledge_base.parse_document_offline(
             ^^^^^^^^^^^^^^^^^^^^^^^^^^^^^^^^^^^^^^
  File "D:\Qoder\测试开发平台\backend\modules\knowledge_base.py", line 193, in parse_document_offline
    return parse_document_offline_impl(
           ^^^^^^^^^^^^^^^^^^^^^^^^^^^^
  File "D:\Qoder\测试开发平台\backend\modules\knowledge_base_components\offline_parse.py", line 189, in parse_document_offline_impl
    validate_parsed_content(content)
  File "D:\Qoder\测试开发平台\backend\modules\knowledge_base_components\offline_parse_support.py", line 70, in validate_parsed_content
    raise ValueError("未解析到可用文本内容，请检查文件是否为空。")
ValueError: 未解析到可用文本内容，请检查文件是否为空。
[2026-03-16 15:33:28,526: ERROR/MainProcess] Task modules.tasks.parse_knowledge_document_task[f114bb07-9ae1-4366-a572-7331d3fedff3] raised unexpected: ValueError('未解析到可用文本内容，请检查文件是否为空。')
Traceback (most recent call last):
  File "C:\Users\Administrator\AppData\Roaming\Python\Python311\site-packages\celery\app\trace.py", line 479, in trace_task
    R = retval = fun(*args, **kwargs)
                 ^^^^^^^^^^^^^^^^^^^^
  File "C:\Users\Administrator\AppData\Roaming\Python\Python311\site-packages\celery\app\trace.py", line 779, in __protected_call__
    return self.run(*args, **kwargs)
           ^^^^^^^^^^^^^^^^^^^^^^^^^
  File "D:\Qoder\测试开发平台\backend\modules\tasks.py", line 170, in parse_knowledge_document_task
    raise e
  File "D:\Qoder\测试开发平台\backend\modules\tasks.py", line 101, in parse_knowledge_document_task
    result = knowledge_base.parse_document_offline(
             ^^^^^^^^^^^^^^^^^^^^^^^^^^^^^^^^^^^^^^
  File "D:\Qoder\测试开发平台\backend\modules\knowledge_base.py", line 193, in parse_document_offline
    return parse_document_offline_impl(
           ^^^^^^^^^^^^^^^^^^^^^^^^^^^^
  File "D:\Qoder\测试开发平台\backend\modules\knowledge_base_components\offline_parse.py", line 189, in parse_document_offline_impl
    validate_parsed_content(content)
  File "D:\Qoder\测试开发平台\backend\modules\knowledge_base_components\offline_parse_support.py", line 70, in validate_parsed_content
    raise ValueError("未解析到可用文本内容，请检查文件是否为空。")
ValueError: 未解析到可用文本内容，请检查文件是否为空。
[2026-03-16 15:33:29,675: INFO/MainProcess] Task modules.tasks.parse_knowledge_document_task[6189cfda-9d8a-4b47-a3c5-3514b0ff6e2a] received
[2026-03-16 15:33:29,675: INFO/MainProcess] 离线解析任务启动 doc_id=178 task_id=6189cfda-9d8a-4b47-a3c5-3514b0ff6e2a retry=0 file=D:\Qoder\测试开发平台\backend\runtime\knowledge_uploads\20260316073329_09db11a7b1b946c991426539493c5e35.xyz
[2026-03-16 15:33:29,680: INFO/MainProcess] 离线解析开始 doc_id=178 task_id=6189cfda-9d8a-4b47-a3c5-3514b0ff6e2a retry=0
[2026-03-16 15:33:29,680: ERROR/MainProcess] 离线解析任务异常 doc_id=178 task_id=6189cfda-9d8a-4b47-a3c5-3514b0ff6e2a retry=0/2 err=文件解析失败：[Unsupported file type: 20260316073329_09db11a7b1b946c991426539493c5e35.xyz]
Traceback (most recent call last):
  File "D:\Qoder\测试开发平台\backend\modules\tasks.py", line 101, in parse_knowledge_document_task
    result = knowledge_base.parse_document_offline(
             ^^^^^^^^^^^^^^^^^^^^^^^^^^^^^^^^^^^^^^
  File "D:\Qoder\测试开发平台\backend\modules\knowledge_base.py", line 193, in parse_document_offline
    return parse_document_offline_impl(
           ^^^^^^^^^^^^^^^^^^^^^^^^^^^^
  File "D:\Qoder\测试开发平台\backend\modules\knowledge_base_components\offline_parse.py", line 189, in parse_document_offline_impl
    validate_parsed_content(content)
  File "D:\Qoder\测试开发平台\backend\modules\knowledge_base_components\offline_parse_support.py", line 74, in validate_parsed_content
    raise ValueError(f"文件解析失败：{normalized[:180]}")
ValueError: 文件解析失败：[Unsupported file type: 20260316073329_09db11a7b1b946c991426539493c5e35.xyz]
[2026-03-16 15:33:29,690: INFO/MainProcess] Task modules.tasks.parse_knowledge_document_task[6189cfda-9d8a-4b47-a3c5-3514b0ff6e2a] retry: Retry in 8s: ValueError('文件解析失败：[Unsupported file type: 20260316073329_09db11a7b1b946c991426539493c5e35.xyz]')
[2026-03-16 15:33:29,693: INFO/MainProcess] Task modules.tasks.parse_knowledge_document_task[6189cfda-9d8a-4b47-a3c5-3514b0ff6e2a] received
[2026-03-16 15:33:37,697: INFO/MainProcess] 离线解析任务启动 doc_id=178 task_id=6189cfda-9d8a-4b47-a3c5-3514b0ff6e2a retry=1 file=D:\Qoder\测试开发平台\backend\runtime\knowledge_uploads\20260316073329_09db11a7b1b946c991426539493c5e35.xyz
[2026-03-16 15:33:37,712: INFO/MainProcess] 离线解析开始 doc_id=178 task_id=6189cfda-9d8a-4b47-a3c5-3514b0ff6e2a retry=1
[2026-03-16 15:33:37,712: ERROR/MainProcess] 离线解析任务异常 doc_id=178 task_id=6189cfda-9d8a-4b47-a3c5-3514b0ff6e2a retry=1/2 err=文件解析失败：[Unsupported file type: 20260316073329_09db11a7b1b946c991426539493c5e35.xyz]
Traceback (most recent call last):
  File "D:\Qoder\测试开发平台\backend\modules\tasks.py", line 101, in parse_knowledge_document_task
    result = knowledge_base.parse_document_offline(
             ^^^^^^^^^^^^^^^^^^^^^^^^^^^^^^^^^^^^^^
  File "D:\Qoder\测试开发平台\backend\modules\knowledge_base.py", line 193, in parse_document_offline
    return parse_document_offline_impl(
           ^^^^^^^^^^^^^^^^^^^^^^^^^^^^
  File "D:\Qoder\测试开发平台\backend\modules\knowledge_base_components\offline_parse.py", line 189, in parse_document_offline_impl
    validate_parsed_content(content)
  File "D:\Qoder\测试开发平台\backend\modules\knowledge_base_components\offline_parse_support.py", line 74, in validate_parsed_content
    raise ValueError(f"文件解析失败：{normalized[:180]}")
ValueError: 文件解析失败：[Unsupported file type: 20260316073329_09db11a7b1b946c991426539493c5e35.xyz]
[2026-03-16 15:33:37,719: INFO/MainProcess] Task modules.tasks.parse_knowledge_document_task[6189cfda-9d8a-4b47-a3c5-3514b0ff6e2a] received
[2026-03-16 15:33:37,720: INFO/MainProcess] Task modules.tasks.parse_knowledge_document_task[6189cfda-9d8a-4b47-a3c5-3514b0ff6e2a] retry: Retry in 8s: ValueError('文件解析失败：[Unsupported file type: 20260316073329_09db11a7b1b946c991426539493c5e35.xyz]')
[2026-03-16 15:33:45,710: INFO/MainProcess] 离线解析任务启动 doc_id=178 task_id=6189cfda-9d8a-4b47-a3c5-3514b0ff6e2a retry=2 file=D:\Qoder\测试开发平台\backend\runtime\knowledge_uploads\20260316073329_09db11a7b1b946c991426539493c5e35.xyz
[2026-03-16 15:33:45,720: INFO/MainProcess] 离线解析开始 doc_id=178 task_id=6189cfda-9d8a-4b47-a3c5-3514b0ff6e2a retry=2
[2026-03-16 15:33:45,720: ERROR/MainProcess] 离线解析任务异常 doc_id=178 task_id=6189cfda-9d8a-4b47-a3c5-3514b0ff6e2a retry=2/2 err=文件解析失败：[Unsupported file type: 20260316073329_09db11a7b1b946c991426539493c5e35.xyz]
Traceback (most recent call last):
  File "D:\Qoder\测试开发平台\backend\modules\tasks.py", line 101, in parse_knowledge_document_task
    result = knowledge_base.parse_document_offline(
             ^^^^^^^^^^^^^^^^^^^^^^^^^^^^^^^^^^^^^^
  File "D:\Qoder\测试开发平台\backend\modules\knowledge_base.py", line 193, in parse_document_offline
    return parse_document_offline_impl(
           ^^^^^^^^^^^^^^^^^^^^^^^^^^^^
  File "D:\Qoder\测试开发平台\backend\modules\knowledge_base_components\offline_parse.py", line 189, in parse_document_offline_impl
    validate_parsed_content(content)
  File "D:\Qoder\测试开发平台\backend\modules\knowledge_base_components\offline_parse_support.py", line 74, in validate_parsed_content
    raise ValueError(f"文件解析失败：{normalized[:180]}")
ValueError: 文件解析失败：[Unsupported file type: 20260316073329_09db11a7b1b946c991426539493c5e35.xyz]
[2026-03-16 15:33:45,732: ERROR/MainProcess] Task modules.tasks.parse_knowledge_document_task[6189cfda-9d8a-4b47-a3c5-3514b0ff6e2a] raised unexpected: ValueError('文件解析失败：[Unsupported file type: 20260316073329_09db11a7b1b946c991426539493c5e35.xyz]')
Traceback (most recent call last):
  File "C:\Users\Administrator\AppData\Roaming\Python\Python311\site-packages\celery\app\trace.py", line 479, in trace_task
    R = retval = fun(*args, **kwargs)
                 ^^^^^^^^^^^^^^^^^^^^
  File "C:\Users\Administrator\AppData\Roaming\Python\Python311\site-packages\celery\app\trace.py", line 779, in __protected_call__
    return self.run(*args, **kwargs)
           ^^^^^^^^^^^^^^^^^^^^^^^^^
  File "D:\Qoder\测试开发平台\backend\modules\tasks.py", line 170, in parse_knowledge_document_task
    raise e
  File "D:\Qoder\测试开发平台\backend\modules\tasks.py", line 101, in parse_knowledge_document_task
    result = knowledge_base.parse_document_offline(
             ^^^^^^^^^^^^^^^^^^^^^^^^^^^^^^^^^^^^^^
  File "D:\Qoder\测试开发平台\backend\modules\knowledge_base.py", line 193, in parse_document_offline
    return parse_document_offline_impl(
           ^^^^^^^^^^^^^^^^^^^^^^^^^^^^
  File "D:\Qoder\测试开发平台\backend\modules\knowledge_base_components\offline_parse.py", line 189, in parse_document_offline_impl
    validate_parsed_content(content)
  File "D:\Qoder\测试开发平台\backend\modules\knowledge_base_components\offline_parse_support.py", line 74, in validate_parsed_content
    raise ValueError(f"文件解析失败：{normalized[:180]}")
ValueError: 文件解析失败：[Unsupported file type: 20260316073329_09db11a7b1b946c991426539493c5e35.xyz]
[2026-03-16 15:33:46,826: INFO/MainProcess] Task modules.tasks.parse_knowledge_document_task[13ce9cf0-ee67-4b30-93d3-4b374f0d92c9] received
[2026-03-16 15:33:46,826: INFO/MainProcess] 离线解析任务启动 doc_id=179 task_id=13ce9cf0-ee67-4b30-93d3-4b374f0d92c9 retry=0 file=D:\Qoder\测试开发平台\backend\runtime\knowledge_uploads\20260316073346_321f1a015b69464c9f49e6aa847f7159.pdf
[2026-03-16 15:33:46,832: INFO/MainProcess] 离线解析开始 doc_id=179 task_id=13ce9cf0-ee67-4b30-93d3-4b374f0d92c9 retry=0
[2026-03-16 15:33:46,832: ERROR/MainProcess] 离线解析任务异常 doc_id=179 task_id=13ce9cf0-ee67-4b30-93d3-4b374f0d92c9 retry=0/2 err=文件解析失败：[Error parsing file: startxref not found]
Traceback (most recent call last):
  File "D:\Qoder\测试开发平台\backend\modules\tasks.py", line 101, in parse_knowledge_document_task
    result = knowledge_base.parse_document_offline(
             ^^^^^^^^^^^^^^^^^^^^^^^^^^^^^^^^^^^^^^
  File "D:\Qoder\测试开发平台\backend\modules\knowledge_base.py", line 193, in parse_document_offline
    return parse_document_offline_impl(
           ^^^^^^^^^^^^^^^^^^^^^^^^^^^^
  File "D:\Qoder\测试开发平台\backend\modules\knowledge_base_components\offline_parse.py", line 189, in parse_document_offline_impl
    validate_parsed_content(content)
  File "D:\Qoder\测试开发平台\backend\modules\knowledge_base_components\offline_parse_support.py", line 74, in validate_parsed_content
    raise ValueError(f"文件解析失败：{normalized[:180]}")
ValueError: 文件解析失败：[Error parsing file: startxref not found]
[2026-03-16 15:33:46,843: INFO/MainProcess] Task modules.tasks.parse_knowledge_document_task[13ce9cf0-ee67-4b30-93d3-4b374f0d92c9] retry: Retry in 8s: ValueError('文件解析失败：[Error parsing file: startxref not found]')
[2026-03-16 15:33:46,846: INFO/MainProcess] Task modules.tasks.parse_knowledge_document_task[13ce9cf0-ee67-4b30-93d3-4b374f0d92c9] received
[2026-03-16 15:33:54,852: INFO/MainProcess] 离线解析任务启动 doc_id=179 task_id=13ce9cf0-ee67-4b30-93d3-4b374f0d92c9 retry=1 file=D:\Qoder\测试开发平台\backend\runtime\knowledge_uploads\20260316073346_321f1a015b69464c9f49e6aa847f7159.pdf
[2026-03-16 15:33:54,865: INFO/MainProcess] 离线解析开始 doc_id=179 task_id=13ce9cf0-ee67-4b30-93d3-4b374f0d92c9 retry=1
[2026-03-16 15:33:54,867: ERROR/MainProcess] 离线解析任务异常 doc_id=179 task_id=13ce9cf0-ee67-4b30-93d3-4b374f0d92c9 retry=1/2 err=文件解析失败：[Error parsing file: startxref not found]
Traceback (most recent call last):
  File "D:\Qoder\测试开发平台\backend\modules\tasks.py", line 101, in parse_knowledge_document_task
    result = knowledge_base.parse_document_offline(
             ^^^^^^^^^^^^^^^^^^^^^^^^^^^^^^^^^^^^^^
  File "D:\Qoder\测试开发平台\backend\modules\knowledge_base.py", line 193, in parse_document_offline
    return parse_document_offline_impl(
           ^^^^^^^^^^^^^^^^^^^^^^^^^^^^
  File "D:\Qoder\测试开发平台\backend\modules\knowledge_base_components\offline_parse.py", line 189, in parse_document_offline_impl
    validate_parsed_content(content)
  File "D:\Qoder\测试开发平台\backend\modules\knowledge_base_components\offline_parse_support.py", line 74, in validate_parsed_content
    raise ValueError(f"文件解析失败：{normalized[:180]}")
ValueError: 文件解析失败：[Error parsing file: startxref not found]
[2026-03-16 15:33:54,873: INFO/MainProcess] Task modules.tasks.parse_knowledge_document_task[13ce9cf0-ee67-4b30-93d3-4b374f0d92c9] received
[2026-03-16 15:33:54,874: INFO/MainProcess] Task modules.tasks.parse_knowledge_document_task[13ce9cf0-ee67-4b30-93d3-4b374f0d92c9] retry: Retry in 8s: ValueError('文件解析失败：[Error parsing file: startxref not found]')
[2026-03-16 15:34:02,868: INFO/MainProcess] 离线解析任务启动 doc_id=179 task_id=13ce9cf0-ee67-4b30-93d3-4b374f0d92c9 retry=2 file=D:\Qoder\测试开发平台\backend\runtime\knowledge_uploads\20260316073346_321f1a015b69464c9f49e6aa847f7159.pdf
[2026-03-16 15:34:02,875: INFO/MainProcess] 离线解析开始 doc_id=179 task_id=13ce9cf0-ee67-4b30-93d3-4b374f0d92c9 retry=2
[2026-03-16 15:34:02,875: ERROR/MainProcess] 离线解析任务异常 doc_id=179 task_id=13ce9cf0-ee67-4b30-93d3-4b374f0d92c9 retry=2/2 err=文件解析失败：[Error parsing file: startxref not found]
Traceback (most recent call last):
  File "D:\Qoder\测试开发平台\backend\modules\tasks.py", line 101, in parse_knowledge_document_task
    result = knowledge_base.parse_document_offline(
             ^^^^^^^^^^^^^^^^^^^^^^^^^^^^^^^^^^^^^^
  File "D:\Qoder\测试开发平台\backend\modules\knowledge_base.py", line 193, in parse_document_offline
    return parse_document_offline_impl(
           ^^^^^^^^^^^^^^^^^^^^^^^^^^^^
  File "D:\Qoder\测试开发平台\backend\modules\knowledge_base_components\offline_parse.py", line 189, in parse_document_offline_impl
    validate_parsed_content(content)
  File "D:\Qoder\测试开发平台\backend\modules\knowledge_base_components\offline_parse_support.py", line 74, in validate_parsed_content
    raise ValueError(f"文件解析失败：{normalized[:180]}")
ValueError: 文件解析失败：[Error parsing file: startxref not found]
[2026-03-16 15:34:02,880: ERROR/MainProcess] Task modules.tasks.parse_knowledge_document_task[13ce9cf0-ee67-4b30-93d3-4b374f0d92c9] raised unexpected: ValueError('文件解析失败：[Error parsing file: startxref not found]')
Traceback (most recent call last):
  File "C:\Users\Administrator\AppData\Roaming\Python\Python311\site-packages\celery\app\trace.py", line 479, in trace_task
    R = retval = fun(*args, **kwargs)
                 ^^^^^^^^^^^^^^^^^^^^
  File "C:\Users\Administrator\AppData\Roaming\Python\Python311\site-packages\celery\app\trace.py", line 779, in __protected_call__
    return self.run(*args, **kwargs)
           ^^^^^^^^^^^^^^^^^^^^^^^^^
  File "D:\Qoder\测试开发平台\backend\modules\tasks.py", line 170, in parse_knowledge_document_task
    raise e
  File "D:\Qoder\测试开发平台\backend\modules\tasks.py", line 101, in parse_knowledge_document_task
    result = knowledge_base.parse_document_offline(
             ^^^^^^^^^^^^^^^^^^^^^^^^^^^^^^^^^^^^^^
  File "D:\Qoder\测试开发平台\backend\modules\knowledge_base.py", line 193, in parse_document_offline
    return parse_document_offline_impl(
           ^^^^^^^^^^^^^^^^^^^^^^^^^^^^
  File "D:\Qoder\测试开发平台\backend\modules\knowledge_base_components\offline_parse.py", line 189, in parse_document_offline_impl
    validate_parsed_content(content)
  File "D:\Qoder\测试开发平台\backend\modules\knowledge_base_components\offline_parse_support.py", line 74, in validate_parsed_content
    raise ValueError(f"文件解析失败：{normalized[:180]}")
ValueError: 文件解析失败：[Error parsing file: startxref not found]
[2026-03-16 15:34:03,955: INFO/MainProcess] Task modules.tasks.parse_knowledge_document_task[3aae1261-2b87-4a9a-8867-a528742c0fba] received
[2026-03-16 15:34:03,955: INFO/MainProcess] 离线解析任务启动 doc_id=180 task_id=3aae1261-2b87-4a9a-8867-a528742c0fba retry=0 file=D:\Qoder\测试开发平台\backend\runtime\knowledge_uploads\20260316073403_593d3244ee2b43c7ba95dde1477af37b.txt
[2026-03-16 15:34:03,960: INFO/MainProcess] 离线解析开始 doc_id=180 task_id=3aae1261-2b87-4a9a-8867-a528742c0fba retry=0
[2026-03-16 15:34:03,960: ERROR/MainProcess] 离线解析任务异常 doc_id=180 task_id=3aae1261-2b87-4a9a-8867-a528742c0fba retry=0/2 err=离线解析注入失败：fail_once
Traceback (most recent call last):
  File "D:\Qoder\测试开发平台\backend\modules\tasks.py", line 101, in parse_knowledge_document_task
    result = knowledge_base.parse_document_offline(
             ^^^^^^^^^^^^^^^^^^^^^^^^^^^^^^^^^^^^^^
  File "D:\Qoder\测试开发平台\backend\modules\knowledge_base.py", line 193, in parse_document_offline
    return parse_document_offline_impl(
           ^^^^^^^^^^^^^^^^^^^^^^^^^^^^
  File "D:\Qoder\测试开发平台\backend\modules\knowledge_base_components\offline_parse.py", line 186, in parse_document_offline_impl
    raise RuntimeError("离线解析注入失败：fail_once")
RuntimeError: 离线解析注入失败：fail_once
[2026-03-16 15:34:03,965: INFO/MainProcess] Task modules.tasks.parse_knowledge_document_task[3aae1261-2b87-4a9a-8867-a528742c0fba] retry: Retry in 8s: RuntimeError('离线解析注入失败：fail_once')
[2026-03-16 15:34:03,968: INFO/MainProcess] Task modules.tasks.parse_knowledge_document_task[3aae1261-2b87-4a9a-8867-a528742c0fba] received
[2026-03-16 15:34:11,963: INFO/MainProcess] 离线解析任务启动 doc_id=180 task_id=3aae1261-2b87-4a9a-8867-a528742c0fba retry=1 file=D:\Qoder\测试开发平台\backend\runtime\knowledge_uploads\20260316073403_593d3244ee2b43c7ba95dde1477af37b.txt
[2026-03-16 15:34:11,969: INFO/MainProcess] 离线解析开始 doc_id=180 task_id=3aae1261-2b87-4a9a-8867-a528742c0fba retry=1
[2026-03-16 15:34:12,417: INFO/MainProcess] 离线解析成功 doc_id=180 task_id=3aae1261-2b87-4a9a-8867-a528742c0fba
[2026-03-16 15:34:12,417: INFO/MainProcess] 离线解析任务完成 doc_id=180 task_id=3aae1261-2b87-4a9a-8867-a528742c0fba result={'status': 'success', 'document_id': 180}
[2026-03-16 15:34:12,418: INFO/MainProcess] Task modules.tasks.parse_knowledge_document_task[3aae1261-2b87-4a9a-8867-a528742c0fba] succeeded in 0.45300000003771856s: {'status': 'success', 'document_id': 180}
[2026-03-16 15:34:13,086: INFO/MainProcess] Task modules.tasks.parse_knowledge_document_task[97685197-de64-4a89-992c-c9a7d8087249] received
[2026-03-16 15:34:13,086: INFO/MainProcess] 离线解析任务启动 doc_id=181 task_id=97685197-de64-4a89-992c-c9a7d8087249 retry=0 file=D:\Qoder\测试开发平台\backend\runtime\knowledge_uploads\20260316073413_f60fc63711174405b6133e1a515dbdf4.txt
[2026-03-16 15:34:13,091: INFO/MainProcess] 离线解析开始 doc_id=181 task_id=97685197-de64-4a89-992c-c9a7d8087249 retry=0
[2026-03-16 15:34:13,096: ERROR/MainProcess] 离线解析任务异常 doc_id=181 task_id=97685197-de64-4a89-992c-c9a7d8087249 retry=0/2 err=离线解析注入失败：summary_fail
Traceback (most recent call last):
  File "D:\Qoder\测试开发平台\backend\modules\tasks.py", line 101, in parse_knowledge_document_task
    result = knowledge_base.parse_document_offline(
             ^^^^^^^^^^^^^^^^^^^^^^^^^^^^^^^^^^^^^^
  File "D:\Qoder\测试开发平台\backend\modules\knowledge_base.py", line 193, in parse_document_offline
    return parse_document_offline_impl(
           ^^^^^^^^^^^^^^^^^^^^^^^^^^^^
  File "D:\Qoder\测试开发平台\backend\modules\knowledge_base_components\offline_parse.py", line 222, in parse_document_offline_impl
    raise RuntimeError("离线解析注入失败：summary_fail")
RuntimeError: 离线解析注入失败：summary_fail
[2026-03-16 15:34:13,104: INFO/MainProcess] Task modules.tasks.parse_knowledge_document_task[97685197-de64-4a89-992c-c9a7d8087249] retry: Retry in 8s: RuntimeError('离线解析注入失败：summary_fail')
[2026-03-16 15:34:13,105: INFO/MainProcess] Task modules.tasks.parse_knowledge_document_task[97685197-de64-4a89-992c-c9a7d8087249] received
[2026-03-16 15:34:21,096: INFO/MainProcess] 离线解析任务启动 doc_id=181 task_id=97685197-de64-4a89-992c-c9a7d8087249 retry=1 file=D:\Qoder\测试开发平台\backend\runtime\knowledge_uploads\20260316073413_f60fc63711174405b6133e1a515dbdf4.txt
[2026-03-16 15:34:21,111: INFO/MainProcess] 离线解析开始 doc_id=181 task_id=97685197-de64-4a89-992c-c9a7d8087249 retry=1
[2026-03-16 15:34:21,113: ERROR/MainProcess] 离线解析任务异常 doc_id=181 task_id=97685197-de64-4a89-992c-c9a7d8087249 retry=1/2 err=离线解析注入失败：summary_fail
Traceback (most recent call last):
  File "D:\Qoder\测试开发平台\backend\modules\tasks.py", line 101, in parse_knowledge_document_task
    result = knowledge_base.parse_document_offline(
             ^^^^^^^^^^^^^^^^^^^^^^^^^^^^^^^^^^^^^^
  File "D:\Qoder\测试开发平台\backend\modules\knowledge_base.py", line 193, in parse_document_offline
    return parse_document_offline_impl(
           ^^^^^^^^^^^^^^^^^^^^^^^^^^^^
  File "D:\Qoder\测试开发平台\backend\modules\knowledge_base_components\offline_parse.py", line 222, in parse_document_offline_impl
    raise RuntimeError("离线解析注入失败：summary_fail")
RuntimeError: 离线解析注入失败：summary_fail
[2026-03-16 15:34:21,120: INFO/MainProcess] Task modules.tasks.parse_knowledge_document_task[97685197-de64-4a89-992c-c9a7d8087249] received
[2026-03-16 15:34:21,122: INFO/MainProcess] Task modules.tasks.parse_knowledge_document_task[97685197-de64-4a89-992c-c9a7d8087249] retry: Retry in 8s: RuntimeError('离线解析注入失败：summary_fail')
[2026-03-16 15:34:29,114: INFO/MainProcess] 离线解析任务启动 doc_id=181 task_id=97685197-de64-4a89-992c-c9a7d8087249 retry=2 file=D:\Qoder\测试开发平台\backend\runtime\knowledge_uploads\20260316073413_f60fc63711174405b6133e1a515dbdf4.txt
[2026-03-16 15:34:29,127: INFO/MainProcess] 离线解析开始 doc_id=181 task_id=97685197-de64-4a89-992c-c9a7d8087249 retry=2
[2026-03-16 15:34:29,131: ERROR/MainProcess] 离线解析任务异常 doc_id=181 task_id=97685197-de64-4a89-992c-c9a7d8087249 retry=2/2 err=离线解析注入失败：summary_fail
Traceback (most recent call last):
  File "D:\Qoder\测试开发平台\backend\modules\tasks.py", line 101, in parse_knowledge_document_task
    result = knowledge_base.parse_document_offline(
             ^^^^^^^^^^^^^^^^^^^^^^^^^^^^^^^^^^^^^^
  File "D:\Qoder\测试开发平台\backend\modules\knowledge_base.py", line 193, in parse_document_offline
    return parse_document_offline_impl(
           ^^^^^^^^^^^^^^^^^^^^^^^^^^^^
  File "D:\Qoder\测试开发平台\backend\modules\knowledge_base_components\offline_parse.py", line 222, in parse_document_offline_impl
    raise RuntimeError("离线解析注入失败：summary_fail")
RuntimeError: 离线解析注入失败：summary_fail
[2026-03-16 15:34:29,137: ERROR/MainProcess] Task modules.tasks.parse_knowledge_document_task[97685197-de64-4a89-992c-c9a7d8087249] raised unexpected: RuntimeError('离线解析注入失败：summary_fail')
Traceback (most recent call last):
  File "C:\Users\Administrator\AppData\Roaming\Python\Python311\site-packages\celery\app\trace.py", line 479, in trace_task
    R = retval = fun(*args, **kwargs)
                 ^^^^^^^^^^^^^^^^^^^^
  File "C:\Users\Administrator\AppData\Roaming\Python\Python311\site-packages\celery\app\trace.py", line 779, in __protected_call__
    return self.run(*args, **kwargs)
           ^^^^^^^^^^^^^^^^^^^^^^^^^
  File "D:\Qoder\测试开发平台\backend\modules\tasks.py", line 170, in parse_knowledge_document_task
    raise e
  File "D:\Qoder\测试开发平台\backend\modules\tasks.py", line 101, in parse_knowledge_document_task
    result = knowledge_base.parse_document_offline(
             ^^^^^^^^^^^^^^^^^^^^^^^^^^^^^^^^^^^^^^
  File "D:\Qoder\测试开发平台\backend\modules\knowledge_base.py", line 193, in parse_document_offline
    return parse_document_offline_impl(
           ^^^^^^^^^^^^^^^^^^^^^^^^^^^^
  File "D:\Qoder\测试开发平台\backend\modules\knowledge_base_components\offline_parse.py", line 222, in parse_document_offline_impl
    raise RuntimeError("离线解析注入失败：summary_fail")
RuntimeError: 离线解析注入失败：summary_fail
[2026-03-16 15:34:30,240: INFO/MainProcess] Task modules.tasks.parse_knowledge_document_task[ccaa2556-7b67-47cb-849a-21f00a19ed0d] received
[2026-03-16 15:34:30,240: INFO/MainProcess] 离线解析任务启动 doc_id=182 task_id=ccaa2556-7b67-47cb-849a-21f00a19ed0d retry=0 file=D:\Qoder\测试开发平台\backend\runtime\knowledge_uploads\20260316073430_11d0c04a5ab24e4ca8499a48865be6c5.txt
[2026-03-16 15:34:30,244: INFO/MainProcess] 离线解析开始 doc_id=182 task_id=ccaa2556-7b67-47cb-849a-21f00a19ed0d retry=0
[2026-03-16 15:34:30,249: ERROR/MainProcess] 离线解析任务异常 doc_id=182 task_id=ccaa2556-7b67-47cb-849a-21f00a19ed0d retry=0/2 err=离线解析注入失败：chroma_fail
Traceback (most recent call last):
  File "D:\Qoder\测试开发平台\backend\modules\tasks.py", line 101, in parse_knowledge_document_task
    result = knowledge_base.parse_document_offline(
             ^^^^^^^^^^^^^^^^^^^^^^^^^^^^^^^^^^^^^^
  File "D:\Qoder\测试开发平台\backend\modules\knowledge_base.py", line 193, in parse_document_offline
    return parse_document_offline_impl(
           ^^^^^^^^^^^^^^^^^^^^^^^^^^^^
  File "D:\Qoder\测试开发平台\backend\modules\knowledge_base_components\offline_parse.py", line 232, in parse_document_offline_impl
    raise RuntimeError("离线解析注入失败：chroma_fail")
RuntimeError: 离线解析注入失败：chroma_fail
[2026-03-16 15:34:30,256: INFO/MainProcess] Task modules.tasks.parse_knowledge_document_task[ccaa2556-7b67-47cb-849a-21f00a19ed0d] retry: Retry in 8s: RuntimeError('离线解析注入失败：chroma_fail')
[2026-03-16 15:34:30,258: INFO/MainProcess] Task modules.tasks.parse_knowledge_document_task[ccaa2556-7b67-47cb-849a-21f00a19ed0d] received
[2026-03-16 15:34:38,253: INFO/MainProcess] 离线解析任务启动 doc_id=182 task_id=ccaa2556-7b67-47cb-849a-21f00a19ed0d retry=1 file=D:\Qoder\测试开发平台\backend\runtime\knowledge_uploads\20260316073430_11d0c04a5ab24e4ca8499a48865be6c5.txt
[2026-03-16 15:34:38,259: INFO/MainProcess] 离线解析开始 doc_id=182 task_id=ccaa2556-7b67-47cb-849a-21f00a19ed0d retry=1
[2026-03-16 15:34:38,262: ERROR/MainProcess] 离线解析任务异常 doc_id=182 task_id=ccaa2556-7b67-47cb-849a-21f00a19ed0d retry=1/2 err=离线解析注入失败：chroma_fail
Traceback (most recent call last):
  File "D:\Qoder\测试开发平台\backend\modules\tasks.py", line 101, in parse_knowledge_document_task
    result = knowledge_base.parse_document_offline(
             ^^^^^^^^^^^^^^^^^^^^^^^^^^^^^^^^^^^^^^
  File "D:\Qoder\测试开发平台\backend\modules\knowledge_base.py", line 193, in parse_document_offline
    return parse_document_offline_impl(
           ^^^^^^^^^^^^^^^^^^^^^^^^^^^^
  File "D:\Qoder\测试开发平台\backend\modules\knowledge_base_components\offline_parse.py", line 232, in parse_document_offline_impl
    raise RuntimeError("离线解析注入失败：chroma_fail")
RuntimeError: 离线解析注入失败：chroma_fail
[2026-03-16 15:34:38,269: INFO/MainProcess] Task modules.tasks.parse_knowledge_document_task[ccaa2556-7b67-47cb-849a-21f00a19ed0d] received
[2026-03-16 15:34:38,270: INFO/MainProcess] Task modules.tasks.parse_knowledge_document_task[ccaa2556-7b67-47cb-849a-21f00a19ed0d] retry: Retry in 8s: RuntimeError('离线解析注入失败：chroma_fail')
[2026-03-16 15:34:46,277: INFO/MainProcess] 离线解析任务启动 doc_id=182 task_id=ccaa2556-7b67-47cb-849a-21f00a19ed0d retry=2 file=D:\Qoder\测试开发平台\backend\runtime\knowledge_uploads\20260316073430_11d0c04a5ab24e4ca8499a48865be6c5.txt
[2026-03-16 15:34:46,284: INFO/MainProcess] 离线解析开始 doc_id=182 task_id=ccaa2556-7b67-47cb-849a-21f00a19ed0d retry=2
[2026-03-16 15:34:46,286: ERROR/MainProcess] 离线解析任务异常 doc_id=182 task_id=ccaa2556-7b67-47cb-849a-21f00a19ed0d retry=2/2 err=离线解析注入失败：chroma_fail
Traceback (most recent call last):
  File "D:\Qoder\测试开发平台\backend\modules\tasks.py", line 101, in parse_knowledge_document_task
    result = knowledge_base.parse_document_offline(
             ^^^^^^^^^^^^^^^^^^^^^^^^^^^^^^^^^^^^^^
  File "D:\Qoder\测试开发平台\backend\modules\knowledge_base.py", line 193, in parse_document_offline
    return parse_document_offline_impl(
           ^^^^^^^^^^^^^^^^^^^^^^^^^^^^
  File "D:\Qoder\测试开发平台\backend\modules\knowledge_base_components\offline_parse.py", line 232, in parse_document_offline_impl
    raise RuntimeError("离线解析注入失败：chroma_fail")
RuntimeError: 离线解析注入失败：chroma_fail
[2026-03-16 15:34:46,291: ERROR/MainProcess] Task modules.tasks.parse_knowledge_document_task[ccaa2556-7b67-47cb-849a-21f00a19ed0d] raised unexpected: RuntimeError('离线解析注入失败：chroma_fail')
Traceback (most recent call last):
  File "C:\Users\Administrator\AppData\Roaming\Python\Python311\site-packages\celery\app\trace.py", line 479, in trace_task
    R = retval = fun(*args, **kwargs)
                 ^^^^^^^^^^^^^^^^^^^^
  File "C:\Users\Administrator\AppData\Roaming\Python\Python311\site-packages\celery\app\trace.py", line 779, in __protected_call__
    return self.run(*args, **kwargs)
           ^^^^^^^^^^^^^^^^^^^^^^^^^
  File "D:\Qoder\测试开发平台\backend\modules\tasks.py", line 170, in parse_knowledge_document_task
    raise e
  File "D:\Qoder\测试开发平台\backend\modules\tasks.py", line 101, in parse_knowledge_document_task
    result = knowledge_base.parse_document_offline(
             ^^^^^^^^^^^^^^^^^^^^^^^^^^^^^^^^^^^^^^
  File "D:\Qoder\测试开发平台\backend\modules\knowledge_base.py", line 193, in parse_document_offline
    return parse_document_offline_impl(
           ^^^^^^^^^^^^^^^^^^^^^^^^^^^^
  File "D:\Qoder\测试开发平台\backend\modules\knowledge_base_components\offline_parse.py", line 232, in parse_document_offline_impl
    raise RuntimeError("离线解析注入失败：chroma_fail")
RuntimeError: 离线解析注入失败：chroma_fail
[2026-03-16 15:34:47,395: INFO/MainProcess] Task modules.tasks.parse_knowledge_document_task[56c20b2c-5838-44cf-9502-45d761ec14aa] received
[2026-03-16 15:34:47,395: INFO/MainProcess] 离线解析任务启动 doc_id=183 task_id=56c20b2c-5838-44cf-9502-45d761ec14aa retry=0 file=D:\Qoder\测试开发平台\backend\runtime\knowledge_uploads\20260316073447_cbeccb202d6f43bf8094ff1ce6d0f290.txt
[2026-03-16 15:34:47,404: INFO/MainProcess] 离线解析开始 doc_id=183 task_id=56c20b2c-5838-44cf-9502-45d761ec14aa retry=0
[2026-03-16 15:34:47,404: ERROR/MainProcess] 离线解析任务异常 doc_id=183 task_id=56c20b2c-5838-44cf-9502-45d761ec14aa retry=0/2 err=离线解析注入失败：runtime_fail
Traceback (most recent call last):
  File "D:\Qoder\测试开发平台\backend\modules\tasks.py", line 101, in parse_knowledge_document_task
    result = knowledge_base.parse_document_offline(
             ^^^^^^^^^^^^^^^^^^^^^^^^^^^^^^^^^^^^^^
  File "D:\Qoder\测试开发平台\backend\modules\knowledge_base.py", line 193, in parse_document_offline
    return parse_document_offline_impl(
           ^^^^^^^^^^^^^^^^^^^^^^^^^^^^
  File "D:\Qoder\测试开发平台\backend\modules\knowledge_base_components\offline_parse.py", line 184, in parse_document_offline_impl
    raise RuntimeError("离线解析注入失败：runtime_fail")
RuntimeError: 离线解析注入失败：runtime_fail
[2026-03-16 15:34:47,415: INFO/MainProcess] Task modules.tasks.parse_knowledge_document_task[56c20b2c-5838-44cf-9502-45d761ec14aa] retry: Retry in 8s: RuntimeError('离线解析注入失败：runtime_fail')
[2026-03-16 15:34:47,417: INFO/MainProcess] Task modules.tasks.parse_knowledge_document_task[56c20b2c-5838-44cf-9502-45d761ec14aa] received
[2026-03-16 15:34:55,412: INFO/MainProcess] 离线解析任务启动 doc_id=183 task_id=56c20b2c-5838-44cf-9502-45d761ec14aa retry=1 file=D:\Qoder\测试开发平台\backend\runtime\knowledge_uploads\20260316073447_cbeccb202d6f43bf8094ff1ce6d0f290.txt
[2026-03-16 15:34:55,417: INFO/MainProcess] 离线解析开始 doc_id=183 task_id=56c20b2c-5838-44cf-9502-45d761ec14aa retry=1
[2026-03-16 15:34:55,417: ERROR/MainProcess] 离线解析任务异常 doc_id=183 task_id=56c20b2c-5838-44cf-9502-45d761ec14aa retry=1/2 err=离线解析注入失败：runtime_fail
Traceback (most recent call last):
  File "D:\Qoder\测试开发平台\backend\modules\tasks.py", line 101, in parse_knowledge_document_task
    result = knowledge_base.parse_document_offline(
             ^^^^^^^^^^^^^^^^^^^^^^^^^^^^^^^^^^^^^^
  File "D:\Qoder\测试开发平台\backend\modules\knowledge_base.py", line 193, in parse_document_offline
    return parse_document_offline_impl(
           ^^^^^^^^^^^^^^^^^^^^^^^^^^^^
  File "D:\Qoder\测试开发平台\backend\modules\knowledge_base_components\offline_parse.py", line 184, in parse_document_offline_impl
    raise RuntimeError("离线解析注入失败：runtime_fail")
RuntimeError: 离线解析注入失败：runtime_fail
[2026-03-16 15:34:55,423: INFO/MainProcess] Task modules.tasks.parse_knowledge_document_task[56c20b2c-5838-44cf-9502-45d761ec14aa] received
[2026-03-16 15:34:55,423: INFO/MainProcess] Task modules.tasks.parse_knowledge_document_task[56c20b2c-5838-44cf-9502-45d761ec14aa] retry: Retry in 8s: RuntimeError('离线解析注入失败：runtime_fail')
[2026-03-16 15:35:03,431: INFO/MainProcess] 离线解析任务启动 doc_id=183 task_id=56c20b2c-5838-44cf-9502-45d761ec14aa retry=2 file=D:\Qoder\测试开发平台\backend\runtime\knowledge_uploads\20260316073447_cbeccb202d6f43bf8094ff1ce6d0f290.txt
[2026-03-16 15:35:03,439: INFO/MainProcess] 离线解析开始 doc_id=183 task_id=56c20b2c-5838-44cf-9502-45d761ec14aa retry=2
[2026-03-16 15:35:03,439: ERROR/MainProcess] 离线解析任务异常 doc_id=183 task_id=56c20b2c-5838-44cf-9502-45d761ec14aa retry=2/2 err=离线解析注入失败：runtime_fail
Traceback (most recent call last):
  File "D:\Qoder\测试开发平台\backend\modules\tasks.py", line 101, in parse_knowledge_document_task
    result = knowledge_base.parse_document_offline(
             ^^^^^^^^^^^^^^^^^^^^^^^^^^^^^^^^^^^^^^
  File "D:\Qoder\测试开发平台\backend\modules\knowledge_base.py", line 193, in parse_document_offline
    return parse_document_offline_impl(
           ^^^^^^^^^^^^^^^^^^^^^^^^^^^^
  File "D:\Qoder\测试开发平台\backend\modules\knowledge_base_components\offline_parse.py", line 184, in parse_document_offline_impl
    raise RuntimeError("离线解析注入失败：runtime_fail")
RuntimeError: 离线解析注入失败：runtime_fail
[2026-03-16 15:35:03,446: ERROR/MainProcess] Task modules.tasks.parse_knowledge_document_task[56c20b2c-5838-44cf-9502-45d761ec14aa] raised unexpected: RuntimeError('离线解析注入失败：runtime_fail')
Traceback (most recent call last):
  File "C:\Users\Administrator\AppData\Roaming\Python\Python311\site-packages\celery\app\trace.py", line 479, in trace_task
    R = retval = fun(*args, **kwargs)
                 ^^^^^^^^^^^^^^^^^^^^
  File "C:\Users\Administrator\AppData\Roaming\Python\Python311\site-packages\celery\app\trace.py", line 779, in __protected_call__
    return self.run(*args, **kwargs)
           ^^^^^^^^^^^^^^^^^^^^^^^^^
  File "D:\Qoder\测试开发平台\backend\modules\tasks.py", line 170, in parse_knowledge_document_task
    raise e
  File "D:\Qoder\测试开发平台\backend\modules\tasks.py", line 101, in parse_knowledge_document_task
    result = knowledge_base.parse_document_offline(
             ^^^^^^^^^^^^^^^^^^^^^^^^^^^^^^^^^^^^^^
  File "D:\Qoder\测试开发平台\backend\modules\knowledge_base.py", line 193, in parse_document_offline
    return parse_document_offline_impl(
           ^^^^^^^^^^^^^^^^^^^^^^^^^^^^
  File "D:\Qoder\测试开发平台\backend\modules\knowledge_base_components\offline_parse.py", line 184, in parse_document_offline_impl
    raise RuntimeError("离线解析注入失败：runtime_fail")
RuntimeError: 离线解析注入失败：runtime_fail
