C:\Program Files\Python311\Lib\site-packages\pydantic\_internal\_config.py:383: UserWarning: Valid config keys have changed in V2:
* 'orm_mode' has been renamed to 'from_attributes'
  warnings.warn(message, UserWarning)
INFO:     Started server process [30124]
INFO:     Waiting for application startup.
WARNING:ai_test_platform:Saved AI API key cannot be decrypted because CONFIG_ENCRYPTION_KEY does not match the stored data.
INFO:     Application startup complete.
INFO:     Uvicorn running on http://127.0.0.1:8000 (Press CTRL+C to quit)
Successfully connected to MySQL database: ai_test_platform
Redis connected: 127.0.0.1:6379
Application startup: Redis pool initialized (应用启动: Redis 连接池已初始化)
Failed to load AI config on startup (RuntimeError): Saved AI API key cannot be decrypted for config 17 (user 1). This is an API key encryption-key mismatch (not a model problem). Re-enter the API key in Config and save again.
INFO:     127.0.0.1:65038 - "GET /api/health HTTP/1.1" 200 OK
INFO:     127.0.0.1:65041 - "POST /api/auth/register HTTP/1.1" 200 OK
INFO:     127.0.0.1:65042 - "POST /api/auth/login HTTP/1.1" 200 OK
INFO:     127.0.0.1:65048 - "POST /api/projects/ HTTP/1.1" 201 Created
INFO:     127.0.0.1:65051 - "POST /api/upload-knowledge HTTP/1.1" 500 Internal Server Error
ERROR:    Exception in ASGI application
Traceback (most recent call last):
  File "C:\Users\Administrator\AppData\Roaming\Python\Python311\site-packages\sqlalchemy\engine\base.py", line 1967, in _exec_single_context
    self.dialect.do_execute(
  File "C:\Users\Administrator\AppData\Roaming\Python\Python311\site-packages\sqlalchemy\engine\default.py", line 952, in do_execute
    cursor.execute(statement, parameters)
  File "C:\Users\Administrator\AppData\Roaming\Python\Python311\site-packages\pymysql\cursors.py", line 153, in execute
    result = self._query(query)
             ^^^^^^^^^^^^^^^^^^
  File "C:\Users\Administrator\AppData\Roaming\Python\Python311\site-packages\pymysql\cursors.py", line 322, in _query
    conn.query(q)
  File "C:\Users\Administrator\AppData\Roaming\Python\Python311\site-packages\pymysql\connections.py", line 575, in query
    self._affected_rows = self._read_query_result(unbuffered=unbuffered)
                          ^^^^^^^^^^^^^^^^^^^^^^^^^^^^^^^^^^^^^^^^^^^^^^
  File "C:\Users\Administrator\AppData\Roaming\Python\Python311\site-packages\pymysql\connections.py", line 826, in _read_query_result
    result.read()
  File "C:\Users\Administrator\AppData\Roaming\Python\Python311\site-packages\pymysql\connections.py", line 1203, in read
    first_packet = self.connection._read_packet()
                   ^^^^^^^^^^^^^^^^^^^^^^^^^^^^^^
  File "C:\Users\Administrator\AppData\Roaming\Python\Python311\site-packages\pymysql\connections.py", line 782, in _read_packet
    packet.raise_for_error()
  File "C:\Users\Administrator\AppData\Roaming\Python\Python311\site-packages\pymysql\protocol.py", line 219, in raise_for_error
    err.raise_mysql_exception(self._data)
  File "C:\Users\Administrator\AppData\Roaming\Python\Python311\site-packages\pymysql\err.py", line 150, in raise_mysql_exception
    raise errorclass(errno, errval)
pymysql.err.OperationalError: (1054, "Unknown column 'parse_status' in 'field list'")

The above exception was the direct cause of the following exception:

Traceback (most recent call last):
  File "C:\Program Files\Python311\Lib\site-packages\uvicorn\protocols\http\h11_impl.py", line 410, in run_asgi
    result = await app(  # type: ignore[func-returns-value]
             ^^^^^^^^^^^^^^^^^^^^^^^^^^^^^^^^^^^^^^^^^^^^^^
  File "C:\Program Files\Python311\Lib\site-packages\uvicorn\middleware\proxy_headers.py", line 60, in __call__
    return await self.app(scope, receive, send)
           ^^^^^^^^^^^^^^^^^^^^^^^^^^^^^^^^^^^^
  File "C:\Program Files\Python311\Lib\site-packages\fastapi\applications.py", line 1160, in __call__
    await super().__call__(scope, receive, send)
  File "C:\Program Files\Python311\Lib\site-packages\starlette\applications.py", line 107, in __call__
    await self.middleware_stack(scope, receive, send)
  File "C:\Program Files\Python311\Lib\site-packages\starlette\middleware\errors.py", line 186, in __call__
    raise exc
  File "C:\Program Files\Python311\Lib\site-packages\starlette\middleware\errors.py", line 164, in __call__
    await self.app(scope, receive, _send)
  File "C:\Program Files\Python311\Lib\site-packages\starlette\middleware\cors.py", line 87, in __call__
    await self.app(scope, receive, send)
  File "C:\Program Files\Python311\Lib\site-packages\starlette\middleware\trustedhost.py", line 36, in __call__
    await self.app(scope, receive, send)
  File "C:\Program Files\Python311\Lib\site-packages\starlette\middleware\base.py", line 191, in __call__
    with recv_stream, send_stream, collapse_excgroups():
  File "C:\Program Files\Python311\Lib\contextlib.py", line 158, in __exit__
    self.gen.throw(typ, value, traceback)
  File "C:\Program Files\Python311\Lib\site-packages\starlette\_utils.py", line 87, in collapse_excgroups
    raise exc
  File "C:\Program Files\Python311\Lib\site-packages\starlette\middleware\base.py", line 193, in __call__
    response = await self.dispatch_func(request, call_next)
               ^^^^^^^^^^^^^^^^^^^^^^^^^^^^^^^^^^^^^^^^^^^^
  File "C:\Users\Administrator\AppData\Roaming\Python\Python311\site-packages\slowapi\middleware.py", line 136, in dispatch
    response = await call_next(request)
               ^^^^^^^^^^^^^^^^^^^^^^^^
  File "C:\Program Files\Python311\Lib\site-packages\starlette\middleware\base.py", line 168, in call_next
    raise app_exc from app_exc.__cause__ or app_exc.__context__
  File "C:\Program Files\Python311\Lib\site-packages\starlette\middleware\base.py", line 144, in coro
    await self.app(scope, receive_or_disconnect, send_no_error)
  File "C:\Program Files\Python311\Lib\site-packages\starlette\middleware\exceptions.py", line 63, in __call__
    await wrap_app_handling_exceptions(self.app, conn)(scope, receive, send)
  File "C:\Program Files\Python311\Lib\site-packages\starlette\_exception_handler.py", line 53, in wrapped_app
    raise exc
  File "C:\Program Files\Python311\Lib\site-packages\starlette\_exception_handler.py", line 42, in wrapped_app
    await app(scope, receive, sender)
  File "C:\Program Files\Python311\Lib\site-packages\fastapi\middleware\asyncexitstack.py", line 18, in __call__
    await self.app(scope, receive, send)
  File "C:\Program Files\Python311\Lib\site-packages\starlette\routing.py", line 716, in __call__
    await self.middleware_stack(scope, receive, send)
  File "C:\Program Files\Python311\Lib\site-packages\starlette\routing.py", line 736, in app
    await route.handle(scope, receive, send)
  File "C:\Program Files\Python311\Lib\site-packages\starlette\routing.py", line 290, in handle
    await self.app(scope, receive, send)
  File "C:\Program Files\Python311\Lib\site-packages\fastapi\routing.py", line 130, in app
    await wrap_app_handling_exceptions(app, request)(scope, receive, send)
  File "C:\Program Files\Python311\Lib\site-packages\starlette\_exception_handler.py", line 53, in wrapped_app
    raise exc
  File "C:\Program Files\Python311\Lib\site-packages\starlette\_exception_handler.py", line 42, in wrapped_app
    await app(scope, receive, sender)
  File "C:\Program Files\Python311\Lib\site-packages\fastapi\routing.py", line 116, in app
    response = await f(request)
               ^^^^^^^^^^^^^^^^
  File "C:\Program Files\Python311\Lib\site-packages\fastapi\routing.py", line 670, in app
    raw_response = await run_endpoint_function(
                   ^^^^^^^^^^^^^^^^^^^^^^^^^^^^
  File "C:\Program Files\Python311\Lib\site-packages\fastapi\routing.py", line 324, in run_endpoint_function
    return await dependant.call(**values)
           ^^^^^^^^^^^^^^^^^^^^^^^^^^^^^^
  File "D:\Qoder\测试开发平台\backend\routers\common.py", line 237, in upload_knowledge
    enqueue_result = await knowledge_base.enqueue_document_for_offline_parse(
                     ^^^^^^^^^^^^^^^^^^^^^^^^^^^^^^^^^^^^^^^^^^^^^^^^^^^^^^^^
  File "D:\Qoder\测试开发平台\backend\modules\knowledge_base.py", line 152, in enqueue_document_for_offline_parse
    doc = create_pending_document_impl(
          ^^^^^^^^^^^^^^^^^^^^^^^^^^^^^
  File "D:\Qoder\测试开发平台\backend\modules\knowledge_base_components\offline_parse.py", line 85, in create_pending_document_impl
    db.commit()
  File "C:\Users\Administrator\AppData\Roaming\Python\Python311\site-packages\sqlalchemy\orm\session.py", line 2030, in commit
    trans.commit(_to_root=True)
  File "<string>", line 2, in commit
  File "C:\Users\Administrator\AppData\Roaming\Python\Python311\site-packages\sqlalchemy\orm\state_changes.py", line 137, in _go
    ret_value = fn(self, *arg, **kw)
                ^^^^^^^^^^^^^^^^^^^^
  File "C:\Users\Administrator\AppData\Roaming\Python\Python311\site-packages\sqlalchemy\orm\session.py", line 1311, in commit
    self._prepare_impl()
  File "<string>", line 2, in _prepare_impl
  File "C:\Users\Administrator\AppData\Roaming\Python\Python311\site-packages\sqlalchemy\orm\state_changes.py", line 137, in _go
    ret_value = fn(self, *arg, **kw)
                ^^^^^^^^^^^^^^^^^^^^
  File "C:\Users\Administrator\AppData\Roaming\Python\Python311\site-packages\sqlalchemy\orm\session.py", line 1286, in _prepare_impl
    self.session.flush()
  File "C:\Users\Administrator\AppData\Roaming\Python\Python311\site-packages\sqlalchemy\orm\session.py", line 4331, in flush
    self._flush(objects)
  File "C:\Users\Administrator\AppData\Roaming\Python\Python311\site-packages\sqlalchemy\orm\session.py", line 4466, in _flush
    with util.safe_reraise():
  File "C:\Users\Administrator\AppData\Roaming\Python\Python311\site-packages\sqlalchemy\util\langhelpers.py", line 224, in __exit__
    raise exc_value.with_traceback(exc_tb)
  File "C:\Users\Administrator\AppData\Roaming\Python\Python311\site-packages\sqlalchemy\orm\session.py", line 4427, in _flush
    flush_context.execute()
  File "C:\Users\Administrator\AppData\Roaming\Python\Python311\site-packages\sqlalchemy\orm\unitofwork.py", line 466, in execute
    rec.execute(self)
  File "C:\Users\Administrator\AppData\Roaming\Python\Python311\site-packages\sqlalchemy\orm\unitofwork.py", line 642, in execute
    util.preloaded.orm_persistence.save_obj(
  File "C:\Users\Administrator\AppData\Roaming\Python\Python311\site-packages\sqlalchemy\orm\persistence.py", line 93, in save_obj
    _emit_insert_statements(
  File "C:\Users\Administrator\AppData\Roaming\Python\Python311\site-packages\sqlalchemy\orm\persistence.py", line 1233, in _emit_insert_statements
    result = connection.execute(
             ^^^^^^^^^^^^^^^^^^^
  File "C:\Users\Administrator\AppData\Roaming\Python\Python311\site-packages\sqlalchemy\engine\base.py", line 1419, in execute
    return meth(
           ^^^^^
  File "C:\Users\Administrator\AppData\Roaming\Python\Python311\site-packages\sqlalchemy\sql\elements.py", line 527, in _execute_on_connection
    return connection._execute_clauseelement(
           ^^^^^^^^^^^^^^^^^^^^^^^^^^^^^^^^^^
  File "C:\Users\Administrator\AppData\Roaming\Python\Python311\site-packages\sqlalchemy\engine\base.py", line 1641, in _execute_clauseelement
    ret = self._execute_context(
          ^^^^^^^^^^^^^^^^^^^^^^
  File "C:\Users\Administrator\AppData\Roaming\Python\Python311\site-packages\sqlalchemy\engine\base.py", line 1846, in _execute_context
    return self._exec_single_context(
           ^^^^^^^^^^^^^^^^^^^^^^^^^^
  File "C:\Users\Administrator\AppData\Roaming\Python\Python311\site-packages\sqlalchemy\engine\base.py", line 1986, in _exec_single_context
    self._handle_dbapi_exception(
  File "C:\Users\Administrator\AppData\Roaming\Python\Python311\site-packages\sqlalchemy\engine\base.py", line 2363, in _handle_dbapi_exception
    raise sqlalchemy_exception.with_traceback(exc_info[2]) from e
  File "C:\Users\Administrator\AppData\Roaming\Python\Python311\site-packages\sqlalchemy\engine\base.py", line 1967, in _exec_single_context
    self.dialect.do_execute(
  File "C:\Users\Administrator\AppData\Roaming\Python\Python311\site-packages\sqlalchemy\engine\default.py", line 952, in do_execute
    cursor.execute(statement, parameters)
  File "C:\Users\Administrator\AppData\Roaming\Python\Python311\site-packages\pymysql\cursors.py", line 153, in execute
    result = self._query(query)
             ^^^^^^^^^^^^^^^^^^
  File "C:\Users\Administrator\AppData\Roaming\Python\Python311\site-packages\pymysql\cursors.py", line 322, in _query
    conn.query(q)
  File "C:\Users\Administrator\AppData\Roaming\Python\Python311\site-packages\pymysql\connections.py", line 575, in query
    self._affected_rows = self._read_query_result(unbuffered=unbuffered)
                          ^^^^^^^^^^^^^^^^^^^^^^^^^^^^^^^^^^^^^^^^^^^^^^
  File "C:\Users\Administrator\AppData\Roaming\Python\Python311\site-packages\pymysql\connections.py", line 826, in _read_query_result
    result.read()
  File "C:\Users\Administrator\AppData\Roaming\Python\Python311\site-packages\pymysql\connections.py", line 1203, in read
    first_packet = self.connection._read_packet()
                   ^^^^^^^^^^^^^^^^^^^^^^^^^^^^^^
  File "C:\Users\Administrator\AppData\Roaming\Python\Python311\site-packages\pymysql\connections.py", line 782, in _read_packet
    packet.raise_for_error()
  File "C:\Users\Administrator\AppData\Roaming\Python\Python311\site-packages\pymysql\protocol.py", line 219, in raise_for_error
    err.raise_mysql_exception(self._data)
  File "C:\Users\Administrator\AppData\Roaming\Python\Python311\site-packages\pymysql\err.py", line 150, in raise_mysql_exception
    raise errorclass(errno, errval)
sqlalchemy.exc.OperationalError: (pymysql.err.OperationalError) (1054, "Unknown column 'parse_status' in 'field list'")
[SQL: INSERT INTO knowledge_documents (user_id, project_id, project_specific_id, filename, content, content_hash, doc_type, summary, parse_status, parse_error, parsed_at, task_id, retry_count, display_order, source_doc_id) VALUES (%(user_id)s, %(project_id)s, %(project_specific_id)s, %(filename)s, %(content)s, %(content_hash)s, %(doc_type)s, %(summary)s, %(parse_status)s, %(parse_error)s, %(parsed_at)s, %(task_id)s, %(retry_count)s, %(display_order)s, %(source_doc_id)s)]
[parameters: {'user_id': 17, 'project_id': 45, 'project_specific_id': 0, 'filename': 'rag_stage1_normal_txt.txt', 'content': '', 'content_hash': None, 'doc_type': 'requirement', 'summary': None, 'parse_status': 'pending', 'parse_error': None, 'parsed_at': None, 'task_id': None, 'retry_count': 0, 'display_order': -1.0, 'source_doc_id': None}]
(Background on this error at: https://sqlalche.me/e/20/e3q8)
INFO:     127.0.0.1:65052 - "POST /api/upload-knowledge HTTP/1.1" 500 Internal Server Error
ERROR:    Exception in ASGI application
Traceback (most recent call last):
  File "C:\Users\Administrator\AppData\Roaming\Python\Python311\site-packages\sqlalchemy\engine\base.py", line 1967, in _exec_single_context
    self.dialect.do_execute(
  File "C:\Users\Administrator\AppData\Roaming\Python\Python311\site-packages\sqlalchemy\engine\default.py", line 952, in do_execute
    cursor.execute(statement, parameters)
  File "C:\Users\Administrator\AppData\Roaming\Python\Python311\site-packages\pymysql\cursors.py", line 153, in execute
    result = self._query(query)
             ^^^^^^^^^^^^^^^^^^
  File "C:\Users\Administrator\AppData\Roaming\Python\Python311\site-packages\pymysql\cursors.py", line 322, in _query
    conn.query(q)
  File "C:\Users\Administrator\AppData\Roaming\Python\Python311\site-packages\pymysql\connections.py", line 575, in query
    self._affected_rows = self._read_query_result(unbuffered=unbuffered)
                          ^^^^^^^^^^^^^^^^^^^^^^^^^^^^^^^^^^^^^^^^^^^^^^
  File "C:\Users\Administrator\AppData\Roaming\Python\Python311\site-packages\pymysql\connections.py", line 826, in _read_query_result
    result.read()
  File "C:\Users\Administrator\AppData\Roaming\Python\Python311\site-packages\pymysql\connections.py", line 1203, in read
    first_packet = self.connection._read_packet()
                   ^^^^^^^^^^^^^^^^^^^^^^^^^^^^^^
  File "C:\Users\Administrator\AppData\Roaming\Python\Python311\site-packages\pymysql\connections.py", line 782, in _read_packet
    packet.raise_for_error()
  File "C:\Users\Administrator\AppData\Roaming\Python\Python311\site-packages\pymysql\protocol.py", line 219, in raise_for_error
    err.raise_mysql_exception(self._data)
  File "C:\Users\Administrator\AppData\Roaming\Python\Python311\site-packages\pymysql\err.py", line 150, in raise_mysql_exception
    raise errorclass(errno, errval)
pymysql.err.OperationalError: (1054, "Unknown column 'parse_status' in 'field list'")

The above exception was the direct cause of the following exception:

Traceback (most recent call last):
  File "C:\Program Files\Python311\Lib\site-packages\uvicorn\protocols\http\h11_impl.py", line 410, in run_asgi
    result = await app(  # type: ignore[func-returns-value]
             ^^^^^^^^^^^^^^^^^^^^^^^^^^^^^^^^^^^^^^^^^^^^^^
  File "C:\Program Files\Python311\Lib\site-packages\uvicorn\middleware\proxy_headers.py", line 60, in __call__
    return await self.app(scope, receive, send)
           ^^^^^^^^^^^^^^^^^^^^^^^^^^^^^^^^^^^^
  File "C:\Program Files\Python311\Lib\site-packages\fastapi\applications.py", line 1160, in __call__
    await super().__call__(scope, receive, send)
  File "C:\Program Files\Python311\Lib\site-packages\starlette\applications.py", line 107, in __call__
    await self.middleware_stack(scope, receive, send)
  File "C:\Program Files\Python311\Lib\site-packages\starlette\middleware\errors.py", line 186, in __call__
    raise exc
  File "C:\Program Files\Python311\Lib\site-packages\starlette\middleware\errors.py", line 164, in __call__
    await self.app(scope, receive, _send)
  File "C:\Program Files\Python311\Lib\site-packages\starlette\middleware\cors.py", line 87, in __call__
    await self.app(scope, receive, send)
  File "C:\Program Files\Python311\Lib\site-packages\starlette\middleware\trustedhost.py", line 36, in __call__
    await self.app(scope, receive, send)
  File "C:\Program Files\Python311\Lib\site-packages\starlette\middleware\base.py", line 191, in __call__
    with recv_stream, send_stream, collapse_excgroups():
  File "C:\Program Files\Python311\Lib\contextlib.py", line 158, in __exit__
    self.gen.throw(typ, value, traceback)
  File "C:\Program Files\Python311\Lib\site-packages\starlette\_utils.py", line 87, in collapse_excgroups
    raise exc
  File "C:\Program Files\Python311\Lib\site-packages\starlette\middleware\base.py", line 193, in __call__
    response = await self.dispatch_func(request, call_next)
               ^^^^^^^^^^^^^^^^^^^^^^^^^^^^^^^^^^^^^^^^^^^^
  File "C:\Users\Administrator\AppData\Roaming\Python\Python311\site-packages\slowapi\middleware.py", line 136, in dispatch
    response = await call_next(request)
               ^^^^^^^^^^^^^^^^^^^^^^^^
  File "C:\Program Files\Python311\Lib\site-packages\starlette\middleware\base.py", line 168, in call_next
    raise app_exc from app_exc.__cause__ or app_exc.__context__
  File "C:\Program Files\Python311\Lib\site-packages\starlette\middleware\base.py", line 144, in coro
    await self.app(scope, receive_or_disconnect, send_no_error)
  File "C:\Program Files\Python311\Lib\site-packages\starlette\middleware\exceptions.py", line 63, in __call__
    await wrap_app_handling_exceptions(self.app, conn)(scope, receive, send)
  File "C:\Program Files\Python311\Lib\site-packages\starlette\_exception_handler.py", line 53, in wrapped_app
    raise exc
  File "C:\Program Files\Python311\Lib\site-packages\starlette\_exception_handler.py", line 42, in wrapped_app
    await app(scope, receive, sender)
  File "C:\Program Files\Python311\Lib\site-packages\fastapi\middleware\asyncexitstack.py", line 18, in __call__
    await self.app(scope, receive, send)
  File "C:\Program Files\Python311\Lib\site-packages\starlette\routing.py", line 716, in __call__
    await self.middleware_stack(scope, receive, send)
  File "C:\Program Files\Python311\Lib\site-packages\starlette\routing.py", line 736, in app
    await route.handle(scope, receive, send)
  File "C:\Program Files\Python311\Lib\site-packages\starlette\routing.py", line 290, in handle
    await self.app(scope, receive, send)
  File "C:\Program Files\Python311\Lib\site-packages\fastapi\routing.py", line 130, in app
    await wrap_app_handling_exceptions(app, request)(scope, receive, send)
  File "C:\Program Files\Python311\Lib\site-packages\starlette\_exception_handler.py", line 53, in wrapped_app
    raise exc
  File "C:\Program Files\Python311\Lib\site-packages\starlette\_exception_handler.py", line 42, in wrapped_app
    await app(scope, receive, sender)
  File "C:\Program Files\Python311\Lib\site-packages\fastapi\routing.py", line 116, in app
    response = await f(request)
               ^^^^^^^^^^^^^^^^
  File "C:\Program Files\Python311\Lib\site-packages\fastapi\routing.py", line 670, in app
    raw_response = await run_endpoint_function(
                   ^^^^^^^^^^^^^^^^^^^^^^^^^^^^
  File "C:\Program Files\Python311\Lib\site-packages\fastapi\routing.py", line 324, in run_endpoint_function
    return await dependant.call(**values)
           ^^^^^^^^^^^^^^^^^^^^^^^^^^^^^^
  File "D:\Qoder\测试开发平台\backend\routers\common.py", line 237, in upload_knowledge
    enqueue_result = await knowledge_base.enqueue_document_for_offline_parse(
                     ^^^^^^^^^^^^^^^^^^^^^^^^^^^^^^^^^^^^^^^^^^^^^^^^^^^^^^^^
  File "D:\Qoder\测试开发平台\backend\modules\knowledge_base.py", line 152, in enqueue_document_for_offline_parse
    doc = create_pending_document_impl(
          ^^^^^^^^^^^^^^^^^^^^^^^^^^^^^
  File "D:\Qoder\测试开发平台\backend\modules\knowledge_base_components\offline_parse.py", line 85, in create_pending_document_impl
    db.commit()
  File "C:\Users\Administrator\AppData\Roaming\Python\Python311\site-packages\sqlalchemy\orm\session.py", line 2030, in commit
    trans.commit(_to_root=True)
  File "<string>", line 2, in commit
  File "C:\Users\Administrator\AppData\Roaming\Python\Python311\site-packages\sqlalchemy\orm\state_changes.py", line 137, in _go
    ret_value = fn(self, *arg, **kw)
                ^^^^^^^^^^^^^^^^^^^^
  File "C:\Users\Administrator\AppData\Roaming\Python\Python311\site-packages\sqlalchemy\orm\session.py", line 1311, in commit
    self._prepare_impl()
  File "<string>", line 2, in _prepare_impl
  File "C:\Users\Administrator\AppData\Roaming\Python\Python311\site-packages\sqlalchemy\orm\state_changes.py", line 137, in _go
    ret_value = fn(self, *arg, **kw)
                ^^^^^^^^^^^^^^^^^^^^
  File "C:\Users\Administrator\AppData\Roaming\Python\Python311\site-packages\sqlalchemy\orm\session.py", line 1286, in _prepare_impl
    self.session.flush()
  File "C:\Users\Administrator\AppData\Roaming\Python\Python311\site-packages\sqlalchemy\orm\session.py", line 4331, in flush
    self._flush(objects)
  File "C:\Users\Administrator\AppData\Roaming\Python\Python311\site-packages\sqlalchemy\orm\session.py", line 4466, in _flush
    with util.safe_reraise():
  File "C:\Users\Administrator\AppData\Roaming\Python\Python311\site-packages\sqlalchemy\util\langhelpers.py", line 224, in __exit__
    raise exc_value.with_traceback(exc_tb)
  File "C:\Users\Administrator\AppData\Roaming\Python\Python311\site-packages\sqlalchemy\orm\session.py", line 4427, in _flush
    flush_context.execute()
  File "C:\Users\Administrator\AppData\Roaming\Python\Python311\site-packages\sqlalchemy\orm\unitofwork.py", line 466, in execute
    rec.execute(self)
  File "C:\Users\Administrator\AppData\Roaming\Python\Python311\site-packages\sqlalchemy\orm\unitofwork.py", line 642, in execute
    util.preloaded.orm_persistence.save_obj(
  File "C:\Users\Administrator\AppData\Roaming\Python\Python311\site-packages\sqlalchemy\orm\persistence.py", line 93, in save_obj
    _emit_insert_statements(
  File "C:\Users\Administrator\AppData\Roaming\Python\Python311\site-packages\sqlalchemy\orm\persistence.py", line 1233, in _emit_insert_statements
    result = connection.execute(
             ^^^^^^^^^^^^^^^^^^^
  File "C:\Users\Administrator\AppData\Roaming\Python\Python311\site-packages\sqlalchemy\engine\base.py", line 1419, in execute
    return meth(
           ^^^^^
  File "C:\Users\Administrator\AppData\Roaming\Python\Python311\site-packages\sqlalchemy\sql\elements.py", line 527, in _execute_on_connection
    return connection._execute_clauseelement(
           ^^^^^^^^^^^^^^^^^^^^^^^^^^^^^^^^^^
  File "C:\Users\Administrator\AppData\Roaming\Python\Python311\site-packages\sqlalchemy\engine\base.py", line 1641, in _execute_clauseelement
    ret = self._execute_context(
          ^^^^^^^^^^^^^^^^^^^^^^
  File "C:\Users\Administrator\AppData\Roaming\Python\Python311\site-packages\sqlalchemy\engine\base.py", line 1846, in _execute_context
    return self._exec_single_context(
           ^^^^^^^^^^^^^^^^^^^^^^^^^^
  File "C:\Users\Administrator\AppData\Roaming\Python\Python311\site-packages\sqlalchemy\engine\base.py", line 1986, in _exec_single_context
    self._handle_dbapi_exception(
  File "C:\Users\Administrator\AppData\Roaming\Python\Python311\site-packages\sqlalchemy\engine\base.py", line 2363, in _handle_dbapi_exception
    raise sqlalchemy_exception.with_traceback(exc_info[2]) from e
  File "C:\Users\Administrator\AppData\Roaming\Python\Python311\site-packages\sqlalchemy\engine\base.py", line 1967, in _exec_single_context
    self.dialect.do_execute(
  File "C:\Users\Administrator\AppData\Roaming\Python\Python311\site-packages\sqlalchemy\engine\default.py", line 952, in do_execute
    cursor.execute(statement, parameters)
  File "C:\Users\Administrator\AppData\Roaming\Python\Python311\site-packages\pymysql\cursors.py", line 153, in execute
    result = self._query(query)
             ^^^^^^^^^^^^^^^^^^
  File "C:\Users\Administrator\AppData\Roaming\Python\Python311\site-packages\pymysql\cursors.py", line 322, in _query
    conn.query(q)
  File "C:\Users\Administrator\AppData\Roaming\Python\Python311\site-packages\pymysql\connections.py", line 575, in query
    self._affected_rows = self._read_query_result(unbuffered=unbuffered)
                          ^^^^^^^^^^^^^^^^^^^^^^^^^^^^^^^^^^^^^^^^^^^^^^
  File "C:\Users\Administrator\AppData\Roaming\Python\Python311\site-packages\pymysql\connections.py", line 826, in _read_query_result
    result.read()
  File "C:\Users\Administrator\AppData\Roaming\Python\Python311\site-packages\pymysql\connections.py", line 1203, in read
    first_packet = self.connection._read_packet()
                   ^^^^^^^^^^^^^^^^^^^^^^^^^^^^^^
  File "C:\Users\Administrator\AppData\Roaming\Python\Python311\site-packages\pymysql\connections.py", line 782, in _read_packet
    packet.raise_for_error()
  File "C:\Users\Administrator\AppData\Roaming\Python\Python311\site-packages\pymysql\protocol.py", line 219, in raise_for_error
    err.raise_mysql_exception(self._data)
  File "C:\Users\Administrator\AppData\Roaming\Python\Python311\site-packages\pymysql\err.py", line 150, in raise_mysql_exception
    raise errorclass(errno, errval)
sqlalchemy.exc.OperationalError: (pymysql.err.OperationalError) (1054, "Unknown column 'parse_status' in 'field list'")
[SQL: INSERT INTO knowledge_documents (user_id, project_id, project_specific_id, filename, content, content_hash, doc_type, summary, parse_status, parse_error, parsed_at, task_id, retry_count, display_order, source_doc_id) VALUES (%(user_id)s, %(project_id)s, %(project_specific_id)s, %(filename)s, %(content)s, %(content_hash)s, %(doc_type)s, %(summary)s, %(parse_status)s, %(parse_error)s, %(parsed_at)s, %(task_id)s, %(retry_count)s, %(display_order)s, %(source_doc_id)s)]
[parameters: {'user_id': 17, 'project_id': 45, 'project_specific_id': 0, 'filename': 'rag_stage1_normal_md.md', 'content': '', 'content_hash': None, 'doc_type': 'requirement', 'summary': None, 'parse_status': 'pending', 'parse_error': None, 'parsed_at': None, 'task_id': None, 'retry_count': 0, 'display_order': -1.0, 'source_doc_id': None}]
(Background on this error at: https://sqlalche.me/e/20/e3q8)
INFO:     127.0.0.1:65053 - "POST /api/upload-knowledge HTTP/1.1" 500 Internal Server Error
ERROR:    Exception in ASGI application
Traceback (most recent call last):
  File "C:\Users\Administrator\AppData\Roaming\Python\Python311\site-packages\sqlalchemy\engine\base.py", line 1967, in _exec_single_context
    self.dialect.do_execute(
  File "C:\Users\Administrator\AppData\Roaming\Python\Python311\site-packages\sqlalchemy\engine\default.py", line 952, in do_execute
    cursor.execute(statement, parameters)
  File "C:\Users\Administrator\AppData\Roaming\Python\Python311\site-packages\pymysql\cursors.py", line 153, in execute
    result = self._query(query)
             ^^^^^^^^^^^^^^^^^^
  File "C:\Users\Administrator\AppData\Roaming\Python\Python311\site-packages\pymysql\cursors.py", line 322, in _query
    conn.query(q)
  File "C:\Users\Administrator\AppData\Roaming\Python\Python311\site-packages\pymysql\connections.py", line 575, in query
    self._affected_rows = self._read_query_result(unbuffered=unbuffered)
                          ^^^^^^^^^^^^^^^^^^^^^^^^^^^^^^^^^^^^^^^^^^^^^^
  File "C:\Users\Administrator\AppData\Roaming\Python\Python311\site-packages\pymysql\connections.py", line 826, in _read_query_result
    result.read()
  File "C:\Users\Administrator\AppData\Roaming\Python\Python311\site-packages\pymysql\connections.py", line 1203, in read
    first_packet = self.connection._read_packet()
                   ^^^^^^^^^^^^^^^^^^^^^^^^^^^^^^
  File "C:\Users\Administrator\AppData\Roaming\Python\Python311\site-packages\pymysql\connections.py", line 782, in _read_packet
    packet.raise_for_error()
  File "C:\Users\Administrator\AppData\Roaming\Python\Python311\site-packages\pymysql\protocol.py", line 219, in raise_for_error
    err.raise_mysql_exception(self._data)
  File "C:\Users\Administrator\AppData\Roaming\Python\Python311\site-packages\pymysql\err.py", line 150, in raise_mysql_exception
    raise errorclass(errno, errval)
pymysql.err.OperationalError: (1054, "Unknown column 'parse_status' in 'field list'")

The above exception was the direct cause of the following exception:

Traceback (most recent call last):
  File "C:\Program Files\Python311\Lib\site-packages\uvicorn\protocols\http\h11_impl.py", line 410, in run_asgi
    result = await app(  # type: ignore[func-returns-value]
             ^^^^^^^^^^^^^^^^^^^^^^^^^^^^^^^^^^^^^^^^^^^^^^
  File "C:\Program Files\Python311\Lib\site-packages\uvicorn\middleware\proxy_headers.py", line 60, in __call__
    return await self.app(scope, receive, send)
           ^^^^^^^^^^^^^^^^^^^^^^^^^^^^^^^^^^^^
  File "C:\Program Files\Python311\Lib\site-packages\fastapi\applications.py", line 1160, in __call__
    await super().__call__(scope, receive, send)
  File "C:\Program Files\Python311\Lib\site-packages\starlette\applications.py", line 107, in __call__
    await self.middleware_stack(scope, receive, send)
  File "C:\Program Files\Python311\Lib\site-packages\starlette\middleware\errors.py", line 186, in __call__
    raise exc
  File "C:\Program Files\Python311\Lib\site-packages\starlette\middleware\errors.py", line 164, in __call__
    await self.app(scope, receive, _send)
  File "C:\Program Files\Python311\Lib\site-packages\starlette\middleware\cors.py", line 87, in __call__
    await self.app(scope, receive, send)
  File "C:\Program Files\Python311\Lib\site-packages\starlette\middleware\trustedhost.py", line 36, in __call__
    await self.app(scope, receive, send)
  File "C:\Program Files\Python311\Lib\site-packages\starlette\middleware\base.py", line 191, in __call__
    with recv_stream, send_stream, collapse_excgroups():
  File "C:\Program Files\Python311\Lib\contextlib.py", line 158, in __exit__
    self.gen.throw(typ, value, traceback)
  File "C:\Program Files\Python311\Lib\site-packages\starlette\_utils.py", line 87, in collapse_excgroups
    raise exc
  File "C:\Program Files\Python311\Lib\site-packages\starlette\middleware\base.py", line 193, in __call__
    response = await self.dispatch_func(request, call_next)
               ^^^^^^^^^^^^^^^^^^^^^^^^^^^^^^^^^^^^^^^^^^^^
  File "C:\Users\Administrator\AppData\Roaming\Python\Python311\site-packages\slowapi\middleware.py", line 136, in dispatch
    response = await call_next(request)
               ^^^^^^^^^^^^^^^^^^^^^^^^
  File "C:\Program Files\Python311\Lib\site-packages\starlette\middleware\base.py", line 168, in call_next
    raise app_exc from app_exc.__cause__ or app_exc.__context__
  File "C:\Program Files\Python311\Lib\site-packages\starlette\middleware\base.py", line 144, in coro
    await self.app(scope, receive_or_disconnect, send_no_error)
  File "C:\Program Files\Python311\Lib\site-packages\starlette\middleware\exceptions.py", line 63, in __call__
    await wrap_app_handling_exceptions(self.app, conn)(scope, receive, send)
  File "C:\Program Files\Python311\Lib\site-packages\starlette\_exception_handler.py", line 53, in wrapped_app
    raise exc
  File "C:\Program Files\Python311\Lib\site-packages\starlette\_exception_handler.py", line 42, in wrapped_app
    await app(scope, receive, sender)
  File "C:\Program Files\Python311\Lib\site-packages\fastapi\middleware\asyncexitstack.py", line 18, in __call__
    await self.app(scope, receive, send)
  File "C:\Program Files\Python311\Lib\site-packages\starlette\routing.py", line 716, in __call__
    await self.middleware_stack(scope, receive, send)
  File "C:\Program Files\Python311\Lib\site-packages\starlette\routing.py", line 736, in app
    await route.handle(scope, receive, send)
  File "C:\Program Files\Python311\Lib\site-packages\starlette\routing.py", line 290, in handle
    await self.app(scope, receive, send)
  File "C:\Program Files\Python311\Lib\site-packages\fastapi\routing.py", line 130, in app
    await wrap_app_handling_exceptions(app, request)(scope, receive, send)
  File "C:\Program Files\Python311\Lib\site-packages\starlette\_exception_handler.py", line 53, in wrapped_app
    raise exc
  File "C:\Program Files\Python311\Lib\site-packages\starlette\_exception_handler.py", line 42, in wrapped_app
    await app(scope, receive, sender)
  File "C:\Program Files\Python311\Lib\site-packages\fastapi\routing.py", line 116, in app
    response = await f(request)
               ^^^^^^^^^^^^^^^^
  File "C:\Program Files\Python311\Lib\site-packages\fastapi\routing.py", line 670, in app
    raw_response = await run_endpoint_function(
                   ^^^^^^^^^^^^^^^^^^^^^^^^^^^^
  File "C:\Program Files\Python311\Lib\site-packages\fastapi\routing.py", line 324, in run_endpoint_function
    return await dependant.call(**values)
           ^^^^^^^^^^^^^^^^^^^^^^^^^^^^^^
  File "D:\Qoder\测试开发平台\backend\routers\common.py", line 237, in upload_knowledge
    enqueue_result = await knowledge_base.enqueue_document_for_offline_parse(
                     ^^^^^^^^^^^^^^^^^^^^^^^^^^^^^^^^^^^^^^^^^^^^^^^^^^^^^^^^
  File "D:\Qoder\测试开发平台\backend\modules\knowledge_base.py", line 152, in enqueue_document_for_offline_parse
    doc = create_pending_document_impl(
          ^^^^^^^^^^^^^^^^^^^^^^^^^^^^^
  File "D:\Qoder\测试开发平台\backend\modules\knowledge_base_components\offline_parse.py", line 85, in create_pending_document_impl
    db.commit()
  File "C:\Users\Administrator\AppData\Roaming\Python\Python311\site-packages\sqlalchemy\orm\session.py", line 2030, in commit
    trans.commit(_to_root=True)
  File "<string>", line 2, in commit
  File "C:\Users\Administrator\AppData\Roaming\Python\Python311\site-packages\sqlalchemy\orm\state_changes.py", line 137, in _go
    ret_value = fn(self, *arg, **kw)
                ^^^^^^^^^^^^^^^^^^^^
  File "C:\Users\Administrator\AppData\Roaming\Python\Python311\site-packages\sqlalchemy\orm\session.py", line 1311, in commit
    self._prepare_impl()
  File "<string>", line 2, in _prepare_impl
  File "C:\Users\Administrator\AppData\Roaming\Python\Python311\site-packages\sqlalchemy\orm\state_changes.py", line 137, in _go
    ret_value = fn(self, *arg, **kw)
                ^^^^^^^^^^^^^^^^^^^^
  File "C:\Users\Administrator\AppData\Roaming\Python\Python311\site-packages\sqlalchemy\orm\session.py", line 1286, in _prepare_impl
    self.session.flush()
  File "C:\Users\Administrator\AppData\Roaming\Python\Python311\site-packages\sqlalchemy\orm\session.py", line 4331, in flush
    self._flush(objects)
  File "C:\Users\Administrator\AppData\Roaming\Python\Python311\site-packages\sqlalchemy\orm\session.py", line 4466, in _flush
    with util.safe_reraise():
  File "C:\Users\Administrator\AppData\Roaming\Python\Python311\site-packages\sqlalchemy\util\langhelpers.py", line 224, in __exit__
    raise exc_value.with_traceback(exc_tb)
  File "C:\Users\Administrator\AppData\Roaming\Python\Python311\site-packages\sqlalchemy\orm\session.py", line 4427, in _flush
    flush_context.execute()
  File "C:\Users\Administrator\AppData\Roaming\Python\Python311\site-packages\sqlalchemy\orm\unitofwork.py", line 466, in execute
    rec.execute(self)
  File "C:\Users\Administrator\AppData\Roaming\Python\Python311\site-packages\sqlalchemy\orm\unitofwork.py", line 642, in execute
    util.preloaded.orm_persistence.save_obj(
  File "C:\Users\Administrator\AppData\Roaming\Python\Python311\site-packages\sqlalchemy\orm\persistence.py", line 93, in save_obj
    _emit_insert_statements(
  File "C:\Users\Administrator\AppData\Roaming\Python\Python311\site-packages\sqlalchemy\orm\persistence.py", line 1233, in _emit_insert_statements
    result = connection.execute(
             ^^^^^^^^^^^^^^^^^^^
  File "C:\Users\Administrator\AppData\Roaming\Python\Python311\site-packages\sqlalchemy\engine\base.py", line 1419, in execute
    return meth(
           ^^^^^
  File "C:\Users\Administrator\AppData\Roaming\Python\Python311\site-packages\sqlalchemy\sql\elements.py", line 527, in _execute_on_connection
    return connection._execute_clauseelement(
           ^^^^^^^^^^^^^^^^^^^^^^^^^^^^^^^^^^
  File "C:\Users\Administrator\AppData\Roaming\Python\Python311\site-packages\sqlalchemy\engine\base.py", line 1641, in _execute_clauseelement
    ret = self._execute_context(
          ^^^^^^^^^^^^^^^^^^^^^^
  File "C:\Users\Administrator\AppData\Roaming\Python\Python311\site-packages\sqlalchemy\engine\base.py", line 1846, in _execute_context
    return self._exec_single_context(
           ^^^^^^^^^^^^^^^^^^^^^^^^^^
  File "C:\Users\Administrator\AppData\Roaming\Python\Python311\site-packages\sqlalchemy\engine\base.py", line 1986, in _exec_single_context
    self._handle_dbapi_exception(
  File "C:\Users\Administrator\AppData\Roaming\Python\Python311\site-packages\sqlalchemy\engine\base.py", line 2363, in _handle_dbapi_exception
    raise sqlalchemy_exception.with_traceback(exc_info[2]) from e
  File "C:\Users\Administrator\AppData\Roaming\Python\Python311\site-packages\sqlalchemy\engine\base.py", line 1967, in _exec_single_context
    self.dialect.do_execute(
  File "C:\Users\Administrator\AppData\Roaming\Python\Python311\site-packages\sqlalchemy\engine\default.py", line 952, in do_execute
    cursor.execute(statement, parameters)
  File "C:\Users\Administrator\AppData\Roaming\Python\Python311\site-packages\pymysql\cursors.py", line 153, in execute
    result = self._query(query)
             ^^^^^^^^^^^^^^^^^^
  File "C:\Users\Administrator\AppData\Roaming\Python\Python311\site-packages\pymysql\cursors.py", line 322, in _query
    conn.query(q)
  File "C:\Users\Administrator\AppData\Roaming\Python\Python311\site-packages\pymysql\connections.py", line 575, in query
    self._affected_rows = self._read_query_result(unbuffered=unbuffered)
                          ^^^^^^^^^^^^^^^^^^^^^^^^^^^^^^^^^^^^^^^^^^^^^^
  File "C:\Users\Administrator\AppData\Roaming\Python\Python311\site-packages\pymysql\connections.py", line 826, in _read_query_result
    result.read()
  File "C:\Users\Administrator\AppData\Roaming\Python\Python311\site-packages\pymysql\connections.py", line 1203, in read
    first_packet = self.connection._read_packet()
                   ^^^^^^^^^^^^^^^^^^^^^^^^^^^^^^
  File "C:\Users\Administrator\AppData\Roaming\Python\Python311\site-packages\pymysql\connections.py", line 782, in _read_packet
    packet.raise_for_error()
  File "C:\Users\Administrator\AppData\Roaming\Python\Python311\site-packages\pymysql\protocol.py", line 219, in raise_for_error
    err.raise_mysql_exception(self._data)
  File "C:\Users\Administrator\AppData\Roaming\Python\Python311\site-packages\pymysql\err.py", line 150, in raise_mysql_exception
    raise errorclass(errno, errval)
sqlalchemy.exc.OperationalError: (pymysql.err.OperationalError) (1054, "Unknown column 'parse_status' in 'field list'")
[SQL: INSERT INTO knowledge_documents (user_id, project_id, project_specific_id, filename, content, content_hash, doc_type, summary, parse_status, parse_error, parsed_at, task_id, retry_count, display_order, source_doc_id) VALUES (%(user_id)s, %(project_id)s, %(project_specific_id)s, %(filename)s, %(content)s, %(content_hash)s, %(doc_type)s, %(summary)s, %(parse_status)s, %(parse_error)s, %(parsed_at)s, %(task_id)s, %(retry_count)s, %(display_order)s, %(source_doc_id)s)]
[parameters: {'user_id': 17, 'project_id': 45, 'project_specific_id': 0, 'filename': 'rag_stage1_empty.txt', 'content': '', 'content_hash': None, 'doc_type': 'requirement', 'summary': None, 'parse_status': 'pending', 'parse_error': None, 'parsed_at': None, 'task_id': None, 'retry_count': 0, 'display_order': -1.0, 'source_doc_id': None}]
(Background on this error at: https://sqlalche.me/e/20/e3q8)
INFO:     127.0.0.1:65054 - "POST /api/upload-knowledge HTTP/1.1" 500 Internal Server Error
ERROR:    Exception in ASGI application
Traceback (most recent call last):
  File "C:\Users\Administrator\AppData\Roaming\Python\Python311\site-packages\sqlalchemy\engine\base.py", line 1967, in _exec_single_context
    self.dialect.do_execute(
  File "C:\Users\Administrator\AppData\Roaming\Python\Python311\site-packages\sqlalchemy\engine\default.py", line 952, in do_execute
    cursor.execute(statement, parameters)
  File "C:\Users\Administrator\AppData\Roaming\Python\Python311\site-packages\pymysql\cursors.py", line 153, in execute
    result = self._query(query)
             ^^^^^^^^^^^^^^^^^^
  File "C:\Users\Administrator\AppData\Roaming\Python\Python311\site-packages\pymysql\cursors.py", line 322, in _query
    conn.query(q)
  File "C:\Users\Administrator\AppData\Roaming\Python\Python311\site-packages\pymysql\connections.py", line 575, in query
    self._affected_rows = self._read_query_result(unbuffered=unbuffered)
                          ^^^^^^^^^^^^^^^^^^^^^^^^^^^^^^^^^^^^^^^^^^^^^^
  File "C:\Users\Administrator\AppData\Roaming\Python\Python311\site-packages\pymysql\connections.py", line 826, in _read_query_result
    result.read()
  File "C:\Users\Administrator\AppData\Roaming\Python\Python311\site-packages\pymysql\connections.py", line 1203, in read
    first_packet = self.connection._read_packet()
                   ^^^^^^^^^^^^^^^^^^^^^^^^^^^^^^
  File "C:\Users\Administrator\AppData\Roaming\Python\Python311\site-packages\pymysql\connections.py", line 782, in _read_packet
    packet.raise_for_error()
  File "C:\Users\Administrator\AppData\Roaming\Python\Python311\site-packages\pymysql\protocol.py", line 219, in raise_for_error
    err.raise_mysql_exception(self._data)
  File "C:\Users\Administrator\AppData\Roaming\Python\Python311\site-packages\pymysql\err.py", line 150, in raise_mysql_exception
    raise errorclass(errno, errval)
pymysql.err.OperationalError: (1054, "Unknown column 'parse_status' in 'field list'")

The above exception was the direct cause of the following exception:

Traceback (most recent call last):
  File "C:\Program Files\Python311\Lib\site-packages\uvicorn\protocols\http\h11_impl.py", line 410, in run_asgi
    result = await app(  # type: ignore[func-returns-value]
             ^^^^^^^^^^^^^^^^^^^^^^^^^^^^^^^^^^^^^^^^^^^^^^
  File "C:\Program Files\Python311\Lib\site-packages\uvicorn\middleware\proxy_headers.py", line 60, in __call__
    return await self.app(scope, receive, send)
           ^^^^^^^^^^^^^^^^^^^^^^^^^^^^^^^^^^^^
  File "C:\Program Files\Python311\Lib\site-packages\fastapi\applications.py", line 1160, in __call__
    await super().__call__(scope, receive, send)
  File "C:\Program Files\Python311\Lib\site-packages\starlette\applications.py", line 107, in __call__
    await self.middleware_stack(scope, receive, send)
  File "C:\Program Files\Python311\Lib\site-packages\starlette\middleware\errors.py", line 186, in __call__
    raise exc
  File "C:\Program Files\Python311\Lib\site-packages\starlette\middleware\errors.py", line 164, in __call__
    await self.app(scope, receive, _send)
  File "C:\Program Files\Python311\Lib\site-packages\starlette\middleware\cors.py", line 87, in __call__
    await self.app(scope, receive, send)
  File "C:\Program Files\Python311\Lib\site-packages\starlette\middleware\trustedhost.py", line 36, in __call__
    await self.app(scope, receive, send)
  File "C:\Program Files\Python311\Lib\site-packages\starlette\middleware\base.py", line 191, in __call__
    with recv_stream, send_stream, collapse_excgroups():
  File "C:\Program Files\Python311\Lib\contextlib.py", line 158, in __exit__
    self.gen.throw(typ, value, traceback)
  File "C:\Program Files\Python311\Lib\site-packages\starlette\_utils.py", line 87, in collapse_excgroups
    raise exc
  File "C:\Program Files\Python311\Lib\site-packages\starlette\middleware\base.py", line 193, in __call__
    response = await self.dispatch_func(request, call_next)
               ^^^^^^^^^^^^^^^^^^^^^^^^^^^^^^^^^^^^^^^^^^^^
  File "C:\Users\Administrator\AppData\Roaming\Python\Python311\site-packages\slowapi\middleware.py", line 136, in dispatch
    response = await call_next(request)
               ^^^^^^^^^^^^^^^^^^^^^^^^
  File "C:\Program Files\Python311\Lib\site-packages\starlette\middleware\base.py", line 168, in call_next
    raise app_exc from app_exc.__cause__ or app_exc.__context__
  File "C:\Program Files\Python311\Lib\site-packages\starlette\middleware\base.py", line 144, in coro
    await self.app(scope, receive_or_disconnect, send_no_error)
  File "C:\Program Files\Python311\Lib\site-packages\starlette\middleware\exceptions.py", line 63, in __call__
    await wrap_app_handling_exceptions(self.app, conn)(scope, receive, send)
  File "C:\Program Files\Python311\Lib\site-packages\starlette\_exception_handler.py", line 53, in wrapped_app
    raise exc
  File "C:\Program Files\Python311\Lib\site-packages\starlette\_exception_handler.py", line 42, in wrapped_app
    await app(scope, receive, sender)
  File "C:\Program Files\Python311\Lib\site-packages\fastapi\middleware\asyncexitstack.py", line 18, in __call__
    await self.app(scope, receive, send)
  File "C:\Program Files\Python311\Lib\site-packages\starlette\routing.py", line 716, in __call__
    await self.middleware_stack(scope, receive, send)
  File "C:\Program Files\Python311\Lib\site-packages\starlette\routing.py", line 736, in app
    await route.handle(scope, receive, send)
  File "C:\Program Files\Python311\Lib\site-packages\starlette\routing.py", line 290, in handle
    await self.app(scope, receive, send)
  File "C:\Program Files\Python311\Lib\site-packages\fastapi\routing.py", line 130, in app
    await wrap_app_handling_exceptions(app, request)(scope, receive, send)
  File "C:\Program Files\Python311\Lib\site-packages\starlette\_exception_handler.py", line 53, in wrapped_app
    raise exc
  File "C:\Program Files\Python311\Lib\site-packages\starlette\_exception_handler.py", line 42, in wrapped_app
    await app(scope, receive, sender)
  File "C:\Program Files\Python311\Lib\site-packages\fastapi\routing.py", line 116, in app
    response = await f(request)
               ^^^^^^^^^^^^^^^^
  File "C:\Program Files\Python311\Lib\site-packages\fastapi\routing.py", line 670, in app
    raw_response = await run_endpoint_function(
                   ^^^^^^^^^^^^^^^^^^^^^^^^^^^^
  File "C:\Program Files\Python311\Lib\site-packages\fastapi\routing.py", line 324, in run_endpoint_function
    return await dependant.call(**values)
           ^^^^^^^^^^^^^^^^^^^^^^^^^^^^^^
  File "D:\Qoder\测试开发平台\backend\routers\common.py", line 237, in upload_knowledge
    enqueue_result = await knowledge_base.enqueue_document_for_offline_parse(
                     ^^^^^^^^^^^^^^^^^^^^^^^^^^^^^^^^^^^^^^^^^^^^^^^^^^^^^^^^
  File "D:\Qoder\测试开发平台\backend\modules\knowledge_base.py", line 152, in enqueue_document_for_offline_parse
    doc = create_pending_document_impl(
          ^^^^^^^^^^^^^^^^^^^^^^^^^^^^^
  File "D:\Qoder\测试开发平台\backend\modules\knowledge_base_components\offline_parse.py", line 85, in create_pending_document_impl
    db.commit()
  File "C:\Users\Administrator\AppData\Roaming\Python\Python311\site-packages\sqlalchemy\orm\session.py", line 2030, in commit
    trans.commit(_to_root=True)
  File "<string>", line 2, in commit
  File "C:\Users\Administrator\AppData\Roaming\Python\Python311\site-packages\sqlalchemy\orm\state_changes.py", line 137, in _go
    ret_value = fn(self, *arg, **kw)
                ^^^^^^^^^^^^^^^^^^^^
  File "C:\Users\Administrator\AppData\Roaming\Python\Python311\site-packages\sqlalchemy\orm\session.py", line 1311, in commit
    self._prepare_impl()
  File "<string>", line 2, in _prepare_impl
  File "C:\Users\Administrator\AppData\Roaming\Python\Python311\site-packages\sqlalchemy\orm\state_changes.py", line 137, in _go
    ret_value = fn(self, *arg, **kw)
                ^^^^^^^^^^^^^^^^^^^^
  File "C:\Users\Administrator\AppData\Roaming\Python\Python311\site-packages\sqlalchemy\orm\session.py", line 1286, in _prepare_impl
    self.session.flush()
  File "C:\Users\Administrator\AppData\Roaming\Python\Python311\site-packages\sqlalchemy\orm\session.py", line 4331, in flush
    self._flush(objects)
  File "C:\Users\Administrator\AppData\Roaming\Python\Python311\site-packages\sqlalchemy\orm\session.py", line 4466, in _flush
    with util.safe_reraise():
  File "C:\Users\Administrator\AppData\Roaming\Python\Python311\site-packages\sqlalchemy\util\langhelpers.py", line 224, in __exit__
    raise exc_value.with_traceback(exc_tb)
  File "C:\Users\Administrator\AppData\Roaming\Python\Python311\site-packages\sqlalchemy\orm\session.py", line 4427, in _flush
    flush_context.execute()
  File "C:\Users\Administrator\AppData\Roaming\Python\Python311\site-packages\sqlalchemy\orm\unitofwork.py", line 466, in execute
    rec.execute(self)
  File "C:\Users\Administrator\AppData\Roaming\Python\Python311\site-packages\sqlalchemy\orm\unitofwork.py", line 642, in execute
    util.preloaded.orm_persistence.save_obj(
  File "C:\Users\Administrator\AppData\Roaming\Python\Python311\site-packages\sqlalchemy\orm\persistence.py", line 93, in save_obj
    _emit_insert_statements(
  File "C:\Users\Administrator\AppData\Roaming\Python\Python311\site-packages\sqlalchemy\orm\persistence.py", line 1233, in _emit_insert_statements
    result = connection.execute(
             ^^^^^^^^^^^^^^^^^^^
  File "C:\Users\Administrator\AppData\Roaming\Python\Python311\site-packages\sqlalchemy\engine\base.py", line 1419, in execute
    return meth(
           ^^^^^
  File "C:\Users\Administrator\AppData\Roaming\Python\Python311\site-packages\sqlalchemy\sql\elements.py", line 527, in _execute_on_connection
    return connection._execute_clauseelement(
           ^^^^^^^^^^^^^^^^^^^^^^^^^^^^^^^^^^
  File "C:\Users\Administrator\AppData\Roaming\Python\Python311\site-packages\sqlalchemy\engine\base.py", line 1641, in _execute_clauseelement
    ret = self._execute_context(
          ^^^^^^^^^^^^^^^^^^^^^^
  File "C:\Users\Administrator\AppData\Roaming\Python\Python311\site-packages\sqlalchemy\engine\base.py", line 1846, in _execute_context
    return self._exec_single_context(
           ^^^^^^^^^^^^^^^^^^^^^^^^^^
  File "C:\Users\Administrator\AppData\Roaming\Python\Python311\site-packages\sqlalchemy\engine\base.py", line 1986, in _exec_single_context
    self._handle_dbapi_exception(
  File "C:\Users\Administrator\AppData\Roaming\Python\Python311\site-packages\sqlalchemy\engine\base.py", line 2363, in _handle_dbapi_exception
    raise sqlalchemy_exception.with_traceback(exc_info[2]) from e
  File "C:\Users\Administrator\AppData\Roaming\Python\Python311\site-packages\sqlalchemy\engine\base.py", line 1967, in _exec_single_context
    self.dialect.do_execute(
  File "C:\Users\Administrator\AppData\Roaming\Python\Python311\site-packages\sqlalchemy\engine\default.py", line 952, in do_execute
    cursor.execute(statement, parameters)
  File "C:\Users\Administrator\AppData\Roaming\Python\Python311\site-packages\pymysql\cursors.py", line 153, in execute
    result = self._query(query)
             ^^^^^^^^^^^^^^^^^^
  File "C:\Users\Administrator\AppData\Roaming\Python\Python311\site-packages\pymysql\cursors.py", line 322, in _query
    conn.query(q)
  File "C:\Users\Administrator\AppData\Roaming\Python\Python311\site-packages\pymysql\connections.py", line 575, in query
    self._affected_rows = self._read_query_result(unbuffered=unbuffered)
                          ^^^^^^^^^^^^^^^^^^^^^^^^^^^^^^^^^^^^^^^^^^^^^^
  File "C:\Users\Administrator\AppData\Roaming\Python\Python311\site-packages\pymysql\connections.py", line 826, in _read_query_result
    result.read()
  File "C:\Users\Administrator\AppData\Roaming\Python\Python311\site-packages\pymysql\connections.py", line 1203, in read
    first_packet = self.connection._read_packet()
                   ^^^^^^^^^^^^^^^^^^^^^^^^^^^^^^
  File "C:\Users\Administrator\AppData\Roaming\Python\Python311\site-packages\pymysql\connections.py", line 782, in _read_packet
    packet.raise_for_error()
  File "C:\Users\Administrator\AppData\Roaming\Python\Python311\site-packages\pymysql\protocol.py", line 219, in raise_for_error
    err.raise_mysql_exception(self._data)
  File "C:\Users\Administrator\AppData\Roaming\Python\Python311\site-packages\pymysql\err.py", line 150, in raise_mysql_exception
    raise errorclass(errno, errval)
sqlalchemy.exc.OperationalError: (pymysql.err.OperationalError) (1054, "Unknown column 'parse_status' in 'field list'")
[SQL: INSERT INTO knowledge_documents (user_id, project_id, project_specific_id, filename, content, content_hash, doc_type, summary, parse_status, parse_error, parsed_at, task_id, retry_count, display_order, source_doc_id) VALUES (%(user_id)s, %(project_id)s, %(project_specific_id)s, %(filename)s, %(content)s, %(content_hash)s, %(doc_type)s, %(summary)s, %(parse_status)s, %(parse_error)s, %(parsed_at)s, %(task_id)s, %(retry_count)s, %(display_order)s, %(source_doc_id)s)]
[parameters: {'user_id': 17, 'project_id': 45, 'project_specific_id': 0, 'filename': 'rag_stage1_unknown.xyz', 'content': '', 'content_hash': None, 'doc_type': 'requirement', 'summary': None, 'parse_status': 'pending', 'parse_error': None, 'parsed_at': None, 'task_id': None, 'retry_count': 0, 'display_order': -1.0, 'source_doc_id': None}]
(Background on this error at: https://sqlalche.me/e/20/e3q8)
INFO:     127.0.0.1:65055 - "POST /api/upload-knowledge HTTP/1.1" 500 Internal Server Error
ERROR:    Exception in ASGI application
Traceback (most recent call last):
  File "C:\Users\Administrator\AppData\Roaming\Python\Python311\site-packages\sqlalchemy\engine\base.py", line 1967, in _exec_single_context
    self.dialect.do_execute(
  File "C:\Users\Administrator\AppData\Roaming\Python\Python311\site-packages\sqlalchemy\engine\default.py", line 952, in do_execute
    cursor.execute(statement, parameters)
  File "C:\Users\Administrator\AppData\Roaming\Python\Python311\site-packages\pymysql\cursors.py", line 153, in execute
    result = self._query(query)
             ^^^^^^^^^^^^^^^^^^
  File "C:\Users\Administrator\AppData\Roaming\Python\Python311\site-packages\pymysql\cursors.py", line 322, in _query
    conn.query(q)
  File "C:\Users\Administrator\AppData\Roaming\Python\Python311\site-packages\pymysql\connections.py", line 575, in query
    self._affected_rows = self._read_query_result(unbuffered=unbuffered)
                          ^^^^^^^^^^^^^^^^^^^^^^^^^^^^^^^^^^^^^^^^^^^^^^
  File "C:\Users\Administrator\AppData\Roaming\Python\Python311\site-packages\pymysql\connections.py", line 826, in _read_query_result
    result.read()
  File "C:\Users\Administrator\AppData\Roaming\Python\Python311\site-packages\pymysql\connections.py", line 1203, in read
    first_packet = self.connection._read_packet()
                   ^^^^^^^^^^^^^^^^^^^^^^^^^^^^^^
  File "C:\Users\Administrator\AppData\Roaming\Python\Python311\site-packages\pymysql\connections.py", line 782, in _read_packet
    packet.raise_for_error()
  File "C:\Users\Administrator\AppData\Roaming\Python\Python311\site-packages\pymysql\protocol.py", line 219, in raise_for_error
    err.raise_mysql_exception(self._data)
  File "C:\Users\Administrator\AppData\Roaming\Python\Python311\site-packages\pymysql\err.py", line 150, in raise_mysql_exception
    raise errorclass(errno, errval)
pymysql.err.OperationalError: (1054, "Unknown column 'parse_status' in 'field list'")

The above exception was the direct cause of the following exception:

Traceback (most recent call last):
  File "C:\Program Files\Python311\Lib\site-packages\uvicorn\protocols\http\h11_impl.py", line 410, in run_asgi
    result = await app(  # type: ignore[func-returns-value]
             ^^^^^^^^^^^^^^^^^^^^^^^^^^^^^^^^^^^^^^^^^^^^^^
  File "C:\Program Files\Python311\Lib\site-packages\uvicorn\middleware\proxy_headers.py", line 60, in __call__
    return await self.app(scope, receive, send)
           ^^^^^^^^^^^^^^^^^^^^^^^^^^^^^^^^^^^^
  File "C:\Program Files\Python311\Lib\site-packages\fastapi\applications.py", line 1160, in __call__
    await super().__call__(scope, receive, send)
  File "C:\Program Files\Python311\Lib\site-packages\starlette\applications.py", line 107, in __call__
    await self.middleware_stack(scope, receive, send)
  File "C:\Program Files\Python311\Lib\site-packages\starlette\middleware\errors.py", line 186, in __call__
    raise exc
  File "C:\Program Files\Python311\Lib\site-packages\starlette\middleware\errors.py", line 164, in __call__
    await self.app(scope, receive, _send)
  File "C:\Program Files\Python311\Lib\site-packages\starlette\middleware\cors.py", line 87, in __call__
    await self.app(scope, receive, send)
  File "C:\Program Files\Python311\Lib\site-packages\starlette\middleware\trustedhost.py", line 36, in __call__
    await self.app(scope, receive, send)
  File "C:\Program Files\Python311\Lib\site-packages\starlette\middleware\base.py", line 191, in __call__
    with recv_stream, send_stream, collapse_excgroups():
  File "C:\Program Files\Python311\Lib\contextlib.py", line 158, in __exit__
    self.gen.throw(typ, value, traceback)
  File "C:\Program Files\Python311\Lib\site-packages\starlette\_utils.py", line 87, in collapse_excgroups
    raise exc
  File "C:\Program Files\Python311\Lib\site-packages\starlette\middleware\base.py", line 193, in __call__
    response = await self.dispatch_func(request, call_next)
               ^^^^^^^^^^^^^^^^^^^^^^^^^^^^^^^^^^^^^^^^^^^^
  File "C:\Users\Administrator\AppData\Roaming\Python\Python311\site-packages\slowapi\middleware.py", line 136, in dispatch
    response = await call_next(request)
               ^^^^^^^^^^^^^^^^^^^^^^^^
  File "C:\Program Files\Python311\Lib\site-packages\starlette\middleware\base.py", line 168, in call_next
    raise app_exc from app_exc.__cause__ or app_exc.__context__
  File "C:\Program Files\Python311\Lib\site-packages\starlette\middleware\base.py", line 144, in coro
    await self.app(scope, receive_or_disconnect, send_no_error)
  File "C:\Program Files\Python311\Lib\site-packages\starlette\middleware\exceptions.py", line 63, in __call__
    await wrap_app_handling_exceptions(self.app, conn)(scope, receive, send)
  File "C:\Program Files\Python311\Lib\site-packages\starlette\_exception_handler.py", line 53, in wrapped_app
    raise exc
  File "C:\Program Files\Python311\Lib\site-packages\starlette\_exception_handler.py", line 42, in wrapped_app
    await app(scope, receive, sender)
  File "C:\Program Files\Python311\Lib\site-packages\fastapi\middleware\asyncexitstack.py", line 18, in __call__
    await self.app(scope, receive, send)
  File "C:\Program Files\Python311\Lib\site-packages\starlette\routing.py", line 716, in __call__
    await self.middleware_stack(scope, receive, send)
  File "C:\Program Files\Python311\Lib\site-packages\starlette\routing.py", line 736, in app
    await route.handle(scope, receive, send)
  File "C:\Program Files\Python311\Lib\site-packages\starlette\routing.py", line 290, in handle
    await self.app(scope, receive, send)
  File "C:\Program Files\Python311\Lib\site-packages\fastapi\routing.py", line 130, in app
    await wrap_app_handling_exceptions(app, request)(scope, receive, send)
  File "C:\Program Files\Python311\Lib\site-packages\starlette\_exception_handler.py", line 53, in wrapped_app
    raise exc
  File "C:\Program Files\Python311\Lib\site-packages\starlette\_exception_handler.py", line 42, in wrapped_app
    await app(scope, receive, sender)
  File "C:\Program Files\Python311\Lib\site-packages\fastapi\routing.py", line 116, in app
    response = await f(request)
               ^^^^^^^^^^^^^^^^
  File "C:\Program Files\Python311\Lib\site-packages\fastapi\routing.py", line 670, in app
    raw_response = await run_endpoint_function(
                   ^^^^^^^^^^^^^^^^^^^^^^^^^^^^
  File "C:\Program Files\Python311\Lib\site-packages\fastapi\routing.py", line 324, in run_endpoint_function
    return await dependant.call(**values)
           ^^^^^^^^^^^^^^^^^^^^^^^^^^^^^^
  File "D:\Qoder\测试开发平台\backend\routers\common.py", line 237, in upload_knowledge
    enqueue_result = await knowledge_base.enqueue_document_for_offline_parse(
                     ^^^^^^^^^^^^^^^^^^^^^^^^^^^^^^^^^^^^^^^^^^^^^^^^^^^^^^^^
  File "D:\Qoder\测试开发平台\backend\modules\knowledge_base.py", line 152, in enqueue_document_for_offline_parse
    doc = create_pending_document_impl(
          ^^^^^^^^^^^^^^^^^^^^^^^^^^^^^
  File "D:\Qoder\测试开发平台\backend\modules\knowledge_base_components\offline_parse.py", line 85, in create_pending_document_impl
    db.commit()
  File "C:\Users\Administrator\AppData\Roaming\Python\Python311\site-packages\sqlalchemy\orm\session.py", line 2030, in commit
    trans.commit(_to_root=True)
  File "<string>", line 2, in commit
  File "C:\Users\Administrator\AppData\Roaming\Python\Python311\site-packages\sqlalchemy\orm\state_changes.py", line 137, in _go
    ret_value = fn(self, *arg, **kw)
                ^^^^^^^^^^^^^^^^^^^^
  File "C:\Users\Administrator\AppData\Roaming\Python\Python311\site-packages\sqlalchemy\orm\session.py", line 1311, in commit
    self._prepare_impl()
  File "<string>", line 2, in _prepare_impl
  File "C:\Users\Administrator\AppData\Roaming\Python\Python311\site-packages\sqlalchemy\orm\state_changes.py", line 137, in _go
    ret_value = fn(self, *arg, **kw)
                ^^^^^^^^^^^^^^^^^^^^
  File "C:\Users\Administrator\AppData\Roaming\Python\Python311\site-packages\sqlalchemy\orm\session.py", line 1286, in _prepare_impl
    self.session.flush()
  File "C:\Users\Administrator\AppData\Roaming\Python\Python311\site-packages\sqlalchemy\orm\session.py", line 4331, in flush
    self._flush(objects)
  File "C:\Users\Administrator\AppData\Roaming\Python\Python311\site-packages\sqlalchemy\orm\session.py", line 4466, in _flush
    with util.safe_reraise():
  File "C:\Users\Administrator\AppData\Roaming\Python\Python311\site-packages\sqlalchemy\util\langhelpers.py", line 224, in __exit__
    raise exc_value.with_traceback(exc_tb)
  File "C:\Users\Administrator\AppData\Roaming\Python\Python311\site-packages\sqlalchemy\orm\session.py", line 4427, in _flush
    flush_context.execute()
  File "C:\Users\Administrator\AppData\Roaming\Python\Python311\site-packages\sqlalchemy\orm\unitofwork.py", line 466, in execute
    rec.execute(self)
  File "C:\Users\Administrator\AppData\Roaming\Python\Python311\site-packages\sqlalchemy\orm\unitofwork.py", line 642, in execute
    util.preloaded.orm_persistence.save_obj(
  File "C:\Users\Administrator\AppData\Roaming\Python\Python311\site-packages\sqlalchemy\orm\persistence.py", line 93, in save_obj
    _emit_insert_statements(
  File "C:\Users\Administrator\AppData\Roaming\Python\Python311\site-packages\sqlalchemy\orm\persistence.py", line 1233, in _emit_insert_statements
    result = connection.execute(
             ^^^^^^^^^^^^^^^^^^^
  File "C:\Users\Administrator\AppData\Roaming\Python\Python311\site-packages\sqlalchemy\engine\base.py", line 1419, in execute
    return meth(
           ^^^^^
  File "C:\Users\Administrator\AppData\Roaming\Python\Python311\site-packages\sqlalchemy\sql\elements.py", line 527, in _execute_on_connection
    return connection._execute_clauseelement(
           ^^^^^^^^^^^^^^^^^^^^^^^^^^^^^^^^^^
  File "C:\Users\Administrator\AppData\Roaming\Python\Python311\site-packages\sqlalchemy\engine\base.py", line 1641, in _execute_clauseelement
    ret = self._execute_context(
          ^^^^^^^^^^^^^^^^^^^^^^
  File "C:\Users\Administrator\AppData\Roaming\Python\Python311\site-packages\sqlalchemy\engine\base.py", line 1846, in _execute_context
    return self._exec_single_context(
           ^^^^^^^^^^^^^^^^^^^^^^^^^^
  File "C:\Users\Administrator\AppData\Roaming\Python\Python311\site-packages\sqlalchemy\engine\base.py", line 1986, in _exec_single_context
    self._handle_dbapi_exception(
  File "C:\Users\Administrator\AppData\Roaming\Python\Python311\site-packages\sqlalchemy\engine\base.py", line 2363, in _handle_dbapi_exception
    raise sqlalchemy_exception.with_traceback(exc_info[2]) from e
  File "C:\Users\Administrator\AppData\Roaming\Python\Python311\site-packages\sqlalchemy\engine\base.py", line 1967, in _exec_single_context
    self.dialect.do_execute(
  File "C:\Users\Administrator\AppData\Roaming\Python\Python311\site-packages\sqlalchemy\engine\default.py", line 952, in do_execute
    cursor.execute(statement, parameters)
  File "C:\Users\Administrator\AppData\Roaming\Python\Python311\site-packages\pymysql\cursors.py", line 153, in execute
    result = self._query(query)
             ^^^^^^^^^^^^^^^^^^
  File "C:\Users\Administrator\AppData\Roaming\Python\Python311\site-packages\pymysql\cursors.py", line 322, in _query
    conn.query(q)
  File "C:\Users\Administrator\AppData\Roaming\Python\Python311\site-packages\pymysql\connections.py", line 575, in query
    self._affected_rows = self._read_query_result(unbuffered=unbuffered)
                          ^^^^^^^^^^^^^^^^^^^^^^^^^^^^^^^^^^^^^^^^^^^^^^
  File "C:\Users\Administrator\AppData\Roaming\Python\Python311\site-packages\pymysql\connections.py", line 826, in _read_query_result
    result.read()
  File "C:\Users\Administrator\AppData\Roaming\Python\Python311\site-packages\pymysql\connections.py", line 1203, in read
    first_packet = self.connection._read_packet()
                   ^^^^^^^^^^^^^^^^^^^^^^^^^^^^^^
  File "C:\Users\Administrator\AppData\Roaming\Python\Python311\site-packages\pymysql\connections.py", line 782, in _read_packet
    packet.raise_for_error()
  File "C:\Users\Administrator\AppData\Roaming\Python\Python311\site-packages\pymysql\protocol.py", line 219, in raise_for_error
    err.raise_mysql_exception(self._data)
  File "C:\Users\Administrator\AppData\Roaming\Python\Python311\site-packages\pymysql\err.py", line 150, in raise_mysql_exception
    raise errorclass(errno, errval)
sqlalchemy.exc.OperationalError: (pymysql.err.OperationalError) (1054, "Unknown column 'parse_status' in 'field list'")
[SQL: INSERT INTO knowledge_documents (user_id, project_id, project_specific_id, filename, content, content_hash, doc_type, summary, parse_status, parse_error, parsed_at, task_id, retry_count, display_order, source_doc_id) VALUES (%(user_id)s, %(project_id)s, %(project_specific_id)s, %(filename)s, %(content)s, %(content_hash)s, %(doc_type)s, %(summary)s, %(parse_status)s, %(parse_error)s, %(parsed_at)s, %(task_id)s, %(retry_count)s, %(display_order)s, %(source_doc_id)s)]
[parameters: {'user_id': 17, 'project_id': 45, 'project_specific_id': 0, 'filename': 'rag_stage1_broken.pdf', 'content': '', 'content_hash': None, 'doc_type': 'requirement', 'summary': None, 'parse_status': 'pending', 'parse_error': None, 'parsed_at': None, 'task_id': None, 'retry_count': 0, 'display_order': -1.0, 'source_doc_id': None}]
(Background on this error at: https://sqlalche.me/e/20/e3q8)
INFO:     127.0.0.1:65056 - "POST /api/upload-knowledge HTTP/1.1" 500 Internal Server Error
ERROR:    Exception in ASGI application
Traceback (most recent call last):
  File "C:\Users\Administrator\AppData\Roaming\Python\Python311\site-packages\sqlalchemy\engine\base.py", line 1967, in _exec_single_context
    self.dialect.do_execute(
  File "C:\Users\Administrator\AppData\Roaming\Python\Python311\site-packages\sqlalchemy\engine\default.py", line 952, in do_execute
    cursor.execute(statement, parameters)
  File "C:\Users\Administrator\AppData\Roaming\Python\Python311\site-packages\pymysql\cursors.py", line 153, in execute
    result = self._query(query)
             ^^^^^^^^^^^^^^^^^^
  File "C:\Users\Administrator\AppData\Roaming\Python\Python311\site-packages\pymysql\cursors.py", line 322, in _query
    conn.query(q)
  File "C:\Users\Administrator\AppData\Roaming\Python\Python311\site-packages\pymysql\connections.py", line 575, in query
    self._affected_rows = self._read_query_result(unbuffered=unbuffered)
                          ^^^^^^^^^^^^^^^^^^^^^^^^^^^^^^^^^^^^^^^^^^^^^^
  File "C:\Users\Administrator\AppData\Roaming\Python\Python311\site-packages\pymysql\connections.py", line 826, in _read_query_result
    result.read()
  File "C:\Users\Administrator\AppData\Roaming\Python\Python311\site-packages\pymysql\connections.py", line 1203, in read
    first_packet = self.connection._read_packet()
                   ^^^^^^^^^^^^^^^^^^^^^^^^^^^^^^
  File "C:\Users\Administrator\AppData\Roaming\Python\Python311\site-packages\pymysql\connections.py", line 782, in _read_packet
    packet.raise_for_error()
  File "C:\Users\Administrator\AppData\Roaming\Python\Python311\site-packages\pymysql\protocol.py", line 219, in raise_for_error
    err.raise_mysql_exception(self._data)
  File "C:\Users\Administrator\AppData\Roaming\Python\Python311\site-packages\pymysql\err.py", line 150, in raise_mysql_exception
    raise errorclass(errno, errval)
pymysql.err.OperationalError: (1054, "Unknown column 'parse_status' in 'field list'")

The above exception was the direct cause of the following exception:

Traceback (most recent call last):
  File "C:\Program Files\Python311\Lib\site-packages\uvicorn\protocols\http\h11_impl.py", line 410, in run_asgi
    result = await app(  # type: ignore[func-returns-value]
             ^^^^^^^^^^^^^^^^^^^^^^^^^^^^^^^^^^^^^^^^^^^^^^
  File "C:\Program Files\Python311\Lib\site-packages\uvicorn\middleware\proxy_headers.py", line 60, in __call__
    return await self.app(scope, receive, send)
           ^^^^^^^^^^^^^^^^^^^^^^^^^^^^^^^^^^^^
  File "C:\Program Files\Python311\Lib\site-packages\fastapi\applications.py", line 1160, in __call__
    await super().__call__(scope, receive, send)
  File "C:\Program Files\Python311\Lib\site-packages\starlette\applications.py", line 107, in __call__
    await self.middleware_stack(scope, receive, send)
  File "C:\Program Files\Python311\Lib\site-packages\starlette\middleware\errors.py", line 186, in __call__
    raise exc
  File "C:\Program Files\Python311\Lib\site-packages\starlette\middleware\errors.py", line 164, in __call__
    await self.app(scope, receive, _send)
  File "C:\Program Files\Python311\Lib\site-packages\starlette\middleware\cors.py", line 87, in __call__
    await self.app(scope, receive, send)
  File "C:\Program Files\Python311\Lib\site-packages\starlette\middleware\trustedhost.py", line 36, in __call__
    await self.app(scope, receive, send)
  File "C:\Program Files\Python311\Lib\site-packages\starlette\middleware\base.py", line 191, in __call__
    with recv_stream, send_stream, collapse_excgroups():
  File "C:\Program Files\Python311\Lib\contextlib.py", line 158, in __exit__
    self.gen.throw(typ, value, traceback)
  File "C:\Program Files\Python311\Lib\site-packages\starlette\_utils.py", line 87, in collapse_excgroups
    raise exc
  File "C:\Program Files\Python311\Lib\site-packages\starlette\middleware\base.py", line 193, in __call__
    response = await self.dispatch_func(request, call_next)
               ^^^^^^^^^^^^^^^^^^^^^^^^^^^^^^^^^^^^^^^^^^^^
  File "C:\Users\Administrator\AppData\Roaming\Python\Python311\site-packages\slowapi\middleware.py", line 136, in dispatch
    response = await call_next(request)
               ^^^^^^^^^^^^^^^^^^^^^^^^
  File "C:\Program Files\Python311\Lib\site-packages\starlette\middleware\base.py", line 168, in call_next
    raise app_exc from app_exc.__cause__ or app_exc.__context__
  File "C:\Program Files\Python311\Lib\site-packages\starlette\middleware\base.py", line 144, in coro
    await self.app(scope, receive_or_disconnect, send_no_error)
  File "C:\Program Files\Python311\Lib\site-packages\starlette\middleware\exceptions.py", line 63, in __call__
    await wrap_app_handling_exceptions(self.app, conn)(scope, receive, send)
  File "C:\Program Files\Python311\Lib\site-packages\starlette\_exception_handler.py", line 53, in wrapped_app
    raise exc
  File "C:\Program Files\Python311\Lib\site-packages\starlette\_exception_handler.py", line 42, in wrapped_app
    await app(scope, receive, sender)
  File "C:\Program Files\Python311\Lib\site-packages\fastapi\middleware\asyncexitstack.py", line 18, in __call__
    await self.app(scope, receive, send)
  File "C:\Program Files\Python311\Lib\site-packages\starlette\routing.py", line 716, in __call__
    await self.middleware_stack(scope, receive, send)
  File "C:\Program Files\Python311\Lib\site-packages\starlette\routing.py", line 736, in app
    await route.handle(scope, receive, send)
  File "C:\Program Files\Python311\Lib\site-packages\starlette\routing.py", line 290, in handle
    await self.app(scope, receive, send)
  File "C:\Program Files\Python311\Lib\site-packages\fastapi\routing.py", line 130, in app
    await wrap_app_handling_exceptions(app, request)(scope, receive, send)
  File "C:\Program Files\Python311\Lib\site-packages\starlette\_exception_handler.py", line 53, in wrapped_app
    raise exc
  File "C:\Program Files\Python311\Lib\site-packages\starlette\_exception_handler.py", line 42, in wrapped_app
    await app(scope, receive, sender)
  File "C:\Program Files\Python311\Lib\site-packages\fastapi\routing.py", line 116, in app
    response = await f(request)
               ^^^^^^^^^^^^^^^^
  File "C:\Program Files\Python311\Lib\site-packages\fastapi\routing.py", line 670, in app
    raw_response = await run_endpoint_function(
                   ^^^^^^^^^^^^^^^^^^^^^^^^^^^^
  File "C:\Program Files\Python311\Lib\site-packages\fastapi\routing.py", line 324, in run_endpoint_function
    return await dependant.call(**values)
           ^^^^^^^^^^^^^^^^^^^^^^^^^^^^^^
  File "D:\Qoder\测试开发平台\backend\routers\common.py", line 237, in upload_knowledge
    enqueue_result = await knowledge_base.enqueue_document_for_offline_parse(
                     ^^^^^^^^^^^^^^^^^^^^^^^^^^^^^^^^^^^^^^^^^^^^^^^^^^^^^^^^
  File "D:\Qoder\测试开发平台\backend\modules\knowledge_base.py", line 152, in enqueue_document_for_offline_parse
    doc = create_pending_document_impl(
          ^^^^^^^^^^^^^^^^^^^^^^^^^^^^^
  File "D:\Qoder\测试开发平台\backend\modules\knowledge_base_components\offline_parse.py", line 85, in create_pending_document_impl
    db.commit()
  File "C:\Users\Administrator\AppData\Roaming\Python\Python311\site-packages\sqlalchemy\orm\session.py", line 2030, in commit
    trans.commit(_to_root=True)
  File "<string>", line 2, in commit
  File "C:\Users\Administrator\AppData\Roaming\Python\Python311\site-packages\sqlalchemy\orm\state_changes.py", line 137, in _go
    ret_value = fn(self, *arg, **kw)
                ^^^^^^^^^^^^^^^^^^^^
  File "C:\Users\Administrator\AppData\Roaming\Python\Python311\site-packages\sqlalchemy\orm\session.py", line 1311, in commit
    self._prepare_impl()
  File "<string>", line 2, in _prepare_impl
  File "C:\Users\Administrator\AppData\Roaming\Python\Python311\site-packages\sqlalchemy\orm\state_changes.py", line 137, in _go
    ret_value = fn(self, *arg, **kw)
                ^^^^^^^^^^^^^^^^^^^^
  File "C:\Users\Administrator\AppData\Roaming\Python\Python311\site-packages\sqlalchemy\orm\session.py", line 1286, in _prepare_impl
    self.session.flush()
  File "C:\Users\Administrator\AppData\Roaming\Python\Python311\site-packages\sqlalchemy\orm\session.py", line 4331, in flush
    self._flush(objects)
  File "C:\Users\Administrator\AppData\Roaming\Python\Python311\site-packages\sqlalchemy\orm\session.py", line 4466, in _flush
    with util.safe_reraise():
  File "C:\Users\Administrator\AppData\Roaming\Python\Python311\site-packages\sqlalchemy\util\langhelpers.py", line 224, in __exit__
    raise exc_value.with_traceback(exc_tb)
  File "C:\Users\Administrator\AppData\Roaming\Python\Python311\site-packages\sqlalchemy\orm\session.py", line 4427, in _flush
    flush_context.execute()
  File "C:\Users\Administrator\AppData\Roaming\Python\Python311\site-packages\sqlalchemy\orm\unitofwork.py", line 466, in execute
    rec.execute(self)
  File "C:\Users\Administrator\AppData\Roaming\Python\Python311\site-packages\sqlalchemy\orm\unitofwork.py", line 642, in execute
    util.preloaded.orm_persistence.save_obj(
  File "C:\Users\Administrator\AppData\Roaming\Python\Python311\site-packages\sqlalchemy\orm\persistence.py", line 93, in save_obj
    _emit_insert_statements(
  File "C:\Users\Administrator\AppData\Roaming\Python\Python311\site-packages\sqlalchemy\orm\persistence.py", line 1233, in _emit_insert_statements
    result = connection.execute(
             ^^^^^^^^^^^^^^^^^^^
  File "C:\Users\Administrator\AppData\Roaming\Python\Python311\site-packages\sqlalchemy\engine\base.py", line 1419, in execute
    return meth(
           ^^^^^
  File "C:\Users\Administrator\AppData\Roaming\Python\Python311\site-packages\sqlalchemy\sql\elements.py", line 527, in _execute_on_connection
    return connection._execute_clauseelement(
           ^^^^^^^^^^^^^^^^^^^^^^^^^^^^^^^^^^
  File "C:\Users\Administrator\AppData\Roaming\Python\Python311\site-packages\sqlalchemy\engine\base.py", line 1641, in _execute_clauseelement
    ret = self._execute_context(
          ^^^^^^^^^^^^^^^^^^^^^^
  File "C:\Users\Administrator\AppData\Roaming\Python\Python311\site-packages\sqlalchemy\engine\base.py", line 1846, in _execute_context
    return self._exec_single_context(
           ^^^^^^^^^^^^^^^^^^^^^^^^^^
  File "C:\Users\Administrator\AppData\Roaming\Python\Python311\site-packages\sqlalchemy\engine\base.py", line 1986, in _exec_single_context
    self._handle_dbapi_exception(
  File "C:\Users\Administrator\AppData\Roaming\Python\Python311\site-packages\sqlalchemy\engine\base.py", line 2363, in _handle_dbapi_exception
    raise sqlalchemy_exception.with_traceback(exc_info[2]) from e
  File "C:\Users\Administrator\AppData\Roaming\Python\Python311\site-packages\sqlalchemy\engine\base.py", line 1967, in _exec_single_context
    self.dialect.do_execute(
  File "C:\Users\Administrator\AppData\Roaming\Python\Python311\site-packages\sqlalchemy\engine\default.py", line 952, in do_execute
    cursor.execute(statement, parameters)
  File "C:\Users\Administrator\AppData\Roaming\Python\Python311\site-packages\pymysql\cursors.py", line 153, in execute
    result = self._query(query)
             ^^^^^^^^^^^^^^^^^^
  File "C:\Users\Administrator\AppData\Roaming\Python\Python311\site-packages\pymysql\cursors.py", line 322, in _query
    conn.query(q)
  File "C:\Users\Administrator\AppData\Roaming\Python\Python311\site-packages\pymysql\connections.py", line 575, in query
    self._affected_rows = self._read_query_result(unbuffered=unbuffered)
                          ^^^^^^^^^^^^^^^^^^^^^^^^^^^^^^^^^^^^^^^^^^^^^^
  File "C:\Users\Administrator\AppData\Roaming\Python\Python311\site-packages\pymysql\connections.py", line 826, in _read_query_result
    result.read()
  File "C:\Users\Administrator\AppData\Roaming\Python\Python311\site-packages\pymysql\connections.py", line 1203, in read
    first_packet = self.connection._read_packet()
                   ^^^^^^^^^^^^^^^^^^^^^^^^^^^^^^
  File "C:\Users\Administrator\AppData\Roaming\Python\Python311\site-packages\pymysql\connections.py", line 782, in _read_packet
    packet.raise_for_error()
  File "C:\Users\Administrator\AppData\Roaming\Python\Python311\site-packages\pymysql\protocol.py", line 219, in raise_for_error
    err.raise_mysql_exception(self._data)
  File "C:\Users\Administrator\AppData\Roaming\Python\Python311\site-packages\pymysql\err.py", line 150, in raise_mysql_exception
    raise errorclass(errno, errval)
sqlalchemy.exc.OperationalError: (pymysql.err.OperationalError) (1054, "Unknown column 'parse_status' in 'field list'")
[SQL: INSERT INTO knowledge_documents (user_id, project_id, project_specific_id, filename, content, content_hash, doc_type, summary, parse_status, parse_error, parsed_at, task_id, retry_count, display_order, source_doc_id) VALUES (%(user_id)s, %(project_id)s, %(project_specific_id)s, %(filename)s, %(content)s, %(content_hash)s, %(doc_type)s, %(summary)s, %(parse_status)s, %(parse_error)s, %(parsed_at)s, %(task_id)s, %(retry_count)s, %(display_order)s, %(source_doc_id)s)]
[parameters: {'user_id': 17, 'project_id': 45, 'project_specific_id': 0, 'filename': 'rag__kbtest_fail_once__.txt', 'content': '', 'content_hash': None, 'doc_type': 'requirement', 'summary': None, 'parse_status': 'pending', 'parse_error': None, 'parsed_at': None, 'task_id': None, 'retry_count': 0, 'display_order': -1.0, 'source_doc_id': None}]
(Background on this error at: https://sqlalche.me/e/20/e3q8)
INFO:     127.0.0.1:65057 - "POST /api/upload-knowledge HTTP/1.1" 500 Internal Server Error
ERROR:    Exception in ASGI application
Traceback (most recent call last):
  File "C:\Users\Administrator\AppData\Roaming\Python\Python311\site-packages\sqlalchemy\engine\base.py", line 1967, in _exec_single_context
    self.dialect.do_execute(
  File "C:\Users\Administrator\AppData\Roaming\Python\Python311\site-packages\sqlalchemy\engine\default.py", line 952, in do_execute
    cursor.execute(statement, parameters)
  File "C:\Users\Administrator\AppData\Roaming\Python\Python311\site-packages\pymysql\cursors.py", line 153, in execute
    result = self._query(query)
             ^^^^^^^^^^^^^^^^^^
  File "C:\Users\Administrator\AppData\Roaming\Python\Python311\site-packages\pymysql\cursors.py", line 322, in _query
    conn.query(q)
  File "C:\Users\Administrator\AppData\Roaming\Python\Python311\site-packages\pymysql\connections.py", line 575, in query
    self._affected_rows = self._read_query_result(unbuffered=unbuffered)
                          ^^^^^^^^^^^^^^^^^^^^^^^^^^^^^^^^^^^^^^^^^^^^^^
  File "C:\Users\Administrator\AppData\Roaming\Python\Python311\site-packages\pymysql\connections.py", line 826, in _read_query_result
    result.read()
  File "C:\Users\Administrator\AppData\Roaming\Python\Python311\site-packages\pymysql\connections.py", line 1203, in read
    first_packet = self.connection._read_packet()
                   ^^^^^^^^^^^^^^^^^^^^^^^^^^^^^^
  File "C:\Users\Administrator\AppData\Roaming\Python\Python311\site-packages\pymysql\connections.py", line 782, in _read_packet
    packet.raise_for_error()
  File "C:\Users\Administrator\AppData\Roaming\Python\Python311\site-packages\pymysql\protocol.py", line 219, in raise_for_error
    err.raise_mysql_exception(self._data)
  File "C:\Users\Administrator\AppData\Roaming\Python\Python311\site-packages\pymysql\err.py", line 150, in raise_mysql_exception
    raise errorclass(errno, errval)
pymysql.err.OperationalError: (1054, "Unknown column 'parse_status' in 'field list'")

The above exception was the direct cause of the following exception:

Traceback (most recent call last):
  File "C:\Program Files\Python311\Lib\site-packages\uvicorn\protocols\http\h11_impl.py", line 410, in run_asgi
    result = await app(  # type: ignore[func-returns-value]
             ^^^^^^^^^^^^^^^^^^^^^^^^^^^^^^^^^^^^^^^^^^^^^^
  File "C:\Program Files\Python311\Lib\site-packages\uvicorn\middleware\proxy_headers.py", line 60, in __call__
    return await self.app(scope, receive, send)
           ^^^^^^^^^^^^^^^^^^^^^^^^^^^^^^^^^^^^
  File "C:\Program Files\Python311\Lib\site-packages\fastapi\applications.py", line 1160, in __call__
    await super().__call__(scope, receive, send)
  File "C:\Program Files\Python311\Lib\site-packages\starlette\applications.py", line 107, in __call__
    await self.middleware_stack(scope, receive, send)
  File "C:\Program Files\Python311\Lib\site-packages\starlette\middleware\errors.py", line 186, in __call__
    raise exc
  File "C:\Program Files\Python311\Lib\site-packages\starlette\middleware\errors.py", line 164, in __call__
    await self.app(scope, receive, _send)
  File "C:\Program Files\Python311\Lib\site-packages\starlette\middleware\cors.py", line 87, in __call__
    await self.app(scope, receive, send)
  File "C:\Program Files\Python311\Lib\site-packages\starlette\middleware\trustedhost.py", line 36, in __call__
    await self.app(scope, receive, send)
  File "C:\Program Files\Python311\Lib\site-packages\starlette\middleware\base.py", line 191, in __call__
    with recv_stream, send_stream, collapse_excgroups():
  File "C:\Program Files\Python311\Lib\contextlib.py", line 158, in __exit__
    self.gen.throw(typ, value, traceback)
  File "C:\Program Files\Python311\Lib\site-packages\starlette\_utils.py", line 87, in collapse_excgroups
    raise exc
  File "C:\Program Files\Python311\Lib\site-packages\starlette\middleware\base.py", line 193, in __call__
    response = await self.dispatch_func(request, call_next)
               ^^^^^^^^^^^^^^^^^^^^^^^^^^^^^^^^^^^^^^^^^^^^
  File "C:\Users\Administrator\AppData\Roaming\Python\Python311\site-packages\slowapi\middleware.py", line 136, in dispatch
    response = await call_next(request)
               ^^^^^^^^^^^^^^^^^^^^^^^^
  File "C:\Program Files\Python311\Lib\site-packages\starlette\middleware\base.py", line 168, in call_next
    raise app_exc from app_exc.__cause__ or app_exc.__context__
  File "C:\Program Files\Python311\Lib\site-packages\starlette\middleware\base.py", line 144, in coro
    await self.app(scope, receive_or_disconnect, send_no_error)
  File "C:\Program Files\Python311\Lib\site-packages\starlette\middleware\exceptions.py", line 63, in __call__
    await wrap_app_handling_exceptions(self.app, conn)(scope, receive, send)
  File "C:\Program Files\Python311\Lib\site-packages\starlette\_exception_handler.py", line 53, in wrapped_app
    raise exc
  File "C:\Program Files\Python311\Lib\site-packages\starlette\_exception_handler.py", line 42, in wrapped_app
    await app(scope, receive, sender)
  File "C:\Program Files\Python311\Lib\site-packages\fastapi\middleware\asyncexitstack.py", line 18, in __call__
    await self.app(scope, receive, send)
  File "C:\Program Files\Python311\Lib\site-packages\starlette\routing.py", line 716, in __call__
    await self.middleware_stack(scope, receive, send)
  File "C:\Program Files\Python311\Lib\site-packages\starlette\routing.py", line 736, in app
    await route.handle(scope, receive, send)
  File "C:\Program Files\Python311\Lib\site-packages\starlette\routing.py", line 290, in handle
    await self.app(scope, receive, send)
  File "C:\Program Files\Python311\Lib\site-packages\fastapi\routing.py", line 130, in app
    await wrap_app_handling_exceptions(app, request)(scope, receive, send)
  File "C:\Program Files\Python311\Lib\site-packages\starlette\_exception_handler.py", line 53, in wrapped_app
    raise exc
  File "C:\Program Files\Python311\Lib\site-packages\starlette\_exception_handler.py", line 42, in wrapped_app
    await app(scope, receive, sender)
  File "C:\Program Files\Python311\Lib\site-packages\fastapi\routing.py", line 116, in app
    response = await f(request)
               ^^^^^^^^^^^^^^^^
  File "C:\Program Files\Python311\Lib\site-packages\fastapi\routing.py", line 670, in app
    raw_response = await run_endpoint_function(
                   ^^^^^^^^^^^^^^^^^^^^^^^^^^^^
  File "C:\Program Files\Python311\Lib\site-packages\fastapi\routing.py", line 324, in run_endpoint_function
    return await dependant.call(**values)
           ^^^^^^^^^^^^^^^^^^^^^^^^^^^^^^
  File "D:\Qoder\测试开发平台\backend\routers\common.py", line 237, in upload_knowledge
    enqueue_result = await knowledge_base.enqueue_document_for_offline_parse(
                     ^^^^^^^^^^^^^^^^^^^^^^^^^^^^^^^^^^^^^^^^^^^^^^^^^^^^^^^^
  File "D:\Qoder\测试开发平台\backend\modules\knowledge_base.py", line 152, in enqueue_document_for_offline_parse
    doc = create_pending_document_impl(
          ^^^^^^^^^^^^^^^^^^^^^^^^^^^^^
  File "D:\Qoder\测试开发平台\backend\modules\knowledge_base_components\offline_parse.py", line 85, in create_pending_document_impl
    db.commit()
  File "C:\Users\Administrator\AppData\Roaming\Python\Python311\site-packages\sqlalchemy\orm\session.py", line 2030, in commit
    trans.commit(_to_root=True)
  File "<string>", line 2, in commit
  File "C:\Users\Administrator\AppData\Roaming\Python\Python311\site-packages\sqlalchemy\orm\state_changes.py", line 137, in _go
    ret_value = fn(self, *arg, **kw)
                ^^^^^^^^^^^^^^^^^^^^
  File "C:\Users\Administrator\AppData\Roaming\Python\Python311\site-packages\sqlalchemy\orm\session.py", line 1311, in commit
    self._prepare_impl()
  File "<string>", line 2, in _prepare_impl
  File "C:\Users\Administrator\AppData\Roaming\Python\Python311\site-packages\sqlalchemy\orm\state_changes.py", line 137, in _go
    ret_value = fn(self, *arg, **kw)
                ^^^^^^^^^^^^^^^^^^^^
  File "C:\Users\Administrator\AppData\Roaming\Python\Python311\site-packages\sqlalchemy\orm\session.py", line 1286, in _prepare_impl
    self.session.flush()
  File "C:\Users\Administrator\AppData\Roaming\Python\Python311\site-packages\sqlalchemy\orm\session.py", line 4331, in flush
    self._flush(objects)
  File "C:\Users\Administrator\AppData\Roaming\Python\Python311\site-packages\sqlalchemy\orm\session.py", line 4466, in _flush
    with util.safe_reraise():
  File "C:\Users\Administrator\AppData\Roaming\Python\Python311\site-packages\sqlalchemy\util\langhelpers.py", line 224, in __exit__
    raise exc_value.with_traceback(exc_tb)
  File "C:\Users\Administrator\AppData\Roaming\Python\Python311\site-packages\sqlalchemy\orm\session.py", line 4427, in _flush
    flush_context.execute()
  File "C:\Users\Administrator\AppData\Roaming\Python\Python311\site-packages\sqlalchemy\orm\unitofwork.py", line 466, in execute
    rec.execute(self)
  File "C:\Users\Administrator\AppData\Roaming\Python\Python311\site-packages\sqlalchemy\orm\unitofwork.py", line 642, in execute
    util.preloaded.orm_persistence.save_obj(
  File "C:\Users\Administrator\AppData\Roaming\Python\Python311\site-packages\sqlalchemy\orm\persistence.py", line 93, in save_obj
    _emit_insert_statements(
  File "C:\Users\Administrator\AppData\Roaming\Python\Python311\site-packages\sqlalchemy\orm\persistence.py", line 1233, in _emit_insert_statements
    result = connection.execute(
             ^^^^^^^^^^^^^^^^^^^
  File "C:\Users\Administrator\AppData\Roaming\Python\Python311\site-packages\sqlalchemy\engine\base.py", line 1419, in execute
    return meth(
           ^^^^^
  File "C:\Users\Administrator\AppData\Roaming\Python\Python311\site-packages\sqlalchemy\sql\elements.py", line 527, in _execute_on_connection
    return connection._execute_clauseelement(
           ^^^^^^^^^^^^^^^^^^^^^^^^^^^^^^^^^^
  File "C:\Users\Administrator\AppData\Roaming\Python\Python311\site-packages\sqlalchemy\engine\base.py", line 1641, in _execute_clauseelement
    ret = self._execute_context(
          ^^^^^^^^^^^^^^^^^^^^^^
  File "C:\Users\Administrator\AppData\Roaming\Python\Python311\site-packages\sqlalchemy\engine\base.py", line 1846, in _execute_context
    return self._exec_single_context(
           ^^^^^^^^^^^^^^^^^^^^^^^^^^
  File "C:\Users\Administrator\AppData\Roaming\Python\Python311\site-packages\sqlalchemy\engine\base.py", line 1986, in _exec_single_context
    self._handle_dbapi_exception(
  File "C:\Users\Administrator\AppData\Roaming\Python\Python311\site-packages\sqlalchemy\engine\base.py", line 2363, in _handle_dbapi_exception
    raise sqlalchemy_exception.with_traceback(exc_info[2]) from e
  File "C:\Users\Administrator\AppData\Roaming\Python\Python311\site-packages\sqlalchemy\engine\base.py", line 1967, in _exec_single_context
    self.dialect.do_execute(
  File "C:\Users\Administrator\AppData\Roaming\Python\Python311\site-packages\sqlalchemy\engine\default.py", line 952, in do_execute
    cursor.execute(statement, parameters)
  File "C:\Users\Administrator\AppData\Roaming\Python\Python311\site-packages\pymysql\cursors.py", line 153, in execute
    result = self._query(query)
             ^^^^^^^^^^^^^^^^^^
  File "C:\Users\Administrator\AppData\Roaming\Python\Python311\site-packages\pymysql\cursors.py", line 322, in _query
    conn.query(q)
  File "C:\Users\Administrator\AppData\Roaming\Python\Python311\site-packages\pymysql\connections.py", line 575, in query
    self._affected_rows = self._read_query_result(unbuffered=unbuffered)
                          ^^^^^^^^^^^^^^^^^^^^^^^^^^^^^^^^^^^^^^^^^^^^^^
  File "C:\Users\Administrator\AppData\Roaming\Python\Python311\site-packages\pymysql\connections.py", line 826, in _read_query_result
    result.read()
  File "C:\Users\Administrator\AppData\Roaming\Python\Python311\site-packages\pymysql\connections.py", line 1203, in read
    first_packet = self.connection._read_packet()
                   ^^^^^^^^^^^^^^^^^^^^^^^^^^^^^^
  File "C:\Users\Administrator\AppData\Roaming\Python\Python311\site-packages\pymysql\connections.py", line 782, in _read_packet
    packet.raise_for_error()
  File "C:\Users\Administrator\AppData\Roaming\Python\Python311\site-packages\pymysql\protocol.py", line 219, in raise_for_error
    err.raise_mysql_exception(self._data)
  File "C:\Users\Administrator\AppData\Roaming\Python\Python311\site-packages\pymysql\err.py", line 150, in raise_mysql_exception
    raise errorclass(errno, errval)
sqlalchemy.exc.OperationalError: (pymysql.err.OperationalError) (1054, "Unknown column 'parse_status' in 'field list'")
[SQL: INSERT INTO knowledge_documents (user_id, project_id, project_specific_id, filename, content, content_hash, doc_type, summary, parse_status, parse_error, parsed_at, task_id, retry_count, display_order, source_doc_id) VALUES (%(user_id)s, %(project_id)s, %(project_specific_id)s, %(filename)s, %(content)s, %(content_hash)s, %(doc_type)s, %(summary)s, %(parse_status)s, %(parse_error)s, %(parsed_at)s, %(task_id)s, %(retry_count)s, %(display_order)s, %(source_doc_id)s)]
[parameters: {'user_id': 17, 'project_id': 45, 'project_specific_id': 0, 'filename': 'rag__kbtest_summary_fail__.txt', 'content': '', 'content_hash': None, 'doc_type': 'requirement', 'summary': None, 'parse_status': 'pending', 'parse_error': None, 'parsed_at': None, 'task_id': None, 'retry_count': 0, 'display_order': -1.0, 'source_doc_id': None}]
(Background on this error at: https://sqlalche.me/e/20/e3q8)
INFO:     127.0.0.1:65058 - "POST /api/upload-knowledge HTTP/1.1" 500 Internal Server Error
ERROR:    Exception in ASGI application
Traceback (most recent call last):
  File "C:\Users\Administrator\AppData\Roaming\Python\Python311\site-packages\sqlalchemy\engine\base.py", line 1967, in _exec_single_context
    self.dialect.do_execute(
  File "C:\Users\Administrator\AppData\Roaming\Python\Python311\site-packages\sqlalchemy\engine\default.py", line 952, in do_execute
    cursor.execute(statement, parameters)
  File "C:\Users\Administrator\AppData\Roaming\Python\Python311\site-packages\pymysql\cursors.py", line 153, in execute
    result = self._query(query)
             ^^^^^^^^^^^^^^^^^^
  File "C:\Users\Administrator\AppData\Roaming\Python\Python311\site-packages\pymysql\cursors.py", line 322, in _query
    conn.query(q)
  File "C:\Users\Administrator\AppData\Roaming\Python\Python311\site-packages\pymysql\connections.py", line 575, in query
    self._affected_rows = self._read_query_result(unbuffered=unbuffered)
                          ^^^^^^^^^^^^^^^^^^^^^^^^^^^^^^^^^^^^^^^^^^^^^^
  File "C:\Users\Administrator\AppData\Roaming\Python\Python311\site-packages\pymysql\connections.py", line 826, in _read_query_result
    result.read()
  File "C:\Users\Administrator\AppData\Roaming\Python\Python311\site-packages\pymysql\connections.py", line 1203, in read
    first_packet = self.connection._read_packet()
                   ^^^^^^^^^^^^^^^^^^^^^^^^^^^^^^
  File "C:\Users\Administrator\AppData\Roaming\Python\Python311\site-packages\pymysql\connections.py", line 782, in _read_packet
    packet.raise_for_error()
  File "C:\Users\Administrator\AppData\Roaming\Python\Python311\site-packages\pymysql\protocol.py", line 219, in raise_for_error
    err.raise_mysql_exception(self._data)
  File "C:\Users\Administrator\AppData\Roaming\Python\Python311\site-packages\pymysql\err.py", line 150, in raise_mysql_exception
    raise errorclass(errno, errval)
pymysql.err.OperationalError: (1054, "Unknown column 'parse_status' in 'field list'")

The above exception was the direct cause of the following exception:

Traceback (most recent call last):
  File "C:\Program Files\Python311\Lib\site-packages\uvicorn\protocols\http\h11_impl.py", line 410, in run_asgi
    result = await app(  # type: ignore[func-returns-value]
             ^^^^^^^^^^^^^^^^^^^^^^^^^^^^^^^^^^^^^^^^^^^^^^
  File "C:\Program Files\Python311\Lib\site-packages\uvicorn\middleware\proxy_headers.py", line 60, in __call__
    return await self.app(scope, receive, send)
           ^^^^^^^^^^^^^^^^^^^^^^^^^^^^^^^^^^^^
  File "C:\Program Files\Python311\Lib\site-packages\fastapi\applications.py", line 1160, in __call__
    await super().__call__(scope, receive, send)
  File "C:\Program Files\Python311\Lib\site-packages\starlette\applications.py", line 107, in __call__
    await self.middleware_stack(scope, receive, send)
  File "C:\Program Files\Python311\Lib\site-packages\starlette\middleware\errors.py", line 186, in __call__
    raise exc
  File "C:\Program Files\Python311\Lib\site-packages\starlette\middleware\errors.py", line 164, in __call__
    await self.app(scope, receive, _send)
  File "C:\Program Files\Python311\Lib\site-packages\starlette\middleware\cors.py", line 87, in __call__
    await self.app(scope, receive, send)
  File "C:\Program Files\Python311\Lib\site-packages\starlette\middleware\trustedhost.py", line 36, in __call__
    await self.app(scope, receive, send)
  File "C:\Program Files\Python311\Lib\site-packages\starlette\middleware\base.py", line 191, in __call__
    with recv_stream, send_stream, collapse_excgroups():
  File "C:\Program Files\Python311\Lib\contextlib.py", line 158, in __exit__
    self.gen.throw(typ, value, traceback)
  File "C:\Program Files\Python311\Lib\site-packages\starlette\_utils.py", line 87, in collapse_excgroups
    raise exc
  File "C:\Program Files\Python311\Lib\site-packages\starlette\middleware\base.py", line 193, in __call__
    response = await self.dispatch_func(request, call_next)
               ^^^^^^^^^^^^^^^^^^^^^^^^^^^^^^^^^^^^^^^^^^^^
  File "C:\Users\Administrator\AppData\Roaming\Python\Python311\site-packages\slowapi\middleware.py", line 136, in dispatch
    response = await call_next(request)
               ^^^^^^^^^^^^^^^^^^^^^^^^
  File "C:\Program Files\Python311\Lib\site-packages\starlette\middleware\base.py", line 168, in call_next
    raise app_exc from app_exc.__cause__ or app_exc.__context__
  File "C:\Program Files\Python311\Lib\site-packages\starlette\middleware\base.py", line 144, in coro
    await self.app(scope, receive_or_disconnect, send_no_error)
  File "C:\Program Files\Python311\Lib\site-packages\starlette\middleware\exceptions.py", line 63, in __call__
    await wrap_app_handling_exceptions(self.app, conn)(scope, receive, send)
  File "C:\Program Files\Python311\Lib\site-packages\starlette\_exception_handler.py", line 53, in wrapped_app
    raise exc
  File "C:\Program Files\Python311\Lib\site-packages\starlette\_exception_handler.py", line 42, in wrapped_app
    await app(scope, receive, sender)
  File "C:\Program Files\Python311\Lib\site-packages\fastapi\middleware\asyncexitstack.py", line 18, in __call__
    await self.app(scope, receive, send)
  File "C:\Program Files\Python311\Lib\site-packages\starlette\routing.py", line 716, in __call__
    await self.middleware_stack(scope, receive, send)
  File "C:\Program Files\Python311\Lib\site-packages\starlette\routing.py", line 736, in app
    await route.handle(scope, receive, send)
  File "C:\Program Files\Python311\Lib\site-packages\starlette\routing.py", line 290, in handle
    await self.app(scope, receive, send)
  File "C:\Program Files\Python311\Lib\site-packages\fastapi\routing.py", line 130, in app
    await wrap_app_handling_exceptions(app, request)(scope, receive, send)
  File "C:\Program Files\Python311\Lib\site-packages\starlette\_exception_handler.py", line 53, in wrapped_app
    raise exc
  File "C:\Program Files\Python311\Lib\site-packages\starlette\_exception_handler.py", line 42, in wrapped_app
    await app(scope, receive, sender)
  File "C:\Program Files\Python311\Lib\site-packages\fastapi\routing.py", line 116, in app
    response = await f(request)
               ^^^^^^^^^^^^^^^^
  File "C:\Program Files\Python311\Lib\site-packages\fastapi\routing.py", line 670, in app
    raw_response = await run_endpoint_function(
                   ^^^^^^^^^^^^^^^^^^^^^^^^^^^^
  File "C:\Program Files\Python311\Lib\site-packages\fastapi\routing.py", line 324, in run_endpoint_function
    return await dependant.call(**values)
           ^^^^^^^^^^^^^^^^^^^^^^^^^^^^^^
  File "D:\Qoder\测试开发平台\backend\routers\common.py", line 237, in upload_knowledge
    enqueue_result = await knowledge_base.enqueue_document_for_offline_parse(
                     ^^^^^^^^^^^^^^^^^^^^^^^^^^^^^^^^^^^^^^^^^^^^^^^^^^^^^^^^
  File "D:\Qoder\测试开发平台\backend\modules\knowledge_base.py", line 152, in enqueue_document_for_offline_parse
    doc = create_pending_document_impl(
          ^^^^^^^^^^^^^^^^^^^^^^^^^^^^^
  File "D:\Qoder\测试开发平台\backend\modules\knowledge_base_components\offline_parse.py", line 85, in create_pending_document_impl
    db.commit()
  File "C:\Users\Administrator\AppData\Roaming\Python\Python311\site-packages\sqlalchemy\orm\session.py", line 2030, in commit
    trans.commit(_to_root=True)
  File "<string>", line 2, in commit
  File "C:\Users\Administrator\AppData\Roaming\Python\Python311\site-packages\sqlalchemy\orm\state_changes.py", line 137, in _go
    ret_value = fn(self, *arg, **kw)
                ^^^^^^^^^^^^^^^^^^^^
  File "C:\Users\Administrator\AppData\Roaming\Python\Python311\site-packages\sqlalchemy\orm\session.py", line 1311, in commit
    self._prepare_impl()
  File "<string>", line 2, in _prepare_impl
  File "C:\Users\Administrator\AppData\Roaming\Python\Python311\site-packages\sqlalchemy\orm\state_changes.py", line 137, in _go
    ret_value = fn(self, *arg, **kw)
                ^^^^^^^^^^^^^^^^^^^^
  File "C:\Users\Administrator\AppData\Roaming\Python\Python311\site-packages\sqlalchemy\orm\session.py", line 1286, in _prepare_impl
    self.session.flush()
  File "C:\Users\Administrator\AppData\Roaming\Python\Python311\site-packages\sqlalchemy\orm\session.py", line 4331, in flush
    self._flush(objects)
  File "C:\Users\Administrator\AppData\Roaming\Python\Python311\site-packages\sqlalchemy\orm\session.py", line 4466, in _flush
    with util.safe_reraise():
  File "C:\Users\Administrator\AppData\Roaming\Python\Python311\site-packages\sqlalchemy\util\langhelpers.py", line 224, in __exit__
    raise exc_value.with_traceback(exc_tb)
  File "C:\Users\Administrator\AppData\Roaming\Python\Python311\site-packages\sqlalchemy\orm\session.py", line 4427, in _flush
    flush_context.execute()
  File "C:\Users\Administrator\AppData\Roaming\Python\Python311\site-packages\sqlalchemy\orm\unitofwork.py", line 466, in execute
    rec.execute(self)
  File "C:\Users\Administrator\AppData\Roaming\Python\Python311\site-packages\sqlalchemy\orm\unitofwork.py", line 642, in execute
    util.preloaded.orm_persistence.save_obj(
  File "C:\Users\Administrator\AppData\Roaming\Python\Python311\site-packages\sqlalchemy\orm\persistence.py", line 93, in save_obj
    _emit_insert_statements(
  File "C:\Users\Administrator\AppData\Roaming\Python\Python311\site-packages\sqlalchemy\orm\persistence.py", line 1233, in _emit_insert_statements
    result = connection.execute(
             ^^^^^^^^^^^^^^^^^^^
  File "C:\Users\Administrator\AppData\Roaming\Python\Python311\site-packages\sqlalchemy\engine\base.py", line 1419, in execute
    return meth(
           ^^^^^
  File "C:\Users\Administrator\AppData\Roaming\Python\Python311\site-packages\sqlalchemy\sql\elements.py", line 527, in _execute_on_connection
    return connection._execute_clauseelement(
           ^^^^^^^^^^^^^^^^^^^^^^^^^^^^^^^^^^
  File "C:\Users\Administrator\AppData\Roaming\Python\Python311\site-packages\sqlalchemy\engine\base.py", line 1641, in _execute_clauseelement
    ret = self._execute_context(
          ^^^^^^^^^^^^^^^^^^^^^^
  File "C:\Users\Administrator\AppData\Roaming\Python\Python311\site-packages\sqlalchemy\engine\base.py", line 1846, in _execute_context
    return self._exec_single_context(
           ^^^^^^^^^^^^^^^^^^^^^^^^^^
  File "C:\Users\Administrator\AppData\Roaming\Python\Python311\site-packages\sqlalchemy\engine\base.py", line 1986, in _exec_single_context
    self._handle_dbapi_exception(
  File "C:\Users\Administrator\AppData\Roaming\Python\Python311\site-packages\sqlalchemy\engine\base.py", line 2363, in _handle_dbapi_exception
    raise sqlalchemy_exception.with_traceback(exc_info[2]) from e
  File "C:\Users\Administrator\AppData\Roaming\Python\Python311\site-packages\sqlalchemy\engine\base.py", line 1967, in _exec_single_context
    self.dialect.do_execute(
  File "C:\Users\Administrator\AppData\Roaming\Python\Python311\site-packages\sqlalchemy\engine\default.py", line 952, in do_execute
    cursor.execute(statement, parameters)
  File "C:\Users\Administrator\AppData\Roaming\Python\Python311\site-packages\pymysql\cursors.py", line 153, in execute
    result = self._query(query)
             ^^^^^^^^^^^^^^^^^^
  File "C:\Users\Administrator\AppData\Roaming\Python\Python311\site-packages\pymysql\cursors.py", line 322, in _query
    conn.query(q)
  File "C:\Users\Administrator\AppData\Roaming\Python\Python311\site-packages\pymysql\connections.py", line 575, in query
    self._affected_rows = self._read_query_result(unbuffered=unbuffered)
                          ^^^^^^^^^^^^^^^^^^^^^^^^^^^^^^^^^^^^^^^^^^^^^^
  File "C:\Users\Administrator\AppData\Roaming\Python\Python311\site-packages\pymysql\connections.py", line 826, in _read_query_result
    result.read()
  File "C:\Users\Administrator\AppData\Roaming\Python\Python311\site-packages\pymysql\connections.py", line 1203, in read
    first_packet = self.connection._read_packet()
                   ^^^^^^^^^^^^^^^^^^^^^^^^^^^^^^
  File "C:\Users\Administrator\AppData\Roaming\Python\Python311\site-packages\pymysql\connections.py", line 782, in _read_packet
    packet.raise_for_error()
  File "C:\Users\Administrator\AppData\Roaming\Python\Python311\site-packages\pymysql\protocol.py", line 219, in raise_for_error
    err.raise_mysql_exception(self._data)
  File "C:\Users\Administrator\AppData\Roaming\Python\Python311\site-packages\pymysql\err.py", line 150, in raise_mysql_exception
    raise errorclass(errno, errval)
sqlalchemy.exc.OperationalError: (pymysql.err.OperationalError) (1054, "Unknown column 'parse_status' in 'field list'")
[SQL: INSERT INTO knowledge_documents (user_id, project_id, project_specific_id, filename, content, content_hash, doc_type, summary, parse_status, parse_error, parsed_at, task_id, retry_count, display_order, source_doc_id) VALUES (%(user_id)s, %(project_id)s, %(project_specific_id)s, %(filename)s, %(content)s, %(content_hash)s, %(doc_type)s, %(summary)s, %(parse_status)s, %(parse_error)s, %(parsed_at)s, %(task_id)s, %(retry_count)s, %(display_order)s, %(source_doc_id)s)]
[parameters: {'user_id': 17, 'project_id': 45, 'project_specific_id': 0, 'filename': 'rag__kbtest_chroma_fail__.txt', 'content': '', 'content_hash': None, 'doc_type': 'requirement', 'summary': None, 'parse_status': 'pending', 'parse_error': None, 'parsed_at': None, 'task_id': None, 'retry_count': 0, 'display_order': -1.0, 'source_doc_id': None}]
(Background on this error at: https://sqlalche.me/e/20/e3q8)
INFO:     127.0.0.1:65059 - "POST /api/upload-knowledge HTTP/1.1" 500 Internal Server Error
ERROR:    Exception in ASGI application
Traceback (most recent call last):
  File "C:\Users\Administrator\AppData\Roaming\Python\Python311\site-packages\sqlalchemy\engine\base.py", line 1967, in _exec_single_context
    self.dialect.do_execute(
  File "C:\Users\Administrator\AppData\Roaming\Python\Python311\site-packages\sqlalchemy\engine\default.py", line 952, in do_execute
    cursor.execute(statement, parameters)
  File "C:\Users\Administrator\AppData\Roaming\Python\Python311\site-packages\pymysql\cursors.py", line 153, in execute
    result = self._query(query)
             ^^^^^^^^^^^^^^^^^^
  File "C:\Users\Administrator\AppData\Roaming\Python\Python311\site-packages\pymysql\cursors.py", line 322, in _query
    conn.query(q)
  File "C:\Users\Administrator\AppData\Roaming\Python\Python311\site-packages\pymysql\connections.py", line 575, in query
    self._affected_rows = self._read_query_result(unbuffered=unbuffered)
                          ^^^^^^^^^^^^^^^^^^^^^^^^^^^^^^^^^^^^^^^^^^^^^^
  File "C:\Users\Administrator\AppData\Roaming\Python\Python311\site-packages\pymysql\connections.py", line 826, in _read_query_result
    result.read()
  File "C:\Users\Administrator\AppData\Roaming\Python\Python311\site-packages\pymysql\connections.py", line 1203, in read
    first_packet = self.connection._read_packet()
                   ^^^^^^^^^^^^^^^^^^^^^^^^^^^^^^
  File "C:\Users\Administrator\AppData\Roaming\Python\Python311\site-packages\pymysql\connections.py", line 782, in _read_packet
    packet.raise_for_error()
  File "C:\Users\Administrator\AppData\Roaming\Python\Python311\site-packages\pymysql\protocol.py", line 219, in raise_for_error
    err.raise_mysql_exception(self._data)
  File "C:\Users\Administrator\AppData\Roaming\Python\Python311\site-packages\pymysql\err.py", line 150, in raise_mysql_exception
    raise errorclass(errno, errval)
pymysql.err.OperationalError: (1054, "Unknown column 'parse_status' in 'field list'")

The above exception was the direct cause of the following exception:

Traceback (most recent call last):
  File "C:\Program Files\Python311\Lib\site-packages\uvicorn\protocols\http\h11_impl.py", line 410, in run_asgi
    result = await app(  # type: ignore[func-returns-value]
             ^^^^^^^^^^^^^^^^^^^^^^^^^^^^^^^^^^^^^^^^^^^^^^
  File "C:\Program Files\Python311\Lib\site-packages\uvicorn\middleware\proxy_headers.py", line 60, in __call__
    return await self.app(scope, receive, send)
           ^^^^^^^^^^^^^^^^^^^^^^^^^^^^^^^^^^^^
  File "C:\Program Files\Python311\Lib\site-packages\fastapi\applications.py", line 1160, in __call__
    await super().__call__(scope, receive, send)
  File "C:\Program Files\Python311\Lib\site-packages\starlette\applications.py", line 107, in __call__
    await self.middleware_stack(scope, receive, send)
  File "C:\Program Files\Python311\Lib\site-packages\starlette\middleware\errors.py", line 186, in __call__
    raise exc
  File "C:\Program Files\Python311\Lib\site-packages\starlette\middleware\errors.py", line 164, in __call__
    await self.app(scope, receive, _send)
  File "C:\Program Files\Python311\Lib\site-packages\starlette\middleware\cors.py", line 87, in __call__
    await self.app(scope, receive, send)
  File "C:\Program Files\Python311\Lib\site-packages\starlette\middleware\trustedhost.py", line 36, in __call__
    await self.app(scope, receive, send)
  File "C:\Program Files\Python311\Lib\site-packages\starlette\middleware\base.py", line 191, in __call__
    with recv_stream, send_stream, collapse_excgroups():
  File "C:\Program Files\Python311\Lib\contextlib.py", line 158, in __exit__
    self.gen.throw(typ, value, traceback)
  File "C:\Program Files\Python311\Lib\site-packages\starlette\_utils.py", line 87, in collapse_excgroups
    raise exc
  File "C:\Program Files\Python311\Lib\site-packages\starlette\middleware\base.py", line 193, in __call__
    response = await self.dispatch_func(request, call_next)
               ^^^^^^^^^^^^^^^^^^^^^^^^^^^^^^^^^^^^^^^^^^^^
  File "C:\Users\Administrator\AppData\Roaming\Python\Python311\site-packages\slowapi\middleware.py", line 136, in dispatch
    response = await call_next(request)
               ^^^^^^^^^^^^^^^^^^^^^^^^
  File "C:\Program Files\Python311\Lib\site-packages\starlette\middleware\base.py", line 168, in call_next
    raise app_exc from app_exc.__cause__ or app_exc.__context__
  File "C:\Program Files\Python311\Lib\site-packages\starlette\middleware\base.py", line 144, in coro
    await self.app(scope, receive_or_disconnect, send_no_error)
  File "C:\Program Files\Python311\Lib\site-packages\starlette\middleware\exceptions.py", line 63, in __call__
    await wrap_app_handling_exceptions(self.app, conn)(scope, receive, send)
  File "C:\Program Files\Python311\Lib\site-packages\starlette\_exception_handler.py", line 53, in wrapped_app
    raise exc
  File "C:\Program Files\Python311\Lib\site-packages\starlette\_exception_handler.py", line 42, in wrapped_app
    await app(scope, receive, sender)
  File "C:\Program Files\Python311\Lib\site-packages\fastapi\middleware\asyncexitstack.py", line 18, in __call__
    await self.app(scope, receive, send)
  File "C:\Program Files\Python311\Lib\site-packages\starlette\routing.py", line 716, in __call__
    await self.middleware_stack(scope, receive, send)
  File "C:\Program Files\Python311\Lib\site-packages\starlette\routing.py", line 736, in app
    await route.handle(scope, receive, send)
  File "C:\Program Files\Python311\Lib\site-packages\starlette\routing.py", line 290, in handle
    await self.app(scope, receive, send)
  File "C:\Program Files\Python311\Lib\site-packages\fastapi\routing.py", line 130, in app
    await wrap_app_handling_exceptions(app, request)(scope, receive, send)
  File "C:\Program Files\Python311\Lib\site-packages\starlette\_exception_handler.py", line 53, in wrapped_app
    raise exc
  File "C:\Program Files\Python311\Lib\site-packages\starlette\_exception_handler.py", line 42, in wrapped_app
    await app(scope, receive, sender)
  File "C:\Program Files\Python311\Lib\site-packages\fastapi\routing.py", line 116, in app
    response = await f(request)
               ^^^^^^^^^^^^^^^^
  File "C:\Program Files\Python311\Lib\site-packages\fastapi\routing.py", line 670, in app
    raw_response = await run_endpoint_function(
                   ^^^^^^^^^^^^^^^^^^^^^^^^^^^^
  File "C:\Program Files\Python311\Lib\site-packages\fastapi\routing.py", line 324, in run_endpoint_function
    return await dependant.call(**values)
           ^^^^^^^^^^^^^^^^^^^^^^^^^^^^^^
  File "D:\Qoder\测试开发平台\backend\routers\common.py", line 237, in upload_knowledge
    enqueue_result = await knowledge_base.enqueue_document_for_offline_parse(
                     ^^^^^^^^^^^^^^^^^^^^^^^^^^^^^^^^^^^^^^^^^^^^^^^^^^^^^^^^
  File "D:\Qoder\测试开发平台\backend\modules\knowledge_base.py", line 152, in enqueue_document_for_offline_parse
    doc = create_pending_document_impl(
          ^^^^^^^^^^^^^^^^^^^^^^^^^^^^^
  File "D:\Qoder\测试开发平台\backend\modules\knowledge_base_components\offline_parse.py", line 85, in create_pending_document_impl
    db.commit()
  File "C:\Users\Administrator\AppData\Roaming\Python\Python311\site-packages\sqlalchemy\orm\session.py", line 2030, in commit
    trans.commit(_to_root=True)
  File "<string>", line 2, in commit
  File "C:\Users\Administrator\AppData\Roaming\Python\Python311\site-packages\sqlalchemy\orm\state_changes.py", line 137, in _go
    ret_value = fn(self, *arg, **kw)
                ^^^^^^^^^^^^^^^^^^^^
  File "C:\Users\Administrator\AppData\Roaming\Python\Python311\site-packages\sqlalchemy\orm\session.py", line 1311, in commit
    self._prepare_impl()
  File "<string>", line 2, in _prepare_impl
  File "C:\Users\Administrator\AppData\Roaming\Python\Python311\site-packages\sqlalchemy\orm\state_changes.py", line 137, in _go
    ret_value = fn(self, *arg, **kw)
                ^^^^^^^^^^^^^^^^^^^^
  File "C:\Users\Administrator\AppData\Roaming\Python\Python311\site-packages\sqlalchemy\orm\session.py", line 1286, in _prepare_impl
    self.session.flush()
  File "C:\Users\Administrator\AppData\Roaming\Python\Python311\site-packages\sqlalchemy\orm\session.py", line 4331, in flush
    self._flush(objects)
  File "C:\Users\Administrator\AppData\Roaming\Python\Python311\site-packages\sqlalchemy\orm\session.py", line 4466, in _flush
    with util.safe_reraise():
  File "C:\Users\Administrator\AppData\Roaming\Python\Python311\site-packages\sqlalchemy\util\langhelpers.py", line 224, in __exit__
    raise exc_value.with_traceback(exc_tb)
  File "C:\Users\Administrator\AppData\Roaming\Python\Python311\site-packages\sqlalchemy\orm\session.py", line 4427, in _flush
    flush_context.execute()
  File "C:\Users\Administrator\AppData\Roaming\Python\Python311\site-packages\sqlalchemy\orm\unitofwork.py", line 466, in execute
    rec.execute(self)
  File "C:\Users\Administrator\AppData\Roaming\Python\Python311\site-packages\sqlalchemy\orm\unitofwork.py", line 642, in execute
    util.preloaded.orm_persistence.save_obj(
  File "C:\Users\Administrator\AppData\Roaming\Python\Python311\site-packages\sqlalchemy\orm\persistence.py", line 93, in save_obj
    _emit_insert_statements(
  File "C:\Users\Administrator\AppData\Roaming\Python\Python311\site-packages\sqlalchemy\orm\persistence.py", line 1233, in _emit_insert_statements
    result = connection.execute(
             ^^^^^^^^^^^^^^^^^^^
  File "C:\Users\Administrator\AppData\Roaming\Python\Python311\site-packages\sqlalchemy\engine\base.py", line 1419, in execute
    return meth(
           ^^^^^
  File "C:\Users\Administrator\AppData\Roaming\Python\Python311\site-packages\sqlalchemy\sql\elements.py", line 527, in _execute_on_connection
    return connection._execute_clauseelement(
           ^^^^^^^^^^^^^^^^^^^^^^^^^^^^^^^^^^
  File "C:\Users\Administrator\AppData\Roaming\Python\Python311\site-packages\sqlalchemy\engine\base.py", line 1641, in _execute_clauseelement
    ret = self._execute_context(
          ^^^^^^^^^^^^^^^^^^^^^^
  File "C:\Users\Administrator\AppData\Roaming\Python\Python311\site-packages\sqlalchemy\engine\base.py", line 1846, in _execute_context
    return self._exec_single_context(
           ^^^^^^^^^^^^^^^^^^^^^^^^^^
  File "C:\Users\Administrator\AppData\Roaming\Python\Python311\site-packages\sqlalchemy\engine\base.py", line 1986, in _exec_single_context
    self._handle_dbapi_exception(
  File "C:\Users\Administrator\AppData\Roaming\Python\Python311\site-packages\sqlalchemy\engine\base.py", line 2363, in _handle_dbapi_exception
    raise sqlalchemy_exception.with_traceback(exc_info[2]) from e
  File "C:\Users\Administrator\AppData\Roaming\Python\Python311\site-packages\sqlalchemy\engine\base.py", line 1967, in _exec_single_context
    self.dialect.do_execute(
  File "C:\Users\Administrator\AppData\Roaming\Python\Python311\site-packages\sqlalchemy\engine\default.py", line 952, in do_execute
    cursor.execute(statement, parameters)
  File "C:\Users\Administrator\AppData\Roaming\Python\Python311\site-packages\pymysql\cursors.py", line 153, in execute
    result = self._query(query)
             ^^^^^^^^^^^^^^^^^^
  File "C:\Users\Administrator\AppData\Roaming\Python\Python311\site-packages\pymysql\cursors.py", line 322, in _query
    conn.query(q)
  File "C:\Users\Administrator\AppData\Roaming\Python\Python311\site-packages\pymysql\connections.py", line 575, in query
    self._affected_rows = self._read_query_result(unbuffered=unbuffered)
                          ^^^^^^^^^^^^^^^^^^^^^^^^^^^^^^^^^^^^^^^^^^^^^^
  File "C:\Users\Administrator\AppData\Roaming\Python\Python311\site-packages\pymysql\connections.py", line 826, in _read_query_result
    result.read()
  File "C:\Users\Administrator\AppData\Roaming\Python\Python311\site-packages\pymysql\connections.py", line 1203, in read
    first_packet = self.connection._read_packet()
                   ^^^^^^^^^^^^^^^^^^^^^^^^^^^^^^
  File "C:\Users\Administrator\AppData\Roaming\Python\Python311\site-packages\pymysql\connections.py", line 782, in _read_packet
    packet.raise_for_error()
  File "C:\Users\Administrator\AppData\Roaming\Python\Python311\site-packages\pymysql\protocol.py", line 219, in raise_for_error
    err.raise_mysql_exception(self._data)
  File "C:\Users\Administrator\AppData\Roaming\Python\Python311\site-packages\pymysql\err.py", line 150, in raise_mysql_exception
    raise errorclass(errno, errval)
sqlalchemy.exc.OperationalError: (pymysql.err.OperationalError) (1054, "Unknown column 'parse_status' in 'field list'")
[SQL: INSERT INTO knowledge_documents (user_id, project_id, project_specific_id, filename, content, content_hash, doc_type, summary, parse_status, parse_error, parsed_at, task_id, retry_count, display_order, source_doc_id) VALUES (%(user_id)s, %(project_id)s, %(project_specific_id)s, %(filename)s, %(content)s, %(content_hash)s, %(doc_type)s, %(summary)s, %(parse_status)s, %(parse_error)s, %(parsed_at)s, %(task_id)s, %(retry_count)s, %(display_order)s, %(source_doc_id)s)]
[parameters: {'user_id': 17, 'project_id': 45, 'project_specific_id': 0, 'filename': 'rag__kbtest_runtime_fail__.txt', 'content': '', 'content_hash': None, 'doc_type': 'requirement', 'summary': None, 'parse_status': 'pending', 'parse_error': None, 'parsed_at': None, 'task_id': None, 'retry_count': 0, 'display_order': -1.0, 'source_doc_id': None}]
(Background on this error at: https://sqlalche.me/e/20/e3q8)
